:020000040800F2
:1000000000000824A94C0008854400088D4400081D
:10001000954400089D440008A54400080000000025
:10002000000000000000000000000000AD440008D7
:10003000BB44000800000000C9440008D744000881
:10004000F94C0008F94C0008F94C0008F94C00087C
:10005000F94C0008F94C0008F94C0008F94C00086C
:10006000F94C0008F94C0008F94C0008F94C00085C
:10007000F94C0008F94C0008F94C0008F94C00084C
:10008000F94C0008F94C0008F94C0008F94C00083C
:10009000F94C0008F94C0008F94C0008F94C00082C
:1000A000F94C0008F94C0008F94C0008F94C00081C
:1000B000F94C0008F94C0008F94C0008F94C00080C
:1000C000F94C0008F94C0008F94C0008F94C0008FC
:1000D000F94C0008F94C0008F94C0008F94C0008EC
:1000E000F94C0008F94C000800000000F94C000829
:1000F000F94C0008F94C0008F94C0008F94C0008CC
:10010000F94C0008F94C0008F94C0008F94C0008BB
:10011000F94C0008F94C0008E5440008F9440008CF
:10012000F94C0008F94C0008F94C0008F94C00089B
:10013000F94C00080D450008F94C0008F94C00087E
:1001400000000000000000000000000000000000AF
:10015000F94C0008F94C0008F94C0008F94C00086B
:10016000F94C0008F94C0008F94C0008F94C00085B
:10017000F94C0008F94C0008F94C00080000000098
:10018000F94C0008F94C0008F94C0008F94C00083B
:10019000F94C0008F94C0008F94C0008F94C00082B
:1001A000F94C0008F94C0008F94C0008F94C00081B
:1001B000F94C0008F94C0008F94C0008F94C00080B
:1001C000F94C0008F94C0008F94C0008F94C0008FB
:1001D000F94C0008F94C0008F94C0008F94C0008EB
:1001E000F94C0008F94C0008F94C0008F94C0008DB
:1001F000F94C0008F94C0008F94C0008F94C0008CB
:10020000F94C0008F94C0008F94C0008F94C0008BA
:10021000F94C0008F94C0008F94C0008F94C0008AA
:10022000F94C0008F94C0008F94C000800000000E7
:10023000F94C0008F94C000800000000F94C0008D7
:10024000F94C0008F94C0008F94C0008F94C00087A
:10025000F94C0008F94C0008F94C0008F94C00086A
:10026000F94C0008F94C0008F94C0008F94C00085A
:10027000F94C0008F94C0008F94C00080000000097
:10028000F94C0008F94C0008F94C00080000000087
:0802900000000000F94C000819
:1002A00010B5054C237833B9044B13B10448AFF3B0
:1002B00000800123237010BDB00000240000000066
:1002C000089B010808B5034B1BB103490348AFF372
:1002D000008008BD00000000B4000024089B010855
:1002E00010F8012B11F8013B012A28BF9A42F7D0E0
:1002F000D01A7047034613F8012B002AFBD1181AB5
:1003000001387047000000000000000000000000FD
:1003100001F0FF01102A2BDB10F0070F08D010F8B6
:10032000013B013A8B422DD010F0070F42B3F6D1BA
:10033000F0B441EA012141EA014122F007047FF0D3
:1003400000070023F0E80256083C85EA010586EA2A
:10035000010685FA47F5A3FA87F586FA47F6A5FA66
:1003600087F68EB9EED1F0BC01F0FF0102F0070272
:1003700032B110F8013B013A83EA010313B1F8D11D
:100380000020704701387047002D06BF35460338FE
:10039000073815F0010F07D1013015F4807F02BF37
:1003A000013015F4C03F0130F0BC0138704700BF88
:1003B00053B94AB9002908BF00281CBF4FF0FF31CC
:1003C0004FF0FF3000F06AB9ADF1080C6DE904CED2
:1003D00000F006F8DDF804E0DDE9022304B0704720
:1003E0002DE9F047089D0C46002B4ED194468C45D4
:1003F0008646B2FA82F262D94AB1C2F12003914034
:1004000020FA03F30CFA02FC194300FA02FE4FEA49
:100410001C471FFA8CF6B1FBF7F44FEA1E4307FBAB
:10042000141143EA014304FB06F199420AD91CEB7B
:10043000030304F1FF3080F01281994240F20F81F2
:10044000023C6344591A1FFA8EF3B1FBF7F007FB25
:10045000101143EA014300FB06F69E420AD91CEB49
:10046000030300F1FF3180F0FC809E4240F2F980EE
:10047000634402389B1B40EA044000211DB1D34075
:100480000022C5E90032BDE8F0878B4205D90DB1E5
:10049000C5E9000100210846F5E7B3FA83F1002918
:1004A00046D1A34202D39042C0F0F080861A64EB9A
:1004B00003030120002DE6D0C5E90063E3E7002A2D
:1004C00040F09080A1EB0C044FEA1C481FFA8CF717
:1004D0000121B4FBF8F64FEA1E4308FB164443EA39
:1004E000044307FB06F0984208D91CEB030306F10E
:1004F000FF3402D2984200F2CD8026461C1A1FFA21
:100500008EF3B4FBF8F008FB104443EA044300FB0D
:1005100007F79F4208D91CEB030300F1FF3402D216
:100520009F4200F2B0802046DB1B40EA0640A5E770
:10053000C1F120068B4022FA06F71F4320FA06FC81
:1005400004FA01F343EA0C03F44000FA01F8380C12
:100550004FEA1349B4FBF0FE1FFA87FC00FB1E4470
:1005600049EA04440EFB0CF9A14502FA01F20AD94A
:100570003C190EF1FF3A80F08480A14540F2818061
:10058000AEF1020E3C44A4EB09041FFA83F9B4FB5C
:10059000F0F300FB134449EA044403FB0CFCA445BC
:1005A00007D93C1903F1FF3067D2A44565D9023B56
:1005B0003C4443EA0E40A0FB0293A4EB0C049C4293
:1005C000CE469C4651D34ED055B1B8EB0E0364EBEA
:1005D0000C0404FA06F6CB401E43CC40C5E9006487
:1005E000002150E7C2F1200320FA03F10CFA02FCCB
:1005F00024FA03F394400C434FEA1C4800FA02FE2D
:100600001FFA8CF7B3FBF8F008FB1031230C43EA18
:10061000014300FB07F1994208D91CEB030300F1E9
:10062000FF362CD299422AD9023863445B1AA4B20D
:10063000B3FBF8F108FB113344EA034401FB07F371
:10064000A34208D91CEB040401F1FF3613D2A342E4
:1006500011D902396444E41A41EA004139E70446F9
:10066000F0E6084606E7C845AED2B9EB020E63EBEA
:10067000070C0138A8E73146EDE7034699E7304615
:10068000D4E7D6467FE7634402384DE70646234663
:1006900008460FE7023E634430E700BF704700BFE3
:1006A00090B5F9B000AF07F5F074A4F5EA742060D6
:1006B00007F5F070A0F5EE7080E8060007F5F0721F
:1006C000A2F5F07213600023C7F8B431C94BC7F824
:1006D000B83107F5F073A3F5EE735B68C6491846A9
:1006E000FFF7FEFD0346002B40F0B88207F5F073DC
:1006F000A3F5EE731B68C7F8DC3107F5F073A3F5BB
:10070000F073BE49186817F0F1FE0346002B07D1BD
:10071000D7F8DC310833C7F8B431B94BC7F8B83172
:1007200007F5F073A3F5F073B649186817F0DEFE0D
:100730000346002B08D1D7F8DC3103F5C873C7F89E
:10074000B431B14BC7F8B83107F5F073A3F5F073C6
:10075000AE49186817F0CAFE0346002B08D1D7F837
:10076000DC3103F50073C7F8B431A94BC7F8B831D1
:1007700007F5F073A3F5F073A649186817F0B6FEF5
:100780000346002B08D1D7F8DC3103F50E73C7F808
:10079000B431A14BC7F8B83107F5F073A3F5F07386
:1007A0009E49186817F0A2FE0346002B08D1D7F81F
:1007B000DC3103F54673C7F8B431914BC7F8B83153
:1007C00007F5F073A3F5F0739549186817F08EFEDE
:1007D0000346002B08D1D7F8DC3103F55473C7F872
:1007E000B431874BC7F8B83107F5F073A3F5F07350
:1007F0008C49186817F07AFE0346002B08D1D7F809
:10080000DC3103F57E73C7F8B4317D4BC7F8B831DE
:1008100007F5F073A3F5F0738349186817F066FEC7
:100820000346002B08D1D7F8DC3103F58663C7F8FF
:10083000B431734BC7F8B83107F5F073A3F5F07313
:100840007A49186817F052FE0346002B08D1D7F8F2
:10085000DC3103F5B063C7F8B431694BC7F8B83180
:1008600007F5F073A3F5F0737149186817F03EFEB1
:100870000346002B08D1D7F8DC3103F5D363C7F862
:10088000B4315F4BC7F8B83107F5F073A3F5F073D7
:100890006849186817F02AFE0346002B08D1D7F8DC
:1008A000DC3103F5DA63C7F8B431554BC7F8B8311A
:1008B00007F5F073A3F5F0735F49186817F016FE9B
:1008C0000346002B08D1D7F8DC3103F5E163C7F804
:1008D000B4314B4BC7F8B83107F5F073A3F5F0739B
:1008E0005649186817F002FE0346002B08D1D7F8C6
:1008F000DC3103F5CC63C7F8B431414BC7F8B831EC
:1009000007F5F073A3F5F0734D49186817F0EEFD85
:100910000346002B08D1D7F8DC3103F58D63C7F807
:10092000B431374BC7F8B83107F5F073A3F5F0735E
:100930004449186817F0DAFD0346002B08D1D7F8B0
:10094000DC3103F59463C7F8B4312D4BC7F8B831E7
:1009500007F5F073A3F5F0733B49186817F0C6FD6F
:100960000346002B08D1D7F8DC3103F59B63C7F8A9
:10097000B431234BC7F8B83107F5F073A3F5F07322
:100980003249186817F0B2FD0346002B08D1D7F89A
:10099000DC3103F5A263C7F8B431194BC7F8B8319D
:1009A00007F5F073A3F5F0732949186817F09EFD59
:1009B0000346002B08D1D7F8DC3103F5A963C7F84B
:1009C000B4310F4BC7F8B83107F5F073A3F5F073E6
:1009D0002049186817F08AFD0346002B3CD1D7F850
:1009E000DC3103F56273C7F8B431054BC7F8B83191
:1009F00032E000BF209B0108249B0108309B0108C6
:100A0000349B01083C9B0108409B0108449B010862
:100A10004C9B0108549B0108589B01085C9B0108F2
:100A2000609B0108649B0108689B01086C9B01089E
:100A3000749B01087C9B0108849B01088C9B010826
:100A4000949B0108989B0108A09B0108A89B0108A2
:100A5000B09B0108B89B010807F5F073A3F5F0738C
:100A6000C949186817F042FD0346002B08D1D7F892
:100A7000DC3103F57073C7F8B431C44BC7F8B83133
:100A800007F5F073A3F5F073C149186817F02EFD50
:100A90000346002B08D1D7F8DC3103F5B763C7F85C
:100AA000B431BA4BC7F8B83107F5F073A3F5F0735A
:100AB000B849186817F01AFD0346002B08D1D7F87B
:100AC000DC3103F5BE63C7F8B431B04BC7F8B831B9
:100AD00007F5F073A3F5F073AF49186817F006FD3A
:100AE0000346002B07D1D7F8DC314033C7F8B431C7
:100AF000AA4BC7F8B83107F5F073A3F5F073A8490E
:100B0000186817F0F3FC0346002B07D1D7F8DC3147
:100B1000E833C7F8B431A14BC7F8B83107F5F07323
:100B2000A3F5F0739F49186817F0E0FC0346002B0B
:100B300008D1D7F8DC3103F5C563C7F8B431934B5E
:100B4000C7F8B83107F5F073A3F5F0739649186844
:100B500017F0CCFC0346002B08D1D7F8DC3103F5A5
:100B6000E863C7F8B431894BC7F8B83107F5F073BB
:100B7000A3F5F0738D49186817F0B8FC0346002BF5
:100B800008D1D7F8DC3103F5EF63C7F8B4317F4BF8
:100B9000C7F8B83107F5F073A3F5F0738449186806
:100BA00017F0A4FC0346002B08D1D7F8DC3103F57D
:100BB000F663C7F8B431754BC7F8B83107F5F07371
:100BC000A3F5F0737B49186817F090FC0346002BDF
:100BD00008D1D7F8DC3103F5FD63C7F8B4316B4BAE
:100BE000C7F8B83107F5F073A3F5F07372491868C8
:100BF00017F07CFC0346002B08D1D7F8DC3103F555
:100C00000263C7F8B431614BC7F8B83107F5F07328
:100C1000A3F5F0736949186817F068FC0346002BC8
:100C200008D1D7F8DC3103F65803C7F8B431574B75
:100C3000C7F8B83107F5F073A3F5F0736049186889
:100C400017F054FC0346002B08D1D7F8DC3103F52C
:100C50000963C7F8B4314D4BC7F8B83107F5F073E5
:100C6000A3F5EE735B684D491846FFF739FB034661
:100C7000002B3ED107F5F073A3F5EE731B68C7F8A0
:100C8000D83107F5F073A3F5F0734E49186817F0E3
:100C90002DFC0346002B06D1D7F8D831C7F8B43164
:100CA0003A4BC7F8B83107F5F073A3F5F07346492E
:100CB000186817F01BFC0346002B07D1D7F8D83172
:100CC0003833C7F8B431314BC7F8B83107F5F07392
:100CD000A3F5F0733D49186817F008FC0346002B94
:100CE00007D1D7F8D8317033C7F8B431274BC7F8DC
:100CF000B83107F5F073A3F5EE735B683449184615
:100D0000FFF7EEFA0346002B18D107F5F073A3F5B1
:100D1000EE731B68C7F8D43107F5F073A3F5F073D1
:100D20002C49186817F0E2FB0346002B06D1D7F8D0
:100D3000D431C7F8B431284BC7F8B83107F5F07390
:100D4000A3F5EE735B6824491846FFF7C9FA03461A
:100D5000002B58D107F5F073A3F5EE731B68C7F8A5
:100D6000D03107F5F073A3F5F0731C49186817F03C
:100D7000BDFB0346002B33D1D7F8D031C7F8B431CF
:100D8000024BC7F8B8312BE0BC9B0108349B01082B
:100D9000C49B0108C89B0108D09B0108D49B010893
:100DA000D89B0108DC9B0108E49B0108E89B010833
:100DB000EC9B0108F09B0108F89B0108009C0108CE
:100DC000089C0108109C0108149C01081C9C010847
:100DD000409B0108209C0108249C0108309C0108CC
:100DE00007F5F073A3F5F073C349186817F07EFB9D
:100DF0000346002B07D1D7F8D0313833C7F8B431C8
:100E0000BE4BC7F8B83107F5F073A3F5EE735B6816
:100E1000BB491846FFF764FA0346002B18D107F5C3
:100E2000F073A3F5EE731B68C7F8CC3107F5F073C8
:100E3000A3F5F073B349186817F058FB0346002B6D
:100E400006D1D7F8CC31C7F8B431AC4BC7F8B831BC
:100E500007F5F073A3F5EE735B68AB491846FFF72F
:100E60003FFA0346002B51D107F5F073A3F5EE735B
:100E70001B68C7F8C83107F5F073A3F5F073A349F1
:100E8000186817F033FB0346002B06D1D7F8C8319A
:100E9000C7F8B431994BC7F8B83107F5F073A3F52B
:100EA000F0739B49186817F021FB0346002B07D10C
:100EB000D7F8C8313833C7F8B431904BC7F8B831D8
:100EC00007F5F073A3F5F0739249186817F00EFB5D
:100ED0000346002B07D1D7F8C8317033C7F8B431B7
:100EE000864BC7F8B83107F5F073A3F5F0738A495C
:100EF000186817F0FBFA0346002B07D1D7F8C83162
:100F0000A833C7F8B4317D4BC7F8B83107F5F07393
:100F1000A3F5EE735B6879491846FFF7E1F90346DC
:100F2000002B64D107F5F073A3F5EE731B68C7F8C7
:100F3000C43107F5F073A3F5F0737849186817F01A
:100F4000D5FA0346002B06D1D7F8C431C7F8B4311F
:100F5000734BC7F8B83107F5F073A3F5F073714917
:100F6000186817F0C3FA0346002B07D1D7F8C4312D
:100F70000833C7F8B4316A4BC7F8B83107F5F073D6
:100F8000A3F5F0736849186817F0B0FA0346002B10
:100F900007D1D7F8C4311033C7F8B431604BC7F864
:100FA000B83107F5F073A3F5F0736049186817F0CE
:100FB0009DFA0346002B07D1D7F8C4311C33C7F87C
:100FC000B4315B4BC7F8B83107F5F073A3F5F07394
:100FD0005849186817F08AFA0346002B07D1D7F84A
:100FE000C4312033C7F8B431534BC7F8B83107F5D3
:100FF000F073A3F5EE735B684F491846FFF770F97D
:101000000346002B3ED107F5F073A3F5EE731B6882
:10101000C7F8C03107F5F073A3F5F07347491868B6
:1010200017F064FA0346002B06D1D7F8C031C7F891
:10103000B431434BC7F8B83107F5F073A3F5F0733B
:101040004049186817F052FA0346002B07D1D7F829
:10105000C0310433C7F8B431394BC7F8B83107F59C
:10106000F073A3F5F0733849186817F03FFA034698
:10107000002B07D1D7F8C0310833C7F8B431304B53
:10108000C7F8B83107F5F073A3F5EE735B6828492C
:101090001846FFF725F90346002B18D107F5F07322
:1010A000A3F5EE731B68C7F8BC3107F5F073A3F521
:1010B000F07318491868FFF713F90346002B06D19F
:1010C000D7F8BC31C7F8B4311D4BC7F8B83107F5B4
:1010D000F073A3F5EA731B681A4607F5DA7393E811
:1010E000030082E8030007F5F073A3F5EA731868BC
:1010F00007F5F277BD4690BD349C0108349B01088A
:101100004C9B01083C9C0108589B0108409C01082D
:10111000449C0108489C01084C9C0108509C010813
:10112000549C01085C9C0108609C0108649C0108B7
:101130006C9C0108749C0108789C0108809C010843
:10114000889C01088C9C0108949C010880B485B09F
:1011500000AFF86087ED000BFB6893ED047B97ED23
:10116000006BB4EEC76BF1EE10FA04DDFB68D3E957
:101170000423C7E90023FB6893ED027B97ED006B26
:10118000B4EEC76BF1EE10FA04D5FB68D3E9022385
:10119000C7E90023F968D7E90023C1E90023FB6808
:1011A000DB69012B2ED1FB68DB6A002B2AD0FB68A0
:1011B000DB6A002B26D0FB685B6A002B03F001037F
:1011C000B8BF5B42FA680A339B0013445A68FB6855
:1011D0009B6ADB00D118D7E90023C1E90023FB6833
:1011E0009B6A5A1CFB689A62FB681A6AFB689B6AD6
:1011F0009A4207DCFB6800229A62FB685B6A5A1C11
:10120000FB685A6200BF1437BD465DF8047B704727
:1012100080B5ADF5056D00AFBB494FF00002BB4B8B
:10122000C1E90023B84B083338220021184617F0D3
:1012300054F9B5494FF00002B54BC1E90223B24958
:101240004FF00002B34BC1E90623AF4B03F50E7319
:1012500038220021184617F040F9AB49A0A3D3E982
:101260000023C1E98E23A8494FF00002AA4BC1E92F
:101270009023A54B03F5467338220021184617F03A
:101280002CF9A1494FF00002A44BC1E9C8239E49A3
:101290004FF000029F4BC1E9CA239B4B03F57E73BD
:1012A00038220021184617F018F997494FF000022C
:1012B000974BC1E9FE23944B03F5806319464FF029
:1012C0000002974BC1E900238F4B03F58263194657
:1012D0004FF000028E4B41E902238B4B03F58663EE
:1012E00038220021184617F0F8F8874B03F586637B
:1012F00019464FF00002864BC1E90023824B03F5EB
:10130000886319464FF00002814BC1E900237E4BF0
:1013100003F5B06338220021184617F0DEF87A4B47
:1013200003F5B06319464FF000027E4BC1E900237C
:10133000754B03F5B26319464FF00002744B41E957
:101340000223714B03F5B26319464FF00002764B4E
:10135000C1E900236C4B03F5D36338220021184602
:1013600017F0BBF8684B03F5D46319464FF0000241
:101370004FF0804341E90223634B03F5D6631946DE
:101380004FF00002614B41E902235F4B03F5CC6350
:1013900038220021184617F0A0F85B4B03F5CE6306
:1013A000194651A3D3E90023C1E90023564B03F5A5
:1013B000DA6338220021184617F08FF8524B03F5F4
:1013C000DC6319464FF00002514BC1E900234E4B3C
:1013D00003F5E16338220021184617F07EF84A4BE6
:1013E00003F5E26319464FF000024D4BC1E90023BB
:1013F000454B03F5E46319464FF00002444B41E9C5
:101400000223414B03F58D6338220021184617F063
:1014100064F83D4B03F58E63194635A3D3E90023E9
:1014200041E90223384B03F59063194632A3D3E90F
:10143000002341E90223344B03F562733822002173
:10144000184617F04AF830494FF00002314BC1E915
:10145000E6232D4B03F5707338220021184617F050
:101460003CF829494FF000022E4BC1E9F0232649F0
:1014700023A3D3E90023C1E9F22323494FF000025B
:10148000284BC1E9F423204B03F594633822002153
:10149000184617F022F81C4B03F5966319464FF0D7
:1014A0000002224BC1E90023174B03F59B6338224E
:1014B0000021184617F011F8134B03F59C631946E9
:1014C0004FF000024FF0804341E902230E4B03F539
:1014D0009E6319464FF00002154B2BE0AFF30080DE
:1014E000FCA9F1D24D6280BF333333333333E33F52
:1014F0009A9999999999A93F9A9999999999B93FDE
:10150000FCA9F1D24D62503FD000002400002440DD
:101510000000F03F000059400000E0BF000059C04B
:101520000000F0BF000034400000394000000840D7
:101530000000144041E90223BB4B03F5A2633822AB
:101540000021184616F0C9FFB74B03F5A4631946EE
:10155000ABA3D3E9002341E90223B34B03F5A46312
:1015600019464FF00002B14BC1E90023AE4B03F521
:10157000A96338220021184616F0AFFFAA4B03F5E5
:10158000AC6319464FF00002A94B41E90223A64B78
:1015900003F5E47338220021184616F09EFFA24995
:1015A0004FF00002A34BC1E976239F4B03F5C563BF
:1015B00038220021184616F090FF9B4B03F5C663B6
:1015C00019464FF000029C4B41E90223964B03F56C
:1015D000C86319464FF00002984B41E90223924B31
:1015E00003F5BE6338220021184616F076FF8E4BB5
:1015F00003F5C06319464FF000028D4BC1E900238B
:10160000894B403338220021184616F066FF864980
:101610004FF000028A4BC1E91423834B7833382200
:101620000021184616F059FF7F494FF00002854B04
:10163000C1E920237C494FF00002834BC1E92223FA
:10164000794BB03338220021184616F046FF764910
:101650006DA3D3E90023C1E92C2373496CA3D3E91B
:101660000023C1E92E2370494FF000026F4BC1E9FE
:1016700030236D4BE83338220021184616F02DFF39
:1016800069494FF000026E4BC1E93E23664B03F5FA
:10169000907338220021184616F01FFF62495EA39E
:1016A000D3E90023C1E948235F494FF00002654BAD
:1016B000C1E94A235C494FF00002634BC1E94C2366
:1016C000594B03F5AC7338220021184616F005FF7C
:1016D000554953A3D3E90023C1E9562352494CA3EA
:1016E000D3E90023C1E958234F494FF00002544B7E
:1016F000C1E95A234C4B03F5B76338220021184641
:1017000016F0EBFE484B03F5BA6319464FF00002A2
:10171000484B41E90223444B03F5E863382200219A
:10172000184616F0DAFE404B03F5EA6319464FF00F
:101730000002464BC1E900233B4B03F5EF6338221F
:101740000021184616F0C9FE374B03F5F26319461F
:101750004FF000023D4B41E90223334B03F5F663A2
:1017600038220021184616F0B8FE2F4B03F5F86317
:1017700019464FF00002354BC1E900232A4B03F50F
:10178000FD6338220021184616F0A7FE264B03F50C
:10179000006319464FF000022C4B41E90223224B13
:1017A00003F5026338220021184616F096FE1E4B00
:1017B00003F5036319464FF00002234BC1E90023F0
:1017C000194B03F6580338220021184616F085FEFF
:1017D000154B03F5076319464FF000021A4B41E918
:1017E0000223114B03F5096338220021184616F035
:1017F00074FE0D4B03F50A6319464FF0000227E013
:101800000000000000408FC05839B4C876AE444094
:10181000F168E388B5F8E43EFA7E6ABC749368BF69
:10182000BA490C022B870A40D000002400408F40A8
:1018300000001040000014400000344000003A4016
:10184000000059400000F0BF0000F03F00002440BD
:101850002D4BC1E900232D4B03F5007338220021E5
:10186000184616F03AFE294923A3D3E90023C1E91B
:10187000802326494FF00002254BC1E982232349EA
:101880004FF00002234BC1E98423204B03F51C7366
:1018900038220021184616F020FE1C494FF00002A5
:1018A0004FF08043C1E9A023184B03F52A73382277
:1018B0000021184616F011FE14494FF000024FF0B7
:1018C0004043C1E9AC23114B03F5387338220021A2
:1018D000184616F002FE0D4909A3D3E90023C1E919
:1018E000B8230A494FF00002074BC1E9BC2300BFEF
:1018F00007F50567BD4680BD0000000000C06240DE
:101900009A9999999999C93F0000F03FD000002415
:101910000000594000407F4080B5ADF6781D00AF13
:1019200007F67813A3F67413186007F67813A3F676
:10193000781319600023C7F874390023C7F8703989
:101940000023C7F86C3907F67813A3F66C1300224E
:101950001A7007F67813A3F674131868FEF7CAFC1A
:101960000346C7F86C39D7F86C3907F67812A2F637
:101970007412126813443B221A700023C7F874399A
:1019800037E0D7F8743907F67812A2F674121268A5
:1019900013441B783B2B12D107F60812D7F8703985
:1019A000134400221A700023C7F8703907F10C02A3
:1019B00007F608131146184600F032F814E0D7F87D
:1019C000743907F67812A2F6741212681344197863
:1019D00007F60812D7F8703913440A461A70D7F878
:1019E00070390133C7F87039D7F874390133C7F843
:1019F0007439D7F87429D7F86C399A42C1DD07F1E8
:101A00000C0207F67813A3F678131146186816F03F
:101A10002CFE0023184607F67817BD4680BD00004F
:101A200090B5DBB000AF07F5B473A3F5B2731860DF
:101A300007F5B473A3F5B47319600023C7F86431D4
:101A40000023C7F860310023C7F8E43007F1E8034A
:101A500060220021184616F040FD0023C7F88030B0
:101A600007F1840360220021184616F036FD07F5C1
:101A7000B473A3F5A67300221A6004336022002118
:101A8000184616F02AFD07F5B473A3F5B27318686B
:101A900000F0B6FA07F5B473A3F5B2731868FEF751
:101AA00029FC0346C7F8503114E0D7F8603107F538
:101AB000B472A2F5B27212681344197807F1E40205
:101AC000D7F8603113440A461A70D7F860310133F1
:101AD000C7F86031D7F86021D7F850319A420ADA56
:101AE000D7F8603107F5B472A2F5B27212681344E8
:101AF0001B78202BD9D107F1E402D7F860311344C9
:101B000000221A70D7F860310133C7F8603119E04C
:101B1000D7F8603107F5B472A2F5B27212681344B7
:101B2000197807F18002D7F8643113440A461A7015
:101B3000D7F860310133C7F86031D7F86431013329
:101B4000C7F86431D7F86021D7F850319A420ADAE1
:101B5000D7F8603107F5B472A2F5B2721268134477
:101B60001B78202BD4D107F18002D7F864311344BD
:101B700000221A704FF0FF33C7F85C310023C7F81A
:101B8000583107F5B473A3F5AA73AA4A92E8030083
:101B900083E8030007F5B473A3F5AE7107F5B473DA
:101BA000A3F5AA720B4692E8030083E8030054E011
:101BB000D7F85C310133C7F85C310023C7F85831DE
:101BC00018E007F1E402D7F85C311344197807F5FF
:101BD000B473A3F5A672D7F8583113440A461A70A5
:101BE000D7F858310133C7F85831D7F85C31013391
:101BF000C7F85C3107F1E402D7F85C3113441B7875
:101C00003A2B07D007F1E402D7F85C3113441B7874
:101C1000002BD6D107F5B473A3F5A672D7F85831C7
:101C2000134400221A7007F5B473A3F5AE7107F5DB
:101C3000B473A3F5AA720B4692E8030083E803008D
:101C400007F5B473A3F5AA7007F11C0307F5B47286
:101C5000A2F5AA7206CAFEF723FD07F1E402D7F83F
:101C60005C3113441B78002BA2D1D7F85C31B3F15F
:101C7000FF3F9DD097F880303F2B40F0E98007F57B
:101C8000B473A3F5AA735B686B491846FEF728FB8B
:101C90000346002B0DD107F5B473A3F5AA731B6897
:101CA00093ED007B07F11C03B0EE470B184600F0E4
:101CB0007BFA07F5B473A3F5AA735B685F4918460E
:101CC000FEF70EFB0346002B0DD107F5B473A3F509
:101CD000AA731B6893ED007B07F11C03B0EE470B62
:101CE000184600F061FA07F5B473A3F5AA735B68B0
:101CF00053491846FEF7F4FA0346002B10D107F5B6
:101D0000B473A3F5AA731B681B6807EE903AB8EE8C
:101D1000E77B07F11C03B0EE470B184600F044FACE
:101D200007F5B473A3F5AA735B6846491846FEF736
:101D3000D7FA0346002B5ED107F5B473A3F5AA7357
:101D40001B68C7F84831D7F84831DB68002B5CD0F6
:101D5000D7F848311B69002B57D00023C7F85431FE
:101D60000023C7F854313EE0D7F848315B680133AF
:101D7000002B03F00103B8BF5B42D7F848210233C0
:101D80009B0013445A68D7F85431DB00134493ED99
:101D9000007B07F11C03B0EE470B184600F004FA75
:101DA00007F11C0207F5B473A3F5B4731146186864
:101DB00016F0B6FB07F5B473A3F5B4731868FEF715
:101DC00099FA03461A4607F5B473A3F5B4731B6872
:101DD00013441D491A460B461B881380D7F854310B
:101DE0000133C7F85431D7F848311B68D7F854216C
:101DF0009A42B9DB09E007F11C0207F5B473A3F5B9
:101E0000B4731146186816F08BFB07F5B473A3F58D
:101E1000B4731868FEF76EFA03461A4607F5B473F2
:101E2000A3F5B4731B68134408491A460B461B8874
:101E30001380D7E0A09C0108549C0108349B010842
:101E4000889C0108789C0108989C01089C9C0108CA
:101E500007F5B473A3F5AA735B6865491846FEF7E6
:101E60003FFA0346002B0DD107F5B473A3F5AA730F
:101E70001C6807F18003184600F029F9B0EE407B9A
:101E800084ED007B07F5B473A3F5AA735B68594929
:101E90001846FEF725FA0346002B10D107F5B47358
:101EA000A3F5AA731C6807F18003184600F00FF928
:101EB000B0EE407BB0EE470B2046FFF747F907F541
:101EC000B473A3F5AA735B684B491846FEF708FA8A
:101ED0000346002B10D107F18003184600F0F7F8F5
:101EE000B0EE407B07F5B473A3F5AA731B68FDEE53
:101EF000C77B17EE902A1A6007F5B473A3F5AA738F
:101F00005B683E491846FEF7EBF90346002B69D1A2
:101F100007F5B473A3F5AE731B682033C7F84C31D3
:101F200007F18003184600F0D2F8B0EE407BB5EE22
:101F3000C07BF1EE10FA30DD07F5B473A3F5AA7398
:101F40001B6801221A60D7F84C311B68002B03D1A3
:101F5000D7F84C310A221A60D7F84C311B68082197
:101F6000184615F0F7FF03461A46D7F84C31DA60E9
:101F7000D7F84C311B680821184615F0EBFF0346D3
:101F80001A46D7F84C311A61D7F84C3100229A60C2
:101F9000D7F84C3100225A6024E007F5B473A3F55A
:101FA000AA731B6800221A60D7F84C31DB68002B3B
:101FB00005D0D7F84C31DB68184615F0EFFFD7F89D
:101FC0004C311B69002B05D0D7F84C311B691846E2
:101FD00015F0E4FFD7F84C310022DA60D7F84C3125
:101FE00000221A610023184607F5B677BD4690BD5A
:101FF000549C0108349B0108889C01086C9C0108D2
:1020000080B586B000AF786000237B6100233B6120
:102010000023FB600023BB607868FEF76BF9034682
:102020007B617B69642B05DD64237B6102E03B6996
:1020300001333B613B697A6813441B78202B38D10C
:102040003A697B699A42F2DB33E03B697A68134470
:102050001B78202B05D03B697A6813441B780A2B28
:1020600017D1BB68002B10D10123BB603B697A6894
:102070001A44FB6879680B4412781A70FB680133C4
:10208000FB603B6901333B6113E03B6901333B611A
:102090000FE00023BB603B697A681A44FB687968EB
:1020A0000B4412781A70FB680133FB603B69013303
:1020B0003B613A697B699A42C7DBFB687A681344E3
:1020C00000221A70002318461837BD4680BD80B51F
:1020D0008AB000AF78600023FB6100233B61786821
:1020E000FEF708F903467B617B69013B7A6813447C
:1020F0001B780A2B02D17B69013B7B610023BB610A
:1021000020E0BB697A6813441B782E2B0BD1FB6946
:10211000012B04D14FF000024FF000033DE00123FA
:10212000FB61BB693B61FB69012B08D1BB690133D2
:102130007A681A44BB6979680B4412781A70BB69D3
:102140000133BB61BA697B699A42DADB786815F0C2
:10215000FDFEF860FB6807EE903AB8EEE77B87ED8E
:10216000087BFB69002B16D07A693B69D31AC3F14F
:10217000010307EE903AB8EEE77BB0EE471BB2EEF4
:10218000040B17F055F8B0EE406B97ED087B27EE87
:10219000067B87ED087BD7E9082343EC172BB0EECD
:1021A000470B2837BD4680BD80B58CB000AFF860C6
:1021B00087ED000B0023FB6200233B6297ED007B61
:1021C000B5EE407BF1EE10FA07D1FB6880491A4664
:1021D0000B461B8813800023EAE097ED007BB5EEE9
:1021E000C07BF1EE10FA0DD5FB6AFA6813442D227C
:1021F0001A70FB6A0133FB6297ED007BB1EE477BFF
:1022000087ED007B6CA3D3E90023C7E9062307E031
:1022100097ED066BB2EE045B86EE057B87ED067BE1
:1022200097ED067B9FED666BB4EEC67BF1EE10FA80
:1022300008DD97ED066B97ED007BB4EEC76BF1EE12
:1022400010FAE5DC97ED060B16F082FFB0EE407B4E
:10225000FDEEC77B17EE903A7B617B69002B24DA99
:102260007B695B427B61FB6AFA68134430221A7017
:10227000FB6A0133FB62FB6AFA6813442E221A7070
:10228000FB6A0133FB620123BB620AE0FB6AFA6866
:10229000134430221A70FB6A0133FB62BB6A0133BC
:1022A000BB62BA6A7B699A42F0DB00237B6276E00C
:1022B0000923BB6220E0BB6A07EE903AB8EEE76BF9
:1022C00097ED067B26EE077B97ED006B36EE477B9E
:1022D000B5EEC07BF1EE10FA0BDBBB6ADAB2FB6A3B
:1022E000F9680B443032D2B21A70FB6A0133FB62D8
:1022F00005E0BB6A013BBB62BB6A002BDBDABB6A51
:1023000007EE903AB8EEE76B97ED067B26EE077B7B
:1023100097ED006B36EE477B87ED007B97ED066B04
:10232000B2EE045B86EE057B87ED067B97ED067BC0
:10233000B6EE006BB4EEC67BF1EE10FA12D597ED57
:10234000067B9FED216BB4EEC67BF1EE10FA09DD42
:10235000FB6AFA6813442E221A70FB6A0133FB628F
:1023600001233B6297ED007BB5EE407BF1EE10FA66
:1023700012D13B6A002B0FD0FB6A013BFA68134471
:102380001B782E2B02D1FB6A013BFB62FB6AFA68C9
:10239000134400221A7005E07B6A01337B627B6A7A
:1023A000092B85DDFB6AFA68134400221A700023AA
:1023B00018463037BD4680BD0000000084D79741E5
:1023C0003A8C30E28E79453E9A9999999999A93F2C
:1023D000A89C010880B594B000AFF860B9607A603D
:1023E00004F0F4FE0023BB630223FB6306233B647B
:1023F00001237B642023BB6407F1340207F1380317
:102400001146184604F0E2FF0346002B02D004F008
:1024100017FF65E00023FB645CE0FA6C7B689A427E
:1024200006D2FB6CDB00BA681344D3E9002303E057
:102430004FF0FF324FF0FF33C7E90423FB6C013349
:102440007A689A4207D9FB6C0133DB00BA681344FF
:10245000D3E9002303E04FF0FF324FF0FF33C7E929
:102460000623FB6C02337A689A4207D9FB6C02336D
:10247000DB00BA681344D3E9002303E04FF0FF32D6
:102480004FF0FF33C7E90823FB6C03337A689A42A5
:1024900007D9FB6C0333DB00BA681344D3E900238C
:1024A00003E04FF0FF324FF0FF33C7E90A23FB6C24
:1024B000DA00FB68134407F110021946012004F00A
:1024C000F3FD0346002B02D004F0BAFE08E0FB6CDB
:1024D0000433FB64FA6C7B689A429ED304F0B0FE2E
:1024E0005037BD4680BD80B487B000AFF860B9609A
:1024F0007A60FB683B6100237B610EE07B69DB0057
:102500003A6913447A69D200B9681144D3E90023C7
:10251000C1E900237B6901337B617A697B689A4258
:10252000ECD300BF00BF1C37BD465DF8047B70478D
:1025300080B592B000AF7860396004F047FE0023A8
:10254000FB6202233B6307237B630123BB632023DE
:10255000FB6307F1280207F12C031146184604F02B
:1025600035FF0346002B02D004F06AFE67E03B68AB
:102570003B6400237B645CE07B6CB3F58C7F06D806
:102580007B6CDB003A6C1344D3E9002303E04FF08B
:10259000FF324FF0FF33C7E902237B6C0133B3F501
:1025A0008C7F07D87B6C0133DB003A6C1344D3E992
:1025B000002303E04FF0FF324FF0FF33C7E904235D
:1025C0007B6C0233B3F58C7F07D87B6C0233DB0066
:1025D0003A6C1344D3E9002303E04FF0FF324FF08D
:1025E000FF33C7E906237B6C0333B3F58C7F07D831
:1025F0007B6C0333DB003A6C1344D3E9002303E024
:102600004FF0FF324FF0FF33C7E908237B6CDA004D
:102610007B68134407F108021946012004F044FDC9
:102620000346002B02D004F00BFE08E07B6C043361
:102630007B647B6CB3F58C7F9ED904F001FE483738
:10264000BD4680BD80B582B000AF786039607B68E0
:1026500040F6C8021946386816F00FF800BF083770
:10266000BD4680BD80B483B000AF78607B6893EDD9
:10267000007BFCEEC77B17EE903A18460C37BD4640
:102680005DF8047B7047000080B52DED028B84B0AF
:1026900000AF00F073FF484B5B6903F40033002B7D
:1026A0001BD1BFF34F8F00BFBFF36F8F00BF424BF3
:1026B0000022C3F85022BFF34F8F00BFBFF36F8FCC
:1026C00000BF3D4B5B693C4A43F400335361BFF3A9
:1026D0004F8F00BFBFF36F8F00E000BF364B5B69C9
:1026E00003F48033002B38D1334B0022C3F884200D
:1026F000BFF34F8F00BF304BD3F88030BB60BB6857
:102700005B0BC3F30E037B60BB68DB08C3F30903F9
:102710003B607B685A0143F6E07313403A689207C6
:1027200025491343C1F860323B685A1E3A60002BBA
:10273000EFD17B685A1E7A60002BE5D1BFF34F8F33
:1027400000BF1D4B5B691C4A43F480335361BFF3E8
:102750004F8F00BFBFF36F8F00E000BF02F02EFC71
:1027600000F022F94FF4FA7002F084FC00F01EFB36
:1027700000F0D0FA0AF0D6F900F096FA00F092F9DB
:1027800000F0E6F900F03AFA02F01CF8FEF740FD1E
:102790000A4B93ED008B0A48FFF764FF07EE900A9F
:1027A000B8EE677BB4EE478BF1EE10FA0AD003491E
:1027B0000348FFF7BDFE09E000ED00E0D000002473
:1027C00000001E086E496F48FFF73CFF4FF47A7215
:1027D0006D496E48FFF787FE6B4BD3E900236849CC
:1027E00001F5E861C1E90023674BD3E9142364498B
:1027F00001F5F06141E90223634BD3E964236049A9
:1028000001F5F661C1E900235F4BD3E9C8235C49B8
:1028100001F5FE6141E9022301224FF400615C48A9
:1028200005F00EF9002210215A4805F009F900229E
:102830000121594805F004F9514BD3E98023574948
:10284000C1E900234E4B93ED807B554B1B68FCEE9A
:10285000C77B17EE902ADA62494B93ED807BFCEE42
:10286000C77B17EE902A4E4BDA604D4B1B68002257
:102870005A624B4808F0B2FD4A480AF03BFD12F09C
:102880007DFE3F4B03F5026393ED007BB7EE006BDB
:10289000B4EE467BF1EE10FA0DD1394B03F502632D
:1028A00019464FF000024FF00003C1E900233449FC
:1028B0003448FFF73DFE324B03F5066313ED027B10
:1028C000B7EE006BB4EE467BF1EE10FA0DD12C4B57
:1028D00003F5066319464FF000024FF0000341E98B
:1028E000022327492748FFF7ADFE254B03F509636F
:1028F00093ED007BB7EE006BB4EE467BF1EE10FA81
:1029000013D11F4B03F5096319464FF000024FF036
:102910000003C1E900231B48FFF7A4FE07EE900A5D
:10292000B8EE677B164B83ED027B154B93ED806B06
:102930001A4B93ED007BB4EE476BF1EE10FA9BD08F
:102940000F4B93ED807BFCEEC77B17EE903AFB605C
:10295000134808F0BBFD124B1B68FA68DA62104A94
:10296000FB68D3600E4B1B6800225A620C4808F0CB
:1029700035FD034BD3E980230849C1E900237BE7F8
:10298000D000002400001E08300D002400001C08A8
:1029900000100258000C02580004025818000024CD
:1029A000300B0024E02C002480B59CB000AF07F170
:1029B00024034C220021184615F08FFD3B1D2022D8
:1029C0000021184615F089FD022005F053F8002378
:1029D0003B60324BDB6A314A23F00103D3622F4B59
:1029E000DB6A03F001033B602D4B9B6923F44043FA
:1029F0002B4A43F480439361294B9B6903F4404382
:102A00003B603B6800BF264B9B6903F40053B3F562
:102A1000005FF8D102237B6201233B6340237B6389
:102A20000223BB640023FB6404233B650A237B650C
:102A30000223BB650223FB6502233B660C237B66F6
:102A40000223BB660023FB6607F12403184605F04A
:102A50004BF80346002B01D001F0D2FA3F237B60F4
:102A60000323BB600023FB6000233B6100237B61E9
:102A70004023BB614FF48063FB6100233B623B1D3D
:102A80000121184605F05EFC0346002B01D001F041
:102A9000B7FA00BF7037BD4680BD00BF00040058C4
:102AA0000048025880B500AF274B284A1A60264BD1
:102AB0004FF480025A60244B00229A60224B072276
:102AC000DA60214B00221A611F4B00225A611E4B13
:102AD0004FF080629A611C4B4FF08052DA611A4BC2
:102AE00000221A62184B00225A62174B00229A6287
:102AF000154B0022DA62144B4FF080425A63124B9E
:102B000000229A63104B0022DA630F4B00221A64F2
:102B10000D4B00225A640C4B00229A640A4B00228F
:102B2000DA64094B00221A65074B00225A65064BEE
:102B300000229A65044807F03BFB0346002B01D0B6
:102B400001F05EFA00BF80BD980900240038004003
:102B500080B500AF274B284A1A60264B4FF48002FD
:102B60005A60244B00229A60224B0722DA60214BE4
:102B700000221A611F4B00225A611E4B4FF08062E7
:102B80009A611C4B0022DA611A4B00221A62194B1F
:102B900000225A62174B00229A62164B0022DA6218
:102BA000144B4FF080425A63124B00229A63114B30
:102BB0000022DA630F4B00221A640E4B00225A6483
:102BC0000C4B00229A640B4B0022DA64094B002262
:102BD0001A65084B00225A65064B00229A65054883
:102BE00007F0E6FA0346002B01D001F009FA00BF16
:102BF00080BD00BF200A00240034014080B500AF32
:102C0000274B284A1A60264B4FF480025A60244B07
:102C10004FF400329A60224B0722DA60204B0022E8
:102C20001A611F4B00225A611D4B4FF080629A615E
:102C30001B4B0022DA611A4B00221A62184B002249
:102C40005A62174B00229A62154B0022DA62144B2B
:102C50004FF080425A63124B00229A63104B0022BD
:102C6000DA630F4B00221A640D4B00225A640C4B9E
:102C700000229A640A4B0022DA64094B00221A658A
:102C8000074B00225A65064B00229A65044807F05C
:102C90008FFA0346002B01D001F0B2F900BF80BDCE
:102CA000A80A00240050014080B584B000AF3B1D4D
:102CB00000221A605A609A60144B154A1A60134B2E
:102CC0004F225A60114B00229A60104B9622DA6014
:102CD0000E4B00229A610D4808F029FB0346002B99
:102CE00001D001F08DF900237B600023FB603B1DC8
:102CF0001946064808F0FAFD0346002B01D001F002
:102D00007FF900BF1037BD4680BD00BF300B0024E7
:102D10000014004080B500AF224B234A1A60214BBB
:102D20004FF4E1325A601F4B00229A601D4B002283
:102D3000DA601C4B00221A611A4B0C225A61194BA3
:102D400000229A61174B0022DA61164B00221A62A8
:102D5000144B00225A62134B00229A62114808F069
:102D600071FE0346002B01D001F04AF900210D4805
:102D700009F00EFE0346002B01D001F041F90021BD
:102D8000084809F043FE0346002B01D001F038F952
:102D9000044809F0C4FD0346002B01D001F030F9CE
:102DA00000BF80BD7C0B00240048004080B58EB081
:102DB00000AF07F1240300221A605A609A60DA60BB
:102DC0001A61A04BD3F8E0309E4A43F01003C2F8DA
:102DD000E0309C4BD3F8E03003F010033B623B6AD9
:102DE000984BD3F8E030974A43F00403C2F8E03040
:102DF000944BD3F8E03003F00403FB61FB69914B83
:102E0000D3F8E0308F4A43F02003C2F8E0308D4B16
:102E1000D3F8E03003F02003BB61BB69894BD3F8E2
:102E2000E030884A43F08003C2F8E030854BD3F8A5
:102E3000E03003F080037B617B69824BD3F8E030A4
:102E4000804A43F00103C2F8E0307E4BD3F8E03013
:102E500003F001033B613B697A4BD3F8E030794AD8
:102E600043F00203C2F8E030764BD3F8E03003F0D1
:102E70000203FB60FB68734BD3F8E030714A43F008
:102E80004003C2F8E0306F4BD3F8E03003F040036A
:102E9000BB60BB686B4BD3F8E0306A4A43F0080371
:102EA000C2F8E030674BD3F8E03003F008037B60F2
:102EB0007B6800224021644804F0C2FD0022012109
:102EC000624804F0BDFD002245F20101604804F0B3
:102ED000B7FD002240F602015E4804F0B1FD002279
:102EE00004215D4804F0ACFD002250215B4804F051
:102EF000A7FD10237B620023BB620023FB6207F166
:102F000024031946534804F0D3FB40237B6201237A
:102F1000BB620023FB6200233B6307F124031946D5
:102F2000494804F0C5FB01237B620123BB620023F7
:102F3000FB6200233B6307F124031946434804F076
:102F4000B7FB44F201037B620123BB620023FB62F7
:102F500003233B6307F1240319463D4804F0A8FB13
:102F600001237B620023BB620223FB6207F124037F
:102F70001946394804F09CFB4FF400637B6201233F
:102F8000BB620023FB6200233B6307F12403194665
:102F9000304804F08DFB4FF400637B620023BB627A
:102FA0000223FB6207F124031946294804F080FB41
:102FB0004FF480537B620123BB620023FB6200233A
:102FC0003B6307F124031946214804F071FB4FF4D9
:102FD00002537B620023BB620023FB6207F12403E0
:102FE00019461E4804F064FB04237B620123BB6284
:102FF0000023FB6200233B6307F1240319461648B4
:1030000004F056FB50237B620123BB620023FB626A
:1030100000233B6307F124031946104804F048FBE2
:1030200002237B620123BB620023FB6203233B6319
:1030300007F124031946074804F03AFB00BF38376C
:10304000BD4680BD004402580014025800080258D2
:10305000000402580010025800180258000C0258D0
:1030600080B483B000AF786000E000BF7B685A1E78
:103070007A60002BF9D100BF00BF0C37BD465DF868
:10308000047B704780B500AF074B10229A61042083
:10309000FFF7E6FF044B4FF480129A611420FFF70C
:1030A000DFFF00BF80BD00BF000C025880B584B0B8
:1030B00000AF78600023FB6004E0FFF7E3FFFB68EC
:1030C0000133FB60FA687B689A42F6DB00BF00BF01
:1030D0001037BD4680BD000080B483B000AF002330
:1030E0007B6009E07B6801337B607B6842F2107291
:1030F000934201D9002306E0064B1B6903F08003CD
:10310000002BEFD1012318460C37BD465DF8047B38
:10311000704700BF000C025880B483B000AF00239A
:103120007B6009E07B6801337B607B6842F2107250
:10313000934201D9002306E0064B1B6903F01003FC
:10314000002BEFD1012318460C37BD465DF8047BF8
:10315000704700BF0010025880B584B000AF002354
:103160007B600520FFF77CFFFFF7B6FF0346002BCF
:1031700003D12D4BD3E9002348E02C4B4FF00062E4
:103180009A61642303222A492A4807F009FB03466F
:10319000002B07D0254B4FF400629A61224BD3E9F4
:1031A000002333E0214B4FF400629A613B1D023350
:1031B0001F4A12781A703B1D01331D4A52781A704B
:1031C0003B1D1B4A92781A707B6807EE903AB8EE66
:1031D000677B9FED136B27EE067B87ED027B7B6899
:1031E0004FF4000293420AD3134B93ED007B37EE6A
:1031F000077B97ED026B36EE477B87ED027B0A4932
:10320000D7E90223C1E90023D7E9022343EC172BB6
:10321000B0EE470B1037BD4680BD00BFAFF3008056
:10322000000000000000A03E200D00240010025805
:10323000400C0024200A00240000002400000000AC
:1032400080B584B000AF00237B600320FFF708FF48
:10325000FFF762FF0346002B03D12D4BD3E9002378
:1032600048E02C4B4FF080529A61642303222A4994
:103270002A4807F095FA0346002B07D0254B4FF458
:1032800080529A61224BD3E9002333E0214B4FF463
:1032900080529A613B1D02331F4A12781A703B1DFF
:1032A00001331D4A52781A703B1D1B4A92781A70DE
:1032B0007B6807EE903AB8EE677B9FED136B27EEC5
:1032C000067B87ED027B7B684FF4000293420AD3B2
:1032D000134B93ED007B37EE077B97ED026B36EED9
:1032E000477B87ED027B0A49D7E90223C1E9002326
:1032F000D7E9022343EC172BB0EE470B1037BD463E
:1033000080BD00BFAFF30080000000000000A03EC1
:10331000280D0024000402580C0C002498090024F5
:103320000000002480B500AFFFF78AFFB0EE407BBD
:10333000094B83ED007B094B93ED486B064B93EDF6
:10334000007B36EE076B054B93ED567B26EE077B35
:10335000B0EE470B80BD00BFB80C0024D0000024A5
:1033600080B500AFFFF7DEFFB0EE406B044B03F516
:10337000D46313ED027B26EE077BB0EE470B80BDD6
:10338000D000002480B500AFFFF7E6FEB0EE407B32
:10339000094B83ED007B094B93ED1E6B064B93EDC0
:1033A000007B36EE076B054B93ED2C7B26EE077BFF
:1033B000B0EE470B80BD00BFA80C0024D000002455
:1033C00080B584B000AF87ED000B012204213648A0
:1033D00004F036FB97ED006BB0EE005B86EE057BEC
:1033E00087ED007B314B93ED007B97ED006BB4EEE6
:1033F000C76BF1EE10FA05DD2C4BD3E90023C7E9CA
:1034000000230CE097ED007BB5EEC07BF1EE10FAE7
:1034100005D54FF000024FF00003C7E900239FEDF0
:10342000205B97ED007B87EE056BB0EE460B16F048
:103430004FF9B0EE407BFCEEC77B17EE903AFB6095
:10344000FB681B01FB6007F10C0302331A78184B71
:103450001A7007F10C0301331A78154B5A7007F1F3
:103460000C031A78124B9A7000224021114804F084
:10347000E7FA642303220E490F4806F09FFF01225A
:1034800040210C4804F0DCFA0620FFF7E9FD002299
:103490000421054804F0D4FA00BF1037BD4680BDB2
:1034A000000000000000D03E001802580000002478
:1034B000740C002400140258A80A002480B500AF40
:1034C0004FF40061234804F0A3FA0346012B03D113
:1034D0004FF00002204B02E04FF000021F4B20494A
:1034E000C1E900231E4B93ED007BB0EE470B1D4856
:1034F000FDF72CFE1C4B03F58E6313ED026B1B4B8B
:1035000093ED007BB4EEC76BF1EE10FA00DC1EE029
:10351000134B93ED007BB0EE470B1548FDF716FEFD
:103520000F4B93ED007BB5EEC07BF1EE10FA07DD9B
:10353000104B4FF480029A610F4B01229A6106E012
:103540000C4B40229A610C4B4FF480329A6100BFC1
:1035500080BD00BF000402580000F03F0000F0BF33
:1035600008000024D8070024D0000024B00C002458
:10357000C8040024000C02580008025880B584B02A
:1035800000AF3B4600221A605A609A60DA6001F090
:1035900095FE01233B7000237B70164B7B60072355
:1035A0003B7200237B720023BB720323FB72002358
:1035B0003B7300237B730023BB730123FB733B46E8
:1035C000184601F0B3FE01237B700B4B7B600D238B
:1035D0003B720123BB7201237B730023FB733B46C9
:1035E000184601F0A3FE042001F080FE00BF103752
:1035F000BD4680BD000004300040043000000000E3
:1036000080B58CB000AF78607B681B68B04A93428D
:1036100001D101F00FFD7B681B68AE4A934240F078
:10362000CA84AD4B01229A61AC4B03F5BE6393EDA6
:10363000007B9FEDA56BB4EEC67BF1EE10FA40F374
:10364000A681A64B03F5BE6393ED007BB7EE086B36
:10365000B4EEC67BF1EE10FA24D5A14B00221A601D
:10366000A0494FF000024FF00003C1E900239B493D
:103670004FF000024FF00003C1E9E223974B03F53E
:10368000946319464FF000024FF08043C1E90023D4
:10369000924B03F5BE6319464FF000024FF0804392
:1036A000C1E900238D4B03F5BE6393ED007BB7EEBC
:1036B000086BB4EEC67BF1EE10FA56DD874B03F5CE
:1036C000BE6393ED007BB0EE046BB4EEC67BF1EE0F
:1036D00010FA4AD5824B1B68B3F5C87F45DD804B95
:1036E00000221A607F4B93ED007BB2EE046B27EE55
:1036F000067BB0EE470B15F0EBFFB0EE407BFDEE26
:10370000C77B17EE903AFB61744B03F5B86353E93E
:1037100002237548F969C9000144C1E90023714BCE
:1037200093ED007B9FED686B37EE067B6D4B83ED71
:10373000007B6A4B93EDE26B684B03F5C66313EDB8
:10374000027BB4EEC76BF1EE10FA08DD634B03F5B4
:10375000BE6319464FF00002644BC1E90023614B80
:10376000D3E900235D49C1E9E2235C4B03F5BE6365
:1037700093ED007BB0EE046BB4EEC67BF1EE10FA75
:103780006CDD564B03F5BE6393ED007BB0EE0C6B26
:10379000B4EEC67BF1EE10FA60D5514B1B68B3F561
:1037A000C87F5BDD4E4B00221A604E4B93ED007BD1
:1037B0009FED456B37EE467B4A4B83ED007B494BD3
:1037C000D3E900234549C1E9E223444B93EDE27B71
:1037D000B5EEC07BF1EE10FA40D840494FF0000240
:1037E0004FF00003C1E9E2233C4B03F59463194613
:1037F0004FF000024FF00003C1E90023374B03F5FF
:10380000BE6319464FF000024FF00003C1E90023E8
:103810004FF47A7234493648FEF7DCFD324BD3E977
:1038200000232E4901F5E861C1E900232E4BD3E9BD
:1038300014232A4901F5F06141E902232A4BD3E917
:103840006423264901F5F661C1E90023264BD3E93B
:10385000C823224901F5FE6141E902231F4B03F50C
:10386000BE6393ED007BB0EE0C6BB4EEC67BF1EE65
:1038700010FA40F38780194B03F5BE6393ED007B8C
:10388000B1EE026BB4EEC67BF1EE10FA7AD5134BB3
:1038900003F59463D3E900231649C1E900230F4BD4
:1038A00003F5946319464FF000024FF00003C1E99D
:1038B00000234FF000024FF00003C7E90A23002362
:1038C0007B6231E0AFF300809A9999999999B93F59
:1038D000001000400014004000040258D0000024F2
:1038E000080D0024100D0024300D002400000840B5
:1038F00000001C08180D0024B74B03F5B06393EDCE
:10390000007BFDEEC77B17EE900AFFF7CFFBFFF7BA
:1039100039FDB0EE406B97ED0A7B37EE067B87ED05
:103920000A7B7B6A01337B627B6A632BE4DD97ED64
:103930000A7BB1EE476B9FEDA25B86EE057B87EDC0
:103940000A7BA54B93ED1E6BA34B93ED2C5B97ED80
:103950000A4B84EE057B36EE077B9F4B83ED1E7B87
:103960009D4B03F5BE6319464FF000024FF0000374
:10397000C1E90023994BD3E90023974901F59461EC
:10398000C1E90023964B1B680133954A1360924BA3
:1039900003F5946393ED007BB5EE407BF1EE10FAF6
:1039A00031D18D4B03F5B06393ED007BFDEEC77B0A
:1039B00017EE900AFFF77AFBFFF7E4FCB0EE407BCE
:1039C000884B83ED007B874BD3E900238249C1E913
:1039D0001023FFF7C5FCB0EE407B7F4B83ED3A7BB5
:1039E0009FED790BFFF7ECFC7F494FF000024FF0A1
:1039F0000003C1E900239FED740B7C48FDF7A6FB93
:103A0000FFF75CFDD3E2744B03F5946393ED007B09
:103A1000B7EE006BB4EE467BF1EE10FA0CD06E4BB5
:103A200003F5946393ED007BB0EE006BB4EE467B40
:103A3000F1EE10FA40F08582674B03F5B06393ED29
:103A4000007BFDEEC77B17EE900AFFF72FFBFFF719
:103A500099FCB0EE407B634B83ED007B5E4B03F53E
:103A6000946393ED007BB7EE006BB4EE467BF1EE12
:103A700010FA40D1FFF756FCB0EE407B5C4B83ED73
:103A8000007B554B03F5D46313ED026B584B93ED5C
:103A9000007B26EE077B574B83ED007B4E4B03F5F7
:103AA000CC6393ED006B534B93ED007BB4EEC76B8F
:103AB000F1EE10FA06DD4F494FF000024FF000031F
:103AC000C1E9002301214C4803F0A2FF0346012B6A
:103AD0000CD148494FF000024FF00003C1E9002328
:103AE0009FED390B4548FDF731FB04E0B7EE000BC5
:103AF0004248FDF72BFB384B03F5946393ED007BB5
:103B0000B0EE006BB4EE467BF1EE10FA05D1324B0D
:103B1000D3E9E2233749C1E90023FFF7CFFC2E4B5D
:103B200093EDFE6B364B93ED007BB4EE476BF1EEFD
:103B300010FA05D12F4B93ED007BB0EEC77B01E06F
:103B40009FED217B2B4B83ED007B234B03F5D4634F
:103B500013ED026B264B93ED007B26EE077B1E4B8D
:103B600083ED3A7B1F4BD3E900231B49C1E91023A6
:103B7000244B93ED006B1F4B93ED007B36EE477BA0
:103B8000B0EEC76B144B93EDB87BB4EEC76BF1EEA0
:103B900010FA3BDD1C4B01221A600F4B03F5BE638C
:103BA00093ED007B9FED0A6BB4EEC67BF1EE10FA4D
:103BB0002FD59FED050B0D48FDF7C8FA29E000BF92
:103BC000000000000000594000000000000000005C
:103BD0009A9999999999B93FD0000024180D002419
:103BE000080D0024B00C0024E00C0024E0050024A3
:103BF000C00C0024C80C002400180258A0070024A0
:103C000008000024D00C0024040D00247E4B002268
:103C10001A607E4BD3E900237D49C1E900237D4B27
:103C2000D3E98E237C49C1E900237A4B03F59C63D9
:103C300013ED026B754B93ED007B36EE076B774B04
:103C400093ED007BB4EEC76BF1EE10FA1ED5734B0B
:103C500093ED006B6F4B03F59C6313ED027B36EE27
:103C6000477B6E4B83ED007B6A4B03F5BE6393EDA0
:103C7000007B9FED616BB4EEC67BF1EE10FA3CD594
:103C80009FED5F0B6648FDF761FA36E05F4B93ED01
:103C9000006B604B03F59C6313ED027B36EE476BC4
:103CA0005E4B93ED007BB4EEC76BF1EE10FA1EDDB8
:103CB000584B03F59C6313ED026B584B93ED007B5F
:103CC00036EE077B554B83ED007B524B03F5BE630D
:103CD00093ED007B9FED486BB4EEC67BF1EE10FADE
:103CE0000BD59FED470B4E48FDF730FA05E0474BEB
:103CF000D3E900234949C1E900234A4B93ED006B06
:103D0000464B93ED007B36EE477B474B83ED007BC4
:103D1000424B93ED007BB2EE046B27EE067BFDEE8B
:103D2000C77B17EE903A3B623B6A002B01DA002317
:103D30003B623B6A40F2E632934202DD40F2E633F8
:103D40003B62364B93ED007BB2EE046B27EE066BC5
:103D50003B6A07EE903AB8EEE77B36EE477B87ED9D
:103D6000047B324A3B6ADB00134493ED007BB5EEE3
:103D7000C07BF1EE10FA61DD3B6A01332B4ADB00B8
:103D8000134493ED007BB5EEC07BF1EE10FA55DDE8
:103D90003B6A0133254ADB00134493ED006B234A51
:103DA0003B6ADB00134493ED007B36EE477B87EDE7
:103DB000027B97ED020B1E48FDF7C8F91B4A3B6AD0
:103DC000DB00134493ED006B97ED045B97ED027BF2
:103DD00025EE077B36EE077B164B83ED007B164BFB
:103DE0001B68012B04D19FED060B0D48FDF7AEF9C2
:103DF000114B00221A6039E09A9999999999B93F23
:103E00000000000000000000040D0024C80C002485
:103E1000D00C0024D0000024F80C0024D80C00247E
:103E2000E0050024B00C0024E00C0024300D002438
:103E30004003002410000024000D0024624B1B6886
:103E4000012B05D1614BD3E900236149C1E900236E
:103E50005F4BD3E900235F49C1E900239FED580B75
:103E60005D48FDF773F95D4B01221A605C4B93EDE1
:103E70008E6B5B4B93EDAA5B594B93ED9C7B25EED0
:103E8000077B36EE077B574B83ED007B544B93ED5E
:103E9000926B544B93ED007BB4EEC76BF1EE10FACE
:103EA00005D54F4BD3E992234E49C1E900234C4B32
:103EB00093ED906B4B4B93ED007BB4EEC76BF1EE43
:103EC00010FA05DD464BD3E990234649C1E90023AA
:103ED000444B93ED007BB0EE470B4348FDF736F9BA
:103EE0003F4B03F5A26393ED006B3E4B93ED007BDC
:103EF00026EE076B374B93ED007B36EE077B334B9B
:103F000083ED007B314B93ED007BB0EE470B3748E0
:103F1000FDF71CF92D4B93ED007BB0EE470BFFF73F
:103F20004FFA2F4B03F5A26393ED006B304B93EDEB
:103F3000007B36EE077BB0EE470B2E48FDF706F907
:103F400035E0274B03F5946393ED007BB0EE086BEF
:103F5000B4EE467BF1EE10FA29D1214B03F5B063A4
:103F600093ED007BFDEEC77B17EE900AFFF79EF8FE
:103F7000FFF708FAB0EE407B1F4B83ED007B1E4B32
:103F8000D3E900231649C1E91023FFF7E9F9B0EEA0
:103F9000407B134B83ED3A7BFFF790FA104B03F510
:103FA000B86313ED027BB0EE470BFFF709FA134B32
:103FB0004FF480329A6100BF3037BD4680BD00BFEC
:103FC0000000000000000000040D0024E80C0024A4
:103FD000F00C00241000002440030024000D0024F5
:103FE000D0000024F80C0024E803002488060024F4
:103FF000E00C0024E0050024B00C0024000402586A
:1040000080B400AF72B600BF00BFFDE780B483B0DC
:1040100000AF0A4BD3F8F430084A43F00203C2F869
:10402000F430064BD3F8F43003F002037B607B6876
:1040300000BF0C37BD465DF8047B70470044025852
:1040400080B5BEB000AF786007F1E40300221A60CB
:104050005A609A60DA601A6107F12803BC220021D5
:10406000184614F03AFA7B681B68814A934267D17C
:104070004FF48053BB620023C7F8843007F1280354
:10408000184604F02DFD0346002B01D0FFF7B8FFC2
:10409000784BD3F8E830774A43F48043C2F8E830ED
:1040A000744BD3F8E83003F480437B627B6A714B36
:1040B000D3F8E0306F4A43F00403C2F8E0306D4BB0
:1040C000D3F8E03003F004033B623B6A694BD3F85A
:1040D000E030684A43F00803C2F8E030654BD3F89B
:1040E000E03003F00803FB61FB690C23C7F8E43000
:1040F0000223C7F8E8300023C7F8EC300023C7F8E4
:10410000F0300523C7F8F43007F1E40319465A48A4
:1041100003F0CEFA0823C7F8E4300223C7F8E830EA
:104120000023C7F8EC300023C7F8F0300523C7F8A8
:10413000F43007F1E4031946504803F0B9FA92E06D
:104140007B681B684E4A934244D14FF40053BB62D4
:104150000023C7F8883007F12803184604F0C0FC94
:104160000346002B01D0FFF74BFF424BD3F8F03052
:10417000404A43F40053C2F8F0303E4BD3F8F030DD
:1041800003F40053BB61BB693A4BD3F8E030394AC2
:1041900043F01003C2F8E030364BD3F8E03003F0C0
:1041A00010037B617B694FF44153C7F8E43002236D
:1041B000C7F8E8300023C7F8EC300023C7F8F03028
:1041C0000523C7F8F43007F1E40319462D4803F03E
:1041D0006FFA48E07B681B682B4A934243D14FF447
:1041E0000053BB620023C7F8883007F12803184644
:1041F00004F076FC0346002B01D0FFF701FF1D4BB6
:10420000D3F8F0301B4A43F48013C2F8F030194B56
:10421000D3F8F03003F480133B613B69154BD3F8BE
:10422000E030144A43F02003C2F8E030114BD3F8D9
:10423000E03003F02003FB60FB684FF42073C7F805
:10424000E4300223C7F8E8300023C7F8EC3000233D
:10425000C7F8F0300523C7F8F43007F1E403194636
:104260000A4803F025FA00BFF837BD4680BD00BFFD
:10427000003800400044025800080258000C025860
:104280000034014000100258005001400014025850
:1042900080B584B000AF78607B681B680E4A93429B
:1042A00016D10E4BD3F8E8300C4A43F02003C2F885
:1042B000E8300A4BD3F8E83003F02003FB60FB68DA
:1042C00000220021372000F0D1FF372000F0E8FF66
:1042D00000BF1037BD4680BD0014004000440258A6
:1042E00080B5B8B000AF786007F1CC0300221A6047
:1042F0005A609A60DA601A6107F11003BC2200214B
:10430000184614F0EAF87B681B68254A934242D1AC
:1043100002233B610023C7F8843007F110031846DD
:1043200004F0DEFB0346002B01D0FFF769FE1D4BB6
:10433000D3F8E8301B4A43F48023C2F8E830194B25
:10434000D3F8E83003F48023FB60FB68154BD3F807
:10435000E030144A43F00803C2F8E030114BD3F8C0
:10436000E03003F00803BB60BB684FF44073C7F84C
:10437000CC300223C7F8D0300023C7F8D430022352
:10438000C7F8D8300723C7F8DC3007F1CC0319464B
:10439000054803F08DF900BFE037BD4680BD00BF82
:1043A0000048004000440258000C025880B590B00C
:1043B00000AF78607B680F2B27D800227968362001
:1043C00000F054FF362000F06BFF294A7B68136031
:1043D000284BD3F8E830274A43F01003C2F8E830FE
:1043E000244BD3F8E83003F01003FB60FB6807F1BF
:1043F000100207F114031146184604F02FFBBB6AA4
:10440000BB63BB6B002B06D101E001232BE004F062
:10441000F9FAF86304E004F0F5FA03465B00FB6385
:10442000FB6B154AA2FB03239B0C013B7B63134BE5
:10443000134A1A60114B40F2E732DA600F4A7B6B85
:1044400053600E4B00221A610C4B00229A600B48FD
:1044500006F06DFF0346002B04D1084806F0BEFFAE
:10446000034600E0012318464037BD4680BD00BF2B
:104470002C0000240044025883DE1B43702C0024CF
:104480000010004080B400AF00BFFDE780B400AF73
:1044900000BFFDE780B400AF00BFFDE780B400AF10
:1044A00000BFFDE780B400AF00BFFDE780B400AF00
:1044B00000BFBD465DF8047B704780B400AF00BF0D
:1044C000BD465DF8047B704780B400AF00BFBD46B9
:1044D0005DF8047B704780B400AF00BFBD465DF857
:1044E000047B704780B500AF024807F01EF800BF9C
:1044F00080BD00BF702C002480B500AF024807F0DB
:1045000014F800BF80BD00BF300B002480B500AFA1
:10451000024801F0DDFB00BF80BD00BF2C2D002450
:1045200080B400AF01231846BD465DF8047B704798
:1045300080B483B000AF78603960054B16221A60F2
:104540004FF0FF3318460C37BD465DF8047B7047CB
:104550009460002480B582B000AF78604FF0FF31E6
:104560007868FFF7E5FF00BFFDE780B586B000AFD4
:10457000F860B9607A6000237B610AE0AFF30080E5
:104580000146BB685A1CBA60CAB21A707B69013313
:104590007B617A697B689A42F0DB7B681846183742
:1045A000BD4680BD80B586B000AFF860B9607A6066
:1045B00000237B6109E0BB685A1CBA601B7818466F
:1045C000AFF300807B6901337B617A697B689A4233
:1045D000F1DB7B6818461837BD4680BD80B483B0D8
:1045E00000AF78604FF0FF3318460C37BD465DF8DA
:1045F000047B704780B483B000AF786039603B685B
:104600004FF400525A60002318460C37BD465DF83F
:10461000047B704780B483B000AF786001231846F4
:104620000C37BD465DF8047B704780B485B000AFA1
:10463000F860B9607A60002318461437BD465DF80B
:10464000047B704780B487B000AF7860144A154B84
:10465000D31A7B617B693B61134B1B68002B02D132
:10466000114B124A1A60104B1A687B6813443A695E
:104670009A4205D20E4B0C221A604FF0FF3309E02C
:10468000094B1B68FB60084B1A687B681344064A99
:104690001360FB6818461C37BD465DF8047B704705
:1046A0000000082400040000BC2C0024A0600024AA
:1046B0009460002480B400AF374BD3F88830364A7A
:1046C00043F47003C2F88830344B1B6803F00F03C7
:1046D000062B07D8314B1B6823F00F032F4A43F0FA
:1046E000070313602E4B1B682D4A43F00103136030
:1046F0002B4B00221A612A4B1A682949294B134077
:104700000B60264B1B6803F00803002B07D0234BDC
:104710001B6823F00F03214A43F007031360204B6B
:1047200000229A611E4B0022DA611D4B00221A62A0
:104730001B4B1D4A9A621A4B1C4ADA62184B1C4AE0
:104740001A63174B00225A63154B194A9A63144B8C
:104750000022DA63124B164A1A64114B00225A6483
:104760000F4B1B680E4A23F4802313600C4B00226E
:104770001A66104B1A68104B1340B3F1005F02D257
:104780000E4B01221A600E4B43F2D2021A6000BF98
:10479000BD465DF8047B704700ED00E0002000524C
:1047A000004402587FEDF6EA000202020000FF0119
:1047B000800201010010005C0000FFFF0881005131
:1047C0000040005280B582B000AF0CF02BF9786049
:1047D0000A220E4978680BF07FF80346FB7097F9C0
:1047E0000330002B09D1FF2178680BF02DF9786098
:1047F000074978680CF096F903E07968012009F020
:1048000051FC00BF0837BD4680BD00BFE42C00242A
:104810001548000890B587B000AFF860B96013463E
:10482000FB710121B8680BF00BFF0C2009F03AFA7C
:1048300038613B69002B2DD03B6901221A703B691E
:10484000BA685A603B6900225A703B6900229A603C
:104850003969B8680CF0EEF81449B8680CF0FCF847
:104860001349B8680CF03CF900221249B8680CF002
:1048700071F9114B1C68104B1B681846FBF73AFD89
:1048800003469AB201232146B8680FF00FF80023BF
:10489000FB7505E03969B86800F067F9FF23FB751F
:1048A00097F9173018461C37BD4690BDBD48000823
:1048B000F1490008154A00082800002480B588B096
:1048C00000AFF860B9607A60FB70FB68002B05D11F
:1048D000434BC8224349444813F09AFDFB68BB612F
:1048E0007B68002B16D1BB6903221A70BB699B68D9
:1048F000002B04D1B969B86800F037F907E03B49EB
:10490000B8680CF0CBF8B969B86800F0DBF80023A0
:10491000FB775FE097F90330002B0BD07B68002B0F
:1049200005D0BB6900229A6078680AF031FAFB78FA
:10493000FB774FE0BB691B78012B10D1BB690222CA
:104940001A70BB697A689A602849B8680CF0A6F8B2
:10495000B969B86800F030F90023FB773AE0BB6929
:104960001B78022B15D1BB699B68002B07D1BB6953
:104970007A689A60B969B86800F01EF906E0BB6908
:104980009B687B61796878690AF01AFB0023FB77E2
:1049900020E0BB691B78032B0ED17B681B8919466D
:1049A000B8680BF067F9BB6900229A6078680AF072
:1049B000EFF90023FB770DE07B681B891946B86887
:1049C0000BF058F9BB6900229A6078680AF0E0F9A8
:1049D0000023FB7797F91F3018462037BD4680BD6E
:1049E000B09C0108CC9C0108D89C0108754A0008BD
:1049F00080B584B000AF78600B46FB707B68FB60CD
:104A0000FB68002B02D0F86808F0E6FF00BF103703
:104A1000BD4680BD80B584B000AF786039607B68EA
:104A2000BB60BB68002B17D0BB689B68002B08D00D
:104A30000F4938680CF032F8B968386800F042F86D
:104A400007E0BB681B78032B03D1B968386800F016
:104A50008CF80023FB7304E038680AF031FFF3237D
:104A6000FB7397F90F3018461037BD4680BD00BF65
:104A7000754A000880B586B000AFF860B96013468B
:104A8000FB80FB687B617B6900225A707B699B68B5
:104A9000002B08D00A49B8680CF000F87969B868AA
:104AA00000F010F807E07B691B78032B03D17969CC
:104AB000B86800F05AF8002318461837BD4680BD84
:104AC000754A000880B586B000AF78603960002371
:104AD000FB7536E03B689B683B613B6959683B6905
:104AE0005A89012378680EF0E1FE0346FB7597F9B9
:104AF0001730002B1DD13B695B89FB813B691A682C
:104B00003B689A603B689B68002B04D03B689B68BD
:104B100018460AF0DDF938690AF03AF903467B7362
:104B20007B7B002BF7D0FB89194678680BF0A2F845
:104B300007E097F91730B3F1FF3F02D13B683A69BC
:104B40009A6097F91730002B0BD13B689B68002BBC
:104B500007D03B689B685A897B68B3F864309A42F7
:104B6000B8D900BF1837BD4680BD80B582B000AF50
:104B700078603960002178680BF05CFF002178686C
:104B80000BF08CFF002178680BF066FF002178683D
:104B90000BF0A6FF0022002178680BF0DBFF3B68DA
:104BA000002B02D0386808F017FF78680AF09EFDE5
:104BB00000BF0837BD4680BD90B5B7B000AF786084
:104BC00039600023C7F8D4303B681A78D7F8D4305E
:104BD0001A703B685A68D7F8D4305A603B689A68B4
:104BE000D7F8D4309A6007F1700364220021184688
:104BF00013F073FC07F10C0364220021184613F034
:104C00006CFC3B689B6859683B689B681B891A462B
:104C100007F17003184613F092FC07F10C0207F13C
:104C2000700311461846FCF777FE1E4B1A6807F111
:104C30000C031146184613F073FCD7F8D4309B6868
:104C400007F10C025A603B689B681A893B689B68B5
:104C50005B89D31A9CB207F10C031846FBF74AFB99
:104C600003469AB2D7F8D4309B68224492B21A8194
:104C700007F10C031846FBF73DFB0246D7F8D4308A
:104C80009B6892B25A81D7F8D4107868FFF71AFF60
:104C90003B689B6818460AF07BF800BFDC37BD46CE
:104CA00090BD00BF28000024DFF834D0FFF702FDDC
:104CB0000C480D490D4A002302E0D458C450043377
:104CC000C4188C42F9D30A4A0A4C002301E013604D
:104CD0000432A242FBD313F0A1FCFDF7D5FC7047D0
:104CE0000000082400000024B000002440EB01086C
:104CF000B00000249C600024FEE780B483B000AFC5
:104D0000786039607B68002B0BD03B68DB68002B38
:104D100007D03B689B68002B03D03B681B69002BC6
:104D200002D14FF0FF3314E03B681A687B689A6049
:104D30003B685A687B68DA603B68DA687B685A616E
:104D40003B689A687B681A613B681A697B689A615C
:104D5000002318460C37BD465DF8047B704780B5CC
:104D600086B000AF78600023FB600023BB600023A7
:104D70007B6100233B617B685B68002B7CD17B6897
:104D80009B68002B02D07B689B6898477B68202239
:104D90001A6000237B611CE07B685B6907F10802F5
:104DA0001221786998470346002B03DA6FF0040359
:104DB0003B610BE0BB6803F01F037A699A4205D19F
:104DC0007B687A691A6000233B6105E07B690133E7
:104DD0007B617B691F2BDFD97B681B681F2B02D986
:104DE0006FF002033B613B69002B45D17B681B6977
:104DF0007A6810684FF40042002198470346002B60
:104E000037DB7B685B697A68106807F1080200216C
:104E100098470346002B28DB7B689B69984703462D
:104E2000FB601CE07B689B69984703461A46FB6859
:104E3000D31AB3F5FA7F0ED87B685B697A6810687D
:104E400007F10802002198470346002B07DA6FF0AC
:104E500004033B6110E06FF001033B610CE0BB68B1
:104E600003F40043002BDDD106E06FF004033B6147
:104E700002E06FF003033B613B69002B12D17B68BA
:104E80009B6998470346FB6000BF7B689B69984716
:104E900003461A46FB68D31AB3F5FA6FF5D97B6857
:104EA00001225A603B6918461837BD4680BD80B55F
:104EB00084B000AF78600023FB607B685B697A6830
:104EC000106807F10C02012198470346002B02DA13
:104ED0006FF004036EE07B685B697A68106807F125
:104EE0000C02012198470346002B02DA6FF00403FD
:104EF00060E0FB6803F00403002B01D1012359E0BB
:104F00007B685B697A68106807F10C02002198479A
:104F10000346002B02DA6FF004034BE0FB6803F456
:104F20008053002B1BD1FB6803F40053002B06D0E9
:104F3000FB6803F48073002B01D002233AE0FB6886
:104F400003F40053002B01D0032333E0FB6803F488
:104F50008073002B01D004232CE005232AE07B681A
:104F60005B697A68106807F10C021F2198470346B5
:104F7000002B02DA6FF004031CE0FB6803F480539B
:104F8000002B01D1062315E0FB6803F01C03182B4E
:104F900001D102230EE0FB6803F01C03082B01D1B2
:104FA000032307E0FB6803F01C03142B01D1042347
:104FB00000E0052318461037BD4680BD80B582B09D
:104FC00000AF032000F047F903F072FB0246154BD7
:104FD0009B691B0A03F00F031349CB5C03F01F030B
:104FE00022FA03F37B600F4B9B6903F00F030E4A19
:104FF000D35C03F01F037A6822FA03F30B4A1360B1
:105000000B4A7B6813600F20FFF7D0F90346002B93
:1050100001D0012302E0FEF7F9FF0023184608370C
:10502000BD4680BD00440258E0C6010824000024AB
:105030002000002480B400AF064B1B781A46064BB4
:105040001B681344044A136000BFBD465DF8047B2F
:10505000704700BF30000024C02C002480B400AF93
:10506000034B1B681846BD465DF8047B704700BFC4
:10507000C02C002480B584B000AF7860FFF7EEFF4D
:10508000B8607B68FB60FB68B3F1FF3F05D00A4B5B
:105090001B781A46FB681344FB6000BFFFF7DEFF76
:1050A0000246BB68D31AFA689A42F7D800BF00BF1D
:1050B0001037BD4680BD00BF3000002480B400AF73
:1050C000034B1B681B0C1846BD465DF8047B7047FC
:1050D0000010005C80B483B000AF7860064B5B6862
:1050E00023F4600204497B6813434B6000BF0C3714
:1050F000BD465DF8047B70470004005880B485B05D
:1051000000AF78607B6803F00703FB600B4BDB6844
:10511000BB60BA684FF6FF031340BB60FB681A021E
:10512000BB681A43064B1343BB60044ABB68D36099
:1051300000BF1437BD465DF8047B704700ED00E00A
:105140000000FA0580B400AF044BDB681B0A03F0D3
:1051500007031846BD465DF8047B704700ED00E08C
:1051600080B483B000AF0346FB80B7F90630002B54
:105170000BDBFB8803F01F020749B7F906305B0918
:10518000012000FA02F241F8232000BF0C37BD468F
:105190005DF8047B704700BF00E100E080B483B09D
:1051A00000AF03463960FB80B7F90630002B0ADBFD
:1051B0003B68DAB20C49B7F906301201D2B20B449F
:1051C00083F800230AE03B68DAB20849FB8803F061
:1051D0000F03043B1201D2B20B441A7600BF0C3706
:1051E000BD465DF8047B704700E100E000ED00E0A3
:1051F00080B489B000AFF860B9607A60FB6803F0F2
:105200000703FB61FB69C3F10703042B28BF0423D9
:10521000BB61FB690433062B02D9FB69033B00E049
:1052200000237B614FF0FF32BB6902FA03F3DA43DC
:10523000BB681A407B699A404FF0FF317B6901FAE5
:1052400003F3D9437B680B40134318462437BD460C
:105250005DF8047B704780B582B000AF78607868F5
:10526000FFF74CFF00BF0837BD4680BD80B586B054
:1052700000AF0346B9607A60FB81FFF763FF786196
:105280007A68B9687869FFF7B3FF0246B7F90E305C
:1052900011461846FFF782FF00BF1837BD4680BD94
:1052A00080B582B000AF0346FB80B7F906301846E0
:1052B000FFF756FF00BF0837BD4680BD80B400AF82
:1052C000BFF35F8F00BF074B5B6A064A23F480334E
:1052D0005362054B00225A6000BFBD465DF8047B57
:1052E000704700BF00ED00E090ED00E080B483B0B7
:1052F00000AF78600B4A7B6843F0010353600A4BB0
:105300005B6A094A43F480335362BFF34F8F00BF97
:10531000BFF36F8F00BF00BF0C37BD465DF8047B45
:10532000704700BF90ED00E000ED00E080B483B076
:1053300000AF78607B685A781D4B9A607B681B7859
:10534000002B29D01A4A7B685B68D3607B681B7B83
:105350001A077B68DB7A1B061A437B689B7ADB049F
:105360001A437B685B7B9B041A437B689B7B5B04D3
:105370001A437B68DB7B1B041A437B685B7A1B0246
:105380001A437B681B7A5B0013437A6812781146D4
:10539000074A0B43136105E0054B0022DA60044B1A
:1053A00000221A6100BF0C37BD465DF8047B7047D0
:1053B00090ED00E080B584B000AF78607B68002B92
:1053C00001D10123C8E07B68DB6E002B02D1786835
:1053D00007F00AFD7B682322DA66614BD3F8F430CC
:1053E0005F4A43F00203C2F8F4305D4BD3F8F43067
:1053F00003F00203BB60BB687B681B7A002B03D100
:105400000020FFF767FE03E04FF40000FFF762FEA5
:105410007B681B6803F580531B687A68126843F049
:10542000010302F580521360FFF718FEF8600FE0E9
:10543000FFF714FE0246FB68D31AB3F5FA7F07D9CB
:105440007B6804225A677B68E022DA66012383E0E6
:105450007B681B6803F580531B6803F00103002B76
:10546000E6D1786801F0A2FA03F09CFA03463D4ABF
:10547000A2FB03239A0C7B681B68013AC3F8DC206B
:10548000786801F0F5F97B681B6803F58053D3F861
:10549000003123F4E0137A68126843F4002302F524
:1054A0008052C2F800317B685B6903F00303002B74
:1054B00007D07B6801225A677B68E022DA66012305
:1054C0004AE07B681B6803F58053D3F80821264B1C
:1054D00013407A68526951007A6812680B4302F5EA
:1054E0008052C2F80831786801F0B8FA786801F0A3
:1054F000FEFA7B685B6805331B781A027B685B6881
:1055000004331B7819467B681B680A43C3F80023E1
:105510007B685B6803331B781A067B685B68023321
:105520001B781B041A437B685B6801331B781B02E2
:105530001A437B685B681B7819467B681B680A43C3
:10554000C3F804237B6800225A677B681022DA665E
:105550007B6810221A67002318461037BD4680BDAD
:105560000044025883DE1B430180FFFF80B487B0F4
:1055700000AFF860B9607A603B60FA68BB681033CE
:105580009B0013445B687B617B68002B02D0BB6887
:10559000032B04D9FB6801225A67012321E07A68B2
:1055A0007B691A607A687B691A617B69DB6843F002
:1055B00080727B69DA603B68002B0BD03A687B69AC
:1055C0009A603A687B695A617B69DB6843F00072D4
:1055D0007B69DA607B69DB6843F000427B69DA60F3
:1055E000002318461C37BD465DF8047B704780B425
:1055F00083B000AF78607B68DB6E102B4ED17B6888
:105600002322DA667B681B681A687B681B6842F095
:1056100002021A607B681B681A687B681B6842F08C
:1056200001021A607B681B68D3F8002D7B681B6839
:1056300042F00102C3F8002D7B681B6803F580531C
:10564000D3F804317A68126843F0010302F58052FE
:10565000C2F804317B681B6803F58053D3F8083126
:105660007A68126843F0010302F58052C2F80831EB
:105670007B681B6803F58053D3F860317A68126841
:1056800043F4817302F58052C2F860317B681022C6
:10569000DA667B6822221A67002300E0012318469D
:1056A0000C37BD465DF8047B704780B483B000AF13
:1056B00078607B68DB6E002B40D07B682322DA6643
:1056C0007B681B6803F58053D3F804317A6812684D
:1056D00023F0010302F58052C2F804317B681B6895
:1056E00003F58053D3F808317A68126823F0010378
:1056F00002F58052C2F808317B681B681A687B6823
:105700001B6822F001021A607B681B68D3F8002D29
:105710007B681B6842F00102C3F8002D7B681B68A0
:105720001A687B681B6822F002021A607B681022EC
:10573000DA667B6810221A67002300E0012318460E
:105740000C37BD465DF8047B704780B586B000AF6E
:10575000F860B9607A60BB68002B07D1FB685B6FAB
:1057600043F00102FB685A67012376E0FB68DB6EB9
:10577000102B71D10022B968F86801F017FA0346BE
:10578000002B07D0FB685B6F43F00202FB685A678F
:10579000012362E0FB689A6AFB68063253F8223004
:1057A0007B61FB689B6A5A1CFB689A62FB689B6A78
:1057B000032B04D9FB689B6A1A1FFB689A62FB687B
:1057C000996AFB681A68FB68063153F8213002F5C4
:1057D0008052C2F82031FFF741FC386136E0FB68A7
:1057E0001B6803F58053D3F8603103F48053002B1A
:1057F00012D0FB685B6F43F00802FB685A67FB68D6
:105800001B6803F58053D3F86021FB689A67FB6837
:10581000E022DA66012320E07B68B3F1FF3F15D078
:10582000FFF71CFC02463B69D31A7A689A4202D3FE
:105830007B68002B0AD1FB685B6F43F00402FB68B6
:105840005A67FB68E022DA66012306E07B69DB68C1
:10585000002BC4DB002300E0012318461837BD46A7
:1058600080BD80B489B000AF78607B684433BB6092
:10587000BB681B69FB61BB68FA6953F82230BB61E6
:1058800000237B6100233B610023FB60BB689B69B5
:10589000002B6BD00023CEE07B6901337B61BB69B9
:1058A000DB6803F08053002B36D03B6901333B614A
:1058B0003B69012B01D1FB69FB60FB690133FB6193
:1058C000FB69032B02D9FB69043BFB61BB68FA69E6
:1058D00053F82230BB61BB69DB68002B11DBBB696D
:1058E000DB6803F08043002B0BD0BB680122DA6138
:1058F000FB690133FB61FB69032B02D9FB69043BA4
:10590000FB61BB68FA691A61BB68FA685A61BB68D7
:105910003A699A6101238EE0BB69DB6803F00053AA
:10592000002B12D0FB69FB6001233B61FB69013353
:10593000FB61FB69032B02D9FB69043BFB61BB687C
:10594000FA6953F82230BB6110E03B6901333B61D7
:10595000FB690133FB61FB69032B02D9FB69043B43
:10596000FB61BB68FA6953F82230BB61BB69DB6835
:10597000002B02DB7B69032B8ED93B69002B56D0B1
:10598000BB68FA691A61BB68FA685A61FB68FB6117
:10599000BB68FA6953F82230BB6100237B613BE0AE
:1059A000BB691A69BB691A60BB694FF08072DA6023
:1059B000BB695B69002B09D0BB695A69BB699A60F6
:1059C000BB69DB6843F00072BB69DA60BB69DB6806
:1059D00043F00042BB69DA60BB681B6A002B05D04C
:1059E000BB69DB6843F08042BB69DA603B69013B1D
:1059F0007A699A420DD2FB690133FB61FB69032B83
:105A000002D9FB69043BFB61BB68FA6953F8223099
:105A1000BB617B6901337B617A693B699A42BFD381
:105A20007B681A68BB6902F58052C2F82831BB68EE
:105A300000229A61002318462437BD465DF8047B96
:105A4000704780B58AB000AF786039607B684433B6
:105A50003B613B695B697B620023FB613B697A6A5E
:105A600053F82230BB613B687B617B69002B04D11A
:105A70007B6801225A6701237DE03B699B69002B0B
:105A80000FD17868FFF7EDFE0346002B01D101230B
:105A900071E03B695B697B623B697A6A53F822304B
:105AA000BB6100233B6231E0BB691B691A467B691D
:105AB0001A607B685A697B695A60BB695B69002B15
:105AC0000BD07B699B687B61BB695B691A467B690C
:105AD0001A607B685A697B695A60BB69DB68C3F3EB
:105AE0000E03FB617B6A01337B627B6A032B02D965
:105AF0007B6A043B7B623B697A6A53F82230BB6164
:105B00007B699B687B613B6A01333B623B699B69B4
:105B1000013B3A6A9A42C7D3BB69DB68C3F30E0202
:105B2000FB69D31AFB60BB691B691A467B691A6063
:105B30007B685B69FA689A4203D87B69FA685A60A5
:105B400018E0BB695B69002B12D07B685A697B69DE
:105B50005A607B699B687B61BB695B691A467B699C
:105B60001A607B685B69FA68D21A7B695A6001E047
:105B7000012300E0002318462837BD4680BD80B5CC
:105B800086B000AF786039607B6844333B613B6925
:105B90005B697B613B699B69002B07D17868FFF7E4
:105BA00060FE0346002B01D1012317E03B699A698F
:105BB0007B691344013B7B617B69032B02D97B69C1
:105BC000043B7B613B697A6953F82230FB60FB68D8
:105BD000DB68C3F30E023B681A60002318461837CF
:105BE000BD4680BD80B489B000AF78607B68443327
:105BF000FB60FB685B69FB61FB68FA6953F8223064
:105C0000BB61FB689B697B61FB689B69002B01D1D1
:105C1000012357E0FB68DB69002B02D07B6901336D
:105C20007B6100233B613BE0BB691A69BB691A6079
:105C3000BB694FF08072DA60BB695B69002B09D0E9
:105C4000BB695A69BB699A60BB69DB6843F0007243
:105C5000BB69DA60BB69DB6843F00042BB69DA60AC
:105C6000FB681B6A002B05D0BB69DB6843F08042F0
:105C7000BB69DA607B69013B3A699A420DD2FB69E4
:105C80000133FB61FB69032B02D9FB69043BFB6118
:105C9000FB68FA6953F82230BB613B6901333B6111
:105CA0003A697B699A42BFD37B681A68BB6902F57F
:105CB0008052C2F82831FB6800229A617B6800227A
:105CC0001A66002318462437BD465DF8047B7047EA
:105CD00080B582B000AF78607B681B6803F58053A5
:105CE000D3F8603103F04003402B15D17B681B686B
:105CF00003F58053D3F8343103F04003402B0BD12C
:105D0000786800F0E9F87B681B6803F580531A4651
:105D100048F24003C2F860317B681B6803F580538A
:105D2000D3F8603103F00103012B15D17B681B68A8
:105D300003F58053D3F8343103F00103012B0BD169
:105D4000786800F0BFF87B681B6803F580531A463B
:105D500048F20103C2F860317B681B6803F5805389
:105D6000D3F8603103F48043B3F5804F4ED17B68A4
:105D70001B6803F58053D3F8343103F48043B3F543
:105D8000804F43D17B685B6F43F008027B685A67A2
:105D90007B681B6803F58053D3F8603103F48053AC
:105DA000B3F5805F1CD17B681B6803F58053D3F883
:105DB000602141F2021313407A6893677B681B6885
:105DC00003F58053D3F834317A68126823F44043E2
:105DD00002F58052C2F834317B68E022DA6612E0C4
:105DE0007B681B6803F58053D3F8603103F4CD4220
:105DF0007B689A677B681B6803F580531A464FF4EB
:105E0000CD43C2F86031786800F070F87B681B6899
:105E1000D3F8B03003F4C043B3F5C04F0ED17B6864
:105E20001B68D3F8B8207B68DA677B68E022DA6603
:105E3000786800F065F87B680022DA677B681B6889
:105E4000D3F8B03003F01003102B0FD17B681B6820
:105E5000D3F8C03003F060027B68C3F88020786814
:105E600000F058F87B680022C3F880207B681B682C
:105E7000D3F8B03003F02003202B0FD17B681B68D0
:105E8000D3F8C03003F00F027B68C3F88420786831
:105E900000F04AF87B680022C3F88420084B9B6A14
:105EA00003F48003002B06D0054B4FF480029A6266
:105EB000786800F043F800BF0837BD4680BD00BFDA
:105EC0008000005880B483B000AF786000BF0C370A
:105ED000BD465DF8047B704780B483B000AF786046
:105EE00000BF0C37BD465DF8047B704780B483B0BB
:105EF00000AF786000BF0C37BD465DF8047B70478B
:105F000080B483B000AF786000BF0C37BD465DF849
:105F1000047B704780B483B000AF786000BF0C375B
:105F2000BD465DF8047B704780B483B000AF7860F5
:105F300000BF0C37BD465DF8047B704780B483B06A
:105F400000AF786000BF0C37BD465DF8047B70473A
:105F500080B586B000AFF860B9607A603B60FB68DE
:105F60001B68D3F8003203F00103002B01D001239A
:105F70003EE0FB681B68D3F800327B617B6923F04D
:105F80007872BB685B0513437B617B6923F4F8126D
:105F90007B681B0413437B617B6943F00C037B61CB
:105FA0007B6943F001037B61FB681B687A69C3F876
:105FB0000022FFF753F8386109E0FFF74FF8024677
:105FC0003B69D31AB3F57A7F01D9012310E0FB684E
:105FD0001B68D3F8003203F00103002BEDD1FB68FE
:105FE0001B68D3F804329BB21A463B681A60002340
:105FF00018461837BD4680BD80B586B000AFF86042
:10600000B9607A603B60FB681B68D3F8003203F02C
:106010000103002B01D001233CE0FB681B68D3F88F
:1060200000327B617B6923F07872BB685B051343A8
:106030007B617B6923F4F8127B681B0413437B614B
:106040007B6923F00C0343F004037B617B6943F01D
:1060500001037B613B689AB2104BC3F804220F4ADC
:106060007B69C2F80032FEF7F9FF386109E0FEF7FC
:10607000F5FF02463B69D31AB3F57A7F01D90123B4
:1060800008E0FB681B68D3F8003203F00103002B23
:10609000EDD1002318461837BD4680BD0080024070
:1060A00080B483B000AF786039603B68002B01D1C9
:1060B0000123C3E17B681B681B6803F00C023B688B
:1060C000DA627B681B681B6803F01003002B14BFA7
:1060D00001230023DBB21A463B6883F828207B6843
:1060E0001B681B6803F060023B685A627B681B6890
:1060F0001B6803F48073002B0CBF01230023DBB269
:106100001A463B6883F820207B681B681B6803F4F1
:106110000073002B14BF01230023DBB21A463B6837
:10612000DA777B681B681B6803F48063002B0CBF65
:1061300001230023DBB21A463B689A777B681B6811
:106140001B6803F40063002B14BF01230023DBB2A0
:106150001A463B685A777B681B681B6803F48053B8
:10616000002B14BF01230023DBB21A463B681A77C9
:106170007B681B681B6803F400523B689A617B686C
:106180001B681B6803F480423B685A617B681B688C
:106190001B6803F48033002B14BF01230023DBB200
:1061A0001A463B689A747B681B681B6803F40033CB
:1061B000002B0CBF01230023DBB21A463B685A7444
:1061C0007B681B681B6803F40023002B0CBF0123B2
:1061D0000023DBB21A463B681A747B681B681B6895
:1061E00003F48013002B14BF01230023DBB21A46F3
:1061F0003B68DA737B681B681B6803F40013002B91
:1062000014BF01230023DBB21A463B689A737B68F4
:106210001B681B6803F48003002B14BF01230023B9
:10622000DBB21A463B685A737B681B681B6803F431
:106230000003002B14BF01230023DBB21A463B6886
:106240001A737B681B681B6803F0E0623B689A6006
:106250007B681B681B6803F00063002B14BF0123DD
:106260000023DBB21A463B681A717B681B681B6807
:1062700003F0E0423B681A607B681B685B68C3F30D
:106280000D023B685A637B681B685B6803F48033CC
:10629000002B0CBF01230023DBB21A463B6883F8B6
:1062A00032207B681B685B6803F40033002B14BF4B
:1062B00001230023DBB21A463B6883F831207B6858
:1062C0001B685B6803F48023002B14BF01230023A9
:1062D000DBB21A463B6883F830207B681B685B683A
:1062E00003F08073002B14BF01230023DBB21A4696
:1062F0003B6883F838207B681B685B685B0E03F0A3
:106300001F023B68DA637B681B68DB6803F48073F9
:10631000002B14BF01230023DBB21A463B6883F82D
:1063200040207B681B68DB6803F00F023B685A64FF
:106330007B681B681B6F03F00203002B14BF012353
:106340000023DBB21A463B6883F854207B681B6845
:106350001B6F03F08003002B0CBF01230023DBB273
:106360001A463B6883F84C207B681B681B6F03F060
:1063700070023B681A657B681B681B6F1B0C9AB226
:106380003B689A647B681B68D3F8903003F0010384
:10639000002B14BF01230023DBB21A463B6883F8AD
:1063A00056207B681B68D3F8903003F00203002B63
:1063B00014BF01230023DBB21A463B6883F8552043
:1063C0007B681B68D3F8003D03F072023B689A6556
:1063D0007B681B68D3F8303D03F023023B68DA6525
:1063E0007B681B68D3F8303D03F00803002B14BF13
:1063F00001230023DBB21A463B6883F862207B68E6
:106400001B68D3F8303D03F01003002B14BF0123A9
:106410000023DBB21A463B6883F861207B681B6867
:10642000D3F8303D03F04003002B0CBF01230023C1
:10643000DBB21A463B6883F86020002318460C370D
:10644000BD465DF8047B704780B582B000AF7860D0
:1064500039603B68002B01D101230AE07B681B6F88
:10646000102B05D13968786800F060F8002300E04F
:10647000012318460837BD4680BD000080B584B0B2
:1064800000AF78607B681B68D3F80032FB60FB6864
:1064900023F47063FB6002F085FAB860BB681E4AA3
:1064A000934208D9BB681D4A934204D8FB6843F461
:1064B0000073FB6027E0BB68184A934208D9BB68A9
:1064C000174A934204D2FB6843F44073FB601AE01E
:1064D000BB68134A934203D3BB68124A934211D953
:1064E000BB68104A934208D9BB680F4A934204D84C
:1064F000FB6843F48073FB6005E0FB6843F4806352
:10650000FB6000E000BF7B681B68FA68C3F80022EC
:1065100000BF1037BD4680BDFF2C3101BF0E1602F3
:1065200000879303FFE0F5057FD1F00880B485B0C4
:1065300000AF786039603B689A683B681B681A4313
:106540003B681B79DB061A433B681B7BDB051A4360
:106550003B685B7B9B051A433B689B7B5B051A434F
:106560003B68DB7B1B0513433A68127C002A02D18F
:106570004FF4002200E0002213433A68527C002AC4
:1065800002D14FF4003200E000221A433B689B7CAA
:106590001B041A433B685B691A433B689B691A43B7
:1065A0003B681B7F1B031A433B685B7FDB02134383
:1065B0003A68927F002A02D14FF4806200E0002204
:1065C0001A433B68DB7F5B0213433A6892F8202052
:1065D000002A02D14FF4807200E000221A433B6887
:1065E0005B6A1A433B6893F828301B011A433B68E7
:1065F000DB6A1343FB607B681B681A68564B1340C9
:106600007A681268F9680B4313603B68DB6B5A06C3
:106610003B6893F838301B061A433B6893F83030D8
:106620009B041A433B6893F831305B0413433A6888
:1066300092F83220002A02D14FF4803200E000228A
:106640001A433B685B6B1343FB607B681B685A68AB
:10665000424B13407A681268F9680B4353603B68F9
:1066600093F840301A023B685B6C1343FB607B6815
:106670001B68DA683A4B13407A681268F9680B4372
:10668000D3603B6893F854305A003B681B6D13434A
:106690003A6892F84C20002A01D1802200E00022C2
:1066A0001A433B689B6C1B041343FB607B681B68AD
:1066B0001A6F4FF60D7313407A681268F9680B432E
:1066C00013673B6893F856301A463B6893F8553089
:1066D0005B001343FB607B681B68D3F8903023F0AA
:1066E00003017B681B68FA680A43C3F890207B6843
:1066F0001B68D3F8003D23F072013B689A6D7B68FC
:106700001B680A43C3F8002D3B68DB6D3A6892F8BA
:106710006020002A01D1402200E000221A433B6899
:1067200093F861301B011A433B6893F86230DB0039
:106730001343FB607B681B68D3F8303D23F07B017B
:106740007B681B68FA680A43C3F8302D00BF143712
:10675000BD465DF8047B7047838004000080F8C06C
:10676000F0FEFFFF80B485B000AF786039607B68D1
:106770001B6803F580531A68384B13403A68116858
:106780007A6812680B4302F5805213603B681B79EC
:106790001A033B689B681A433B681B7BDB0313436C
:1067A000FB607B681B6803F580535A682C4B1340D1
:1067B0007A681268F9680B4302F5805253603B68AF
:1067C0005B7B1A043B681B6A1343FB607B681B6896
:1067D00003F58053D3F80021224B13407A681268E6
:1067E000F9680B4302F58052C2F800313B681A6920
:1067F0003B681B7D1B011A433B685B7F1B031343F4
:10680000FB607B681B6803F58053D3F80421164BAB
:1068100013407A681268F9680B4302F58052C2F897
:1068200004313B681B7FDA073B689B691343FB60BD
:106830007B681B6803F58053D3F808210B4B13408A
:106840007A681268F9680B4302F58052C2F8083181
:1068500000BF1437BD465DF8047B7047FD87FFFF1E
:10686000FE2FFFFF00C0FEFFEFEFC0FFFFFFC07F66
:1068700080B5A4B000AF7860012387F83B300023D7
:106880003B65002387F84930002387F84B3001230C
:1068900087F83030012387F85E30012387F83A30DB
:1068A000002387F85430012387F88C304FF40053CD
:1068B0007B64002387F864300023BB66002387F8DD
:1068C0008D30002387F88E304FF4C3633B6600237E
:1068D00087F8383000237B63012387F83D3000239D
:1068E00087F83E30002387F848300023FB670023F9
:1068F0007B670023BB65002387F86C30002387F893
:106900008230012387F84A302023C7F888300123DA
:1069100087F84C30002387F85D304FF04053FB621E
:106920004FF480433B64002387F839300223C7F8D3
:106930008430002387F88030002387F881300023DB
:1069400087F85C30012387F83C3000233B67012344
:1069500087F8783007F12C0319467868FFF7E6FDD1
:1069600001233B7301233B610023BB60002387F8B5
:10697000243000237B7500233B754FF400133B62EA
:1069800000233B774FF40013BB61002387F82530C9
:106990004FF40673BB6207F1080319467868FFF7E6
:1069A000E1FE00BF9037BD4680BD000080B584B0D9
:1069B00000AF78607B681B68D3F80032FB60FB682F
:1069C00023F47063FB6001F0EDFFB860BB681E4A02
:1069D000934208D9BB681D4A934204D8FB6843F42C
:1069E0000073FB6027E0BB68184A934208D9BB6874
:1069F000174A934204D2FB6843F44073FB601AE0E9
:106A0000BB68134A934203D3BB68124A934211D91D
:106A1000BB68104A934208D9BB680F4A934204D816
:106A2000FB6843F48073FB6005E0FB6843F480631C
:106A3000FB6000E000BF7B681B68FA68C3F80022B7
:106A400000BF1037BD4680BDFF2C3101BF0E1602BE
:106A500000879303FFE0F5057FD1F00880B485B08F
:106A600000AF78600023FB601DE07B68D968FA689E
:106A700013465B001344DB000B44BB60BB68002281
:106A80001A60BB6800225A60BB6800229A60BB682B
:106A90000022DA60B9687B68FA68063243F822108F
:106AA000FB680133FB60FB68032BDED97B680022A7
:106AB0009A627B681B6803F580531A460323C2F869
:106AC0002C317B68DA687B681B6803F58053C3F858
:106AD00014217B68DA687B681B6803F58053C3F870
:106AE000202100BF1437BD465DF8047B704780B499
:106AF00085B000AF78600023FB6024E07B681969F3
:106B0000FA6813465B001344DB000B44BB60BB68B0
:106B100000221A60BB6800225A60BB6800229A609B
:106B2000BB680022DA60BB6800221A61BB680022E1
:106B30005A61BA687968FB6810339B000B445A604D
:106B4000FB680133FB60FB68032BD7D97B6800220D
:106B50005A657B6800229A657B680022DA657B684B
:106B600000225A667B6800221A667B681B6803F560
:106B700080531A460323C2F830317B681A697B6858
:106B80001B6803F58053C3F81C217B681B6903F164
:106B900048027B681B6803F58053C3F8282100BFB7
:106BA0001437BD465DF8047B7047000080B48DB09B
:106BB00000AFF860B9607A60FB6818337B617B696D
:106BC0001B69FB627B691B693B610023BB627B69BC
:106BD000FA6A53F822303B62BB689B68FB61002372
:106BE000BB613B6ADB6803F00043B3F1004F07D0A1
:106BF0007A69FB6A04339B0013445B68002B01D065
:106C000002234AE2BB681B6803F00403002B44D054
:106C10003B6ADA68724B1340BA68526A1A433B6A9D
:106C2000DA603B6ADB6843F480323B6ADA60FB6817
:106C30001B681A6EFB681B6842F480121A66BB68F8
:106C40001B6803F00803002B27D03B6A9B689AB2AD
:106C5000BB68DB6A1B041A433B6A9A603B6ADB68C9
:106C600043F400323B6ADA603B6ADB6823F440227B
:106C7000BB681B6B1A433B6ADA60FB681B685A6E81
:106C8000FB681B6842F480125A66FB681B681A6D29
:106C9000FB681B6842F080621A65BB681B6803F0E2
:106CA0001003002B0ED03B6A9A684E4B1340BA6813
:106CB00092691A433B6A9A603B6ADB6843F08062E0
:106CC0003B6ADA60BB681B6803F00403002B05D144
:106CD000BB681B6803F01003002B30D03B6ADB68F5
:106CE00043F080423B6ADA603B6ADB6843F0004273
:106CF0003B6ADA60FB6A0133FB62FB6A032B02D951
:106D0000FB6A043BFB627B69FA6A53F822303B6200
:106D1000BB6A0133BB623B6ADB6803F00043B3F13B
:106D2000004F0CD17B693A6953F822303B623B6AD1
:106D3000DB6823F000423B6ADA600223ADE1BB6A04
:106D40000133BB62FB691B681A463B6A1A603B6AE7
:106D50009A68244B1340FA6952681A433B6A9A6056
:106D6000FB699B68002B12D0FB699B68FB61FB6988
:106D70001B681A463B6A5A603B6A9A681A4B134072
:106D8000FA69526812041A433B6A9A6008E03B6A47
:106D900000225A603B6A9A68134B13403A6A936028
:106DA000BB681B6803F01003002B21D03B6ADB6833
:106DB00023F4F002BB681B6ADB041A433B6ADA6007
:106DC0003B6ADA68094B1340BA68D2691A433B6AD6
:106DD000DA603B6ADB6843F480223B6ADA602EE0CB
:106DE0000000FFFF00C0FFFFFFFF00C00000FCFF2E
:106DF0003B6ADA68934B1340BA6852681A433B6A9D
:106E0000DA60BB681B6803F00103002B08D03B6A03
:106E1000DB6823F44032BB685B691A433B6ADA6083
:106E2000BB681B6803F02003002B08D03B6ADB68BB
:106E300023F04062BB681B691A433B6ADA60BB6897
:106E40001B6803F00403002B08D03B6A9B6823F403
:106E50004042BB689B6A1A433B6A9A603B6ADB68A4
:106E600043F000523B6ADA603B6ADB6823F0804201
:106E70003B6ADA603B6ADB6843F000423B6ADA60F7
:106E8000BB681B6803F00203002B00F0CB803B6A59
:106E9000DB6823F06072BB68DB681A433B6ADA6028
:106EA000C0E03B6ADB6823F080523B6ADA60FB6A31
:106EB0000133FB62FB6A032B02D9FB6A043BFB62D2
:106EC0007B69FA6A53F822303B623B6ADB6823F045
:106ED00000523B6ADA603B6ADB6803F00043B3F1BF
:106EE000004F07D07A69FB6A04339B0013445B6848
:106EF000002B26D03B69FB627B69FA6A53F822308B
:106F00003B6200237B6216E03B6ADB6823F00042B1
:106F10003B6ADA60FB6A0133FB62FB6A032B02D92E
:106F2000FB6A043BFB627B69FA6A53F822303B62DE
:106F30007B6A01337B627A6ABB6A9A42E4D302239A
:106F4000ABE0BB6A0133BB62FB699B68FB61FB6919
:106F50001B681A463B6A1A603B6A9A683A4B1340B0
:106F6000FA6952681A433B6A9A60FB699B68002B76
:106F700012D0FB699B68FB61FB691B681A463B6A80
:106F80005A603B6A9A68314B1340FA69526812049E
:106F90001A433B6A9A6008E03B6A00225A603B6AE7
:106FA0009A682A4B13403A6A9360BB681B6803F0E7
:106FB0001003002B0FD03B6ADA68254B1340BA68E8
:106FC000D2691A433B6ADA603B6ADB6843F4802289
:106FD0003B6ADA6017E03B6ADA681A4B1340BA681A
:106FE00052681A433B6ADA60BB681B6803F001030E
:106FF000002B08D03B6ADB6823F44032BB685B6936
:107000001A433B6ADA60BB690133BB613B6ADB68E8
:1070100043F000423B6ADA603B6ADB6823F080425F
:107020003B6ADA60FB699B68002B7FF43AAF7B68B0
:10703000002B0FD03B6A9B6843F000423B6A9A608A
:107040000EE000BF0080FFFF00C0FFFFFFFF00C099
:107050000000FCFF3B6A9B6823F000423B6A9A6099
:107060003B6ADB6843F080523B6ADA607B695A6AAC
:107070007969FB6A04339B000B445A607B69FA6AA6
:107080001A6172B600BF7B699A6ABB6913445A1CC5
:107090007B699A6262B600BF002318463437BD464A
:1070A0005DF8047B704700BF80B58AB000AFF86020
:1070B000B9607A60BB683B627B68FB610823FB7543
:1070C000404B1B7D012B01D1022376E03D4B012279
:1070D0001A75BB68B3F1006F06D3BB68B3F1016FDB
:1070E00002D20123BB610CE0BB68B3F1016F06D390
:1070F000BB68B3F1026F02D20223BB6101E001233E
:107100005BE0304B00229A61B9694CF2503000F0DC
:10711000C1F8034687F8273097F82730002B47D16E
:10712000BB69012B06D1284BDB68274A43F00203D9
:10713000D36007E0244BD3F80C31234A43F0020319
:10714000C2F80C31BFF36F8F00BFBFF34F8F00BF8A
:10715000FB691A683B6A1A603B6A04333B62FB694D
:107160000433FB61FB7D013BFB75FB7D002BEFD105
:10717000BFF36F8F00BFBFF34F8F00BFB9694CF2F1
:10718000503000F087F8034687F82730BB69012BA1
:1071900006D10D4BDB680C4A23F00203D36007E0F5
:1071A000094BD3F80C31084A23F00203C2F80C3122
:1071B000044B00221A7597F8273018462837BD4629
:1071C00080BD00BFC42C00240020005280B400AF5A
:1071D000184BDB6803F00103002B0DD0154B164A4A
:1071E0005A60144B154A5A60124BDB6803F00103D6
:1071F000002B01D0012318E00E4BD3F80C3103F023
:107200000103002B10D00B4B0B4AC3F80421094B90
:107210000A4AC3F80421074BD3F80C3103F00103E9
:10722000002B01D0012300E000231846BD465DF885
:10723000047B70470020005223016745AB89EFCDE6
:1072400080B400AF124BDB68114A43F00103D360F6
:107250000F4BDB6803F00103002B01D1012311E088
:107260000B4BD3F80C310A4A43F00103C2F80C313E
:10727000074BD3F80C3103F00103002B01D101239C
:1072800000E000231846BD465DF8047B704700BF50
:107290000020005280B586B000AF786039600423CA
:1072A0007B6100233B61FDF7D9FEF8603B68022B50
:1072B00013D1414B7B6110E07B68B3F1FF3F0CD0F1
:1072C000FDF7CCFE0246FB68D31A7A689A4202D3D5
:1072D0007B68002B01D103236AE07A69374B1340A6
:1072E0007A699A420AD1364B1A697B6913407A69E6
:1072F0009A420CBF01230023DBB20CE0304BD3F8E1
:107300001031DA437B69134023F00043002B0CBF9C
:1073100001230023DBB2002BCED13B68012B05D12A
:10732000274B1A69274B13403B6107E0244BD3F8E6
:107330001021244B134043F000433B613B6923F091
:107340000043002B17D0204B9A693B6913431E4A18
:1073500093613A69194B13403A699A4203D1184A2A
:107360003B69536105E0164A3B6923F00043C2F8CC
:10737000143101231CE03B68012B0BD1104B1B691E
:1073800003F48033B3F5803F11D10D4B4FF48032BD
:107390005A610CE00A4BD3F8103103F48033B3F593
:1073A000803F04D1064B4FF48032C3F814210023F0
:1073B00018461837BD4680BD040000800F00EF1F3F
:1073C000002000520000EE17C42C002480B584B0C9
:1073D00000AF786039600023FB735E4B1B7D012B8F
:1073E00001D10223B2E05B4B01221A75594B0022F6
:1073F0009A617B685B6803F00103002B09D00121CF
:107400004CF25030FFF746FF0346002B01D001231A
:10741000FB737B685B6803F00203002B09D0022139
:107420004CF25030FFF736FF0346002B01D001230A
:10743000FB73FB7B002B40F085807B681B68012B76
:1074400036D17B681A697B685B681946104600F084
:1074500087F87B685B6803F00103002B0FD00121E4
:107460004CF25030FFF716FF0346002B01D00123EA
:10747000FB73394BDB68384A23F00803D3607B6821
:107480005B6803F00203002B5CD002214CF2503009
:10749000FFF700FF0346002B01D00123FB732E4BA7
:1074A000D3F80C312C4A23F00803C2F80C3149E020
:1074B0003B684FF0FF321A607B689B68BB6039E025
:1074C0007B6859687B681B691A46B86800F0B2F897
:1074D0007B685B6803F00103002B0CD001214CF2A8
:1074E0005030FFF7D7FE0346FB731B4BDA681A498F
:1074F0001A4B1340CB607B685B6803F00203002BE0
:107500000ED002214CF25030FFF7C4FE0346FB734D
:10751000114BD3F80C211049104B1340C1F80C311A
:10752000FB7B002B03D03B68BA681A600AE0BB689B
:107530000133BB607B68DA687B689B681344BA6878
:107540009A42BDD3034B00221A75FB7B18461037B5
:10755000BD4680BDC42C002400200052FBF8FFFF74
:1075600080B483B000AF786039603B6803F00303F8
:10757000032B22D12E4BDB682D4A23F03003D3603E
:107580002B4BD3F80C312A4A23F03003C2F80C31CC
:10759000274BDA6826497B681343CB60244BD3F82A
:1075A0000C2123497B681343C1F80C31204B9B69A4
:1075B0001F4A43F01003936133E03B6803F001037B
:1075C000002B11D01A4BDB68194A23F03003D3602B
:1075D000174BDA6816497B681343CB60144BDB68A2
:1075E000134A43F08803D3603B6803F00203002B87
:1075F00017D00F4BD3F80C310D4A23F03003C2F8EB
:107600000C310B4BD3F80C2109497B681343C1F8AB
:107610000C31074BD3F80C31054A43F08803C2F80C
:107620000C3100BF0C37BD465DF8047B704700BFCE
:107630000020005280B485B000AFF860B9607A6075
:10764000BB6803F00103002B10D0184BDB68174A0E
:1076500023F4E663D360154BDA68FB6819027B6894
:107660000B431343114A43F08403D360BB6803F018
:107670000203002B14D00D4BD3F80C310B4A23F42A
:10768000E663C2F80C31094BD3F80C21FB681902F0
:107690007B680B431343054A43F08403C2F80C3163
:1076A00000BF1437BD465DF8047B704700200052D0
:1076B00080B489B000AF786039600023FB61894BEA
:1076C0007B6194E13B681A680121FB6901FA03F3CD
:1076D00013403B613B69002B00F086813B685B688F
:1076E00003F00303012B05D03B685B6803F0030341
:1076F000022B30D17B689B68BB61FB695B00032276
:1077000002FA03F3DB43BA691340BB613B68DA68F2
:10771000FB695B0002FA03F3BA691343BB617B6840
:10772000BA699A607B685B68BB610122FB6902FAF7
:1077300003F3DB43BA691340BB613B685B681B0919
:1077400003F00102FB6902FA03F3BA691343BB6158
:107750007B68BA695A603B685B6803F00303032BDC
:1077600017D07B68DB68BB61FB695B00032202FA10
:1077700003F3DB43BA691340BB613B689A68FB695A
:107780005B0002FA03F3BA691343BB617B68BA6911
:10779000DA603B685B6803F00303022B23D1FB69CB
:1077A000DA087B68083253F82230BB61FB6903F0CA
:1077B00007039B000F2202FA03F3DB43BA6913406D
:1077C000BB613B681A69FB6903F007039B0002FA7F
:1077D00003F3BA691343BB61FB69DA087B680832BB
:1077E000B96943F822107B681B68BB61FB695B00C9
:1077F000032202FA03F3DB43BA691340BB613B681F
:107800005B6803F00302FB695B0002FA03F3BA69E9
:107810001343BB617B68BA691A603B685B6803F419
:107820004033002B00F0E0802F4BD3F8F4302E4A89
:1078300043F00203C2F8F4302B4BD3F8F43003F0DA
:107840000203FB60FB68294AFB699B08023352F87C
:107850002330BB61FB6903F003039B000F2202FA94
:1078600003F3DB43BA691340BB617B68204A934250
:1078700052D07B681F4A934231D07B681E4A9342A4
:107880002BD07B681D4A934225D07B681C4A9342CB
:107890001FD07B681B4A934219D07B681A4A9342D7
:1078A00013D07B68194A93420DD07B68184A9342E3
:1078B00007D07B68174A934201D109232DE00A23A0
:1078C0002BE0082329E0072327E0062325E00523F2
:1078D00023E0042321E003231FE002231DE0012312
:1078E0001BE000BF8000005800440258000400580C
:1078F000000002580004025800080258000C025808
:10790000001002580014025800180258001C0258B7
:1079100000200258002402580023FA6902F00302F2
:1079200092009340BA691343BB613849FB699B08D5
:107930000233BA6941F823204FF0B0431B68BB61A2
:107940003B69DB43BA691340BB613B685B6803F486
:107950008013002B03D0BA693B691343BB614FF01E
:10796000B042BB6913604FF0B0435B68BB613B69D9
:10797000DB43BA691340BB613B685B6803F40013E7
:10798000002B03D0BA693B691343BB614FF0B0428F
:10799000BB6953607B695B68BB613B69DB43BA6968
:1079A0001340BB613B685B6803F40033002B03D0DA
:1079B000BA693B691343BB617B69BA695A607B69E9
:1079C0001B68BB613B69DB43BA691340BB613B6821
:1079D0005B6803F48033002B03D0BA693B6913431F
:1079E000BB617B69BA691A60FB690133FB613B6863
:1079F0001A68FB6922FA03F3002B7FF463AE00BF21
:107A000000BF2437BD465DF8047B70470004005872
:107A100080B485B000AF78600B467B807B681A69C4
:107A20007B881340002B02D00123FB7301E000236D
:107A3000FB73FB7B18461437BD465DF8047B70472B
:107A400080B483B000AF78600B467B8013467B70B8
:107A50007B78002B03D07A887B689A6103E07B886F
:107A60001A047B689A6100BF0C37BD465DF8047B41
:107A70007047000080B584B000AF7860194BDB68B8
:107A800003F00403042B0AD0164BDB6803F0070352
:107A90007A689A4201D001231FE000231DE0114BB8
:107AA000DB6823F007020F497B681343CB60FDF7C7
:107AB000D5FAF86009E0FDF7D1FA0246FB68D31A5F
:107AC000B3F57A7F01D9012307E0064B5B6803F425
:107AD0000053B3F5005FEED1002318461037BD46C2
:107AE00080BD00BF0048025880B58CB000AF786000
:107AF0007B68002B02D1012300F01DBC7B681B6852
:107B000003F00103002B00F08780994B1B6903F001
:107B10003803FB62964B9B6ABB62FB6A102B07D053
:107B2000FB6A182B10D1BB6A03F00303022B0BD1A5
:107B30008F4B1B6803F40033002B6CD07B685B68B1
:107B4000002B68D10123F6E37B685B68B3F5803FC7
:107B500006D1874B1B68864A43F4803313602EE0BE
:107B60007B685B68002B0CD1814B1B68804A23F437
:107B7000803313607E4B1B687D4A23F4802313609F
:107B80001DE07B685B68B3F5A02F0CD1784B1B68B8
:107B9000774A43F480231360754B1B68744A43F49F
:107BA000803313600BE0724B1B68714A23F48033FF
:107BB00013606F4B1B686E4A23F4802313607B684D
:107BC0005B68002B13D0FDF749FA786208E0FDF7F7
:107BD00045FA02467B6AD31A642B01D90323AAE330
:107BE000634B1B6803F40033002BF0D014E0FDF767
:107BF00035FA786208E0FDF731FA02467B6AD31A5B
:107C0000642B01D9032396E3594B1B6803F400331B
:107C1000002BF0D100E000BF7B681B6803F002037B
:107C2000002B00F0CB80524B1B6903F038033B6202
:107C30004F4B9B6AFB613B6A002B07D03B6A182BBA
:107C400056D1FB6903F00303002B51D1484B1B684D
:107C500003F00403002B05D07B68DB68002B01D107
:107C6000012368E3424B1B6823F019027B68DB6841
:107C70003F4913430B60FDF7F1F9786208E0FDF727
:107C8000EDF902467B6AD31A022B01D9032352E392
:107C9000374B1B6803F00403002BF0D0FDF70EFAFE
:107CA000034641F20302934217D87B681B69402BBD
:107CB00008D12F4B5B6823F47C332D4A43F4003307
:107CC00053607BE02A4B5B6823F47C327B681B6942
:107CD0001B03274913434B6070E0254B5B6823F07F
:107CE000FE427B681B691B06214913434B6065E01C
:107CF0007B68DB68002B48D01D4B1B6823F0190202
:107D00007B68DB681A4913430B60FDF7A7F97862BB
:107D100008E0FDF7A3F902467B6AD31A022B01D9CA
:107D2000032308E3124B1B6803F00403002BF0D07D
:107D3000FDF7C4F9034641F2030293421AD87B6867
:107D40001B69402B08D10A4B5B6823F47C33084A3B
:107D500043F40033536031E0054B5B6823F47C321D
:107D60007B681B691B03024913434B6026E000BF7D
:107D7000004402589A4B5B6823F0FE427B681B6903
:107D80001B06974913434B6018E0954B1B68944AB8
:107D900023F001031360FDF761F9786208E0FDF755
:107DA0005DF902467B6AD31A022B01D90323C2E292
:107DB0008B4B1B6803F00403002BF0D17B681B681E
:107DC00003F01003002B00F0A980854B1B6903F022
:107DD0003803BB61824B9B6A7B61BB69082B07D070
:107DE000BB69182B3AD17B6903F00303012B35D112
:107DF0007B4B1B6803F48073002B05D07B68DB6929
:107E0000802B01D0012396E2FDF758F9034641F299
:107E10000302934217D87B681B6A202B08D1704B52
:107E20005B6823F0F8436E4A43F08043536075E08B
:107E30006B4B5B6823F0F8427B681B6A9B066849C2
:107E400013434B606AE0664BDB6823F07C527B682F
:107E50001B6A1B0662491343CB605FE07B68DB69EA
:107E6000002B42D05E4B1B685D4A43F080031360D9
:107E7000FDF7F4F8786208E0FDF7F0F802467B6A57
:107E8000D31A022B01D9032355E2554B1B6803F487
:107E90008073002BF0D0FDF711F9034641F2030285
:107EA000934217D87B681B6A202B08D14C4B5B6828
:107EB00023F0F8434A4A43F0804353602EE0484B96
:107EC0005B6823F0F8427B681B6A9B0644491343B6
:107ED0004B6023E0424BDB6823F07C527B681B6ADB
:107EE0001B063F491343CB6018E03D4B1B683C4ADF
:107EF00023F080031360FDF7B1F8786208E0FDF726
:107F0000ADF802467B6AD31A022B01D9032312E291
:107F1000334B1B6803F48073002BF0D17B681B6824
:107F200003F00803002B36D07B685B69002B19D067
:107F30002B4B5B6F2A4A43F001035367FDF78EF822
:107F4000786208E0FDF78AF802467B6AD31A022BB2
:107F500001D90323EFE1224B5B6F03F00203002BF7
:107F6000F0D018E01E4B5B6F1D4A23F001035367EE
:107F7000FDF774F8786208E0FDF770F802467B6A56
:107F8000D31A022B01D90323D5E1154B5B6F03F004
:107F90000203002BF0D17B681B6803F02003002B49
:107FA00039D07B689B69002B1CD00D4B1B680C4A99
:107FB00043F480531360FDF751F8786208E0FDF751
:107FC0004DF802467B6AD31A022B01D90323B2E192
:107FD000034B1B6803F40053002BF0D01BE000BFE1
:107FE000004402589B4B1B689A4A23F48053136049
:107FF000FDF734F8786208E0FDF730F802467B6A56
:10800000D31A022B01D9032395E1924B1B6803F489
:108010000053002BF0D17B681B6803F00403002B96
:1080200000F081808C4B1B688B4A43F48073136093
:10803000FDF714F8786208E0FDF710F802467B6A55
:10804000D31A642B01D9032375E1834B1B6803F416
:108050008073002BF0D07B689B68012B06D17D4B91
:108060001B6F7C4A43F0010313672DE07B689B681C
:10807000002B0CD1774B1B6F764A23F0010313675B
:10808000744B1B6F734A23F0040313671CE07B6877
:108090009B68052B0CD16F4B1B6F6E4A43F004039A
:1080A00013676C4B1B6F6B4A43F0010313670BE0C4
:1080B000684B1B6F674A23F001031367654B1B6F07
:1080C000644A23F0040313677B689B68002B15D078
:1080D000FCF7C4FF78620AE0FCF7C0FF02467B6A47
:1080E000D31A41F28832934201D9032323E1594B39
:1080F0001B6F03F00203002BEED014E0FCF7AEFF81
:1081000078620AE0FCF7AAFF02467B6AD31A41F2C2
:108110008832934201D903230DE14E4B1B6F03F0CC
:108120000203002BEED17B685B6A002B00F002811A
:10813000484B1B6903F03803182B00F0BD807B68A7
:108140005B6A022B40F09E80424B1B68414A23F041
:1081500080731360FCF782FF786208E0FCF77EFF13
:1081600002467B6AD31A022B01D90323E3E0394B81
:108170001B6803F00073002BF0D1364B9A6A374B23
:1081800013407A68916A7A68D26A12010A433149C7
:1081900013438B627B681B6B013BC3F308027B6854
:1081A0005B6B013B5B029BB21A437B689B6B013BA1
:1081B0001B0403F4FE031A437B68DB6B013B1B06C5
:1081C00003F0FE43234913430B63224BDB6A214A2E
:1081D00023F00103D3621F4B5A6B214B13407A6883
:1081E000926CD2001B4913434B631A4BDB6A23F09A
:1081F0000C027B681B6C17491343CB62154BDB6A7F
:1082000023F002027B685B6C12491343CB62114B73
:10821000DB6A104A43F48033D3620E4BDB6A0D4AAB
:1082200043F40033D3620B4BDB6A0A4A43F48023E6
:10823000D362084BDB6A074A43F00103D362054B64
:108240001B68044A43F080731360FCF707FF7862F1
:1082500011E000BF00440258004802580CFCFFFF28
:108260000700FFFFFCF7FAFE02467B6AD31A022BD7
:1082700001D903235FE0324B1B6803F00073002B2E
:10828000F0D057E02E4B1B682D4A23F0807313600B
:10829000FCF7E4FE786208E0FCF7E0FE02467B6A49
:1082A000D31A022B01D9032345E0254B1B6803F0A9
:1082B0000073002BF0D13DE0214B9B6A3B61204BCA
:1082C0001B6BFB607B685B6A012B31D03B6903F061
:1082D00003027B689B6A9A422AD13B691B0903F01F
:1082E0003F027B68DB6A9A4222D1FB68C3F3080233
:1082F0007B681B6B013B9A421AD1FB685B0A03F057
:108300007F027B685B6B013B9A4211D1FB681B0CBF
:1083100003F07F027B689B6B013B9A4208D1FB68AC
:108320001B0E03F07F027B68DB6B013B9A4201D09E
:10833000012300E0002318463037BD4680BD00BF52
:108340000044025880B586B000AF786039607B6821
:10835000002B01D101239CE18A4B1B6803F00F0322
:108360003A689A4210D9874B1B6823F00F0285495F
:108370003B6813430B60834B1B6803F00F033A68A1
:108380009A4201D0012384E17B681B6803F0040357
:10839000002B10D07B681A697B4B9B6903F070033C
:1083A0009A4208D9784B9B6923F070027B681B695D
:1083B000754913438B617B681B6803F00803002B2E
:1083C00010D07B685A69704BDB6903F070039A42E6
:1083D00008D96D4BDB6923F070027B685B696A49E1
:1083E0001343CB617B681B6803F01003002B10D094
:1083F0007B689A69644BDB6903F4E0639A4208D9AD
:10840000614BDB6923F4E0627B689B695E4913433F
:10841000CB617B681B6803F02003002B10D07B68C6
:10842000DA69594B1B6A03F070039A4208D9564B1C
:108430001B6A23F070027B68DB69534913430B62AC
:108440007B681B6803F00203002B10D07B68DA689E
:108450004D4B9B6903F00F039A4208D94A4B9B6925
:1084600023F00F027B68DB68474913438B617B680D
:108470001B6803F00103002B55D0434B9B6923F489
:1084800070627B689B68404913438B617B685B68C3
:10849000022B07D13C4B1B6803F40033002B21D186
:1084A0000123F6E07B685B68032B07D1364B1B6822
:1084B00003F00073002B15D10123EAE07B685B68B1
:1084C000012B07D1304B1B6803F48073002B09D1BB
:1084D0000123DEE02C4B1B6803F00403002B01D1C9
:1084E0000123D6E0284B1B6923F007027B685B68F9
:1084F000254913430B61FCF7B1FD78610AE0FCF7F5
:10850000ADFD02467B69D31A41F28832934201D90C
:108510000323BEE01C4B1B6903F038027B685B68D9
:10852000DB009A42EBD17B681B6803F00203002B4F
:1085300010D07B68DA68144B9B6903F00F039A42F2
:1085400008D2114B9B6923F00F027B68DB680E4950
:1085500013438B610B4B1B6803F00F033A689A427D
:1085600014D2084B1B6823F00F0206493B681343E3
:108570000B60044B1B6803F00F033A689A4205D066
:10858000012386E000200052004402587B681B68EB
:1085900003F00403002B10D07B681A693F4B9B69E2
:1085A00003F070039A4208D23C4B9B6923F070029F
:1085B0007B681B69394913438B617B681B6803F037
:1085C0000803002B10D07B685A69344BDB6903F039
:1085D00070039A4208D2314BDB6923F070027B684A
:1085E0005B692E491343CB617B681B6803F0100362
:1085F000002B10D07B689A69284BDB6903F4E06399
:108600009A4208D2254BDB6923F4E0627B689B69C0
:1086100022491343CB617B681B6803F02003002BC6
:1086200010D07B68DA691D4B1B6A03F070039A4215
:1086300008D21A4B1B6A23F070027B68DB6917496A
:1086400013430B6200F034F80246144B9B691B0A7B
:1086500003F00F031249CB5C03F01F0322FA03F36C
:108660003B610E4B9B6903F00F030D4AD35C03F093
:108670001F033A6922FA03F30A4A13600A4A3B6964
:1086800013600A4B1B681846FBF790FE0346FB730A
:10869000FB7B18461837BD4680BD00BF004402581A
:1086A000E0C6010824000024200000242C0000243F
:1086B00080B489B000AFB34B1B6903F03803182BAB
:1086C00000F2558101A252F823F000BF3187000863
:1086D0006F8900086F8900086F8900086F8900089A
:1086E0006F8900086F8900086F89000857870008A4
:1086F0006F8900086F8900086F8900086F8900087A
:108700006F8900086F8900086F8900085D8700087D
:108710006F8900086F8900086F8900086F89000859
:108720006F8900086F8900086F8900086387000857
:10873000944B1B6803F02003002B09D0914B1B685E
:10874000DB0803F00303904A22FA03F3BB6111E153
:108750008D4BBB610EE18D4BBB610BE18C4BBB6163
:1087600008E1884B9B6A03F003037B61854B9B6A9E
:108770001B0903F03F033B61824BDB6A03F00103FB
:10878000FB60804B5B6BDB08C3F30C03FA6802FBF6
:1087900003F307EE903AF8EE677AC7ED027A3B6989
:1087A000002B00F0E1807B69022B00F083807B6965
:1087B000022B00F2A1807B69002B03D07B69012B87
:1087C00056D099E06F4B1B6803F02003002B2DD08F
:1087D0006C4B1B68DB0803F003036B4A22FA03F3BC
:1087E0007B607B6807EE903AF8EE676A3B6907EEBC
:1087F000903AF8EE677A86EEA77A624B1B6BC3F36A
:10880000080307EE903AF8EE676A97ED026ADFED2B
:10881000615AC6EE257A76EEA77AF7EE006A77EE11
:10882000A67A67EE277AC7ED077A87E03B6907EEFD
:10883000903AF8EE677ADFED586A86EEA77A514BE8
:108840001B6BC3F3080307EE903AF8EE676A97EDE7
:10885000026ADFED505AC6EE257A76EEA77AF7EE79
:10886000006A77EEA67A67EE277AC7ED077A65E0A9
:108870003B6907EE903AF8EE677ADFED486A86EEDC
:10888000A77A404B1B6BC3F3080307EE903AF8EE50
:10889000676A97ED026ADFED3F5AC6EE257A76EEFB
:1088A000A77AF7EE006A77EEA67A67EE277AC7ED29
:1088B000077A43E03B6907EE903AF8EE677ADFED1E
:1088C000386A86EEA77A2F4B1B6BC3F3080307EEBB
:1088D000903AF8EE676A97ED026ADFED2E5AC6EE1F
:1088E000257A76EEA77AF7EE006A77EEA67A67EE3B
:1088F000277AC7ED077A21E03B6907EE903AF8EE58
:10890000677ADFED266A86EEA77A1E4B1B6BC3F3F0
:10891000080307EE903AF8EE676A97ED026ADFED1A
:108920001D5AC6EE257A76EEA77AF7EE006A77EE44
:10893000A67A67EE277AC7ED077A00BF114B1B6B4B
:108940005B0A03F07F0301333B603B6807EE903A1C
:10895000B8EE677AD7ED076AC6EE877AFCEEE77A5B
:1089600017EE903ABB6105E00023BB6102E0074BC4
:10897000BB6100BFBB6918462437BD465DF8047B68
:10898000704700BF004402580090D00300093D002A
:1089900000127A00000000460024744C0024744A3F
:1089A0000024F44A80B582B000AFFFF781FE024692
:1089B000104B9B691B0A03F00F030F49CB5C03F0BC
:1089C0001F0322FA03F37B600A4B9B6903F00F033A
:1089D000094AD35C03F01F037A6822FA03F3074ABB
:1089E0001360074A7B681360044B1B6818460837FE
:1089F000BD4680BD00440258E0C6010824000024A2
:108A00002000002480B500AFFFF7CCFF0246064BE4
:108A1000DB691B0903F007030449CB5C03F01F0368
:108A200022FA03F3184680BD00440258E0C601084C
:108A300080B500AFFFF7B6FF0246064BDB691B0AA5
:108A400003F007030449CB5C03F01F0322FA03F38E
:108A5000184680BD00440258E0C6010880B483B0C7
:108A600000AF786039607B683F221A601A4B1B693F
:108A700003F007027B685A60174B9B6903F470622E
:108A80007B689A60144B9B6903F00F027B68DA6085
:108A9000114B9B6903F070027B681A610E4BDB6916
:108AA00003F070027B685A610B4BDB6903F4E062F0
:108AB0007B689A61084B1B6A03F070027B68DA617D
:108AC000064B1B6803F00F023B681A6000BF0C37AF
:108AD000BD465DF8047B70470044025800200052F8
:108AE00080B586B000AF78600023FB750023BB75AE
:108AF0007B681B6803F00063002B3FD07B685B6ED4
:108B0000B3F5401F2AD0B3F5401F24D8B3F5001F9A
:108B100018D0B3F5001F1ED8002B03D0B3F5801F6B
:108B200007D018E0A34BDB6AA24A43F40033D362B8
:108B300015E07B6804330221184601F0D5F903469D
:108B4000FB750CE07B6824330221184601F07EFAA5
:108B50000346FB7503E00123FB7500E000BFFB7DCE
:108B6000002B09D1934B1B6D23F440127B685B6E85
:108B7000904913430B6501E0FB7DBB757B681B6867
:108B800003F48073002B3DD07B685B6D042B26D8EB
:108B900001A252F823F000BFAD8B0008BB8B000888
:108BA000CD8B0008E58B0008E58B0008814BDB6A64
:108BB000804A43F40033D36215E07B68043300211C
:108BC000184601F091F90346FB750CE07B682433ED
:108BD0000021184601F03AFA0346FB7503E0012331
:108BE000FB7500E000BFFB7D002B09D1714B1B6DB5
:108BF00023F007027B685B6D6E4913430B6501E050
:108C0000FB7DBB757B681B6803F40073002B42D0AF
:108C10007B689B6DB3F5807F2BD0B3F5807F25D823
:108C2000C02B28D0C02B21D8802B16D0802B1DD84C
:108C3000002B02D0402B07D018E05E4BDB6A5D4A68
:108C400043F40033D36217E07B68043300211846F5
:108C500001F04AF90346FB750EE07B6824330021DE
:108C6000184601F0F3F90346FB7505E00123FB7597
:108C700002E000BF00E000BFFB7D002B09D14D4B9F
:108C80001B6D23F4E0727B689B6D4A4913430B65AF
:108C900001E0FB7DBB757B681B6803F48063002BE0
:108CA00049D07B68D3F8A430B3F5000F30D0B3F5CA
:108CB000000F2AD8B3F5C00F2CD0B3F5C00F24D8BD
:108CC000B3F5800F18D0B3F5800F1ED8002B03D05A
:108CD000B3F5001F07D018E0364BDB6A354A43F482
:108CE0000033D36217E07B6804330021184601F09B
:108CF000FBF80346FB750EE07B6824330021184621
:108D000001F0A4F90346FB7505E00123FB7502E0C1
:108D100000BF00E000BFFB7D002B0AD1254B9B6DFF
:108D200023F460027B68D3F8A430224913438B6597
:108D300001E0FB7DBB757B681B6803F40063002BBF
:108D40004BD07B68D3F8A830B3F1806F30D0B3F14B
:108D5000806F2AD8B3F1407F2ED0B3F1407F24D862
:108D6000B3F1007F18D0B3F1007F1ED8002B03D0E1
:108D7000B3F1807F07D018E00E4BDB6A0D4A43F455
:108D80000033D36219E07B6804330021184601F0F8
:108D9000ABF80346FB7510E07B68243300211846CE
:108DA00001F054F90346FB7507E00123FB7504E06D
:108DB00000BF02E00044025800BFFB7D002B0AD137
:108DC000994B9B6D23F0E0627B68D3F8A8309649FD
:108DD00013438B6501E0FB7DBB757B681B6803F06B
:108DE0000073002B32D07B689B6C302B1CD0302B57
:108DF00017D8202B0CD0202B13D8002B16D0102BDB
:108E00000FD1894BDB6A884A43F40033D3620EE00A
:108E10007B6804330221184601F066F80346FB75AF
:108E200005E00123FB7502E000BF00E000BFFB7D11
:108E3000002B09D17C4BDB6C23F030027B689B6CF0
:108E400079491343CB6401E0FB7DBB757B681B68EC
:108E500003F48053002B47D07B68DB6DB3F5804F64
:108E600030D0B3F5804F2AD8B3F5405F2CD0B3F59E
:108E7000405F24D8B3F5005F18D0B3F5005F1ED86B
:108E8000002B03D0B3F5805F07D018E0664BDB6A98
:108E9000654A43F40033D36217E07B680433002152
:108EA000184601F021F80346FB750EE07B68243379
:108EB0000021184601F0CAF80346FB7505E00123BE
:108EC000FB7502E000BF00E000BFFB7D002B09D175
:108ED000554B1B6D23F4E0427B68DB6D5249134315
:108EE0000B6501E0FB7DBB757B681B6803F40053D9
:108EF000002B49D07B681B6EB3F5A02F2ED0B3F5A5
:108F0000A02F28D8B3F5802F2AD0B3F5802F22D8F0
:108F1000B3F5403F26D0B3F5403F1CD8B3F5003F32
:108F200010D0B3F5003F16D8002B1DD0B3F5803F0D
:108F300011D17B6804330121184600F0D5FF0346A8
:108F4000FB7512E07B6824330121184601F07EF89E
:108F50000346FB7509E00123FB7506E000BF04E052
:108F600000BF02E000BF00E000BFFB7D002B09D185
:108F70002D4B1B6D23F4E0227B681B6E2A491343A3
:108F80000B6501E0FB7DBB757B681B6803F48043C8
:108F9000002B4DD07B68D3F8AC30B3F1A04F2ED06E
:108FA000B3F1A04F28D8B3F1804F2AD0B3F1804F4E
:108FB00022D8B3F1405F26D0B3F1405F1CD8B3F1A3
:108FC000005F10D0B3F1005F16D8002B1DD0B3F1B5
:108FD000805F11D17B6804330121184600F084FFC3
:108FE0000346FB7512E07B6824330121184601F02B
:108FF0002DF80346FB7509E00123FB7506E000BF71
:1090000004E000BF02E000BF00E000BFFB7D002BDA
:109010000CD1054B9B6D23F0E0427B68D3F8AC305C
:10902000014913438B6503E000440258FB7DBB7587
:109030007B681B6803F40043002B2FD07B68DB6E3A
:10904000B3F1005F0ED0B3F1005F14D8002B15D040
:10905000B3F1805F0FD1AF4BDB6AAE4A43F400330C
:10906000D3620CE07B6804330121184600F03CFF1A
:109070000346FB7503E00123FB7500E000BFFB7DA9
:10908000002B09D1A34B1B6D23F040527B68DB6E94
:10909000A04913430B6501E0FB7DBB757B681B6832
:1090A00003F08073002B32D07B685B6C032B1BD8E2
:1090B00001A252F823F000BFEF900008C990000809
:1090C000D7900008EF900008924BDB6A914A43F476
:1090D0000033D3620CE07B6804330221184600F0B1
:1090E00003FF0346FB7503E00123FB7500E000BFAF
:1090F000FB7D002B09D1874BDB6C23F003027B68DF
:109100005B6C84491343CB6401E0FB7DBB757B68DA
:109110001B6803F48003002B00F086807E4B1B68E5
:109120007D4A43F480731360FBF798FF386109E0D0
:10913000FBF794FF02463B69D31A642B02D9032341
:10914000FB7505E0744B1B6803F48073002BEFD0B4
:10915000FB7D002B66D16F4B1A6F7B68D3F8B03064
:10916000534003F44073002B13D06A4B1B6F23F45E
:109170004073FB60674B1B6F664A43F48033136791
:10918000644B1B6F634A23F480331367614AFB68A7
:1091900013677B68D3F8B030B3F5807F15D1FBF748
:1091A0005DFF38610BE0FBF759FF02463B69D31ABC
:1091B00041F28832934202D90323FB7505E0554BF7
:1091C0001B6F03F00203002BEDD0FB7D002B26D19B
:1091D0007B68D3F8B03003F44073B3F5407F0DD112
:1091E0004C4B1B6923F47C527B68D3F8B0301909CF
:1091F0004A4B0B40474913430B6105E0454B1B6944
:10920000444A23F47C531361424B1A6F7B68D3F8B2
:10921000B030C3F30B033F4913430B6704E0FB7DFE
:10922000BB7501E0FB7DBB757B681B6803F0010328
:10923000002B00F085807B689B6F282B66D801A2ED
:1092400052F823F0219300080D9300080D930008B5
:109250000D9300080D9300080D9300080D9300086E
:109260000D930008E99200080D9300080D93000883
:109270000D9300080D9300080D9300080D9300084E
:109280000D930008FB9200080D9300080D93000851
:109290000D9300080D9300080D9300080D9300082E
:1092A0000D930008219300080D9300080D9300080A
:1092B0000D9300080D9300080D9300080D9300080E
:1092C0000D930008219300080D9300080D930008EA
:1092D0000D9300080D9300080D9300080D930008EE
:1092E0000D930008219300087B6804330121184680
:1092F00000F0FAFD0346FB7513E07B68243301217F
:10930000184600F0A3FE0346FB750AE00123FB7537
:1093100007E000BF0044025800480258CFFFFF009A
:1093200000BFFB7D002B09D1964B5B6D23F038020B
:109330007B689B6F934913434B6501E0FB7DBB75D5
:109340007B681B6803F00203002B38D07B685B6FDF
:10935000052B21D801A252F823F000BF9F930008EB
:1093600075930008879300089F9300089F93000857
:109370009F9300087B6804330121184600F0B4FD78
:109380000346FB750CE07B6824330121184600F08E
:109390005DFE0346FB7503E00123FB7500E000BFA3
:1093A000FB7D002B09D1774B5B6D23F007027B68B7
:1093B0005B6F744913434B6501E0FB7DBB757B68B4
:1093C0001B6803F00403002B3AD07B68D3F890307D
:1093D000052B21D801A252F823F000BF1F940008EA
:1093E000F5930008079400081F9400081F940008D4
:1093F0001F9400087B6804330121184600F074FDB7
:109400000346FB750CE07B6824330121184600F00D
:109410001DFE0346FB7503E00123FB7500E000BF62
:10942000FB7D002B0AD1574B9B6D23F007027B6815
:10943000D3F89030534913438B6501E0FB7DBB7536
:109440007B681B6803F02003002B4BD07B68D3F8AC
:109450008C30B3F1A04F2ED0B3F1A04F28D8B3F188
:10946000804F2AD0B3F1804F22D8B3F1405F26D08D
:10947000B3F1405F1CD8B3F1005F10D0B3F1005FCF
:1094800016D8002B1DD0B3F1805F11D17B68043357
:109490000021184600F028FD0346FB7512E07B68AA
:1094A00024330221184600F0D1FD0346FB7509E084
:1094B0000123FB7506E000BF04E000BF02E000BF2F
:1094C00000E000BFFB7D002B0AD12E4B5B6D23F02B
:1094D000E0427B68D3F88C302A4913434B6501E0A6
:1094E000FB7DBB757B681B6803F04003002B4DD0F0
:1094F0007B68D3F89830B3F5A05F2ED0B3F5A05FAA
:1095000028D8B3F5805F2AD0B3F5805F22D8B3F5B1
:10951000406F26D0B3F5406F1CD8B3F5006F10D064
:10952000B3F5006F16D8002B1DD0B3F5806F11D1A5
:109530007B6804330021184600F0D6FC0346FB7517
:1095400012E07B6824330221184600F07FFD0346B9
:10955000FB7509E00123FB7506E000BF04E000BFD6
:1095600002E000BF00E000BFFB7D002B0CD1054BEB
:109570009B6D23F4E0527B68D3F898300149134384
:109580008B6503E000440258FB7DBB757B681B685C
:1095900003F08003002B4BD07B68D3F89C30B3F5ED
:1095A000204F2ED0B3F5204F28D8B3F5004F2AD046
:1095B000B3F5004F22D8B3F5C04F26D0B3F5C04F56
:1095C0001CD8B3F5804F10D0B3F5804F16D8002BC0
:1095D0001DD0B3F5005F11D17B680433002118461C
:1095E00000F082FC0346FB7512E07B682433022105
:1095F000184600F02BFD0346FB7509E00123FB75BF
:1096000006E000BF04E000BF02E000BF00E000BFD2
:10961000FB7D002B0AD19D4B9B6D23F460427B6840
:10962000D3F89C30994913438B6501E0FB7DBB75F2
:109630007B681B6803F00803002B1AD07B68D3F803
:109640008030B3F5805F0AD17B682433022118464D
:1096500000F0FCFC0346002B01D00123BB758B4BB3
:109660005B6D23F440527B68D3F880308749134305
:109670004B657B681B6803F01003002B1AD07B68D6
:10968000D3F89430B3F5807F0AD17B68243302216C
:10969000184600F0DBFC0346002B01D00123BB750C
:1096A0007A4B9B6D23F440727B68D3F894307749F2
:1096B00013438B657B681B6803F40023002B34D0B5
:1096C0007B68D3F8A030B3F5003F1DD0B3F5003F61
:1096D00017D8002B03D0B3F5803F09D011E07B6889
:1096E00004330021184600F0FFFB0346FB750CE035
:1096F0007B6824330221184600F0A8FC0346FB7562
:1097000003E00123FB7500E000BFFB7D002B0AD1C5
:109710005E4B9B6D23F440327B68D3F8A0305B49ED
:1097200013438B6501E0FB7DBB757B681B6803F40D
:109730008023002B33D07B68D3F88430B3F5401FEF
:109740001CD0B3F5401F16D8B3F5801F03D0B3F576
:10975000001F07D00FE04D4BDB6A4C4A43F4003347
:10976000D3620CE07B6824330121184600F06EFCC4
:109770000346FB7503E00123FB7500E000BFFB7DA2
:10978000002B0AD1414B5B6D23F440127B68D3F868
:1097900084303E4913434B6501E0FB7DBB757B681C
:1097A0001B6803F48033002B29D07B68DB6C002B13
:1097B00003D0B3F5803F07D00FE0344BDB6A334A68
:1097C00043F40033D3620BE07B6804330221184674
:1097D00000F08AFB0346FB7502E00123FB7500BF26
:1097E000FB7D002B09D1294BDB6C23F480327B6895
:1097F000DB6C26491343CB6401E0FB7DBB757B68C2
:109800001B6803F00053002B0AD07B68243302212D
:10981000184600F01BFC0346002B01D00123BB754A
:109820007B681B6803F40033002B33D07B68DB6F4D
:10983000B3F5407F17D0B3F5407F11D8B3F5007F63
:1098400013D0B3F5007F0BD8002B10D0B3F5807F79
:1098500006D10E4BDB6A0D4A43F40033D36207E0B6
:109860000123FB7504E000BF02E000BF00E000BF81
:10987000FB7D002B0CD1054B5B6D23F440727B68A4
:10988000DB6F024913434B6504E000BF00440258FC
:10989000FB7DBB757B681B6803F48013002B08D02D
:1098A000314B1B6D23F000427B681B6F2E49134325
:1098B0000B657B681B6803F08053002B09D02A4B93
:1098C0001B6923F480427B68D3F8B43026491343E4
:1098D0000B617B681B6803F40013002B08D0224B3C
:1098E0001B6D23F080727B689B6E1F4913430B65D1
:1098F0007B681B6803F08043002B0DD01A4B1B695B
:10990000194A23F400431361174B1A697B68D3F893
:10991000B830154913430B617B681B68002B08DACC
:10992000114BDB6C23F040527B681B6D0E491343D7
:10993000CB647B681B6803F40003002B09D00A4B3F
:109940005B6D23F440027B68D3F8883006491343EB
:109950004B65BB7D002B01D1002300E0012318469D
:109960001837BD4680BD00BF0044025880B500AF27
:10997000FFF718F80246064B1B6A1B0903F00703A2
:109980000449CB5C03F01F0322FA03F3184680BDA1
:1099900000440258E0C6010880B489B000AF786086
:1099A000A14B9B6A03F00303BB619F4B9B6A1B0B9C
:1099B00003F03F037B619C4BDB6A1B0903F001034F
:1099C0003B61994BDB6BDB08C3F30C033A6902FB89
:1099D00003F307EE903AF8EE677AC7ED037A7B69F6
:1099E000002B00F01181BB69022B00F08380BB6962
:1099F000022B00F2A180BB69002B03D0BB69012BB5
:109A000056D099E0884B1B6803F02003002B2DD023
:109A1000854B1B68DB0803F00303844A22FA03F337
:109A2000BB60BB6807EE903AF8EE676A7B6907EEA9
:109A3000903AF8EE677A86EEA77A7B4B9B6BC3F37E
:109A4000080307EE903AF8EE676A97ED036ADFEDD8
:109A5000785AC6EE257A76EEA77AF7EE006A77EEA8
:109A6000A67A67EE277AC7ED077A87E07B6907EE6B
:109A7000903AF8EE677ADFED6F6A86EEA77A6A4B66
:109A80009B6BC3F3080307EE903AF8EE676A97ED15
:109A9000036ADFED675AC6EE257A76EEA77AF7EE0F
:109AA000006A77EEA67A67EE277AC7ED077A65E057
:109AB0007B6907EE903AF8EE677ADFED5F6A86EE33
:109AC000A77A594B9B6BC3F3080307EE903AF8EE65
:109AD000676A97ED036ADFED565AC6EE257A76EE91
:109AE000A77AF7EE006A77EEA67A67EE277AC7EDD7
:109AF000077A43E07B6907EE903AF8EE677ADFED8C
:109B00004F6A86EEA77A484B9B6BC3F3080307EEB8
:109B1000903AF8EE676A97ED036ADFED455AC6EEB4
:109B2000257A76EEA77AF7EE006A77EEA67A67EEE8
:109B3000277AC7ED077A21E07B6907EE903AF8EEC5
:109B4000677ADFED3D6A86EEA77A374B9B6BC3F3EE
:109B5000080307EE903AF8EE676A97ED036ADFEDC7
:109B6000345AC6EE257A76EEA77AF7EE006A77EEDB
:109B7000A67A67EE277AC7ED077A00BF2A4B9B6B60
:109B80005B0A03F07F0307EE903AF8EE677AB7EED0
:109B9000007A37EE877AD7ED076AC6EE877AFCEE51
:109BA000E77A17EE902A7B681A601F4B9B6B1B0CA1
:109BB00003F07F0307EE903AF8EE677AB7EE007A8B
:109BC00037EE877AD7ED076AC6EE877AFCEEE77A3A
:109BD00017EE902A7B685A60134B9B6B1B0E03F0A9
:109BE0007F0307EE903AF8EE677AB7EE007A37EE29
:109BF000877AD7ED076AC6EE877AFCEEE77A17EE2A
:109C0000902A7B689A6008E07B6800221A607B6873
:109C100000225A607B6800229A6000BF2437BD464C
:109C20005DF8047B704700BF004402580090D003E9
:109C3000000000460024744C0024744A0024F44AB6
:109C400080B489B000AF7860A14B9B6A03F0030336
:109C5000BB619F4B9B6A1B0D03F03F037B619C4BD9
:109C6000DB6A1B0A03F001033B61994B5B6CDB0869
:109C7000C3F30C033A6902FB03F307EE903AF8EEE4
:109C8000677AC7ED037A7B69002B00F01181BB690D
:109C9000022B00F08380BB69022B00F2A180BB691C
:109CA000002B03D0BB69012B56D099E0884B1B6871
:109CB00003F02003002B2DD0854B1B68DB0803F03D
:109CC0000303844A22FA03F3BB60BB6807EE903AB1
:109CD000F8EE676A7B6907EE903AF8EE677A86EEEF
:109CE000A77A7B4B1B6CC3F3080307EE903AF8EEA0
:109CF000676A97ED036ADFED785AC6EE257A76EE4D
:109D0000A77AF7EE006A77EEA67A67EE277AC7EDB4
:109D1000077A87E07B6907EE903AF8EE677ADFED25
:109D20006F6A86EEA77A6A4B1B6CC3F3080307EED3
:109D3000903AF8EE676A97ED036ADFED675AC6EE70
:109D4000257A76EEA77AF7EE006A77EEA67A67EEC6
:109D5000277AC7ED077A65E07B6907EE903AF8EE5F
:109D6000677ADFED5F6A86EEA77A594B1B6CC3F307
:109D7000080307EE903AF8EE676A97ED036ADFEDA5
:109D8000565AC6EE257A76EEA77AF7EE006A77EE97
:109D9000A67A67EE277AC7ED077A43E07B6907EE7C
:109DA000903AF8EE677ADFED4F6A86EEA77A484B75
:109DB0001B6CC3F3080307EE903AF8EE676A97ED61
:109DC000036ADFED455AC6EE257A76EEA77AF7EEFE
:109DD000006A77EEA67A67EE277AC7ED077A21E068
:109DE0007B6907EE903AF8EE677ADFED3D6A86EE22
:109DF000A77A374B1B6CC3F3080307EE903AF8EED3
:109E0000676A97ED036ADFED345AC6EE257A76EE7F
:109E1000A77AF7EE006A77EEA67A67EE277AC7EDA3
:109E2000077A00BF2A4B1B6C5B0A03F07F0307EE27
:109E3000903AF8EE677AB7EE007A37EE877AD7ED88
:109E4000076AC6EE877AFCEEE77A17EE902A7B68FF
:109E50001A601F4B1B6C1B0C03F07F0307EE903A3C
:109E6000F8EE677AB7EE007A37EE877AD7ED076AB1
:109E7000C6EE877AFCEEE77A17EE902A7B685A6086
:109E8000134B1B6C1B0E03F07F0307EE903AF8EEAA
:109E9000677AB7EE007A37EE877AD7ED076AC6EEB3
:109EA000877AFCEEE77A17EE902A7B689A6008E0E2
:109EB0007B6800221A607B6800225A607B6800225F
:109EC0009A6000BF2437BD465DF8047B704700BF31
:109ED000004402580090D003000000460024744C57
:109EE0000024744A0024F44A80B584B000AF78603E
:109EF00039600023FB73534B9B6A03F00303032B6E
:109F000001D1012399E04F4B1B684E4A23F0806337
:109F10001360FBF7A3F8B86008E0FBF79FF8024670
:109F2000BB68D31A022B01D9032386E0454B1B687B
:109F300003F00063002BF0D1424B9B6A23F47C3288
:109F40007B681B681B033F4913438B627B685B681C
:109F5000013BC3F308027B689B68013B5B029BB239
:109F60001A437B68DB68013B1B0403F4FE031A43BE
:109F70007B681B69013B1B0603F0FE433149134319
:109F80008B63304BDB6A23F0C0027B685B692D4931
:109F90001343CB622B4BDB6A23F020027B689B6967
:109FA00028491343CB62274BDB6A264A23F0100370
:109FB000D362244BDA6B244B13407A68D269D20007
:109FC00020491343CB631F4BDB6A1E4A43F0100347
:109FD000D3623B68002B06D11A4BDB6A194A43F463
:109FE0000023D3620FE03B68012B06D1154BDB6ADF
:109FF000144A43F48013D36205E0124BDB6A114A22
:10A0000043F40013D3620F4B1B680E4A43F0806386
:10A010001360FBF723F8B86008E0FBF71FF802466F
:10A02000BB68D31A022B01D9032306E0054B1B683A
:10A0300003F00063002BF0D0FB7B18461037BD46C1
:10A0400080BD00BF004402580700FFFF80B584B008
:10A0500000AF786039600023FB73534B9B6A03F0B9
:10A060000303032B01D1012399E04F4B1B684E4A98
:10A0700023F080531360FAF7F1FFB86008E0FAF7B5
:10A08000EDFF0246BB68D31A022B01D9032386E0F9
:10A09000454B1B6803F00053002BF0D1424B9B6AE9
:10A0A00023F07C727B681B681B053F4913438B625E
:10A0B0007B685B68013BC3F308027B689B68013BDC
:10A0C0005B029BB21A437B68DB68013B1B0403F411
:10A0D000FE031A437B681B69013B1B0603F0FE432A
:10A0E000314913430B64304BDB6A23F440627B68D5
:10A0F0005B692D491343CB622B4BDB6A23F400725F
:10A100007B689B6928491343CB62274BDB6A264A4D
:10A1100023F48073D362244B5A6C244B13407A6827
:10A12000D269D200204913434B641F4BDB6A1E4A9D
:10A1300043F48073D3623B68002B06D11A4BDB6A71
:10A14000194A43F48003D3620FE03B68012B06D128
:10A15000154BDB6A144A43F40003D36205E0124B4B
:10A16000DB6A114A43F08073D3620F4B1B680E4ABF
:10A1700043F080531360FAF771FFB86008E0FAF714
:10A180006DFF0246BB68D31A022B01D9032306E0F8
:10A19000054B1B6803F00053002BF0D0FB7B1846E7
:10A1A0001037BD4680BD00BF004402580700FFFFC6
:10A1B00080B584B000AF78607B68002B01D10123AB
:10A1C000F1E07B6800229A627B681B68784A9342C0
:10A1D0000FD07B681B68774A93420AD07B681B6864
:10A1E000754A934205D07B68DB680F2B01D90123A8
:10A1F000D9E0786801F080F8F8607B681B686C4AE9
:10A2000093420CD07B681B686A4A934207D07B68F4
:10A210001B68694A934202D0FB68082B11D87B68FF
:10A220001B68634A934209D07B681B68614A93426A
:10A2300004D07B681B68604A934204D1FB68102BF2
:10A2400001D90123AFE07B6893F88130DBB2002BAA
:10A2500006D17B68002283F880207868F9F7F0FE49
:10A260007B68022283F881207B681B681A687B6800
:10A270001B6822F001021A607B681B689B6803F46C
:10A28000F813BB607B689B69B3F1806F19D17B6861
:10A290005B68B3F5800F03D17B689B6B002B08D004
:10A2A0007B685B68002B0CD17B689B6BB3F1805F94
:10A2B00007D17B681B681A687B681B6842F4805270
:10A2C0001A607B68DA697B689B6A1A43BB681A4329
:10A2D0007B68DB6B42EA03017B68DA687B681B689A
:10A2E0000A439A607B685A6B7B685B6A1A437B6897
:10A2F0009B6B1A437B689B691A437B681B691A43F3
:10A300007B685B691A437B681B6A1A437B685B68DE
:10A310001A437B68DB6C1A437B689B681A437B6833
:10A320009B6C42EA03017B689A6D7B681B680A4359
:10A33000DA607B685B68002B13D17B681B689B68C5
:10A3400023F4C0527B681B6842F400629A607B6809
:10A350001B689B6823F4C0627B681B6842F48062C0
:10A360009A607B681B681A6D7B681B6822F001028B
:10A370001A657B685B6803F48003002B0AD07B6856
:10A380001B68DB6823F000417B685A6D7B681B68A3
:10A390000A43DA607B680022C3F884207B680122CC
:10A3A00083F88120002318461037BD4680BD00BFCA
:10A3B0000030014000380040003C004080B58AB0C9
:10A3C00002AFF860B9603B601346FB80FB681B6816
:10A3D0002033FB610023FB76FB6893F88030012B70
:10A3E00001D10223D7E1FB68012283F88020FAF72C
:10A3F00035FE7861FB6893F88130DBB2012B07D022
:10A400000223FB76FB68002283F88020FB7EC2E1FA
:10A41000BB68002B02D0FB88002B07D10123FB7601
:10A42000FB68002283F88020FB7EB4E1FB680322F6
:10A4300083F88120FB680022C3F88420FB68BA6897
:10A44000DA65FB68FA88A3F86020FB68FA88A3F84D
:10A450006220FB6800225A66FB680022A3F868208D
:10A46000FB680022A3F86A20FB6800225A67FB6899
:10A4700000221A67FB689B68B3F5C02F07D1FB6801
:10A480001B681A68FB681B6842F400621A60FB686C
:10A490001B685A68964B1340F988FA6812680B4398
:10A4A0005360FB681B681A68FB681B6842F0010276
:10A4B0001A60FB685B68B3F5800F07D1FB681B6807
:10A4C0001A68FB681B6842F400721A60FB68DB685C
:10A4D0000F2B47D93FE0FB681B685B6903F0020361
:10A4E000022B14D1FB68DA6DFB681B6812681A62D4
:10A4F000FB68DB6D1A1DFB68DA65FB68B3F8623038
:10A500009BB2013B9AB2FB68A3F8622023E0FAF702
:10A51000A5FD02467B69D31A3A689A4203D83B6884
:10A52000B3F1FF3F02D13B68002B14D1F86800F073
:10A5300015FEFB68002283F88020FB68D3F8843086
:10A5400043F48072FB68C3F88420FB68012283F81F
:10A55000812003231FE1FB68B3F862309BB2002B1C
:10A56000B9D1F2E0FB68DB68072B40F2E7805DE0E1
:10A57000FB681B685B6903F00203022B32D1FB68A6
:10A58000B3F862309BB2012B18D9FB68DB6B002B50
:10A5900014D0FB68DA6DFB681B6812681A62FB68EE
:10A5A000DB6D1A1DFB68DA65FB68B3F862309BB29D
:10A5B000023B9AB2FB68A3F8622037E0FB68DB6DD0
:10A5C0001A88FB691A80FB68DB6D9A1CFB68DA65E8
:10A5D000FB68B3F862309BB2013B9AB2FB68A3F808
:10A5E000622023E0FAF73AFD02467B69D31A3A6803
:10A5F0009A4203D83B68B3F1FF3F02D13B68002B7E
:10A6000014D1F86800F0AAFDFB68002283F88020CE
:10A61000FB68D3F8843043F48072FB68C3F884206D
:10A62000FB68012283F881200323B4E0FB68B3F8C0
:10A6300062309BB2002B9BD187E0FB681B685B6993
:10A6400003F00203022B55D1FB68B3F862309BB2D2
:10A65000032B18D9FB68DB6B402B14D9FB68DA6D30
:10A66000FB681B6812681A62FB68DB6D1A1DFB68C9
:10A67000DA65FB68B3F862309BB2043B9AB2FB68C0
:10A68000A3F862205AE0FB68B3F862309BB2012B5A
:10A6900017D9FB68DB6B002B13D0FB68DB6D1A88C6
:10A6A000FB691A80FB68DB6D9A1CFB68DA65FB6846
:10A6B000B3F862309BB2023B9AB2FB68A3F8622007
:10A6C0003CE0FB68DA6DFB681B68203312781A7077
:10A6D000FB68DB6D5A1CFB68DA65FB68B3F8623017
:10A6E0009BB2013B9AB2FB68A3F8622026E000BF50
:10A6F0000000FFFFFAF7B2FC02467B69D31A3A6802
:10A700009A4203D83B68B3F1FF3F02D13B68002B6C
:10A7100014D1F86800F022FDFB68002283F8802045
:10A72000FB68D3F8843043F48072FB68C3F884205C
:10A73000FB68012283F8812003232CE0FB68B3F837
:10A7400062309BB2002B7FF478AF3B6800937B694B
:10A7500000220821F86800F0A1FD0346002B07D075
:10A76000FB68D3F8843043F02002FB68C3F88420F0
:10A77000F86800F0F3FCFB68002283F88020FB6897
:10A78000012283F88120FB68D3F88430002B01D0AC
:10A79000012300E0FB7E18462037BD4680BD00BF88
:10A7A00080B58AB002AFF860B9603B601346FB80A9
:10A7B0000023FB77FB681B683033BB61FB685B6879
:10A7C000B3F5800F12D1FB689B68002B0ED1FB689C
:10A7D000042283F88120FA883B6800931346BA6804
:10A7E000B968F86800F0CEF90346C7E1FB6893F852
:10A7F0008030012B01D10223C0E1FB68012283F8E4
:10A800008020FAF72BFC7861FB6893F88130DBB28B
:10A81000012B07D00223FB77FB68002283F88020FE
:10A82000FB7FABE1BB68002B02D0FB88002B07D17C
:10A830000123FB77FB68002283F88020FB7F9DE1EA
:10A84000FB68042283F88120FB680022C3F884207F
:10A85000FB68BA685A66FB68FA88A3F86820FB6848
:10A86000FA88A3F86A20FB680022DA65FB680022F8
:10A87000A3F86020FB680022A3F86220FB68002296
:10A880001A67FB6800225A67FB689B68B3F5C02F04
:10A8900007D1FB681B681A68FB681B6822F400621A
:10A8A0001A60FB681B685A68944B1340F988FA6871
:10A8B00012680B435360FB681B681A68FB681B68CF
:10A8C00042F001021A60FB685B68B3F5800F07D1A4
:10A8D000FB681B681A68FB681B6842F400721A6008
:10A8E000FB68DB680F2B48D940E0FB681B685A699E
:10A8F00048F208031340002B14D0FB681A68FB6869
:10A900005B6E126B1A60FB685B6E1A1DFB685A6601
:10A91000FB68B3F86A309BB2013B9AB2FB68A3F8BC
:10A920006A2023E0FAF79AFB02467B69D31A3A6859
:10A930009A4203D83B68B3F1FF3F02D13B68002B3A
:10A9400014D1F86800F00AFCFB68002283F880202C
:10A95000FB68D3F8843043F48072FB68C3F884202A
:10A96000FB68012283F88120032307E1FB68B3F829
:10A970006A309BB2002BB8D1EDE0FB68DB68072B97
:10A9800040F2E2805BE0FB681B685B6903F46043B4
:10A99000002B30D0FB681B685B6903F40043002B7D
:10A9A00014D0FB681A68FB685B6E126B1A60FB6858
:10A9B0005B6E1A1DFB685A66FB68B3F86A309BB27F
:10A9C000023B9AB2FB68A3F86A2038E0FB685B6E32
:10A9D000BA69128892B21A80FB685B6E9A1CFB6897
:10A9E0005A66FB68B3F86A309BB2013B9AB2FB68C7
:10A9F000A3F86A2023E0FAF731FB02467B69D31AF9
:10AA00003A689A4203D83B68B3F1FF3F02D13B68F2
:10AA1000002B14D1F86800F0A1FBFB68002283F83A
:10AA20008020FB68D3F8843043F48072FB68C3F85D
:10AA30008420FB68012283F8812003239EE0FB68C9
:10AA4000B3F86A309BB2002B9DD184E0FB681B6891
:10AA50005B6903F46043002B52D0FB681B685B69A1
:10AA600003F40043002B14D0FB681A68FB685B6E8C
:10AA7000126B1A60FB685B6E1A1DFB685A66FB68F6
:10AA8000B3F86A309BB2043B9AB2FB68A3F86A2021
:10AA90005AE0FB681B685B6903F4C043B3F5005FD1
:10AAA00014D9FB685B6EBA69128892B21A80FB688F
:10AAB0005B6E9A1CFB685A66FB68B3F86A309BB2FF
:10AAC000023B9AB2FB68A3F86A203DE0FB681B6872
:10AAD00003F13002FB685B6E1278D2B21A70FB6829
:10AAE0005B6E5A1CFB685A66FB68B3F86A309BB20F
:10AAF000013B9AB2FB68A3F86A2025E00000FFFF43
:10AB0000FAF7ACFA02467B69D31A3A689A4203D83C
:10AB10003B68B3F1FF3F02D13B68002B14D1F868CA
:10AB200000F01CFBFB68002283F88020FB68D3F850
:10AB3000843043F48072FB68C3F88420FB680122F0
:10AB400083F88120032319E0FB68B3F86A309BB2D5
:10AB5000002B7FF47BAFF86800F000FBFB6800225D
:10AB600083F88020FB68012283F88120FB68D3F8FA
:10AB70008430002B01D0012300E0FB7F18462037F2
:10AB8000BD4680BD80B58EB002AFF860B9607A6016
:10AB90007B80002387F82B30FB681B6820337B62A7
:10ABA000FB681B6830333B62FB6893F88030012BF5
:10ABB00001D10223CEE2FB68012283F88020FAF75C
:10ABC0004DFAF8617B88FB857B88BB85FB6893F831
:10ABD0008130FB76FB685B687B61FB7E012B14D0C8
:10ABE0007B69B3F5800F06D1FB689B68002B02D10F
:10ABF000FB7E042B09D0022387F82B30FB68002250
:10AC000083F8802097F82B30A4E2BB68002B05D096
:10AC10007B68002B02D07B88002B09D1012387F8A9
:10AC20002B30FB68002283F8802097F82B3091E2CC
:10AC3000FB6893F88130DBB2042B03D0FB6805225C
:10AC400083F88120FB680022C3F88420FB687A68BF
:10AC50005A66FB687A88A3F86A20FB687A88A3F8AA
:10AC60006820FB68BA68DA65FB687A88A3F8622016
:10AC7000FB687A88A3F86020FB6800221A67FB68EB
:10AC800000225A67FB681B685A68814B1340798819
:10AC9000FA6812680B435360FB681B681A68FB680C
:10ACA0001B6842F001021A60FB685B68B3F5800F15
:10ACB00007D1FB681B681A68FB681B6842F40072C6
:10ACC0001A60FB68DB680F2B70D968E0FB681B68B3
:10ACD0005B6903F00203022B1AD1FB8D002B17D006
:10ACE000FB68DA6DFB681B6812681A62FB68DB6D33
:10ACF0001A1DFB68DA65FB68B3F862309BB2013B52
:10AD00009AB2FB68A3F86220FB68B3F86230FB8557
:10AD1000FB681B685A6948F208031340002B1AD0DD
:10AD2000BB8D002B17D0FB681A68FB685B6E126B3B
:10AD30001A60FB685B6E1A1DFB685A66FB68B3F805
:10AD40006A309BB2013B9AB2FB68A3F86A20FB68A9
:10AD5000B3F86A30BB85FAF781F90246FB69D31A6A
:10AD6000BA6B9A4203D8BB6BB3F1FF3F02D1BB6B06
:10AD7000002B14D1F86800F0F1F9FB68002283F889
:10AD80008020FB68D3F8843043F48072FB68C3F8FA
:10AD90008420FB68012283F881200323DAE1FB8D04
:10ADA000002B93D1BB8D002B90D1ACE1FB68DB680D
:10ADB000072B40F2A081A9E0FB681B685B6903F0E8
:10ADC0000203022B39D1FB8D002B36D0FB8D012BDA
:10ADD0001CD9FB68DB6B002B18D0FB68DA6DFB68B5
:10ADE0001B6812681A62FB68DB6D1A1DFB68DA6566
:10ADF000FB68B3F862309BB2023B9AB2FB68A3F8DF
:10AE00006220FB68B3F86230FB8516E0FB68DB6DFF
:10AE10001A887B6A1A80FB68DB6D9A1CFB68DA650E
:10AE2000FB68B3F862309BB2013B9AB2FB68A3F8AF
:10AE30006220FB68B3F86230FB85FB681B685B69C6
:10AE400003F46043002B3DD0BB8D002B3AD0FB6850
:10AE50001B685B6903F40043002B1BD0FB681A6876
:10AE6000FB685B6E126B1A60FB685B6E1A1DFB68F9
:10AE70005A66FB68B3F86A309BB2023B9AB2FB6831
:10AE8000A3F86A20FB68B3F86A30BB851AE000BFFC
:10AE90000000FFFFFB685B6E3A6A128892B21A806C
:10AEA000FB685B6E9A1CFB685A66FB68B3F86A30F5
:10AEB0009BB2013B9AB2FB68A3F86A20FB68B3F827
:10AEC0006A30BB85FAF7CAF80246FB69D31ABA6B37
:10AED0009A4203D8BB6BB3F1FF3F02D1BB6B002B8F
:10AEE00014D1F86800F03AF9FB68002283F880205A
:10AEF000FB68D3F8843043F48072FB68C3F8842085
:10AF0000FB68012283F88120032323E1FB8D002BC2
:10AF10007FF452AFBB8D002B7FF44EAFF3E0FB68A4
:10AF20001B685B6903F00203022B5AD1FB8D002BD7
:10AF300057D0FB8D032B1CD9FB68DB6B402B18D93A
:10AF4000FB68DA6DFB681B6812681A62FB68DB6DD0
:10AF50001A1DFB68DA65FB68B3F862309BB2043BEC
:10AF60009AB2FB68A3F86220FB68B3F86230FB85F5
:10AF700037E0FB8D012B1BD9FB68DB6B002B17D057
:10AF8000FB68DB6D1A887B6A1A80FB68DB6D9A1C94
:10AF9000FB68DA65FB68B3F862309BB2023B9AB299
:10AFA000FB68A3F86220FB68B3F86230FB8518E009
:10AFB000FB68DA6DFB681B68203312781A70FB6837
:10AFC000DB6D5A1CFB68DA65FB68B3F862309BB234
:10AFD000013B9AB2FB68A3F86220FB68B3F86230C9
:10AFE000FB85FB681B685B6903F46043002B5ED044
:10AFF000BB8D002B5BD0FB681B685B6903F40043CF
:10B00000002B18D0FB681A68FB685B6E126B1A6025
:10B01000FB685B6E1A1DFB685A66FB68B3F86A3002
:10B020009BB2043B9AB2FB68A3F86A20FB68B3F8B2
:10B030006A30BB853BE0FB681B685B6903F4C04377
:10B04000B3F5005F18D9FB685B6E3A6A128892B25A
:10B050001A80FB685B6E9A1CFB685A66FB68B3F843
:10B060006A309BB2023B9AB2FB68A3F86A20FB6885
:10B07000B3F86A30BB851AE0FB681B6803F1300245
:10B08000FB685B6E1278D2B21A70FB685B6E5A1C5A
:10B09000FB685A66FB68B3F86A309BB2013B9AB210
:10B0A000FB68A3F86A20FB68B3F86A30BB85F9F740
:10B0B000D5FF0246FB69D31ABA6B9A4203D8BB6B21
:10B0C000B3F1FF3F02D1BB6B002B14D1F86800F045
:10B0D00045F8FB68002283F88020FB68D3F88430B1
:10B0E00043F48072FB68C3F88420FB68012283F874
:10B0F000812003232EE0FB8D002B7FF410AFBB8D4E
:10B10000002B7FF40CAFBB6B0093FB69002208217E
:10B11000F86800F0C3F80346002B07D0FB68D3F8AB
:10B12000843043F02002FB68C3F88420F86800F004
:10B1300015F8FB68002283F88020FB68012283F861
:10B140008120FB68D3F88430002B01D0012301E07B
:10B1500097F82B3018463037BD4680BD80B485B097
:10B1600000AF78607B681B685B69FB607B681B686D
:10B170009A697B681B6842F008029A617B681B68C9
:10B180009A697B681B6842F010029A617B681B68B1
:10B190001A687B681B6822F001021A607B681B68D2
:10B1A00019697B681A683C4B0B4013617B681B680C
:10B1B0009A687B681B6822F440429A607B6893F827
:10B1C0008130DBB2042B14D0FB6803F02003002B8A
:10B1D0000FD07B68D3F8843043F080027B68C3F8DB
:10B1E00084207B681B689A697B681B6842F0200298
:10B1F0009A617B6893F88130DBB2032B14D0FB6833
:10B2000003F04003002B0FD07B68D3F8843043F069
:10B2100004027B68C3F884207B681B689A697B689A
:10B220001B6842F040029A61FB6803F40073002B34
:10B230000FD07B68D3F8843043F001027B68C3F8F9
:10B2400084207B681B689A697B681B6842F40072E3
:10B250009A61FB6803F48073002B0FD07B68D3F8EE
:10B26000843043F008027B68C3F884207B681B6845
:10B270009A697B681B6842F480729A617B6800223D
:10B28000A3F862207B680022A3F86A2000BF14376D
:10B29000BD465DF8047B704790FCFFFF80B584B02D
:10B2A00000AFF860B9603B601346FB7110E0F9F73E
:10B2B000D5FE02463B68D31ABA699A4203D8BB69E5
:10B2C000B3F1FF3F02D1BB69002B01D103230FE093
:10B2D000FB681B685A69BB681340BA689A420CBF86
:10B2E00001230023DBB21A46FB799A42DFD0002308
:10B2F00018461037BD4680BD80B485B000AF786079
:10B300007B68DB6B5B090133FB607B68DB680133C7
:10B31000BB60BB680733DB08BB60BB68FA6802FB35
:10B3200003F318461437BD465DF8047B704780B5BB
:10B3300082B000AF78607B68002B01D1012349E027
:10B340007B6893F83D30DBB2002B06D17B6800228E
:10B3500083F83C207868F8F79BFF7B68022283F82B
:10B360003D207B681A687B6804331946104600F05C
:10B3700023FA7B68012283F848207B68012283F846
:10B380003E207B68012283F83F207B68012283F8FE
:10B3900040207B68012283F841207B68012283F8EA
:10B3A00042207B68012283F843207B68012283F8D6
:10B3B00044207B68012283F845207B68012283F8C2
:10B3C00046207B68012283F847207B68012283F8AE
:10B3D0003D20002318460837BD4680BD80B485B0A7
:10B3E00000AF78607B6893F83D30DBB2012B01D071
:10B3F000012354E07B68022283F83D207B681B68B0
:10B40000DA687B681B6842F00102DA607B681B68BF
:10B41000264A934222D07B681B68B3F1804F1DD02F
:10B420007B681B68224A934218D07B681B68214ABC
:10B43000934213D07B681B681F4A93420ED07B68EF
:10B440001B681E4A934209D07B681B681C4A9342C2
:10B4500004D07B681B681B4A934215D17B681B682C
:10B460009A68194B1340FB60FB68062B15D0FB68EC
:10B47000B3F5803F11D07B681B681A687B681B6836
:10B4800042F001021A6008E07B681B681A687B685A
:10B490001B6842F001021A6000E000BF002318465A
:10B4A0001437BD465DF8047B704700BF00000140C3
:10B4B0000004004000080040000C0040000401406F
:10B4C00000180040004001400700010080B483B034
:10B4D00000AF78607B681B68DA687B681B6822F0C5
:10B4E0000102DA607B681B681A6A41F2111313408B
:10B4F000002B0FD17B681B681A6A40F2444313404B
:10B50000002B07D17B681B681A687B681B6822F0D8
:10B5100001021A607B68012283F83D20002318464F
:10B520000C37BD465DF8047B704780B582B000AF34
:10B5300078607B681B681B6903F00203022B22D131
:10B540007B681B68DB6803F00203022B1BD17B685E
:10B550001B686FF002021A617B6801221A777B6810
:10B560001B689B6903F00303002B03D0786800F08D
:10B5700005F905E0786800F0F7F8786800F008F958
:10B580007B6800221A777B681B681B6903F0040341
:10B59000042B22D17B681B68DB6803F00403042BB7
:10B5A0001BD17B681B686FF004021A617B68022262
:10B5B0001A777B681B689B6903F44073002B03D0E8
:10B5C000786800F0DBF805E0786800F0CDF878687E
:10B5D00000F0DEF87B6800221A777B681B681B6925
:10B5E00003F00803082B22D17B681B68DB6803F09B
:10B5F0000803082B1BD17B681B686FF008021A61D7
:10B600007B6804221A777B681B68DB6903F00303FD
:10B61000002B03D0786800F0B1F805E0786800F0FE
:10B62000A3F8786800F0B4F87B6800221A777B688A
:10B630001B681B6903F01003102B22D17B681B6869
:10B64000DB6803F01003102B1BD17B681B686FF0C5
:10B6500010021A617B6808221A777B681B68DB6915
:10B6600003F44073002B03D0786800F087F805E0FE
:10B67000786800F079F8786800F08AF87B68002232
:10B680001A777B681B681B6903F00103012B0ED13D
:10B690007B681B68DB6803F00103012B07D17B6823
:10B6A0001B686FF001021A617868F7F7A9FF7B68E1
:10B6B0001B681B6903F08003802B0ED17B681B681D
:10B6C000DB6803F08003802B07D17B681B686FF079
:10B6D00080021A61786800F0A1F97B681B681B6919
:10B6E00003F48073B3F5807F0ED17B681B68DB6841
:10B6F00003F08003802B07D17B681B686FF4807296
:10B700001A61786800F094F97B681B681B6903F084
:10B710004003402B0ED17B681B68DB6803F04003BD
:10B72000402B07D17B681B686FF040021A61786874
:10B7300000F038F87B681B681B6903F02003202B9E
:10B740000ED17B681B68DB6803F02003202B07D138
:10B750007B681B686FF020021A61786800F054F96A
:10B7600000BF0837BD4680BD80B483B000AF7860AD
:10B7700000BF0C37BD465DF8047B704780B483B0D2
:10B7800000AF786000BF0C37BD465DF8047B7047A2
:10B7900080B483B000AF786000BF0C37BD465DF861
:10B7A000047B704780B483B000AF786000BF0C3773
:10B7B000BD465DF8047B704780B485B000AF78600B
:10B7C00039607B681B68FB607B68404A934213D0FA
:10B7D0007B68B3F1804F0FD07B683D4A93420BD01A
:10B7E0007B683C4A934207D07B683B4A934203D034
:10B7F0007B683A4A934208D1FB6823F07003FB60F0
:10B800003B685B68FA681343FB607B682F4A93428E
:10B810001FD07B68B3F1804F1BD07B682C4A9342CA
:10B8200017D07B682B4A934213D07B682A4A9342F5
:10B830000FD07B68294A93420BD07B68284A9342F9
:10B8400007D07B68274A934203D07B68264A9342FD
:10B8500008D1FB6823F44073FB603B68DB68FA683F
:10B860001343FB60FB6823F080023B685B69134372
:10B87000FB607B68FA681A603B689A687B68DA62EA
:10B880003B681A687B689A627B68104A93420FD0C3
:10B890007B68124A93420BD07B68114A934207D0CF
:10B8A0007B68104A934203D07B680F4A934203D1CE
:10B8B0003B681A697B681A637B6801225A6100BF82
:10B8C0001437BD465DF8047B704700BF000001409F
:10B8D0000004004000080040000C0040000401404B
:10B8E00000400140004401400048014080B485B060
:10B8F00000AF786039607B6893F83C30012B01D150
:10B9000002236DE07B68012283F83C207B680222E1
:10B9100083F83D207B681B685B68FB607B681B6865
:10B920009B68BB607B681B68304A934204D07B688D
:10B930001B682F4A934208D1FB6823F47003FB6015
:10B940003B685B68FA681343FB60FB6823F0700395
:10B95000FB603B681B68FA681343FB607B681B68ED
:10B96000FA685A607B681B68204A934222D07B6841
:10B970001B68B3F1804F1DD07B681B681D4A934242
:10B9800018D07B681B681C4A934213D07B681B68E5
:10B990001A4A93420ED07B681B68154A934209D01D
:10B9A0007B681B68164A934204D07B681B68154A63
:10B9B00093420CD1BB6823F08003BB603B689B685B
:10B9C000BA681343BB607B681B68BA689A607B687F
:10B9D000012283F83D207B68002283F83C2000236D
:10B9E00018461437BD465DF8047B704700000140DF
:10B9F000000401400004004000080040000C00402A
:10BA0000001800400040014080B483B000AF78606F
:10BA100000BF0C37BD465DF8047B704780B483B02F
:10BA200000AF786000BF0C37BD465DF8047B7047FF
:10BA300080B483B000AF786000BF0C37BD465DF8BE
:10BA4000047B704780B582B000AF78607B68002BC4
:10BA500001D1012342E07B68D3F88430002B06D16A
:10BA60007B68002283F880207868F8F739FC7B68CF
:10BA70002422C3F884207B681B681A687B681B68D3
:10BA800022F001021A60786800F02CF80346012BBE
:10BA900001D1012322E07B689B6A002B02D07868E9
:10BAA00000F088FD7B681B685A687B681B6822F47D
:10BAB00090425A607B681B689A687B681B6822F01A
:10BAC0002A029A607B681B681A687B681B6842F0D0
:10BAD00001021A60786800F00FFE03461846083726
:10BAE000BD4680BD2DE9B04F92B000AF7861002314
:10BAF00087F842307B699A687B691B691A437B69C6
:10BB00005B691A437B69DB6913437B647B691B6850
:10BB10001A68BE4B13407A691268796C0B43136044
:10BB20007B691B685B6823F440517B69DA687B6939
:10BB30001B680A435A607B699B697B647B691B684D
:10BB4000B34A934204D07B691B6A7A6C13437B64CB
:10BB50007B691B689A68AF4B13407A691268796CED
:10BB60000B4393607B691B68DB6A23F00F017B69E1
:10BB70005A6A7B691B680A43DA627B691B68A64ABA
:10BB8000934277D1A54B5B6D03F03803282B6DD81A
:10BB900001A252F823F000BF3DBC00086DBC0008B4
:10BBA0006DBC00086DBC00086DBC00086DBC0008D1
:10BBB0006DBC00086DBC000845BC00086DBC0008E9
:10BBC0006DBC00086DBC00086DBC00086DBC0008B1
:10BBD0006DBC00086DBC00084DBC00086DBC0008C1
:10BBE0006DBC00086DBC00086DBC00086DBC000891
:10BBF0006DBC00086DBC000855BC00086DBC000899
:10BC00006DBC00086DBC00086DBC00086DBC000870
:10BC10006DBC00086DBC00085DBC00086DBC000870
:10BC20006DBC00086DBC00086DBC00086DBC000850
:10BC30006DBC00086DBC000865BC0008012387F8D6
:10BC4000433022E2042387F843301EE2082387F8BA
:10BC500043301AE2102387F8433016E2202387F896
:10BC6000433012E2402387F843300EE2802387F806
:10BC700043300AE27B691B68694A934230D1674BC3
:10BC80005B6D03F00703052B26D801A252F823F0C1
:10BC9000A9BC0008B1BC0008B9BC0008C1BC0008C0
:10BCA000C9BC0008D1BC0008002387F84330ECE190
:10BCB000042387F84330E8E1082387F84330E4E1C0
:10BCC000102387F84330E0E1202387F84330DCE19C
:10BCD000402387F84330D8E1802387F84330D4E10C
:10BCE0007B691B684F4A934230D14C4B5B6D03F02C
:10BCF0000703052B26D801A252F823F015BD000832
:10BD00001DBD000825BD00082DBD000835BD00087B
:10BD10003DBD0008002387F84330B6E1042387F8CF
:10BD20004330B2E1082387F84330AEE1102387F8AF
:10BD30004330AAE1202387F84330A6E1402387F867
:10BD40004330A2E1802387F843309EE17B691B6882
:10BD5000354A934230D1314B5B6D03F00703052B1D
:10BD600026D801A252F823F081BD000889BD000841
:10BD700091BD000899BD0008A1BD0008A9BD00083B
:10BD8000002387F8433080E1042387F843307CE1C7
:10BD9000082387F8433078E1102387F8433074E1B3
:10BDA000202387F8433070E1402387F843306CE16B
:10BDB000802387F8433068E17B691B681B4A934204
:10BDC00042D1164B5B6D03F00703052B38D801A257
:10BDD00052F823F0EDBD0008F5BD0008FDBD0008D8
:10BDE00005BE000831BE000839BE0008002387F8F0
:10BDF00043304AE1042387F8433046E1082387F8BB
:10BE0000433042E1102387F843303EE1F369FFCF2E
:10BE1000000C0058FFF4FF110010014000440258CC
:10BE20000044004000480040004C004000500040EA
:10BE3000202387F8433028E1402387F8433024E16A
:10BE4000802387F8433020E17B691B68CB4A93420B
:10BE500076D1CB4B5B6D03F03803282B6CD801A255
:10BE600052F823F009BF000839BF000839BF0008A5
:10BE700039BF000839BF000839BF000839BF0008C2
:10BE800039BF000811BF000839BF000839BF0008DA
:10BE900039BF000839BF000839BF000839BF0008A2
:10BEA00039BF000819BF000839BF000839BF0008B2
:10BEB00039BF000839BF000839BF000839BF000882
:10BEC00039BF000821BF000839BF000839BF00088A
:10BED00039BF000839BF000839BF000839BF000862
:10BEE00039BF000829BF000839BF000839BF000862
:10BEF00039BF000839BF000839BF000839BF000842
:10BF000039BF000831BF0008012387F84330BCE087
:10BF1000042387F84330B8E0082387F84330B4E0BF
:10BF2000102387F84330B0E0202387F84330ACE09B
:10BF3000402387F84330A8E0802387F84330A4E00B
:10BF40007B691B688F4A934230D18D4B5B6D03F048
:10BF50000703052B26D801A252F823F075BF00086D
:10BF60007DBF000885BF00088DBF000895BF000891
:10BF70009DBF0008002387F8433086E0042387F83C
:10BF8000433082E0082387F843307EE0102387F8AF
:10BF900043307AE0202387F8433076E0402387F867
:10BFA000433072E0802387F843306EE07B691B6882
:10BFB000754A934230D1724B5B6D03F00703052B3A
:10BFC00026D801A252F823F0E1BF0008E9BF00081B
:10BFD000F1BF0008F9BF000801C0000809C000084F
:10BFE000002387F8433050E0042387F843304CE0C7
:10BFF000082387F8433048E0102387F8433044E0B3
:10C00000202387F8433040E0402387F843303CE06A
:10C01000802387F8433038E07B691B685B4A934292
:10C0200030D1574B9B6D03F00703052B26D801A297
:10C0300052F823F04DC0000855C000085DC000084C
:10C0400065C000086DC0000875C00008022387F8AD
:10C0500043301AE0042387F8433016E0082387F8BA
:10C06000433012E0102387F843300EE0202387F896
:10C0700043300AE0402387F8433006E0802387F806
:10C08000433002E0802387F843307B691B683F4AD6
:10C09000934240F0F88097F84330202B46DC022B87
:10C0A000C0F28280023B1E2B7ED801A252F823F000
:10C0B00033C10008A9C100083BC10008A9C100089C
:10C0C000A9C10008A9C100084BC10008A9C1000806
:10C0D000A9C10008A9C10008A9C10008A9C1000898
:10C0E000A9C10008A9C100085BC10008A9C10008D6
:10C0F000A9C10008A9C10008A9C10008A9C1000878
:10C10000A9C10008A9C10008A9C10008A9C1000867
:10C11000A9C10008A9C10008A9C10008A9C1000857
:10C12000A9C10008A9C100089BC10008402B37D055
:10C130003AE0FDF71BFCF8633CE007F124031846E6
:10C14000FDF72AFCBB6AFB6334E007F118031846CD
:10C15000FDF776FDFB69FB632CE0094B1B6803F0E0
:10C160002003002B16D0064B1B68DB0803F00303EB
:10C17000074A22FA03F3FB631CE000BF00140140EE
:10C180000044025800780040007C0040000C005839
:10C190000090D0039D4BFB630CE09D4BFB6309E0DB
:10C1A0004FF40043FB6305E00023FB63012387F8A2
:10C1B000423000BFFB6B002B00F0DE817B695B6AC5
:10C1C000944A32F813301A46FB6BB3FBF2F33B632D
:10C1D0007B695A6813465B0013443A6B9A4205D355
:10C1E0007B695B681B033A6B9A4203D9012387F88A
:10C1F0004230C1E1FB6B0022BB60FA607B695B6A85
:10C20000844A32F813309BB200223B607A60D7E94F
:10C210000023D7E90201F4F7CBF802460B4610469B
:10C2200019464FF000024FF000030B0243EA10637F
:10C23000020279694968490800200C46054612EB5C
:10C24000040843EB05097B695B6800229A46934624
:10C2500052465B4640464946F4F7AAF802460B466A
:10C260001346BB63BB6BB3F5407F08D3BB6BB3F521
:10C27000801F04D27B691B68BA6BDA607CE1012302
:10C2800087F8423078E17B69DB69B3F5004F40F015
:10C29000C58097F84330202B48DC002B7BDB202B1C
:10C2A00079D801A252F823F033C300083BC3000839
:10C2B00097C3000897C3000843C3000897C300084A
:10C2C00097C3000897C3000853C3000897C300082A
:10C2D00097C3000897C3000897C3000897C30008D6
:10C2E00097C3000897C3000863C3000897C30008FA
:10C2F00097C3000897C3000897C3000897C30008B6
:10C3000097C3000897C3000897C3000897C30008A5
:10C3100097C3000897C3000897C3000897C3000895
:10C3200097C3000897C3000889C30008402B2ED08C
:10C3300031E0FCF767FBF86333E0FCF779FBF86367
:10C340002FE007F124031846FDF726FBBB6AFB63C9
:10C3500027E007F118031846FDF772FCFB69FB6341
:10C360001FE02D4B1B6803F02003002B09D02A4B44
:10C370001B68DB0803F00303244A22FA03F3FB6380
:10C380000FE0224BFB630CE0214BFB6309E04FF411
:10C390000043FB6305E00023FB63012387F8423081
:10C3A00000BFFB6B002B00F0E7807B695B6A194ADA
:10C3B00032F813301A46FB6BB3FBF2F35A007B6979
:10C3C0005B685B081A447B695B68B2FBF3F3BB6391
:10C3D000BB6B0F2B16D9BB6BB3F5803F12D2BB6B77
:10C3E0009BB223F00F03FB86BB6B5B089BB203F091
:10C3F00007039AB2FB8E1343FB867B691B68FA8E98
:10C40000DA60B9E0012387F84230B5E00090D0034C
:10C4100000093D00F0C601080044025897F8433077
:10C42000202B49DC002B7CDB202B7AD801A252F890
:10C4300023F000BFBFC40008C7C4000823C500081C
:10C4400023C50008CFC4000823C5000823C5000881
:10C4500023C50008DFC4000823C5000823C5000861
:10C4600023C5000823C5000823C5000823C500080C
:10C4700023C50008EFC4000823C5000823C5000831
:10C4800023C5000823C5000823C5000823C50008EC
:10C4900023C5000823C5000823C5000823C50008DC
:10C4A00023C5000823C5000823C5000823C50008CC
:10C4B00023C5000815C50008402B2ED031E0FCF73D
:10C4C000A1FAF86333E0FCF7B3FAF8632FE007F161
:10C4D00024031846FDF760FABB6AFB6327E007F107
:10C4E00018031846FDF7ACFBFB69FB631FE02D4BFF
:10C4F0001B6803F02003002B09D02A4B1B68DB08C4
:10C5000003F00303284A22FA03F3FB630FE0264BF0
:10C51000FB630CE0254BFB6309E04FF40043FB6336
:10C5200005E00023FB63012387F8423000BFFB6B6B
:10C53000002B21D07B695B6A1D4A32F813301A4602
:10C54000FB6BB3FBF2F27B695B685B081A447B69A7
:10C550005B68B2FBF3F3BB63BB6B0F2B09D9BB6BFF
:10C56000B3F5803F05D2BB6B9AB27B691B68DA607A
:10C5700002E0012387F842307B690122A3F86A2098
:10C580007B690122A3F868207B6900221A677B6916
:10C5900000225A6797F8423018464837BD46BDE832
:10C5A000B08F00BF004402580090D00300093D0046
:10C5B000F0C6010880B483B000AF78607B689B6AE6
:10C5C00003F00103002B0AD07B681B685B6823F42F
:10C5D00000317B68DA6A7B681B680A435A607B68B3
:10C5E0009B6A03F00203002B0AD07B681B685B6820
:10C5F00023F480317B681A6B7B681B680A435A609E
:10C600007B689B6A03F00403002B0AD07B681B68DD
:10C610005B6823F480217B685A6B7B681B680A4344
:10C620005A607B689B6A03F00803002B0AD07B6882
:10C630001B685B6823F400417B689A6B7B681B680E
:10C640000A435A607B689B6A03F01003002B0AD0F0
:10C650007B681B689B6823F480517B68DA6B7B687E
:10C660001B680A439A607B689B6A03F02003002BD7
:10C670000AD07B681B689B6823F400517B681A6CA6
:10C680007B681B680A439A607B689B6A03F04003DF
:10C69000002B1AD07B681B685B6823F480117B68D1
:10C6A0005A6C7B681B680A435A607B685B6CB3F505
:10C6B000801F0AD17B681B685B6823F4C0017B681C
:10C6C0009A6C7B681B680A435A607B689B6A03F01C
:10C6D0008003002B0AD07B681B685B6823F4002171
:10C6E0007B68DA6C7B681B680A435A6000BF0C37B2
:10C6F000BD465DF8047B704780B586B002AF7860B8
:10C700007B680022C3F88C20F8F7A8FCF8607B68EF
:10C710001B681B6803F00803082B0ED16FF07E43E3
:10C720000093FB6800224FF40011786800F02FF8A6
:10C730000346002B01D0032325E07B681B681B68A0
:10C7400003F00403042B0ED16FF07E430093FB68CB
:10C7500000224FF48001786800F019F80346002B9E
:10C7600001D003230FE07B682022C3F884207B687C
:10C770002022C3F888207B680022DA667B680022CA
:10C7800083F88020002318461037BD4680BD80B551
:10C790009CB000AFF860B9603B601346FB71A9E044
:10C7A000BB6FB3F1FF3F00F0A580F8F757FC0246DE
:10C7B0003B68D31ABA6F9A4202D3BB6F002B40D1A9
:10C7C000FB681B683B653B6D53E8003FFB64FB6CFB
:10C7D00023F4D0737B66FB681B681A467B6EFB658F
:10C7E000BA65B96DFA6D41E800237B657B6D002B5E
:10C7F000E6D1FB681B680833FB63FB6B53E8003F23
:10C80000BB63BB6B23F001033B66FB681B6808330B
:10C810003A6EBA647B64796CBA6C41E800233B647D
:10C820003B6C002BE5D1FB682022C3F88420FB6819
:10C830002022C3F88820FB68002283F8802003238D
:10C8400069E0FB681B681B6803F00403002B51D0F0
:10C85000FB681B68DB6903F40063B3F5006F49D123
:10C86000FB681B684FF400621A62FB681B68BB62BE
:10C87000BB6A53E8003F7B627B6A23F4D073FB669C
:10C88000FB681B681A46FB6E7B633A63396B7A6BF5
:10C8900041E80023FB62FB6A002BE6D1FB681B68C2
:10C8A00008337B617B6953E8003F3B613B6923F0C0
:10C8B0000103BB66FB681B680833BA6E3A62FB6112
:10C8C000F9693A6A41E80023BB61BB69002BE5D1F5
:10C8D000FB682022C3F88420FB682022C3F888204C
:10C8E000FB682022C3F88C20FB68002283F880209C
:10C8F000032310E0FB681B68DA69BB681340BA6861
:10C900009A420CBF01230023DBB21A46FB799A42FC
:10C910003FF446AF002318467037BD4680BD80B453
:10C9200085B000AF78607B6893F88030012B01D12F
:10C93000022327E07B68012283F880207B68242281
:10C94000C3F884207B681B681B68FB607B681B68DE
:10C950001A687B681B6822F001021A60FB6823F0EA
:10C960000053FB607B6800225A667B681B68FA688C
:10C970001A607B682022C3F884207B68002283F839
:10C980008020002318461437BD465DF8047B7047AD
:10C9900080B584B000AF786039607B6893F88030F0
:10C9A000012B01D102232DE07B68012283F8802036
:10C9B0007B682422C3F884207B681B681B68FB60AB
:10C9C0007B681B681A687B681B6822F001021A608A
:10C9D0007B681B689B6823F060417B681B683A6832
:10C9E0000A439A60786800F04FF87B681B68FA6821
:10C9F0001A607B682022C3F884207B68002283F8B9
:10CA00008020002318461037BD4680BD80B584B015
:10CA100000AF786039607B6893F88030012B01D1DA
:10CA200002232DE07B68012283F880207B6824228A
:10CA3000C3F884207B681B681B68FB607B681B68ED
:10CA40001A687B681B6822F001021A607B681B6809
:10CA50009B6823F060617B681B683A680A439A60B0
:10CA6000786800F011F87B681B68FA681A607B68C8
:10CA70002022C3F884207B68002283F880200023D2
:10CA800018461037BD4680BD80B485B000AF7860D1
:10CA90007B685B6E002B08D17B680122A3F86A20BB
:10CAA0007B680122A3F8682031E01023FB73102378
:10CAB000BB737B681B689B685B0EDBB203F00703EC
:10CAC0007B737B681B689B685B0FDBB203F007031B
:10CAD0003B73BB7B3A7B11498A5C02FB03F33A7BD5
:10CAE0000F498A5C93FBF2F39AB27B68A3F86A2041
:10CAF000FB7B7A7B09498A5C02FB03F37A7B08495A
:10CB00008A5C93FBF2F39AB27B68A3F8682000BFBB
:10CB10001437BD465DF8047B704700BF08C70108A5
:10CB200010C7010880B584B004AF8F4BC0221A70C3
:10CB30008D4BA8225A708C4B01229A708A4B14227A
:10CB4000DA708A4BFF221A70884BFF225A70874B8B
:10CB5000FF229A70854B0022DA70854B00221A70F2
:10CB6000834B00225A70824B00229A70804B002225
:10CB7000DA7000F0E1FD7C4B1B781A067A4B5B788B
:10CB80001B041A43784B9B781B021343764AD278D6
:10CB900013431A06744B1B781906734B5B781B04FE
:10CBA0001943714B9B781B020B436F49C9780B43A8
:10CBB0001B0203F47F031A436B4B1B7819066A4B65
:10CBC0005B781B041943684B9B781B020B43664937
:10CBD000C9780B431B0A03F47F431A43624B1B784B
:10CBE0001906614B5B781B0419435F4B9B781B0252
:10CBF0000B435D49C9780B431B0E13435D4A136019
:10CC00005A4B1B781A06594B5B781B041A43574B37
:10CC10009B781B021343554AD27813431A06534B91
:10CC20001B781906514B5B781B0419434F4B9B78BB
:10CC30001B020B434D49C9780B431B0203F47F03CE
:10CC40001A434A4B1B781906484B5B781B0419435F
:10CC5000464B9B781B020B434449C9780B431B0A84
:10CC600003F47F431A43414B1B7819063F4B5B7813
:10CC70001B0419433D4B9B781B020B433B49C9786E
:10CC80000B431B0E13433C4A1360394B1B781A06A7
:10CC9000374B5B781B041A43354B9B781B021343BD
:10CCA000334AD27813431A06314B1B781906304B9E
:10CCB0005B781B0419432E4B9B781B020B432C49BA
:10CCC000C9780B431B0203F47F031A43284B1B78DC
:10CCD0001906274B5B781B041943254B9B781B02D5
:10CCE0000B432349C9780B431B0A03F47F431A43C0
:10CCF0001F4B1B7819061E4B5B781B0419431C4BFA
:10CD00009B781B020B431A49C9780B431B0E134334
:10CD10001A4A13601A4B02931A4B01930023009393
:10CD2000164B154A1349184801F0EEF9164801F060
:10CD30009DFB154B93F82D309B0803F00103DBB2EC
:10CD4000002B03D0104801F0A1FB02E00E4801F0D7
:10CD500009FC0E490C4801F09BFC0B4800F018F848
:10CD600000BFBD4680BD00BF202D0024242D00241F
:10CD7000282D0024142D0024182D00241C2D0024FF
:10CD8000A17D010835D30008E02C002491CD0008D6
:10CD900080B582B000AF78607B6893F82D3003F0E7
:10CDA0000103DBB2002B0BD0012202210C48FAF761
:10CDB00047FE00224FF480410A48FAF741FE0AE09C
:10CDC000002202210648FAF73BFE01224FF480417F
:10CDD0000448FAF735FE00BF0837BD4680BD00BFE6
:10CDE000001002580004025880B58EB000AF786081
:10CDF00007F1240300221A605A609A60DA601A610F
:10CE00007B681B685D4A934240F0B3805C4BD3F86B
:10CE1000D8305B4A43F40043C2F8D830584BD3F8BB
:10CE2000D83003F400433B623B6A554BD3F8D8300B
:10CE3000534A43F48033C2F8D830514BD3F8D8303A
:10CE400003F48033FB61FB694D4BD3F8D8304C4A77
:10CE500043F40033C2F8D830494BD3F8D83003F448
:10CE60000033BB61BB69464BD3F8E030444A43F022
:10CE70000403C2F8E030424BD3F8E03003F004037F
:10CE80007B617B693E4BD3F8E0303D4A43F00103C0
:10CE9000C2F8E0303A4BD3F8E03003F001033B61D5
:10CEA0003B69374BD3F8E030354A43F00203C2F810
:10CEB000E030334BD3F8E03003F00203FB60FB6853
:10CEC0002F4BD3F8E0302E4A43F04003C2F8E03055
:10CED0002B4BD3F8E03003F04003BB60BB68322338
:10CEE0007B620223BB620023FB6202233B630B23B2
:10CEF0007B6307F1240319462248FAF7D9FB8623FE
:10CF00007B620223BB620023FB6202233B630B2391
:10CF10007B6307F1240319461B48FAF7C9FB4FF45A
:10CF200000537B620223BB620023FB6202233B634C
:10CF30000B237B6307F1240319461448FAF7B8FB67
:10CF40004FF420537B620223BB620023FB62022367
:10CF50003B630B237B6307F1240319460C48FAF764
:10CF6000A7FB002205213D20F8F780F93D20F8F7C6
:10CF700097F900BF3837BD4680BD00BF0080024032
:10CF800000440258000802580000025800040258E9
:10CF90000018025880B586B000AF78600023FB749B
:10CFA00000237B614A4B4B4A1A6002233B730023E8
:10CFB0007B730023BB730323FB7300233B74882321
:10CFC0007B74434A07F10C035360414B01221A72F0
:10CFD0003F4B414ADA603E4B404A1A613C4B4FF4AA
:10CFE000C0625A613A48F8F7E5F90346FB74342207
:10CFF00000213B480BF071FA394B21221A60384B63
:10D000004FF440325A61364B00221A61354800F025
:10D0100043FF7B68062283F82C202D4B5B681A782F
:10D020007B6883F826202A4B5B685A787B6883F8F4
:10D030002720274B5B689A787B6883F82820244B4D
:10D040005B68DA787B6883F82920214B5B681A7962
:10D050007B6883F82A201E4B5B685A797B6883F8CB
:10D060002B207B6840F2DC529A847B6893F82D3049
:10D0700043F00A03DAB27B6883F82D2000237B613A
:10D080000EE07A6913465B0013445B02164A1A44A9
:10D09000002379690E48F8F769FA7B6901337B61EF
:10D0A0007B69032BEDD911491148F7F726FE10488B
:10D0B000F7F755FEFB7C002B03D1786800F0CEF922
:10D0C00001E0F6F79DFF00BF1837BD4680BD00BFE9
:10D0D0002C2D002400800240600004300000043049
:10D0E000B42D002418C701080002043034000024C5
:10D0F000B82E002480B592B000AF7860396000236C
:10D100007B64002387F83F3007F10C0330220021B5
:10D1100018460BF0E2F93B683B6445E07B6C032B5F
:10D1200002D96FF00B0352E03B6C59687A6C1346DE
:10D130005B0013449B0048333B443C3B19603B6C11
:10D140005B8919467A6C13465B0013449B00483395
:10D150003B44383B19607B6C002B11D07B6C5A1E12
:10D1600007F10C00796C0B465B000B449B00C11867
:10D1700013465B0013449B0048333B44343B196027
:10D180003B6C1B68002B09D17A6C13465B0013447F
:10D190009B0048333B44343B00221A607B6C0133D4
:10D1A0007B643B6C1B683B643B6C002BB6D13B68DB
:10D1B0001B891A46084B5A60074A07F10C03936013
:10D1C000142205490548F8F7C0FA97F93F30184688
:10D1D0004837BD4680BD00BFB42D00242C2D00244F
:10D1E00080B598B002AF786000233B650023BB6038
:10D1F00000237B6507F10C033022002118460BF059
:10D200006CF900237B6514E07B6D5A1C07F10C015F
:10D2100013465B0013449B0019447A6D13465B0070
:10D2200013449B0058333B44443B19607B6D0133EE
:10D230007B657B6D022BE7D92A48F8F712FB034682
:10D24000002B4AD007F10C0319462648F8F7F9FBE2
:10D2500007F1080319462348F8F791FC2148F8F72D
:10D26000C1FCFB68BA68BB647A647B6C002B1DDD73
:10D27000BB6C03F01F027B6C13443B64BB6CFB6311
:10D28000BFF34F8F00BF184AFB6BC2F85C32FB6BD9
:10D290002033FB633B6C203B3B643B6C002BF2DC9C
:10D2A000BFF34F8F00BFBFF36F8F00BF00BF0F48AA
:10D2B00000F066FEF864FB6C0D4A1A61BB6899B217
:10D2C000FB68BA6892B201920093FB6C4122002085
:10D2D00001F0A4FB38653B6D00E000231846583789
:10D2E000BD4680BD2C2D002400ED00E018C70108CC
:10D2F00091D3000880B584B000AF78607868FFF7FC
:10D300006FFFF860FB68002B10D07B681B697968A1
:10D31000F86898470346FB7297F90B30002B06D04C
:10D32000F86801F035FD0023FB6000E000BF103716
:10D33000BD4680BD80B582B000AF78607B68002BB1
:10D3400006D10E4B4FF4FF720D490E480BF060F8FA
:10D350007B68732283F82E207B68742283F82F2049
:10D360007B68094A5A617B68084A9A617868FFF7C6
:10D3700011FE002318460837BD4680BD009D0108F8
:10D380001C9D01082C9D01080D620108F5D00008C4
:10D3900080B584B000AF78607B68FB60F9680348B3
:10D3A00000F05CFE00BF1037BD4680BD18C7010805
:10D3B00080B500AFF7F752FE0346184680BD000067
:10D3C00080B500AF0248F9F759F80023184680BD30
:10D3D0002C2D002480B400AF00231846BD465DF814
:10D3E000047B704780B584B000AFF860B9607A60A4
:10D3F0007B68BA68F9680748F8F7AAFD0346002B6E
:10D4000002D04FF0FF3300E0002318461037BD462E
:10D4100080BD00BF2C2D002480B584B000AFF86023
:10D42000B9607A607B68BA68F9680748F8F7E4FD84
:10D430000346002B02D04FF0FF3300E000231846D4
:10D440001037BD4680BD00BF2C2D002480B500AF35
:10D45000F7F704FE0346184680BD000080B5A0B073
:10D4600000AF78600023FB670023BB6700237B6766
:10D470003A48F7F71CFD38677B6893F82D309B0816
:10D4800003F00103DBB2002B0CD03B6F012B09DC56
:10D490003348F8F70AF9786801F064F8786801F021
:10D4A000C7F856E07B6893F82D3003F00403002B97
:10D4B0004FD13B6F012B4CDD3B6F023B032B2BD835
:10D4C00001A252F823F000BFD9D40008EBD4000821
:10D4D000FBD400080BD500084FF400537B674FF4D2
:10D4E0008043BB670123FB6717E000237B674FF492
:10D4F0008043BB670123FB670FE04FF400537B675A
:10D500000023BB670123FB6707E000237B67002341
:10D51000BB670123FB6700E000BFFB6F002B18D047
:10D5200007F10C0319460E48F8F7BAFD7B6F7B62D2
:10D53000BB6F3B6207F10C0319460948F8F784FFFB
:10D540000748F8F754F8786800F0A0FF786801F011
:10D550003BF800BF8037BD4680BD00BFB82E002419
:10D560002C2D002480B483B000AF0346FB80FB88E1
:10D570001B021AB2FB881B0A9BB21BB213431BB2DD
:10D580009BB218460C37BD465DF8047B704780B4EB
:10D5900083B000AF78607B681A067B681B0203F4D7
:10D5A0007F031A437B681B0A03F47F431A437B689B
:10D5B0001B0E134318460C37BD465DF8047B7047BD
:10D5C00080B489B000AF786039607B68FB6100236C
:10D5D000FB8100237B61FB6903F001033B613B6935
:10D5E000002B0DD03B68002B0ADDFA69531CFB6150
:10D5F00007F10E03013312781A703B68013B3B6060
:10D60000FB69BB610AE0BB699A1CBA611B881A46B8
:10D610007B6913447B613B68023B3B603B68012BA9
:10D62000F1DC3B68002B04DD07F10E03BA691278C8
:10D630001A70FB891A467B6913447B617B691A0C5B
:10D640007B699BB213447B617B691A0C7B699BB23B
:10D6500013447B613B69002B07D07B691B029AB2A4
:10D660007B691B0ADBB213437B617B699BB2184663
:10D670002437BD465DF8047B704780B582B000AFAB
:10D6800078600B467B807B8819467868FFF798FFA7
:10D690000346DB439BB218460837BD4680BD80B5C4
:10D6A00086B000AF78600023FB6000237B617B685D
:10D6B0003B612BE03B695A683B695B891946104620
:10D6C000FFF77EFF03461A467B6913447B617B6943
:10D6D0001A0C7B699BB213447B613B695B8903F045
:10D6E00001039BB2002B0ED0FB68002B0CBF012363
:10D6F0000023DBB2FB607B691B029AB27B691B0AC9
:10D70000DBB213437B613B691B683B613B69002BC8
:10D71000D0D1FB68002B07D07B691B029AB27B69D2
:10D720001B0ADBB213437B617B699BB2DB439BB279
:10D7300018461837BD4680BD80B582B000AF0023C3
:10D740007B6000F0D5F800F0D7FB00F0D5FC07F0C7
:10D7500057FF01F0BBFD07F0C9FE00BF0837BD460B
:10D7600080BD000080B483B000AF0346FB80054B52
:10D770001A68FB88134418460C37BD465DF8047BD5
:10D78000704700BFF02E002480B483B000AF7860F3
:10D79000054B1B687A68D31A9BB218460C37BD46F6
:10D7A0005DF8047B704700BFF02E002490B585B073
:10D7B00000AF7860454B1B687A689A4206D2444BAA
:10D7C00040F2DF12434944480AF022FE434B1B68F3
:10D7D0007A689A4206D33E4B4FF4F07240493E4875
:10D7E0000AF016FE7B681B79002B06D0384B40F2FE
:10D7F000E1123C4938480AF00BFE7B681B88B3F500
:10D80000C86F06D9324B4FF4F272374932480AF0EA
:10D81000FFFD7B681B881846FFF7A4FFF8607A6855
:10D82000FB689A4224D0FB681B79002B20D12B4B3C
:10D830001B68FA689A421BD02C4B1B68FA689A4204
:10D8400002D12A4A7B681360FB681A887B681A80B9
:10D85000FB681B88B3F5C86F0AD0FB681B881846A5
:10D86000FFF780FF04467868FFF78EFF034663806A
:10D870007B685B881846FFF775FFB860BA687B68FD
:10D880009A421FD0BB681B79002B1BD1174B1B681A
:10D890007A689A4202D1154ABB6813607B681A887D
:10D8A000BB681A807B681B88B3F5C86F0AD07B6899
:10D8B0001B881846FFF756FF0446B868FFF764FF59
:10D8C0000346638000BF1437BD4690BDF02E002490
:10D8D000549D0108849D01089C9D0108F42E00249C
:10D8E000C49D0108E09D0108FC9D0108F82E00245C
:10D8F00080B582B000AF164B164A1A60144B1B68F5
:10D900007B607B684FF4C8621A807B6800225A8073
:10D910007B6800221A714FF4C860FFF723FF0346AB
:10D920000D4A13600C4B1B6801221A710A4B1B68CD
:10D930004FF4C8621A80084B1B684FF4C8625A80C3
:10D94000034B1B68054A136000BF0837BD4680BD06
:10D95000F02E002400400430F42E0024F82E002481
:10D9600080B586B000AF78607868FFF70DFF03469A
:10D97000FB827B681B881846FFF7F4FE38617B68E2
:10D980005B881846FFF7EEFEF8607B681B88B3F5EE
:10D99000C86F18D87B685B88B3F5C86F13D87B68ED
:10D9A0005B88FA8A9A4204D0FB681B88FA8A9A42FA
:10D9B00009D1084B1B683A699A4206D03B695B88DB
:10D9C000FA8A9A4201D0002300E001231846183752
:10D9D000BD4680BDF42E002480B584B000AF7860D1
:10D9E0007B68002B4CD07B6803F00303002B07D02F
:10D9F000254B40F27322254925480AF009FD40E0F5
:10DA00007B68083BFB60234B1B68FA689A4206D38D
:10DA10007B6803F10C02204B1B689A4207D91A4B12
:10DA200040F27F221D491A480AF0F2FC29E0FB6807
:10DA30001B79002B07D1144B4FF42372184914485B
:10DA40000AF0E6FC1DE0F868FFF78AFF0346002BAA
:10DA500007D10D4B40F2952212490D480AF0D8FC2F
:10DA60000FE0FB6800221A710F4B1B68FA689A429C
:10DA700002D20D4AFB681360F868FFF797FE00E0DA
:10DA800000BF1037BD4680BD549D0108289E010887
:10DA90009C9D0108F02E0024F42E00244C9E0108C9
:10DAA000689E0108909E0108F82E002480B588B079
:10DAB00000AF78600B467B807B8803339BB223F0FA
:10DAC0000303FB83FB8B0B2B01D80C23FB83FB8B0A
:10DAD000B3F5C86F03D8FA8B7B889A4201D2002332
:10DAE000CCE0684B1B687A689A4204D3664B1B688B
:10DAF0007A689A4206D3654B40F2D1226449654860
:10DB00000AF086FC5F4B1B687A689A4204D35E4B2E
:10DB10001B687A689A4201D37B68AFE07B68083B58
:10DB2000BB61B869FFF730FE0346FB82BB691A8808
:10DB3000FB8AD31A9BB2083BBB82FA8BBB8A9A4200
:10DB400006D9524B4FF43972534952480AF060FCDF
:10DB5000FA8BBB8A9A4201D900238FE0FA8BBB8AE9
:10DB60009A4201D17B6889E0BB691B881846FFF7A0
:10DB7000F9FD38613B691B79002B3FD1BB691B88DC
:10DB8000B3F5C86F06D1414B40F2F52243494148F5
:10DB90000AF03EFC3B691B88BB81FA8AFB8B13446D
:10DBA0009BB20833FB813E4B1B683A699A4206D10F
:10DBB000FB891846FFF7D6FD0346394A1360FB89F7
:10DBC0001846FFF7CFFD38613B6900221A713B69A7
:10DBD000BA891A803B69FA8A5A80BB69FA891A8025
:10DBE0003B691B88B3F5C86F47D03B691B88184653
:10DBF000FFF7B8FD0246FB8953803EE0FB8B03F143
:10DC00001402BB8A9A4238D8FA8AFB8B13449BB21F
:10DC10000833FB81BB691B88B3F5C86F06D11B4B6A
:10DC200040F216321D491B480AF0F2FBFB891846E8
:10DC3000FFF798FD38611A4B1B683A699A4202D285
:10DC4000174A3B6913603B6900221A71BB691A8845
:10DC50003B691A803B69FA8A5A80BB69FA891A8043
:10DC60003B691B88B3F5C86F07D03B691B88184612
:10DC7000FFF778FD0246FB8953807B681846203702
:10DC8000BD4680BDF02E0024F42E0024549D0108D2
:10DC9000C49E01089C9D0108DC9E0108FC9E0108B1
:10DCA000F82E002480B588B000AF0346FB80FB88C7
:10DCB000002B01D10023D9E0FB8803339BB223F072
:10DCC0000303BB83BB8B0B2B01D80C23BB83BB8B08
:10DCD000B3F5C86F03D8BA8BFB889A4201D20023F0
:10DCE000C4E0644B1B681846FFF74EFD0346FB83F8
:10DCF000B4E0FB8B1846FFF735FD78617B691B7933
:10DD0000002B40F0A4807B691B881A46FB8BD31A3A
:10DD1000A3F10802BB8B9A42C0F099807B691B88F3
:10DD20001A46FB8BD31AA3F10802BB8B14339A4219
:10DD300033D3FA8BBB8B13449BB208337B827B8A31
:10DD4000B3F5C86F06D14C4B40F287324B494C4873
:10DD50000AF05EFB7B8A1846FFF704FDF860FB685B
:10DD600000221A717B691A88FB681A80FB68FA8B9B
:10DD70005A807B697A8A1A807B6901221A71FB6852
:10DD80001B88B3F5C86F0BD0FB681B881846FFF7DC
:10DD9000E9FC02467B8A538002E07B6901221A710A
:10DDA000344B1B687A699A4227D1324B1B68BB619E
:10DDB00005E0BB691B881846FFF7D4FCB861BB6956
:10DDC0001B79002B04D02F4B1B68BA699A42F0D103
:10DDD000284ABB691360274B1A682A4B1B689A4272
:10DDE0000BD0244B1B681B79002B06D0224B40F232
:10DDF000B532254922480AF00BFBBA8B7B691344E4
:10DE00000833204A1268934206D91B4B40F2B932BC
:10DE10001E491B480AF0FCFA7B6903F00303002B40
:10DE200006D0154B40F2BB32194915480AF0F0FAFA
:10DE30007B6903F00303002B06D00F4B40F2BD3289
:10DE400014490F480AF0E4FA7B6908330EE0FB8BB3
:10DE50001846FFF787FC03461B88FB83FA8BBB8BB6
:10DE6000C3F5C8639A42FFF444AF00231846203735
:10DE7000BD4680BDF82E0024549D0108FC9E01087B
:10DE80009C9D0108F42E0024109F01082C9F01087E
:10DE90005C9F01088C9F010880B485B000AF78605A
:10DEA0007B689B6800221A607B685B68033323F001
:10DEB0000303BB600023FB6011E07B689B681A686A
:10DEC000BB681A607B689B68BA681A607B681B88AD
:10DED0001A46BB681344BB60FB680133FB607B6878
:10DEE0005B881A46FB689342E7DB00BF00BF14372C
:10DEF000BD465DF8047B704780B582B000AF00235B
:10DF0000FB8009E0FB88084A52F823301846FFF7E7
:10DF1000C3FFFB880133FB80FB88082BF2D900BFCD
:10DF200000BF0837BD4680BD90C7010880B584B0EA
:10DF300000AF78607B689B681B68FB60FB68002B08
:10DF400012D07B689B68FA6812681A60FB6803F05D
:10DF50000303002B06D0074B4FF48C720649074889
:10DF60000AF056FAFB6800E0002318461037BD4659
:10DF700080BD00BFB09F0108E09F010804A0010818
:10DF800080B582B000AF78607B68002B06D10A4B69
:10DF90004FF49E7209490A480AF03AFA7B68002B4E
:10DFA00001D1002303E07868FFF7C0FF034618465D
:10DFB0000837BD4680BD00BFB09F01082CA00108F6
:10DFC00004A0010880B584B000AF0346FB71FB7963
:10DFD000082B08D90A4B40F257120A490A480AF09E
:10DFE00017FA002308E0FB79084A52F82330184654
:10DFF000FFF79CFFF860FB6818461037BD4680BDF0
:10E00000B09F010840A0010804A0010890C70108C2
:10E0100080B584B000AF786039603B6803F00303DB
:10E02000002B06D00A4B4FF4B6720A490A480AF090
:10E03000EFF93B68FB607B689B681A68FB681A60B5
:10E040007B689B68FA681A6000BF1037BD4680BDC8
:10E05000B09F010860A0010804A0010880B582B04B
:10E0600000AF786039607B68002B06D10A4B40F224
:10E0700095120A490A480AF0CBF97B68002B07D0B1
:10E080003B68002B04D039687868FFF7C1FF00E0D7
:10E0900000BF0837BD4680BDB09F01082CA0010815
:10E0A00004A0010880B582B000AF03463960FB715F
:10E0B000FB79082B07D90C4B4FF4D5720B490C4850
:10E0C0000AF0A6F90CE03B68002B08D0FB79094A5E
:10E0D00052F8233039681846FFF79AFF00E000BF76
:10E0E0000837BD4680BD00BFB09F010880A0010871
:10E0F00004A0010890C7010880B400AF00BFBD466E
:10E100005DF8047B7047000080B586B000AFF86012
:10E11000B9607A603B60FB68002B08D1574B40F236
:10E120002712574957480AF073F90023A2E07B6A87
:10E13000002B08D1514B4FF49472534951480AF0C7
:10E1400067F9002396E0BB68002B01D14F4BBB6001
:10E150007B68002B01D14D4B7B603B68002B01D1CC
:10E160004A4B3B60FB6800225A60FB6800229A60C1
:10E17000FB680022DA60FB68454A5A61FB680022AE
:10E180009A84FB68002283F82D20FB680022DA6164
:10E19000FB683A6A1A623F4B1A78FB6883F83020B2
:10E1A000FB68BA6A1A613B687A68B968F86800F077
:10E1B00013F97B6AF86898470346002B01D00023C7
:10E1C00058E0FB6893F83030FF2B03D1FB68002246
:10E1D00083F8302000233B612F4B1B687B612BE0D1
:10E1E0007A69FB689A4206D1244B40F28B122B4984
:10E1F00024480AF00DF93B6901333B613B69FF2B71
:10E2000006DD1E4B40F28D1225491E480AF000F92A
:10E210007B6993F83020FB6893F830309A4208D13C
:10E22000FB6893F830300133DAB2FB6883F83020B2
:10E2300005E07B691B687B617B69002BD0D17B6922
:10E24000002BBED1FB6893F83030FE2B03D1114B6D
:10E2500000221A7006E0FB6893F830300133DAB21E
:10E260000C4B1A700C4B1A68FB681A600A4AFB6860
:10E270001360FB6818461837BD4680BD9CA0010896
:10E2800030A10108ECA001084CA10108F4C7010865
:10E29000B3E60008F05D0024E85D002470A10108E9
:10E2A00084A1010880B582B000AF78603960396818
:10E2B000786802F0F5FD3968786807F02BFB00BF3D
:10E2C0000837BD4680BD000080B586B000AFF8605D
:10E2D000B9607A60BB68002B06D11D4B40F2CB12AF
:10E2E0001C491D480AF094F87B68002B06D1184B96
:10E2F0004FF4E672174918480AF08AF8BB681A68A2
:10E30000FB6804331B689A421CD0BB681B687B61A6
:10E31000FB6804331A687B681A6007F11403194616
:10E320007868FFF7BFFFBB68002B02D0BB681B6893
:10E3300000E00023FA6853600121F86800F0D2F889
:10E34000012300E0002318461837BD4680BD00BFFA
:10E350009CA00108B4A10108ECA0010880B485B01C
:10E3600000AFF860B9607A60BB681A68FB68083370
:10E370001B689A420AD0BB68002B02D0BB681B689E
:10E3800000E00023FA689360012300E000231846B0
:10E390001437BD465DF8047B704780B485B000AF8C
:10E3A000F860B9607A60BB681A68FB680C331B6858
:10E3B0009A420AD0BB68002B02D0BB681B6800E001
:10E3C0000023FA68D360012300E0002318461437C5
:10E3D000BD465DF8047B704780B588B000AFF8603B
:10E3E000B9607A603B600023FB610023BB61BB68BE
:10E3F000002B01D11C4BBB607B68002B01D11A4B59
:10E400007B603B68002B01D1174B3B60BB68002B46
:10E4100003D0BB681B68002B01D1012300E000235F
:10E420007B617B69002B06D007F110031A46B9689F
:10E43000F868FFF749FFFA697968F868FFF78EFF17
:10E44000BA693968F868FFF7A8FF7B69002B06D125
:10E4500007F110031A46B968F868FFF735FF00BFE7
:10E460002037BD4680BD00BFF4C7010880B483B02B
:10E4700000AF7860044A7B68136000BF0C37BD466C
:10E480005DF8047B704700BFEC5D002480B582B06E
:10E4900000AF78607B68002B07D10F4B4FF45472AC
:10E4A0000E490F4809F0B4FF13E07B6893F82D3054
:10E4B00003F00103002B0CD17B6893F82D3043F05F
:10E4C0000103DAB27B6883F82D200321786800F01D
:10E4D00009F80837BD4680BD9CA0010824A20108A8
:10E4E000ECA0010880B582B000AF78600B46FB70ED
:10E4F0007B68002B06D1184B40F26D321749184843
:10E5000009F086FF7B6893F82D3003F00403002B9D
:10E510001ED07B6893F82D3003F00103002B17D039
:10E52000FB7803F00103002B13D07B6804331B68D6
:10E53000002B0ED07B6893F82D3003F00803002BDE
:10E5400007D07B6804331946786808F04DF900E07D
:10E5500000BF0837BD4680BD9CA0010840A201084D
:10E56000ECA0010880B582B000AF78607B68002B1A
:10E5700007D1124B40F29B321149124809F048FF73
:10E5800019E07B6893F82D3003F00103002B12D0C3
:10E590007B6893F82D3023F00103DAB27B6883F8AF
:10E5A0002D207B6893F82D3003F00803002B02D058
:10E5B000786807F0D7FC0837BD4680BD9CA00108ED
:10E5C00064A20108ECA0010880B582B000AF7860B9
:10E5D0007B68002B07D1134B4FF478721249134814
:10E5E00009F016FF1BE07B6893F82D3003F004035D
:10E5F000002B14D17B6893F82D3043F00403DAB27A
:10E600007B6883F82D2003217868FFF76BFF7B6818
:10E61000DB69002B03D07B68DB6978689847083793
:10E62000BD4680BD9CA0010884A20108ECA00108A1
:10E6300080B582B000AF78607B68002B07D1114BAA
:10E6400040F206421049114809F0E2FE17E07B68EB
:10E6500093F82D3003F00403002B10D07B6893F85F
:10E660002D3023F00403DAB27B6883F82D207B6819
:10E67000DB69002B03D07B68DB6978689847083733
:10E68000BD4680BD9CA00108A8A20108ECA001081D
:10E6900080B483B000AF786039607B68002B02D013
:10E6A0007B683A68DA6100BF0C37BD465DF8047BD1
:10E6B000704780B485B000AFF860B9607A606FF0E1
:10E6C0000B0318461437BD465DF8047B7047000005
:10E6D00080B485B000AF0346FB71FB79002B13D0EB
:10E6E0000D4B1B68FB600CE0FB6893F83030013386
:10E6F000DBB2FA799A4201D1FB6806E0FB681B683D
:10E70000FB60FB68002BEFD1002318461437BD4691
:10E710005DF8047B704700BFE85D002480B582B0DF
:10E7200000AF0C4B00221A700B4B1B687B600AE099
:10E730007B685B6F002B03D0786802F0EFFB05E08D
:10E740007B68DB687B607B68002BF1D10837BD46B6
:10E7500080BD00BFF15D0024005E002480B400AFE6
:10E76000034B01221A7000BFBD465DF8047B704761
:10E77000F15D002480B485B000AFF860B960114647
:10E780001A460B46FB801346BB80FB6800221A60CA
:10E79000FB68BA685A60FB68FA881A81FB68BA8815
:10E7A0005A813B8BDAB2FB681A73FB683A7F5A7363
:10E7B000FB6801229A73FB680022DA7300BF1437EA
:10E7C000BD465DF8047B704780B58CB002AF034650
:10E7D000FB710B46BB8013467B80FB797B847B8877
:10E7E000B3F5207F7FD0B3F5207F00F3C880B3F569
:10E7F000C17F10D0B3F5C17F00F3C180012B02D0DF
:10E80000412B40F0BC807A88BB881946002000F07C
:10E81000D1F87862BDE000237B620023FB61BB88F6
:10E820007B830820FFF7CEFB38613B69002B09D1C1
:10E83000FFF794FF7B6A002B02D0786A00F0A8FAF9
:10E840000023A7E07B8C03339BB223F003039BB22E
:10E85000C3F514739BB27A8B934228BF1346FB8196
:10E860007B8C10333A691344033323F003031846B7
:10E87000F9897A8B002301937B8800930B4601462C
:10E880003869FFF777FF3B695B6803F00303002BF0
:10E8900006D0424B4FF480724149424809F0B8FD1E
:10E8A0007B8C033323F00303B3F5147F06D13B4B7A
:10E8B0004FF481723C493B4809F0AAFD7B6A002B6A
:10E8C00002D13B697B6202E0FB693A691A603B69ED
:10E8D000FB617A8BFB89D31A7B8300237B847B8B40
:10E8E000002B9ED155E07B8C03339BB223F00303B6
:10E8F0009AB2BB8803339BB223F003039BB2134449
:10E900003B833B8B1033FB823A8BBB88033323F072
:10E9100003039A4206D3FA8ABB88033323F0030326
:10E920009A4201D2002335E0FB8A1846FFF7BAF974
:10E9300078627B6A002B01D100232BE07B8C1033A3
:10E940007A6A1344033323F003031846B988BA885C
:10E95000002301937B8800930B460146786AFFF7FA
:10E9600009FF7B6A5B6803F00303002B10D00B4B9D
:10E970004FF491720D490B4809F04AFD08E0074B2E
:10E9800040F227120A49074809F042FD002301E03E
:10E9900000BF7B6A18462837BD4680BDCCA201085F
:10E9A000FCA201082CA3010854A3010888A30108B4
:10E9B000B4A3010880B586B002AF78600B467B80B7
:10E9C00013463B803B88412B09D03B88012B06D066
:10E9D0000F4B4FF4A5720F490F4809F019FD07209E
:10E9E000FFF7F0FAF860FB68002B01D100230BE081
:10E9F00079887A88002301933B8800930B467968D5
:10EA0000F868FFF7B7FEFB6818461037BD4680BDB3
:10EA1000CCA20108D0A301082CA3010880B588B0BE
:10EA200002AF7B600346FB730B46BB8113467B81C1
:10EA3000FB7B7B827B8A033323F00302BB891A446E
:10EA4000BB8C9A4201D9002318E03B6A002B07D007
:10EA50007B8A033323F003033A6A13447B6101E0AA
:10EA600000237B617868B989BA89022301937B8985
:10EA700000930B467969FFF77DFE7B6818461837CF
:10EA8000BD4680BD80B584B000AF78600B467B800A
:10EA90007B68002B06D13A4B4FF4CC7239493A4887
:10EAA00009F0B6FC7B681B897A889A4263D27B683E
:10EAB0001A897B88D31A3B817B887B817B68FB60CA
:10EAC00018E0FB685B897A89D31A7B81FB681A8915
:10EAD0003B89D31A9AB2FB681A81FB681B68FB60FA
:10EAE000FB68002B06D1264B40F2AF12274926487F
:10EAF00009F08EFCFB685B897A899A42E1D8FB6851
:10EB00001B7B03F00F03002B21D1FB685B897A8903
:10EB10009A421CD0FB685B7B03F00203002B16D1EA
:10EB2000FB685A68FB68D31A9AB27B8913449BB27C
:10EB30001946F868FEF7BAFFF860FB68002B06D1AB
:10EB40000F4B40F2BD1212490F4809F061FCFB68FF
:10EB50007A895A81FB685A89FB681A81FB681B68AD
:10EB6000002B04D0FB681B68184600F011F9FB6805
:10EB700000221A6000E000BF1037BD4680BD00BF14
:10EB8000CCA20108E4A301082CA30108FCA30108FE
:10EB900014A4010880B586B000AFF860B9601346D0
:10EBA000FB71FB68002B06D12B4B40F2DF122B4987
:10EBB0002B4809F02DFCFB68002B03D0BB68B3F594
:10EBC000803F01D3012343E0BB68002B01D1002328
:10EBD0003EE0BB687B82FB681A897B8A13449BB248
:10EBE0007A8A9A4201D9012332E0FB681B7B3B827F
:10EBF0003B8A03F08003002B0CD0FB685A68BB688B
:10EC00005B4213447B61FB6810337A699A420DD2F0
:10EC100001231DE0FB79002B06D0FB685A68BB6816
:10EC20005B4213447B6101E0012311E0FB687A69D8
:10EC30005A60FB685A897B8A13449AB2FB685A81EE
:10EC4000FB681A897B8A13449AB2FB681A810023F5
:10EC500018461837BD4680BDCCA2010830A4010873
:10EC60002CA3010880B582B000AF78603960002223
:10EC700039687868FFF78EFF034618460837BD46A7
:10EC800080BD000080B584B000AF786039607B68DB
:10EC9000002B06D1204B40F24B222049204809F09E
:10ECA000B7FB7B68002B03D03B68B3F5803F01D3F3
:10ECB00001232CE03B68002B01D1002327E03B68B7
:10ECC000FB817B685B89FA899A4208D9124B40F232
:10ECD00055221449124809F09BFB012317E07B6879
:10ECE0005B68BB607B685A683B681A447B685A6003
:10ECF0007B685A89FB89D31A9AB27B685A817B68F0
:10ED00001A89FB89D31A9AB27B681A8100231846A4
:10ED10001037BD4680BD00BFCCA2010830A4010859
:10ED20002CA301083CA4010880B582B000AF786034
:10ED30000B467B8013467B70B7F90230002B08DA54
:10ED4000B7F902305B4219467868FFF79BFF03462C
:10ED500007E0B7F902307A7819467868FFF71AFFAA
:10ED6000034618460837BD4680BD80B582B000AF67
:10ED700078600B467B80B7F902300122194678682B
:10ED8000FFF7D2FF034618460837BD4680BD000096
:10ED900080B586B000AF78607B68002B0BD17B68B4
:10EDA000002B06D1384B4FF437723849384809F0F8
:10EDB0002FFB002363E00023FB755CE07B689B7BFB
:10EDC000002B06D1304B40F2F1223249304809F095
:10EDD0001FFB7B689B7B013BDAB27B689A737B6885
:10EDE0009B7BBB75BB7D002B43D17B681B683B6164
:10EDF0007B681B7B03F00F03FB737B685B7B03F07B
:10EE00000203002B11D07B68BB60BB681B69002B21
:10EE100006D11D4B40F2FF221F491D4809F0F8FAA8
:10EE2000BB681B69786898471DE0FB7B022B04D107
:10EE300079680820FFF736F915E0FB7B012B04D138
:10EE400079680720FFF72EF90DE0FB7B002B03D13B
:10EE50007868FEF7C1FD06E00B4B40F20F320F4918
:10EE60000B4809F0D5FAFB7D0133FB753B697B60EC
:10EE700001E000237B607B68002B9FD1FB7D18465F
:10EE80001837BD4680BD00BFCCA2010830A40108E0
:10EE90002CA301085CA4010874A4010898A401082B
:10EEA00080B485B000AF78600023FB8105E0FB896A
:10EEB0000133FB817B681B687B607B68002BF6D18C
:10EEC000FB8918461437BD465DF8047B7047000087
:10EED00080B582B000AF78607B68002B10D07B6873
:10EEE0009B7B0133DAB27B689A737B689B7B002B38
:10EEF00006D1054B40F242320449054809F088FA30
:10EF000000BF0837BD4680BDCCA20108ACA40108F3
:10EF10002CA3010880B584B000AF786039607B68AD
:10EF2000002B02D03B68002B07D1204B40F2593216
:10EF30001F49204809F06CFA34E07B68FB600AE066
:10EF4000FB681A893B681B8913449AB2FB681A81D3
:10EF5000FB681B68FB60FB681B68002BF0D1FB683B
:10EF60001A89FB685B899A4206D0104B40F26232E4
:10EF70001149104809F04CFAFB681B68002B06D0B9
:10EF80000A4B40F263320D490A4809F041FAFB6826
:10EF90001A893B681B8913449AB2FB681A81FB6883
:10EFA0003A681A601037BD4680BD00BFCCA2010888
:10EFB000C0A401082CA30108F8A4010828A5010891
:10EFC00080B582B000AF7860396039687868FFF743
:10EFD000A1FF3868FFF77CFF00BF0837BD4680BD42
:10EFE00080B586B000AF7860396000237B61002374
:10EFF0003B617B68002B08D03B68002B05D07B6809
:10F000001A893B681B899A4209D2574B40F2C93290
:10F010005649574809F0FCF96FF00F039FE07B68F1
:10F020005B891A467B69D21A3B685B8919463B6942
:10F03000CB1A9A4206D33B685B891A463B69D31ABE
:10F04000FB6005E07B685B891A467B69D31AFB602D
:10F050007B685A687B69D0183B685A683B691344DF
:10F06000FA68194609F009FB7A69FB6813447B6169
:10F070003A69FB6813443B617B685B891A467B698C
:10F08000934206D9384B40F2D9323A49384809F010
:10F09000BFF93B685B891A463B69934206D9324BFC
:10F0A00040F2DA323449324809F0B2F93B685B8900
:10F0B0001A463B69934204D300233B613B681B68BB
:10F0C0003B607B685B891A467B69934214D10023BD
:10F0D0007B617B681B687B607B68002B0CD13B6885
:10F0E000002B09D0204B4FF479722449204809F0B5
:10F0F0008FF96FF00F0332E03B68002B13D03B68B1
:10F100005A893B681B899A420DD13B681B68002BCA
:10F1100009D0154B40F2E9321949154809F078F940
:10F120006FF005031BE07B68002B13D07B685A89C6
:10F130007B681B899A420DD17B681B68002B09D024
:10F14000094B40F2EE320E49094809F061F96FF0BF
:10F15000050304E03B68002B7FF461AF00231846F1
:10F160001837BD4680BD00BFCCA2010874A50108B8
:10F170002CA30108A4A50108BCA50108D8A5010875
:10F18000E8A5010880B588B000AFF860B960114605
:10F190001A460B46FB801346BB8000237B8300236B
:10F1A000FB82FB68002B08D12B4B40F20A422B4913
:10F1B0002B4809F02DF900234AE0BB68002B08D149
:10F1C000254B40F20B422749254809F021F900233D
:10F1D0003EE0FB68FB6134E0BB88002B0AD0FB6992
:10F1E0005B89BA889A4205D3FB695B89BA88D31ACE
:10F1F000BB8023E0FB695A89BB88D31A3B833A8BD7
:10F20000FB889A4201D9FB883B837B8BBA68D01874
:10F21000FB695A68BB8813443A8B194609F02DFAEA
:10F22000FA8A3B8B1344FB827A8B3B8B13447B83A0
:10F23000FA883B8BD31AFB800023BB80FB691B68D9
:10F24000FB61FB88002B02D0FB69002BC4D1FB8A39
:10F2500018462037BD4680BDCCA2010814A601087F
:10F260002CA3010834A6010880B584B000AF034682
:10F270003A60FB710B46BB803B681989BA88FB7901
:10F280001846FFF7A1FAF860FB68002B01D10023B4
:10F2900011E03968F868FFF7A3FE0346FB7297F99F
:10F2A0000B30002B06D0064B40F22452054906488D
:10F2B00009F0AEF8FB6818461037BD4680BD00BFA8
:10F2C000CCA2010840A701082CA3010880B500AF1B
:10F2D00008F01AFF03469BB2C3F30D039BB2A3F5DC
:10F2E00080439AB2014B1A8000BF80BD48000024C1
:10F2F00080B582B000AF78607B681B7D012B05D1A3
:10F30000064BD4220649074809F082F879680120A3
:10F31000FEF7C8FE00BF0837BD4680BDCCA7010878
:10F32000FCA7010810A8010880B582B000AF786082
:10F330007B681B7D012B05D1064BDF220649074860
:10F3400009F066F879680220FEF7ACFE00BF0837C6
:10F35000BD4680BDCCA7010838A8010810A8010847
:10F3600080B500AF01F05EF8074B1B780133DAB2CD
:10F37000054B1A70044B1B7803F00103002B01D0DE
:10F3800000F00EFD00BF80BD095E002480B584B092
:10F3900000AF786039603B68002B05D10D4BFF2230
:10F3A0000D490E4809F034F87B68FB600AE0FB6801
:10F3B000DB6F3A689A4202D1FB680022DA67FB6889
:10F3C000DB68FB60FB68002BF1D100BF00BF10378A
:10F3D000BD4680BDCCA7010854A8010810A80108AB
:10F3E00080B584B000AF78607B68002B06D1144BE9
:10F3F00040F211121349144809F00AF87B681B7D8A
:10F40000012B06D00E4B4FF4897210490E4808F0BC
:10F41000FFFF0123FB600BE00D4AFB6852F823302D
:10F420001B6879681846FFF7B1FFFB680133FB6082
:10F43000FB68032BF0D900BF00BF1037BD4680BD6D
:10F44000CCA701087CA8010810A8010888A8010819
:10F45000CCC70108B0B588B004AF78600B46FB702C
:10F460007B68002B06D1634B4FF4AF72624963484F
:10F4700008F0CEFFFB78002B66D07B681B7D042B49
:10F4800003D07B681B7D072B5ED17B689B6F002BB5
:10F4900004D17B681B8DB3F5066F55D07B685B8B01
:10F4A00003F01003002B06D1524B4FF4B2725449B3
:10F4B000524808F0ADFF7B68186D7B685C6A7D6818
:10F4C0007B6804337A68D28A7968098B0291019249
:10F4D00000932B4622460146786805F085FD786842
:10F4E00001F068FB474B1B687A689A4205D1454B8F
:10F4F0001B68DB68434A136013E0424B1B68FB60E8
:10F500000CE0FB68DB687A689A4204D17B68DA68B1
:10F51000FB68DA6005E0FB68DB68FB60FB68002BDA
:10F52000EFD17B680022DA60374B01221A70374B2B
:10F530001B687A689A4202D103F0FCFF02E0786807
:10F54000FFF7D6FE002350E07B681B7D022B3BD0EB
:10F55000022B44DC002B02D0012B2AD03FE07B6839
:10F56000DB8A002B21D02A4B1B687A689A4205D18E
:10F57000274B1B68DB68264A136013E0244B1B688B
:10F58000BB600CE0BB68DB687A689A4204D17B6898
:10F59000DA68BB68DA6005E0BB68DB68BB60BB6843
:10F5A000002BEFD17B680022DA607868FFF7A0FEBD
:10F5B0001AE07868FFF714FF7968164801F04AFBF3
:10F5C0007868FFF7B1FE0FE079680E4801F042FB62
:10F5D0000D4B01221A707868FFF78AFE04E0786804
:10F5E00000F01AF8034600E0002318461037BD4625
:10F5F000B0BD00BFCCA70108A0A8010810A8010851
:10F60000C0A80108005E0024085E0024405E0024BB
:10F61000F85D0024FC5D002480B584B000AF786004
:10F620007B68002B06D12E4B4FF4CE722D492E480D
:10F6300008F0EEFE7B681B7D072B20D0072B2BDC10
:10F64000032B02D0042B0DD026E0786804F0DAFDFD
:10F650000346FB7397F90F30002B1FD17B680522FF
:10F660001A751BE0786804F0CDFD0346FB7397F92B
:10F670000F30002B14D17B6805221A7510E07868D2
:10F6800004F0C0FD0346FB7397F90F30002B09D13E
:10F690007B6809221A7505E000231CE000BF02E028
:10F6A00000BF00E000BF97F90F30002B03D178684E
:10F6B00004F0E6FE0DE097F90F30B3F1FF3F08D1FB
:10F6C0007B685B8B43F008039AB27B685A83002304
:10F6D00001E097F90F3018461037BD4680BD00BFD6
:10F6E000CCA701087CA8010810A8010880B582B049
:10F6F00000AF78607B68002B09D10F4B4FF4F47298
:10F700000E490F4808F084FE6FF00F030FE07B688E
:10F710001B7D012B06D07B685B8B43F010039AB2F4
:10F720007B685A8301217868FFF794FE03461846E8
:10F730000837BD4680BD00BFCCA70108DCA8010882
:10F7400010A8010880B58EB004AF786039607B687E
:10F75000002B07D1524B40F23D225249524808F04B
:10F7600057FE99E07B681B7D012B06D14C4B4FF473
:10F7700010724E494C4808F04BFE7B681B7D0A2BEB
:10F7800007D179684A4801F065FA7868FFF7B0FD5B
:10F7900082E000237B6200237B847B681B6DBB615E
:10F7A0007B685B6A7B617B68D3F890303B617B68E8
:10F7B0001B69FB607B681B7D002B26D17B68DB8A85
:10F7C000002B2ED03B4B1B687A689A4205D1394BEF
:10F7D0001B68DB68374A136013E0364B1B68FB611C
:10F7E0000CE0FB69DB687A689A4204D17B68DA68CE
:10F7F000FB69DA6005E0FB69DB68FB61FB69002BF4
:10F80000EFD17B680022DA600BE03B687B627B68AB
:10F81000DB8A7B847968284801F01CFA274B012297
:10F820001A707B681B6F002B04D07B681B6F184617
:10F8300000F0D8FE7B68DB6E002B04D07B68DB6EAB
:10F84000184600F0CFFE7B685B6F002B04D07B680E
:10F850005B6F184600F0C6FE7B6A002B0ED07968FD
:10F860007B6804337A68128B02927A8C019200933F
:10F870000B467A69B969786805F0B6FB7B681B7D31
:10F88000FB727868FFF734FD3B69002B04D03B69BD
:10F890006FF00C01F86898472837BD4680BD00BF5F
:10F8A000CCA7010810A9010810A801082CA901087B
:10F8B000045E0024F85D0024005E0024085E00243D
:10F8C00080B582B000AF786001217868FFF73AFF19
:10F8D00000BF0837BD4680BD80B588B000AFF86076
:10F8E000B9601346FB8004237B61BB68002B01D108
:10F8F0003E4BBB60FB68002B09D13D4B40F2A92277
:10F900003C493D4808F084FD6FF00F036AE0FB6856
:10F910001B7D002B09D0364B40F2AB2237493648CD
:10F9200008F076FD6FF005035CE0FB88002B09D141
:10F9300000F0F0F90346FB80FB88002B35D16FF017
:10F9400001034FE00023FB612BE02D4AFB6952F8D5
:10F9500023301B68BB611EE0BB69DB8AFA889A42D0
:10F9600016D1BB69002B10D0BB691B68002B0CD0D3
:10F97000BB68002B09D0BB681B68002B05D0BB6996
:10F980001A68BB681B689A4202D16FF0070329E02E
:10F99000BB69DB68BB61BB69002BDDD1FB6901334F
:10F9A000FB61FA697B699A42CFDBBB68002B0CD004
:10F9B000BB681B68002B08D0BB68002B02D0BB685B
:10F9C0001B6800E00023FA681360FB68FA88DA829B
:10F9D0000C4B1A68FB68DA600A4AFB68136005F092
:10F9E000C5FC002318462037BD4680BDF4C701087A
:10F9F000CCA7010860A9010810A8010878A901088E
:10FA0000CCC70108F85D002480B584B000AFF86071
:10FA1000B9601346FB71BB68002B06D1074B40F25F
:10FA20000F320749074808F0F3FCB868FFF748FFB2
:10FA30006FF00C0318461037BD4680BDCCA70108F7
:10FA4000A0A9010810A8010880B582B000AF7860B5
:10FA50000B46FB70FB7800221946786800F006F828
:10FA6000034618460837BD4680BD000080B588B003
:10FA700000AFF8600B467A60FB720023FB61FB6805
:10FA8000002B09D1474B40F259324749474808F00B
:10FA9000BFFCF023FB7679E0FB681B7D002B09D0CF
:10FAA000404B40F25A324249404808F0B1FCF12341
:10FAB000FB766BE0FB681B7D012B04D1FB68FB61CF
:10FAC000F723FB7662E00220FEF77CFAF861FB691F
:10FAD000002B02D1FF23FB7658E0FB681A69FB6913
:10FAE0001A61FB68DA8AFB69DA82FB6901221A75FE
:10FAF000FB685A7DFB695A75FB685A7AFB695A7232
:10FB0000FB6900221A72FB68DA7AFB69DA72FB6819
:10FB10009A7AFB699A72FB681A68FB691A60FB683B
:10FB2000DB8A002B21D0234B1B68FA689A4205D14F
:10FB3000204B1B68DB681F4A136013E01D4B1B68DA
:10FB40007B610CE07B69DB68FA689A4204D1FB6850
:10FB5000DA687B69DA6005E07B69DB687B617B6979
:10FB6000002BEFD1FB680022DA60F868FFF7C0FBDA
:10FB7000FB69114A9A61114B1A68FB69DA600F4AF6
:10FB8000FB69136005F0F2FB0023FB767B68002B1A
:10FB900002D07B68FA7E1A70FB6918462037BD4692
:10FBA00080BD00BFCCA70108C0A9010810A80108AA
:10FBB000F0A90108F85D002409FA0008FC5D0024A2
:10FBC00080B584B000AF78607B68002B06D1254BF0
:10FBD00040F2A6322449254808F01AFC7B685B6A8B
:10FBE0007A68128D1344FB607B68DB6A7A68528EF8
:10FBF000B2F5866F28BF4FF4866292B21344FA685A
:10FC0000D31A002B08DB7B681A8D7B685A857B68CA
:10FC1000DB6AFA68D31A20E07B685A6A7B68DB6A81
:10FC2000D31A002B03DD7B6800225A8514E07B6821
:10FC3000DA6A7B685B6AD31ABB60BB68B3F5803F46
:10FC400006D3084B40F2B6320949084808F0E0FBF9
:10FC5000BB689AB27B685A85002318461037BD46A8
:10FC600080BD00BFCCA7010828AA010810A8010880
:10FC70004CAA010880B584B000AF78600B467B8049
:10FC80007B68002B07D11F4B40F2CF321E491F4823
:10FC900008F0BEFB32E07B681B7D012B06D1194BBF
:10FCA00040F2D2321A49194808F0B2FB7B681A8D2B
:10FCB0007B881344FB81FB89B3F5066F04D87B680E
:10FCC0001B8DFA899A4204D27B684FF406621A852A
:10FCD00002E07B68FA891A857868FFF771FFB860DF
:10FCE000BB68B3F5067F09D37B685B8B43F00203E7
:10FCF0009AB27B685A83786804F0C2FB1037BD461D
:10FD000080BD00BFCCA7010868AA010810A801089F
:10FD100080AA010880B483B000AF0023BB801E4BD3
:10FD20001B8801339AB21C4B1A801B4B1B884FF661
:10FD3000FF72934203D1184B4FF440421A800023C4
:10FD4000FB711EE0FB79154A52F823301B683B60BB
:10FD500011E03B68DA8A104B1B889A4208D1BB88B5
:10FD60000133BB80BB88B3F5804FD8D300230DE0AF
:10FD70003B68DB683B603B68002BEAD1FB790133D1
:10FD8000FB71FB79032BDDD9034B1B8818460C371D
:10FD9000BD465DF8047B704748000024CCC70108CD
:10FDA000B0B590B004AF002387F82530954B1B68A1
:10FDB0000133944A1360944B1B780133DAB2924BAF
:10FDC0001A7000E000BF0023BB62904B1B68FB620F
:10FDD0009DE2FB6A1B7D002B06D18D4B40F2BE429B
:10FDE0008C498D4808F014FBFB6A1B7D012B06D162
:10FDF000874B40F2BF428949874808F009FBFB6AFC
:10FE00001B7D0A2B06D1824B4FF4986284498248AD
:10FE100008F0FEFAFB6A9A7F7B4B1B789A4205D169
:10FE2000FB6ABB62FB6ADB68FB6270E2764B1A78A6
:10FE3000FB6A9A77002387F82730002387F826305B
:10FE4000FB6A1B7D022B0AD1FB6A93F84230052B1B
:10FE500005D997F82730013387F827301EE1FB6A70
:10FE600093F842300B2B05D997F82730013387F8E8
:10FE7000273013E1FB6A93F89930002B75D0FB6AA9
:10FE80001B6F002B06D0624B40F2D442654962489A
:10FE900008F0BEFAFB6ADB6E002B06D15C4B40F229
:10FEA000D54261495C4808F0B3FAFB6A93F89A308E
:10FEB0000B2B05D997F82730013387F82730EDE071
:10FEC000FB6A93F89930013B584AD35C7B74FB6A18
:10FED00093F898307A7C9A4207D9FB6A93F8983065
:10FEE0000133DAB2FB6A83F89820FB6A93F8983002
:10FEF0007A7C9A4200F2D28001233B62FB6AB3F81B
:10FF00006030002B08D1F86A05F062F90346002B37
:10FF100014D000233B6211E0FB6AB3F8603019464D
:10FF2000F86A04F027F80346002B07D1F86A04F0BA
:10FF3000A7FA0346002B01D100233B623B6A002B4A
:10FF400000F0AC80FB6A002283F89820FB6A93F8EB
:10FF50009930062B00F2A280FB6A93F899300133A6
:10FF6000DAB2FB6A83F8992098E0FB6AB3F9303083
:10FF7000002B0FDBFB6AB3F9303047F6FF72934278
:10FF800008D0FB6AB3F930309BB201339BB21AB28E
:10FF9000FB6A1A86FB6AB3F93020FB6AB3F940307A
:10FFA0009A427BDBF86A04F05FFD0346002B07D022
:10FFB000FB6A1B6F002B71D1FB6ADB6E002B6DD0CF
:10FFC000FB6A1B7D022B3AD0FB6A93F842300C2B64
:10FFD00028BF0C23FB76FB6AB3F93C30DB101BB265
:10FFE0001A46FB6AB3F93E301344FA7E10498A5C24
:10FFF00093407B617B6947F6FE7293421ADC7B6912
:020000040801F1
:100000001AB219E0F45D00240A5E0024005E0024A8
:10001000CCA7010810AB010810A801083CAB0108EF
:1000200068AB010898AB0108CCAB0108C4C7010854
:10003000B4C7010847F6FF72FB6AA3F84020FB6AC9
:1000400000221A86FB6AB3F86020FB6AB3F84830D6
:10005000934228BF13467B827B8A5B089AB2FB6A75
:10006000A3F84A20FB6AB3F84A20FB6A5B8E5B0068
:100070009BB29A4206D2FB6A5B8E5B009AB2FB6A25
:10008000A3F84A20FB6A5A8EFB6AA3F84820FB6A51
:100090000022A3F86A20F86A04F056FDFB6A1B7D73
:1000A000062B11D1FB6A5B8B03F01003002B0BD0E6
:1000B0009C4B1A68FB6A1B6AD31A282B04D997F841
:1000C0002730013387F82730FB6A5B7A03F0080397
:1000D000002B4AD0FB6A1B7D042B03D0FB6A1B7DDF
:1000E000072B42D18F4B1A68FB6A1B6AD21AFB6A34
:1000F000D3F894108C4B0B448C49A1FB03135B0980
:100100009A420AD997F82730013387F8273097F8B1
:100110002630013387F8263027E0824B1A68FB6AC5
:100120001B6AD21AFB6AD3F89410FB6A93F89B30CF
:1001300018467F4B00FB03F30B447C49A1FB0313E0
:100140005B099A4211D9F86A05F002F8034687F86C
:10015000253097F92530002B07D1FB6A93F89B30A7
:100160000133DAB2FB6A83F89B20FB6A5B6F002BDA
:1001700011D06C4B1A68FB6A1B6AD21AFB6AB3F97E
:10018000403019460B465B000B445B009A4202D399
:10019000F86A00F0C3FEFB6A1B7D032B0BD1614B99
:1001A0001A68FB6A1B6AD31A282B04D997F82730E0
:1001B000013387F82730FB6A1B7D092B0BD1594B84
:1001C0001A68FB6A1B6AD31AF02B04D997F82730F8
:1001D000013387F8273097F82730002B60D0FB6A6F
:1001E000D3F89030FB60F86A00F0E4FCBB6A002BA7
:1001F00010D0504B1B68FA6A9A4206D14E4B40F21F
:100200006D524E494E4808F003F9FB6ADA68BB6A42
:10021000DA600FE0474B1B68FA6A9A4206D0464BF9
:1002200040F271524749464808F0F2F8FB6ADB6831
:10023000404A136097F82630002B13D0FB6A186DE4
:10024000FB6A5C6AFD6AFB6A0433FA6AD28AF96A5D
:10025000098B0291019200932B4622460146F86ACF
:1002600004F0C2FEFB6A1B69BB60FB6A1B7DFB716D
:10027000FB6A3B60FB6ADB68FB623868FFF738F8B3
:10028000314B00221A70FB68002B04D0FB686FF022
:100290000C01B86898472C4B1B78002B37D092E59F
:1002A000FB6ABB62FB6ADB68FB62BB6A1B7F0133D4
:1002B000DAB2BB6A1A77BB6A1A7FBB6A5B7F9A4263
:1002C00025D3BB6A00221A771F4B00221A70BB6A23
:1002D000D3F88C30002B0BD0BB6AD3F88C30BA6AC1
:1002E0001269B96A10469847034687F8253002E03C
:1002F000002387F82530144B1B78002B7FF462AD68
:1003000097F92530002B02D1B86A04F0B9F8FB6ADE
:10031000002B7FF45EAD0023BB620C4B1B68FB62BD
:1003200069E000BFF45D0024B84C0A00D34D6210B0
:10033000F8240100005E0024CCA7010804AC0108E9
:1003400010A8010830AC0108085E0024045E0024F7
:10035000FB6A1B7D0A2B06D02B4B40F2A1522B4986
:100360002B4808F055F8002387F82730294B1A68E6
:10037000FB6A1B6AD31AF02B04D997F82730013394
:1003800087F8273097F82730002B2FD0F86A00F035
:1003900011FCBB6A002B10D01F4B1B68FA6A9A42F3
:1003A00006D1194B40F2AF521C49194808F030F8F9
:1003B000FB6ADA68BB6ADA600FE0174B1B68FA6AFF
:1003C0009A4206D0104B40F2B3521549104808F03B
:1003D0001FF8FB6ADB68104A1360FB6AFB61FB6A6B
:1003E000DB68FB62F869FEF783FF04E0FB6ABB622F
:1003F000FB6ADB68FB62FB6A002BA9D100BF00BF70
:100400003037BD46B0BD00BFCCA701085CAC0108C9
:1004100010A80108F45D0024045E00248CAC0108DF
:10042000B4AC010880B582B000AF2D4B1B7801330E
:10043000DAB22B4B1A702B4B1B687B6048E07B6851
:100440009A7F274B1B789A423FD0254B1A787B68BE
:100450009A777B685B8B03F00103002B10D07B68DD
:100460005B8B43F002039AB27B685A83786804F08E
:1004700007F87B685B8B23F003039AB27B685A838F
:100480007B685B8B03F00803002B09D07B685B8BD8
:1004900023F008039AB27B685A837868FFF7BCF8A8
:1004A0007B68DB683B607B689B6F002B0AD00E4B40
:1004B00000221A70786800F019F80B4B1B78002B9B
:1004C00000D0B8E73B687B6002E07B68DB687B605C
:1004D0007B68002BB3D100BF00BF0837BD4680BD8D
:1004E0000A5E0024005E0024085E002490B585B0FA
:1004F00000AF78607B68002B09D1374B40F209626E
:100500003649374807F084FF6FF00F0360E07B68DF
:100510009B6F5B7BBB737B689B6FBB607B680022C0
:100520009A677B68D3F88430002B0BD07B68D3F8B4
:1005300084407B6818690023BA687968A04703463D
:10054000FB7307E00023BA687968002000F0C2F866
:100550000346FB7397F90F30002B2AD1BB7B03F0C6
:100560002003002B33D07B681B8DB3F5066F05D0BD
:100570007B681B8D01339AB27B681A857B68D3F840
:100580008430002B0BD07B68D3F884407B681869DB
:10059000002300227968A0470346FB7301E0002393
:1005A000FB7397F90F3013F10D0F10D16FF00C039F
:1005B0000EE097F90F3013F10D0F02D16FF00C031D
:1005C00006E07B68BA689A676FF0040300E00023D6
:1005D00018461437BD4690BDCCA70108DCAC010815
:1005E00010A8010880B584B000AF786007E07B6890
:1005F0001B68FB60786800F00AF8FB687B607B682A
:10060000002BF4D100BF00BF1037BD4680BD80B5C0
:1006100082B000AF78607B68002B0CD07B685B6891
:10062000002B04D07B685B681846FEF7B1FB796845
:100630000320FDF737FD00BF0837BD4680BD000031
:1006400080B582B000AF78600B46FB707B68002BF2
:1006500007D1074B4FF4CE620649074807F0D8FE92
:1006600002E07B68FA785A750837BD4680BD00BF46
:10067000CCA7010804AD010810A8010880B584B01A
:1006800000AF78607B68002B06D10F4B40F282628E
:100690000E490F4807F0BCFE0320FDF793FCF860FD
:1006A000FB68002B01D100230AE010227968F8686A
:1006B00007F0E3FFFB685B681846FEF709FCFB6880
:1006C00018461037BD4680BDCCA7010820AD0108F3
:1006D00010A8010880B584B000AFF860B9607A60F6
:1006E000FB70BB68002B09D1124B4FF4D362124947
:1006F000124807F08DFE6FF00F0316E07B68002BA9
:1007000009D07B681B891946B868FFF7B3FA786887
:10071000FEF73EFB08E097F90330002B04D1B868E0
:10072000FEF7E4FF034600E0002318461037BD46FD
:1007300080BD00BFCCA701083CAD010810A801088E
:1007400080B586B000AF0346FB7197F90730002BE8
:1007500001DBFB7900E07F23FB72FB7A002B34D0B6
:10076000FB7A013BFB720023FB6000233B61194BCA
:100770001B687B611FE07B695B7DFA7A9A420CD82B
:100780007B695B7DFA7A9A4212D1134B1A687B69B6
:100790001B6AD31AFA689A420AD80F4B1A687B6907
:1007A0001B6AD31AFB607B693B617B695B7DFB72D3
:1007B0007B69DB687B617B69002BDCD13B69002BAB
:1007C00004D03869FFF77CF800E000BF1837BD4659
:1007D00080BD00BF005E0024F45D002480B586B0BB
:1007E00000AF0346FB71FB79082B09D0FB79092B7D
:1007F00006D01A4B40F2DD6219491A4807F008FE8C
:100800000023FB6000233B61174B1B687B6117E0F3
:100810007B691B7DFA799A420FD1144B1A687B6968
:100820001B6AD31AFA689A4207D8104B1A687B6978
:100830001B6AD31AFB607B693B617B69DB687B6168
:100840007B69002BE4D13B69002B03D00021386980
:10085000FEF778FF00BF1837BD4680BDCCA7010862
:1008600058AD010810A80108005E0024F45D0024C2
:1008700080B584B000AF00237B600023BB60124BC7
:100880001B68FB6012E0114B1A68FB681B6AD31AE5
:100890007A689A4207D80D4B1A68FB681B6AD31A0C
:1008A0007B60FB68BB60FB68DB68FB60FB68002B60
:1008B000E9D1BB68002B02D0B868FFF701F800BF90
:1008C0001037BD4680BD00BF045E0024F45D0024E7
:1008D00080B582B000AF104B1B687B6014E07B6872
:1008E000DB683B607B685B8B03F00803002B09D05F
:1008F0007B685B8B23F008039AB27B685A83786825
:10090000FEF78AFE3B687B607B68002BE7D100BF67
:1009100000BF0837BD4680BD005E002480B584B0AE
:1009200000AF0346FB710120FDF74CFBF860FB684C
:10093000002B26D1FFF7CCFFFFF79AFF0120FDF730
:1009400041FBF860FB68002B1BD10920FFF746FF35
:100950000120FDF737FBF860FB68002B11D1082060
:10096000FFF73CFF0120FDF72DFBF860FB68002B33
:1009700007D1FB791846FFF7E3FE0120FDF722FBC4
:10098000F860FB68002B3FD09C220021F86807F03C
:10099000A4FDFB68FA795A75FB684FF48662A3F8E8
:1009A0006420FB684FF406625A85FB685A8DFB6829
:1009B0001A85FB68FF22DA72FB684FF406725A86CA
:1009C000FB680622A3F84020FB680622DA87FB6852
:1009D0004FF6FF721A86FB680122A3F848200D4BE0
:1009E0001A68FB681A620C4B1A78FB689A77FB68E6
:1009F0004FF48662A3F84A20FB68084AC3F88420B3
:100A0000FB68074AC3F89420FB6818461037BD46B8
:100A100080BD00BFF45D00240A5E0024D5060108F5
:100A200000DD6D0080B500AF4020FFF777FF034683
:100A3000184680BD80B483B000AF786039607B68B1
:100A4000002B02D07B683A681A6100BF0C37BD46A4
:100A50005DF8047B7047000080B582B000AF78601D
:100A600039607B68002B0ED07B681B7D012B06D183
:100A7000074B40F2DF720749074807F0C9FC7B6863
:100A80003A68C3F8842000BF0837BD4680BD00BF68
:100A9000CCA7010868AD010810A8010880B582B094
:100AA00000AF786039607B68002B0ED07B681B7DBF
:100AB000012B06D1074B40F2F3720749074807F0B4
:100AC000A7FC7B683A68C3F8802000BF0837BD46A2
:100AD00080BD00BFCCA7010890AD010810A8010897
:100AE00080B582B000AF786039607B68002B0ED093
:100AF0007B681B7D012B06D1074B40F60D02074991
:100B0000074807F085FC7B683A68C3F8902000BF6F
:100B10000837BD4680BD00BFCCA70108B8AD0108AD
:100B200010A8010880B485B000AF786039607B6898
:100B3000002B08D07B681B7D012B04D17B68FB60F8
:100B4000FB683A689A6100BF1437BD465DF8047BC4
:100B50007047000080B584B000AFF860B9601346FC
:100B6000FB71FB68002B07D10E4B40F63D020E498E
:100B70000E4807F04DFC11E0FB681B7D012B06D1F0
:100B8000084B40F63E020A49084807F041FCFB6862
:100B9000BA68C3F88C20FB68FA795A771037BD46DB
:100BA00080BD00BFCCA70108E0AD010810A8010876
:100BB000F8AD010880B582B000AF78607B68002B8B
:100BC00007D1214B40F651022049214807F020FC73
:100BD00037E07B681B7D002B33D07B681B7D0A2BA5
:100BE0002FD07B681B7D012B2BD07B689B6F002B4C
:100BF00007D07B689B6F1846FEF7CAF87B68002217
:100C00009A677B685B6F002B02D0786800F086F9EA
:100C10007B684FF6FF721A867B68DB6E1846FFF71B
:100C2000E1FC7B681B6F1846FFF7DCFC7B68002249
:100C3000DA667B68DA6E7B681A677B680022A3F845
:100C400068200837BD4680BDCCA7010818AE010852
:100C500010A8010880B584B000AF786039603B68A7
:100C6000002B06D13E4B40F683023E493E4807F03A
:100C7000CFFB7B68002B06D1394B40F684023B4901
:100C8000394807F0C5FB7B681B683A689A4205D172
:100C90007B681B68DA687B681A6013E07B681B68F6
:100CA000FB600CE0FB68DB683A689A4204D13B6861
:100CB000DA68FB68DA6005E0FB68DB68FB60FB680C
:100CC000002BEFD13B680022DA603868FFF772FF33
:100CD0003B681B7D0A2B13D03B681B7D012B0FD07B
:100CE0003B685B8B03F00103002B09D03B685B8BF7
:100CF00043F002039AB23B685A83386803F0C0FBA2
:100D00003B681B7D012B20D03B68DB6E002B06D09F
:100D1000134B40F693021649134807F079FB3B68E2
:100D20001B6F002B06D00E4B40F6940211490E4863
:100D300007F06EFB3B685B6F002B06D0084B40F65C
:100D400096020D49084807F063FB3B6800221A75BC
:100D50003B680022DA8200BF1037BD4680BD00BF6D
:100D6000CCA7010834AE010810A8010850AE010854
:100D700070AE010888AE0108A4AE010880B582B04B
:100D800000AF78607B68002B06D10A4B40F6AF02BB
:100D900009490A4807F03CFB094B1A68094B1B68D4
:100DA0001344074A1360064B1B6818460837BD46B4
:100DB00080BD00BFCCA70108BCAE010810A8010887
:100DC0004C000024F45D002480B586B000AF0346DB
:100DD000B9607A60FB817B68002B06D1144B40F62A
:100DE000C5021449144807F013FBBB68002B01D15E
:100DF000FB8919E0BB689B8CFB82FB8A002B12D01D
:100E00002823BB82FA8ABB8A9A4204D9FA8ABB8A0F
:100E1000D31A9BB200E000237B827A8AFB8993423B
:100E200028BF1346FB81FB8918461837BD4680BD95
:100E3000CCA70108D8AE010810A8010880B584B07D
:100E400000AF786039603B68FB607B68002B19D18C
:100E5000104B4FF410621049104807F0D9FA11E016
:100E6000FB681A687B681B689A4208D1FB68DB68DC
:100E7000BB60F868FEF724FDBB68FB6002E0FB681E
:100E8000DB68FB60FB68002BEAD100BF00BF1037B6
:100E9000BD4680BDCCA7010800AF010810A801081D
:100EA00080B584B000AF786039607B68002B2AD0B1
:100EB0007B681B68002B26D0154B1B681946786889
:100EC000FFF7BCFF134B1B6819467868FFF7B6FFA6
:100ED0003B68002B17D03B681B68002B13D00E4BD0
:100EE0001B68FB600CE0FB681A687B681B689A4211
:100EF00003D13B681A68FB681A60FB68DB68FB601B
:100F0000FB68002BEFD100BF1037BD4680BD00BF8E
:100F1000005E0024F85D0024FC5D002480B582B0F2
:100F200000AF78607B685B6F002B07D07B685B6FDE
:100F30001846FFF757FB7B6800225A6700BF083747
:100F4000BD4680BD90B58DB004AF786039607B68D8
:100F5000002B05D19B4B83229B499C4807F058FAF4
:100F60007B685B689A4A13607B685B89132B40F24D
:100F7000D183984B5B69974A12681146184606F070
:100F80008FF80346002B40F0C783924B5B6903F058
:100F9000F003E02B00F0C0838D4B1B689B899BB254
:100FA0001846FCF7DFFA03461B0B9BB2DBB29B0033
:100FB000BB74BB7C132B40F2B183BB7C9AB27B68C1
:100FC0001B899A4200F2AA83BB7C9BB2143B9AB263
:100FD000814B1A80814B00221A607B685A89BB7C46
:100FE0009BB29A4209D37C4B1A887D4B1A80BB7CFA
:100FF00019467868FDF746FE4EE07B681B68002BBB
:1010000005D1704BC2227749704807F001FA1421CC
:101010007868FDF737FE7B685A89714B1A806E4BF2
:101020001A886F4B1B88D31A3B826D4B1B8819465D
:101030007868FDF727FE7B681B685B893A8A9A42CD
:1010400000F26E837B681B685B68644A13607B6890
:101050001B683A8A11461846FDF714FE7B681A8908
:101060003B8AD31A9AB27B681A817B685B89002B12
:1010700005D0544BDF225C49544807F0C9F97B681E
:101080001A897B681B681B899A4205D04D4BE02268
:1010900056494E4807F0BCF94D4B1B681B889BB264
:1010A0004B4A14681846FCF75DFA03462380484B08
:1010B0001B685B889BB2464A14681846FCF752FAD4
:1010C00003466380424B1B685B68414A14681846BC
:1010D000FCF75DFA034663606368454A13603C4B66
:1010E0001B689B683A4A14681846FCF750FA034696
:1010F000A360A3683F4A1360354B1B68DB899BB232
:10110000334A14681846FCF72DFA0346E381304B46
:101110001B689B899BB21846FCF724FA0346DBB296
:1011200003F03F03DAB2344B1A707B681A89334BF1
:101130001A80314B1B7803F00303002B0CD02F4B8C
:101140001B8801339AB22D4B1A807B681A892B4B6E
:101150001B889A4200F2E6820023BB61284B1B6881
:10116000FB619DE0FB691B7D002B05D1154BFB222C
:101170002449164807F04CF9FB691B7D0A2B05D161
:10118000104BFC222049114807F042F9FB691B7DF6
:10119000012B05D10B4BFD221C490C4807F038F9F7
:1011A000FB691B7A002B33D0FB691A7A094B5B6809
:1011B00093F830300133DBB29A4229D0FB69BB612E
:1011C0006BE000BF34AF010868AF010880AF0108D1
:1011D0001C5E0024D82E0024205E0024245E0024FF
:1011E000225E0024A8AF0108B8AF0108C4AF01080F
:1011F0002C5E0024305E0024385E0024365E00241D
:10120000005E0024E4AF01080CB0010838B001080A
:10121000FB691A8B724B1B681B889BB29A423AD1AE
:10122000FB69DA8A6E4B1B685B889BB29A4232D1AB
:10123000FB695A686B4B1B699A422CD1FB691A688F
:10124000684B5B699A4226D1FB69DB68FA699A426E
:1012500006D1654B40F20D126449654807F0D8F895
:10126000BB69002B0AD0FB69DA68BB69DA60614BA5
:101270001A68FB69DA605F4AFB691360FB69DB6827
:10128000FA699A4211D1584B40F215125A495848FE
:1012900007F0BEF809E0FB69BB61FB69DB68FB6135
:1012A000FB69002B7FF45EAF00E000BFFB69002B01
:1012B00040F0AA80514B1B68FB613FE0FB691B7D3E
:1012C0000A2B06D0484B40F21F124D49484807F000
:1012D0009FF8FB691B7A002B09D0FB691A7A414BF6
:1012E0005B6893F830300133DBB29A4222D1FB695C
:1012F0001A8B3B4B1B681B889BB29A421BD1FB6924
:10130000DA8A374B1B685B889BB29A4213D1FB6920
:101310005A68344B1B699A420DD1FB691A68314BEC
:101320005B699A4207D1F86900F056FB7868FDF7CF
:101330002FFDFDE100BFFB69DB68FB61FB69002B52
:10134000BCD10023BB612F4B1B687B612AE07B690A
:101350001B7A002B0CD07B691A7A224B5B6893F8BE
:1013600030300133DBB29A4202D07B69BB6116E0B8
:101370007B69DA8A1A4B1B685B889BB29A420CD154
:101380007B691A68174B5B699A420FD07B69002B07
:101390000DD07B691B68002B09D07B69BB617B6921
:1013A000DB687B617B69002BD1D100E000BF7B69EA
:1013B000002B29D0BB69002B0AD07B69DA68BB6996
:1013C000DA60104B1A687B69DA600E4A7B69136039
:1013D000786900F003FA7868FDF7DAFCA8E100BF4D
:1013E0001C5E0024D82E002434AF010860B0010830
:1013F00080AF0108005E00248CB00108045E002468
:10140000B8B00108FC5D0024FB69002B00F0588196
:10141000954B00221A607B681A89934B1A81924A75
:101420007B685360914B1B688F4AD360904B0022BE
:101430001A60904B00221A708F4B00221A808F4B3B
:101440001B7803F00803002B06D07B685B7B43F01E
:101450000103DAB27B685A73FB699B6F002B17D0CC
:10146000F869FFF743F8034613F10D0F07D0FB6946
:101470009B6F002B0CD0824B1B88002B08D0FB6984
:101480005B8D002B40F0E380F86903F0FFFDDEE0A8
:101490007C4AFB691360F86900F018FB0346FB7493
:1014A00097F9133013F10D0F00F0D380714B1B78B7
:1014B00003F00803002B15D0FB69D3F89030002B04
:1014C00008D0FB69D3F89030FA6912696FF00D010A
:1014D00010469847F9696C48FFF7BCFBF869FDF7BF
:1014E00007FFDAE00023FB74634B1B88002B1DD041
:1014F000614B1B88FB81FB69D3F88030002B0AD03D
:10150000FB69D3F88030FA691069FA89F96998475C
:101510000346FB7401E00023FB7497F9133013F1C9
:101520000D0F00F09880544B00221A80F86900F0EB
:1015300015F90346002B40F090804D4B1B68002BA3
:1015400041D0FB699B6F002B06D0504B4FF4F372D8
:101550004F49504806F05CFFFB695B8B03F01003BA
:10156000002B08D0424B1B681846FDF711FCF869A8
:10157000FEF7A6F991E0FB69D3F88430002B0CD07C
:10158000FB69D3F88440FB691869394B1A6800235A
:10159000F969A0470346FB7408E0354B1A6800233D
:1015A000F9690020FFF796F80346FB7497F91330AA
:1015B00013F10D0F53D097F91330002B03D02C4BA0
:1015C0001A68FB699A672B4B1B7803F02003002BEA
:1015D00030D0FB699B6F002B09D0FB699B6F5A7B56
:1015E000FB699B6F42F02002D2B25A7322E0FB6982
:1015F0001B8DB3F5066F05D0FB691B8D01339AB2C5
:10160000FB691A85FB69D3F88430002B0BD0FB698A
:10161000D3F88440FB69186900230022F969A047C8
:101620000346FB7401E00023FB7497F9133013F1B8
:101630000D0F16D0134B00221A60F86900F08EF8D7
:101640000346002B28D1F86902F01AFF25E000BFFD
:1016500023E000BF21E000BF1FE000BF1DE000BF8E
:101660001BE000BF19E000BF0C5E00241C5E0024DC
:101670003C5E0024395E0024345E0024385E002481
:10168000365E0024405E0024005E002434AF010872
:10169000E8B0010880AF010800BF274B00221A60A4
:1016A000264B00221A60264B5B68002B3FD0244B50
:1016B0005B681846FDF76CFB214B00225A6036E050
:1016C000204B1B689B899BB21846FBF74BFF0346D8
:1016D000DBB203F00403002B18D11B4B19681B4B22
:1016E0001B881A461A4B1B68D018164B1B685B8860
:1016F0009BB2144A1268128892B202920193154B5F
:101700000093154B0246002003F06EFC7868FDF74D
:101710003FFB0CE000BF06E000BF04E000BF02E0BA
:1017200000BF00E000BF7868FDF732FB00E000BFBB
:101730002437BD4690BD00BF405E00243C5E0024BF
:101740000C5E00241C5E0024305E0024365E002403
:101750002C5E0024E82E0024EC2E002480B582B0FC
:1017600000AF78607B68002B06D1174B40F25A22FD
:101770001649174806F04CFE164B1B7803F0100371
:10178000002B1CD07B685B8B03F01003002B0DD16A
:101790007B68D3F89030002B08D07B68D3F890306A
:1017A0007A6812696FF00E011046984779680A4806
:1017B000FFF750FA7868FDF79BFD012300E0002356
:1017C00018460837BD4680BD34AF010804B1010892
:1017D00080AF0108395E0024005E002490B58BB014
:1017E00004AF78606F4B1B7803F00403002B40F0CC
:1017F000D2807B68002B06D16B4B40F281226B4973
:101800006B4806F005FE674B1B7803F01003002BB6
:1018100019D0684B1968684B1B881A46674B1B68C0
:10182000D018674B1B685B889BB2654A12681288A8
:1018300092B202920193634B0093634B0246786825
:1018400003F0D2FBA9E0574B1B7803F00203002BF7
:1018500000F0A3807B685B7D1846FFF75FF8786136
:101860007B69002B11D17B689B69002B0AD07B68B8
:101870009B697A6810694FF0FF3200219847034650
:10188000BB738BE0F023BB7388E0504B5A697B69D4
:101890001A604E4B1A697B695A607B68DA8A7B69E9
:1018A000DA82474B1B681B889AB27B691A837B6973
:1018B00003221A75414B1B685A1C7B695A627B696B
:1018C0005A6A7B69DA627869FFF758FA38617B698E
:1018D0003A699A657B693A691A657B693A695A641B
:1018E0007B693A69DA65354B1B685A1E7B695A6514
:1018F0007B681A697B691A617B697A68DA677B6839
:101900005B7A03F00C03DAB27B695A727B681A7A4D
:101910007B691A722E4B1A687B69DA602C4A7B69E4
:10192000136003F023FD2B4B01221A70786901F03C
:101930008BFD234B1B68DB899AB27B69A3F860207F
:101940007B69B3F860207B69A3F862207B695C8EB9
:101950007B690433184605F00DF901467B690433B1
:101960001A462046FFF730FA03461A467B695A8624
:101970001221786902F096FC0346FB7397F90F3049
:10198000002B04D000217869FDF7DCFE06E07869C1
:1019900002F076FD01E000BF00E000BF1C37BD464D
:1019A00090BD00BF385E002434AF01082CB101089F
:1019B00080AF0108305E0024365E00242C5E0024D7
:1019C0001C5E0024E82E0024EC2E0024D82E0024D7
:1019D000005E0024085E002480B586B004AF786005
:1019E0002F4B1B7803F00403002B53D17B68002B93
:1019F00006D12C4B40F2EE222B492C4806F008FD74
:101A0000274B1B7803F00203002B2AD0284B1A68BF
:101A10007B685B6AD31A002B2DDB254B1A687B6829
:101A20005B6A7968098D0B44D31A002B23DC214BA8
:101A30001968214B1B881A461D4B1B68D0181F4B79
:101A40001B685B889BB21D4A1268128892B2029290
:101A500001931B4B00931B4B0246786803F0C4FABA
:101A60001BE00F4B1B7803F00103002B03D0164B38
:101A70001A687B681A62104B1B88002B0CD07B689D
:101A80005B8B43F002039AB27B685A83786802F05A
:101A9000F7FC01E000BF00E000BF0837BD4680BD95
:101AA000385E002434AF01084CB1010880AF010852
:101AB0002C5E0024305E0024365E00241C5E002470
:101AC000E82E0024EC2E0024F45D002490B58DB0A7
:101AD00004AF78600023FB760023BB767B68002B85
:101AE00006D19D4B4FF447729C499D4806F090FCEF
:101AF0009C4B1B7803F00403002B4ED07B681B7DAE
:101B0000022B08D17B681A6D974B1B689A4223D130
:101B10000123FB7620E07B685A6A944B1B689A424B
:101B200002D10123FB7617E0904B1A687B685B6A51
:101B3000D31A002B10DB8D4B1A687B685B6A7968BF
:101B4000098D0B44D31A002B06DC7B685B8B43F0BA
:101B500002039AB27B685A83FB7E002B1BD07B6802
:101B60001B7D002B06D17C4B4FF44E7280497C4884
:101B700006F04EFC7F4B1B7843F00803DAB27D4B36
:101B80001A707B685B8B23F001039AB27B685A83DF
:101B90006FF00D037AE3002378E3724B1B7803F0B8
:101BA0000203002B10D07B681B7D022B0CD07B68BE
:101BB0001B7D032B08D07B685B8B43F002039AB23A
:101BC0007B685A83002361E37B685B8B03F010031F
:101BD000002B03D1684B1A687B681A627B6800226D
:101BE00083F89B207B68002283F89A20786801F0B4
:101BF0002BFC7B681B7D023B072B00F2378301A285
:101C000052F823F0251C0108551E0108CD1F0108BC
:101C1000F71F01081B210108CD1F0108A72101089A
:101C2000372201084F4B1B7803F01003002B00F004
:101C3000E4804C4B1B7803F00203002B00F0DD80A6
:101C40007B685B6C5A1C484B1B689A4240F0D580FD
:101C5000464B1B685A1C7B685A627B685A6A7B68D1
:101C6000DA62414B1A687B685A64444B1B68DB8913
:101C70009AB27B68A3F860207B68B3F860207B6829
:101C8000A3F86220394B1B685A1E7B685A657B6833
:101C900004221A757B685C8E7B680433184604F056
:101CA00069FF01467B6804331A462046FFF78CF82B
:101CB00003461A467B685A867B685B8E9A007B686F
:101CC0005B8E5B0041F21C118B4238BF0B469A427F
:101CD00004D27B685B8E9B009BB20DE07B685B8EC1
:101CE0005B0041F21C12934204D97B685B8E5B005F
:101CF0009BB201E041F21C137A68A2F848307B687D
:101D0000B3F86630002B06D1134B4FF45B721C49BD
:101D1000134806F07DFB7B68B3F86630013B9AB24E
:101D20007B68A3F866207B681B6FFB61FB69002B57
:101D30002AD17B68DB6EFB61FB69002B06D1064B69
:101D40004FF45D720F49064806F062FBFB691A68A2
:101D50007B68DA661CE000BF34AF01086CB1010893
:101D600080AF0108385E0024305E00242C5E002421
:101D700088B10108395E0024F45D00241C5E002453
:101D8000A8B10108C0B10108FB691A687B681A672D
:101D9000F869FEF73CFC7B681B6F002B04D17B6865
:101DA0004FF6FF721A8606E07B6800221A867B686F
:101DB000002283F842207B68D3F88830002B0AD0B9
:101DC0007B68D3F888307A68106900227968984770
:101DD0000346BB7601E00023BB7697F91A3013F176
:101DE0000D0F02D16FF00C0350E27B685B8B43F068
:101DF00002039AB27B685A833AE2984B1B7803F04D
:101E00001003002B00F03482954B1968954B1B880A
:101E10001A46954B1B68D018944B1B685B889BB285
:101E2000924A1268128892B202920193904B0093E8
:101E3000904B0246786803F0D7F87B6893F84230FD
:101E4000052B00F215827B6800221A86786802F062
:101E5000A3FE0DE2814B1B7803F01003002B00F072
:101E6000A1807F4B1A687B685B6CD31A013B002B07
:101E70007EDB7B4B1A687B681B6DD31A002B77DCEB
:101E80007B6804221A757B68DB6F002B02D1FA2372
:101E9000BB761DE07B68DB6F9B69002B06D1764B20
:101EA0004FF46A727549764806F0B2FA7B68DB6FC8
:101EB0009B69002B0AD07B68DB6F9B697A6810698D
:101EC0000022796898470346BB7601E0F023BB7691
:101ED00097F91A30002B0AD097F91A3013F10D0F29
:101EE00002D07868FDF7ECFC6FF00C03CEE1786867
:101EF00000F0E0FA634B1B88002B05D0614B1B8878
:101F0000013B9AB25F4B1A807B685B8E9A007B68BC
:101F10005B8E5B0041F21C118B4238BF0B469A422C
:101F200004D27B685B8E9B009BB20DE07B685B8E6E
:101F30005B0041F21C12934204D97B685B8E5B000C
:101F40009BB201E041F21C137A68A2F848304E4B74
:101F50001B7803F02003002B37D07B685B8B43F0AA
:101F600002039AB27B685A837B6807221A752CE0B9
:101F70003B4B19683B4B1B881A463B4B1B68D018E0
:101F80003A4B1B685B889BB2384A1268128892B23F
:101F900002920193364B0093364B0246786803F069
:101FA00023F867E12D4B1B7803F00203002B00F0B0
:101FB00061817B685B6A5A1E2B4B1B689A4240F01A
:101FC0005981786802F00AFE54E153E1786800F024
:101FD00071FA2D4B1B7803F02003002B00F04C818D
:101FE0007B685B8B43F002039AB27B685A837B6801
:101FF00007221A7540E1786800F05CFA224B1B78E2
:1020000003F02003002B71D0144B1B7803F0100356
:10201000002B60D07B681A6D114B1B689A425AD115
:102020007B68DB6E002B56D17B685B8B43F0020331
:102030009AB27B685A837868FEF7BCFD134B1B6825
:102040007A689A4205D1114B1B68DB680F4A13600E
:102050002EE00E4B1B687B6127E000BF385E00243A
:10206000305E0024365E00242C5E00241C5E0024BA
:10207000E82E0024EC2E002434AF0108D4B101086E
:1020800080AF0108345E0024395E0024005E002425
:102090007B69DB687A689A4204D17B68DA687B697D
:1020A000DA6005E07B69DB687B617B69002BEFD13F
:1020B0007B680022DA60774B01221A707B680A2263
:1020C0001A75754B1A687B68DA60734A7B6813600F
:1020D00003F04CF9D2E07B685B8B43F002039AB2C9
:1020E0007B685A837B6808221A75C7E06B4B1B78A4
:1020F00003F01003002B00F0C1807B681A6D684B61
:102100001B689A4240F0BA807B68DB6E002B40F07F
:10211000B5807B6806221A75B0E0786800F0CAF9CD
:10212000604B1B7803F02003002B00F0A9807B6834
:102130005B8B43F002039AB27B685A837868FEF7A0
:1021400039FD594B1B687A689A4205D1564B1B687A
:10215000DB68554A136013E0534B1B683B610CE08E
:102160003B69DB687A689A4204D17B68DA683B692C
:10217000DA6005E03B69DB683B613B69002BEFD12E
:102180007B680022DA60434B01221A707B680A22C6
:102190001A75414B1A687B68DA603F4A7B681360A6
:1021A00003F0E4F86CE0786800F084F93B4B1B78AE
:1021B00003F01003002B65D07B681A6D384B1B6849
:1021C0009A425FD17B68DB6E002B5BD17868FEF7AB
:1021D000F1FC354B1B687A689A4205D1324B1B687B
:1021E000DB68314A136013E02F4B1B68FB600CE087
:1021F000FB68DB687A689A4204D17B68DA68FB681E
:10220000DA6005E0FB68DB68FB60FB68002BEFD160
:102210007B680022DA601F4B01221A707B680A2259
:102220001A751D4B1A687B68DA601B4A7B6813605D
:1022300003F09CF826E0786800F03CF9174B1B7817
:1022400003F01003002B1FD07B681A6D144B1B6822
:102250009A4219D17B68DB6E002B15D1114B1B788C
:1022600043F01003DAB20F4B1A700DE000BF0CE020
:1022700000BF0AE000BF08E000BF06E000BF04E0C6
:1022800000BF02E000BF00E000BF00231846243773
:10229000BD4690BD085E0024045E0024385E002424
:1022A000305E0024395E0024005E002490B585B0C5
:1022B00000AF786039607B68002B06D13B4B40F261
:1022C0001F423B493B4806F0A3F87B68DB689B89CB
:1022D0009BB21846FBF746F90346DBB203F0010355
:1022E000002B28D03868FEF77DF900233B6056E0CC
:1022F0003B68DB689B899BB21846FBF733F90346C2
:10230000DBB203F00103002B0DD07B68DB689B89F7
:102310009CB20120FBF726F903461A467B68DB686E
:10232000224392B29A813B68FB603B681B683B602A
:10233000F868FEF76CF93B68002B0ED07B681B89B0
:102340001A461D4B1B681A443B68DB685B6839689A
:1023500009890B44D31A002BCADA3B68002B1ED024
:102360007B681B891A46144B1B681A443B68DB6860
:102370005B68D31A002B12DD3B68DB685B689AB29E
:102380000D4B1B689BB2D31A9AB27B681A817B688B
:102390005A687B681B8919461046FCF773FB7B68FB
:1023A0003A681A6000BF1437BD4690BD34AF0108CB
:1023B000F4B1010880AF01082C5E0024B0B586B0EE
:1023C00000AFF860B9607A603B603EE0BB687B615B
:1023D000BB681B68BB607B695B681846FCF760FDE7
:1023E00003467B82FB68B3F866307A8A9A4206D944
:1023F0002A4B40F257422A492A4806F009F8FB685E
:10240000B3F866207B8AD31A9AB2FB68A3F86620D9
:102410007B691A89244B1B8813449AB2224B1A8079
:102420007869FEF7F4F8FB68B3F86630002B0CD03F
:10243000BB68002B09D13B68002B06D1174B40F23B
:1024400061421A49174805F0E3FFBB68002B20D012
:10245000BB68DB685B681846FBF799F80446BB6805
:102460001B891D46BB68DB689B899BB21846FBF73E
:1024700079F80346DBB203F00303002B01D00123FC
:1024800000E000232B44E218094B1B68D31A002BF1
:102490009CDDBB6818461837BD46B0BD34AF010897
:1024A0001CB2010880AF0108345E002444B2010868
:1024B000305E0024B0B594B000AF78600023BB64F8
:1024C0007B68002B06D1914B40F27B4290499148AA
:1024D00005F09EFF7B681B7D032B06D88B4B40F2DB
:1024E0007C428D498B4805F093FF8C4B1B7803F0A1
:1024F0001003002B00F064827B68B3F860301A464A
:102500007B689B6D13443B637B685A6D844B1B68EF
:10251000D31A002B1BDB7B685A6D814B1B689A42D8
:1025200006D17B689A6D7F4B1B68D31A002B0EDB9C
:102530007B689A6D7B4B1B689A4225D17A4B1B684E
:10254000DB899AB27B68B3F860309A421CD9764B2B
:102550001B68DB899AB27B68A3F860207B68B3F8BC
:1025600062207B68B3F860309A4205D27B68B3F88A
:1025700060207B68A3F86220694B1A687B685A6503
:10258000684B1A687B689A65664B1A687B685B6C57
:10259000D31A002B58DC654B1B88002B4BD17B6872
:1025A0009B6D7A68B2F8602013443A6B9A4242D12C
:1025B0007B68B3F93030002B3DDB7B685A6C594B9C
:1025C0001B689A4237D10123BB647B6893F8433080
:1025D000FF2B07D07B6893F843300133DAB27B6876
:1025E00083F843207B6893F84330032B1BD97B6827
:1025F000B3F848207B685B8E13449AB27B68B3F8CB
:1026000048309A420AD37B68B3F848207B685B8ED7
:1026100013449AB27B68A3F8482004E07B684FF625
:10262000FF72A3F848207B6893F84330022B02D94D
:10263000786802F03FFBBB6C002B40F061817B6847
:10264000002283F843205BE1364B1A687B685B6CA1
:10265000D31A013B002BC0F24E81324B1A687B68C3
:102660001B6DD31A002B00F346817B685B8B03F054
:102670000403002B10D07B685B8B23F004039AB219
:102680007B685A837B68B3F84A207B68A3F84820AC
:102690007B680022A3F86A207B68002283F842202E
:1026A0007B68B3F93C30DB101BB29AB27B68B3F99C
:1026B0003E309BB213449BB21AB27B68A3F8402011
:1026C000184B1B689AB27B685B6C9BB2D31AFB8574
:1026D0007B68002283F84320124B1A687B685A6497
:1026E0007B681B7D032B40F297807B68B3F8482002
:1026F0007B68B3F84A309A4245D27B685B8B03F41F
:102700000063002B14D0012313E000BF34AF010895
:1027100064B2010880AF010880B20108385E00246D
:102720002C5E0024305E00241C5E0024365E0024F3
:10273000022387F82D3097F82D309AB27B685B8E94
:1027400012FB03F39BB2FA8D934228BF13467B859D
:102750007B68B3F848207B8D13449AB27B68B3F84A
:1027600048309A4209D37B68B3F848207B8D1344E4
:102770009AB27B68A3F848204EE07B684FF6FF7260
:10278000A3F8482048E07B68B3F86A20FB8D134427
:102790009AB27B68B3F86A309A4209D37B68B3F87F
:1027A0006A20FB8D13449AB27B68A3F86A2004E088
:1027B0007B684FF6FF72A3F86A207B68B3F86A2043
:1027C0007B68B3F848309A4226D37B68B3F86A2016
:1027D0007B68B3F84830D31A9AB27B68A3F86A20B2
:1027E0007B68B3F848207B685B8E13449AB27B68A1
:1027F000B3F848309A420AD37B68B3F848207B6824
:102800005B8E13449AB27B68A3F8482004E07B688F
:102810004FF6FF72A3F848207B68196F7B68DB6E68
:10282000984A7868FFF7CAFD02467B681A677B689A
:10283000D96E7B681B6F944A7868FFF7BFFD02462C
:102840007B68DA667B681B6F002B04D17B684FF6D0
:10285000FF721A8602E07B6800221A867B680022DB
:102860001A777B68DB6E002B03D17B680022A3F80C
:1028700068207B68B3F86420844B1B8813449AB2A9
:102880007B68A3F864207B685B8B03F40063002BF8
:1028900035D07B681B6F002B18D17B68DB6E002B5B
:1028A0000CD07B68DC6C7B68DB6EDB685B68184691
:1028B000FAF76DFE0346E31A002B20DC7B685B8B86
:1028C00023F400639AB27B685A8318E07B68DC6C5F
:1028D0007B681B6FDB685B681846FAF758FE034697
:1028E000E31A002B0BDC7B685B8B23F400639AB24A
:1028F0007B685A8303E0786802F0C8FB00E000BF01
:102900007B685B6B002B5BD07B689A6B604B1B68B2
:10291000D31A002B54DA5F4B1B689AB27B685B6B4F
:102920009BB2D31A9BB2A7F84E30B7F84E207B6803
:10293000B3F93C30DB101BB29BB2D31A9BB2A7F8A1
:102940004E307B68B3F93C309AB2B7F84E3013443E
:102950009BB21AB27B689A87B7F94E30002B05DA22
:10296000B7F84E305B429BB2A7F84E30B7F84E2016
:102970007B68B3F93E309B101BB29BB2D31A9BB25B
:10298000A7F84E307B68B3F93E309AB2B7F84E30B4
:1029900013449BB21AB27B68DA877B68B3F93C3088
:1029A000DB101BB29AB27B68B3F93E309BB2134482
:1029B0009BB21AB27B68A3F840207B6800225A635E
:1029C000354B1B88002B00F0DF847B681B7D062BBA
:1029D00000F2DA847B685A6A304B1B68D31A013BD9
:1029E000002BC0F28F807B685A6A2B4B1B881946DC
:1029F0002A4B1B680B44D31A0133002B00F382804F
:102A0000274B5B687B647B685A6A244B1B68D31A2C
:102A10007B62234B5B68002B06D1224B40F2945221
:102A20002149224805F0F4FC7B6A4FF6FE7293427E
:102A300006D91C4B40F295521D491C4805F0E8FC94
:102A40007B6AA7F84230164B5B681B89B7F84220B7
:102A50009A4206D9134B40F297521649134805F093
:102A6000D7FC0F4B1A89B7F84230D31A9AB20C4BE5
:102A70001A810B4B5B681A89B7F84230D31A7B84F2
:102A80002AE000BF9CB20108A4B20108345E002411
:102A9000305E0024F45D0024365E00242C5E0024A9
:102AA0000C5E002434AF0108ACB2010880AF01080D
:102AB000BCB20108CCB201087B6C5B89B7F842203C
:102AC000D31AA7F842307B6C7A8C1A817B6C002277
:102AD0005A817B6C1B687B647B6C5B89B7F84220F6
:102AE0009A42E9D8B7F842301946786CFCF7CAF830
:102AF0007B685B6A904A1360904BDB688E4A126871
:102B00005A600DE08C4B1A687B685B6AD31A002B05
:102B100006DA7B685B8B43F002039AB27B685A83C8
:102B2000854B1A687B685B6AD31A002BC0F2278436
:102B3000814B1A687B685B6A7968098D0B44D31AEC
:102B40000133002B00F31B847B685A6A7A4B1B68A5
:102B50009A4240F09882794B1C89784BDB689B89BC
:102B60009BB21846FAF7FEFC0346DBB203F0030300
:102B7000002B01D0012300E0002323449AB2704BC4
:102B80001A807B681A8D6E4B1B889A4274D26B4BED
:102B9000DB689B899BB21846FAF7E4FC0346DBB27C
:102BA00003F00103002B1ED0644BDB689B899BB2B2
:102BB0001BB223F47C531CB2604BDB689B899BB235
:102BC0001846FAF7CFFC0346DBB203F03E039BB294
:102BD0001846FAF7C7FC03461BB223431AB2574BF9
:102BE000DB6892B29A817B681A8D544B1A81534BE1
:102BF000DB689B899BB21846FAF7B4FC0346DBB24C
:102C000003F00203002B05D04C4B1B89013B9AB209
:102C10004A4B1A81494B5B68484A1289114618464B
:102C2000FBF730FF454B1C89444BDB689B899BB20B
:102C30001846FAF797FC0346DBB203F00303002BB8
:102C400001D0012300E0002323449AB23C4B1A80B8
:102C50003B4B1B881A46384B1B681A447B685B6ADF
:102C60007968098D0B449A4206D0364B40F2CB521C
:102C70003549364805F0CCFB7B685B6F002B00F0D4
:102C8000E6802E4BDB689B899BB21846FAF76AFCFC
:102C90000346DBB203F00103002B10D00AE07B688F
:102CA0005B6FFB607B685B6F1A687B685A67F868CC
:102CB000FDF7ADFC7B685B6F002BF0D1C7E07B6854
:102CC0005B6FFB6351E0FB6BDB689B899BB2184633
:102CD000FAF748FC0346DBB203F00103002B3CD0BB
:102CE000164BDB689B899BB21846FAF73BFC034600
:102CF000DBB203F00203002B2FD1104BDB689B8962
:102D00009CB20120FAF72EFC03461A460B4BDB68F7
:102D1000224392B29A81094B1C89084BDB689B893C
:102D20009BB21846FAF71EFC0346DBB203F003031E
:102D3000002B0DD001230CE02C5E00240C5E00243F
:102D4000365E002434AF0108DCB2010880AF010810
:102D5000002323449AB2984B1A80FB6B3B61FB6BB8
:102D60001B68FB633869FDF752FCFB6B002B0ED030
:102D7000914B1B881A46914B1B681A44FB6BDB680E
:102D80005B68F96B09890B44D31A002B9BDAFB6B48
:102D9000002B59D0884B1B881A46884B1B681A4455
:102DA000FB6BDB685B68D31A002B4DDDFB6BDB68CC
:102DB0005B689AB2814B1B689BB2D31A9AB2804B64
:102DC0001A817F4BDB689B899BB21846FAF7CAFBD6
:102DD0000346DBB203F00203002B05D0784B1B89BE
:102DE000013B9AB2764B1A81754B5B68744A128923
:102DF00011461846FBF746FE714B1C89704BDB6889
:102E00009B899BB21846FAF7ADFB0346DBB203F091
:102E10000303002B01D0012300E0002323449AB2D6
:102E2000654B1A80644B1B881A46644B1B681A4416
:102E3000FB6BDB685B689A4206D0624B40F2FC5247
:102E40006149624805F0E4FA7B68FA6B5A675A4BAD
:102E50001B881A46594B1B681A447B685A627B6868
:102E60001A8D554B1B889A4206D2564B40F2076288
:102E70005749564805F0CCFA7B681A8D4E4B1B8893
:102E8000D31A9AB27B681A857868FCF799FE4C4B86
:102E90005B681B89002B06D0494B5B684D4A136069
:102EA000474B00225A60464BDB689B899BB2184611
:102EB000FAF758FB0346DBB203F00103002B00F0E6
:102EC000B880454B1B7843F02003DAB2424B1A70AE
:102ED000AFE07B685B6FBB607B685B6FDB685B68E8
:102EE000364A1360BB681B891C46BB68DB689B893C
:102EF0009BB21846FAF736FB0346DBB203F0030336
:102F0000002B01D0012300E000231A197B685B6AC3
:102F10001A447B685A627B681B8D1C46BB681B8900
:102F20001D46BB68DB689B899BB21846FAF71AFB03
:102F30000346DBB203F00303002B01D0012300E0C2
:102F400000232B449C4206D21E4B40F22B622349A5
:102F50001E4805F05DFABB681B891C46BB68DB6830
:102F60009B899BB21846FAF7FDFA0346DBB203F0E1
:102F70000303002B01D0012300E0002319197B6813
:102F80001A8D8BB2D31A9AB27B681A857868FCF7CF
:102F900017FEBB685B681B89002B28D00D4B1B6894
:102FA000002B1DD00B4B1A68BB685B681946104696
:102FB000FBF7B0FF18E000BF365E00242C5E002453
:102FC0000C5E002434AF010814B3010880AF01087F
:102FD00050B301083C5E0024395E002470B3010840
:102FE000BB685B68704A1360BB6800225A60BB68AC
:102FF000DB689B899BB21846FAF7B4FA0346DBB24A
:1030000003F00103002B0DD0684B1B7843F0200325
:10301000DAB2664B1A707B681B7D042B02D17B6889
:1030200007221A75BB681A687B685A67B868FDF78B
:10303000EEFA7B685B6F002B08D07B685B6FDB6808
:103040005A687B685B6A9A423FF443AF7B685B8B4C
:1030500003F00103002B0ED07B685B8B23F0010390
:103060009AB27B685A837B685B8B43F002039AB207
:103070007B685A8387E17B685B8B43F001039AB2DC
:103080007B685A837FE17B685B6F002B06D14848E1
:10309000FDF7F4FA02467B685A676CE100237B6314
:1030A0007B685B6FBB6356E1BB6BDB685A68414B67
:1030B0001B689A421DD13E4B1A89BB6B1B899A42F1
:1030C00040F24E813A48FDF7D9FA78617B69002BCE
:1030D00000F048817B6B002B03D07B6B7A691A6010
:1030E00002E07B687A695A67B96B7869FFF7DEF8A6
:1030F00038E17B6B002B17D12E4B1A68BB6BDB685A
:103100005B68D31A002B57DA2948FDF7B7FAB86184
:10311000BB69002B00F028817B68BA695A67B96BDC
:10312000B869FFF7C3F81FE1224B1A687B6BDB68B5
:103130005B68D31A013B002B3EDB1E4B1A68BB6B4E
:10314000DB685B68D31A0133002B35DC1848FDF7C8
:1031500095FAF861FB69002B00F008817B6BDB6856
:103160005B687A6B12891A44124B1B68D31A002BC6
:1031700012DD104B1B689AB27B6BDB685B689BB2FD
:10318000D31A9AB27B6B1A817B6B5A687B6B1B8953
:1031900019461046FBF776FC7B6BFA691A60B96B2F
:1031A000F869FFF783F8E1E03C5E0024395E002413
:1031B0000C5E00242C5E0024BB6B7B63BB6B1B6826
:1031C000002B40F0C5807F4B1A68BB6BDB685B68E7
:1031D000D31A002B40F3BC80BB6BDB689B899BB28E
:1031E0001846FAF7BFF90346DBB203F00103002BE0
:1031F00040F0BE807448FDF741FA0246BB6B1A608E
:10320000BB6B1B68002B00F0B580BB6BDB685B6899
:10321000BA6B12891A446B4B1B68D31A002B12DD50
:10322000684B1B689AB2BB6BDB685B689BB2D31AB6
:103230009AB2BB6B1A81BB6B5A68BB6B1B89194670
:103240001046FBF71FFC614B1B881A465D4B1B6841
:103250001A447B685B6A7968098D0B44D31A002B8A
:1032600040F38880BB6B1B68DB689B899BB2184668
:10327000FAF778F90346DBB203F00103002B21D003
:10328000BB6B1B68DB689B899BB21BB223F47C532E
:103290001CB2BB6B1B68DB689B899BB21846FAF7B4
:1032A00061F90346DBB203F03E039BB21846FAF71E
:1032B00059F903461BB223431AB2BB6B1B68DB6888
:1032C00092B29A817B685B6A9AB27B681B8D1344C9
:1032D00099B23C4B1B689AB2BB6B1B688A1A92B2BC
:1032E0001A81BB6B1B685A68BB6B1B681B8919462C
:1032F0001046FBF7C7FBBB6B1B681C89BB6B1B68CD
:10330000DB689B899BB21846FAF72CF90346DBB2BF
:1033100003F00303002B01D0012300E0002323442A
:103320009AB22A4B1A80294B1B881A46254B1B68D8
:103330001A447B685B6A7968098D0B449A4219D0FC
:10334000234B4FF4DF622349234805F061F811E075
:10335000BB6B1B68BB63BB6B002B7FF4A5AE0AE0A5
:1033600000BF08E000BF06E000BF04E000BF02E0CD
:1033700000BF00E000BF786801F088FE03E07868D5
:1033800001F084FE1AE019E00E4B1A687B685B6A54
:10339000D31A002B0ADB0B4B1A687B685B6A7968CF
:1033A000098D0B44D31A0133002B07DD7B685B8B3F
:1033B00043F002039AB27B685A83FFE700BF50379D
:1033C000BD46B0BD2C5E00240C5E0024365E002499
:1033D00034AF0108DCB2010880AF010880B483B0CB
:1033E00000AF154B1B885A1C91B2134A1180FB8009
:1033F000124B1B68002B04D0114B1B88FA889A4291
:1034000008D2104B1B6814333B60FB883A681344A6
:103410001B780BE0FB88DAB2094B1B88DBB2D31AAE
:103420007B71064B1A687B7913441B7818460C375E
:10343000BD465DF8047B7047285E0024245E0024AE
:10344000225E00241C5E002480B584B000AF78604A
:103450007B68002B06D1324B40F27D7231493248F5
:1034600004F0D6FF314B1B88002B56D0304B002286
:103470001A8046E0FFF7B2FF0346FB73FB7B022B8B
:1034800006D0022B2ADC002B42D0012B38D025E0BD
:10349000FFF7A4FF0346042B3CD1254B1B880133C7
:1034A000224A1288934235DAFFF798FF03461B023F
:1034B000BB81FFF793FF03461A46BB891343BB81C9
:1034C000BB89B3F5067F04D8BB89002B01D0BA892C
:1034D00001E04FF406727B685A8612E0FFF77EFF28
:1034E0000346FB72FB7A012B16D9FB7A9AB2104B7A
:1034F0001B8813449BB2023B9AB20D4B1A8000E02A
:1035000000BF0B4B1A88094B1B889A42B2D304E0C8
:1035100000BF02E000BF00E000BF1037BD4680BD25
:1035200034AF010898B3010880AF0108205E002481
:10353000285E002480B400AF054B1B7843F01003D5
:10354000DAB2034B1A7000BFBD465DF8047B7047CA
:10355000395E002480B584B000AFF860B9607A604D
:10356000FB68002B0AD0FB681B7A002B06D0FB6897
:103570001B7A1846FBF7ACF8034603E0786803F0C3
:10358000F9FA034618461037BD4680BD90B587B09E
:1035900000AFF860B9603B601346FB71FB68002B1D
:1035A00005D1434BA3224349434804F031FFBB6894
:1035B000002B05D13E4BA42240493F4804F028FF90
:1035C00097F828309B00DBB203F00403FB7503205F
:1035D000FAF7F8FC38613B69002B04D1B868FBF7B7
:1035E000D7FB002360E03B6997F828209A723B697B
:1035F00000221A603B69BA685A60BB681A89FB7D71
:103600009BB29A4205D22A4BB0222D492A4804F097
:10361000FFFEBB681A89FB7D9BB2D31A9AB23B6945
:103620001A811421B868FBF71DFB0346002B04D058
:103630003869FCF7ECFF002336E03B695B685A68A9
:103640003B69DA60FB68DA8A3B69DC681046F9F7A7
:1036500089FF03462380FB681A8B3B69DC681046B0
:10366000F9F780FF034663803B69DC683868F9F747
:103670008EFF03466360FB7D9B08DBB205339BB284
:103680001B039AB2FB799BB213439AB23B69DC6885
:103690001046F9F767FF0346A3813B69DB68002208
:1036A0009A740022DA743B6918461C37BD4690BDF7
:1036B000B4B30108E8B3010808B4010830B4010844
:1036C00054B4010880B586B000AF7B600346FB733D
:1036D0000B46BB8113467B81BB89FB827B68002B39
:1036E00005D1304BE8223049304804F091FE3B6A66
:1036F000002B05D12B4BE9222D492C4804F088FEE4
:10370000BA897B899A4221D297F8243003F00203C8
:10371000002B11D13B6A5B8B03F04003002B15D1CA
:1037200097F82830002B07D03B6ADB6E002B03D1C3
:103730003B6A1B6F002B09D0BB8903F21B2323F0CC
:1037400003027B89934228BF1346FB82F98AFB7BE5
:103750004FF420721846FBF737F838613B69002BAD
:1037600001D1002319E03B691B68002B06D00D4BEB
:1037700040F20B120F490D4804F04AFE3B695A898A
:10378000BB89D31A9AB27B681A803B69BA891A81BD
:103790003B691A893B695A813B6918461837BD460F
:1037A00080BD00BFB4B301086CB4010808B40108BF
:1037B00090B40108B0B4010880B582B000AF786061
:1037C0000B467B807B68002B06D1334B40F23312D3
:1037D0003249334804F01CFE7B681B7D042B0ED05D
:1037E0007B681B7D072B0AD07B681B7D022B06D0D4
:1037F0007B681B7D032B02D06FF00A0348E07B88B7
:10380000002B01D1002343E07B68B3F864307A8851
:103810009A4209D97B685B8B43F080039AB27B683C
:103820005A834FF0FF3333E07B68B3F86630082BE0
:1038300009D97B685B8B43F080039AB27B685A831B
:103840004FF0FF3324E07B68B3F86630002B0FD0D5
:103850007B681B6F002B1AD17B68DB6E002B16D1A7
:103860000D4B40F255120F490D4804F0D1FD0EE00A
:103870007B681B6F002B03D17B68DB6E002B06D0AF
:10388000054B4FF4AC720849054804F0C1FD002314
:1038900018460837BD4680BDB4B30108C4B401085A
:1038A00008B40108E4B4010820B5010890B59BB044
:1038B00004AFF860B96011461A460B46FB80134608
:1038C0007B7100237B6500233B650023FB640023A1
:1038D000BB6400237B640023A7F84230002387F8F1
:1038E000273000237B820023FB870023BB87FB68F4
:1038F000002B09D1A44B4FF4CF72A449A44804F083
:1039000087FD6FF00F032AE3FB68B3F862305B08B2
:103910009AB2FB685B8E934228BF1346BB84BB8C74
:10392000002B02D1FB685B8E00E0BB8CBB84BB68C4
:10393000002B09D1944B40F2AD129649944804F003
:1039400067FD6FF00F030AE3FB881946F868FFF77D
:1039500033FF034687F8233097F92330002B02D03A
:1039600097F92330FBE2FB68B3F86630A7F84030E4
:10397000002387F82230FB68DB6E002B00F0F68016
:10398000FB68DB6E3B6502E03B6D1B683B653B6D96
:103990001B68002BF8D13B6D9B7A9B009BB203F018
:1039A00004033B84BA8C3B6D1B8919463B8C0B444A
:1039B0009A4206DA744B4FF4F3727749744804F074
:1039C00027FD3B6D1A893B8C13449BB2BA8CD31AEA
:1039D0007B87FB68B3F868307B827B8A002B26D01C
:1039E0007B8A7A8F9A4206D2674B4FF4FC726B49FE
:1039F000674804F00DFD3B6DFB647B8AFA889342B7
:103A000028BF13469BB27A8F934228BF1346FB8789
:103A1000B7F84220FB8F1344A7F842307A8AFB8F15
:103A2000D31A9BB27B827A8FFB8FD31A7B877B8AD8
:103A3000002B0BD0B7F84220FB889A4206D0524B9D
:103A40004FF400725649524804F0E2FCB7F84220A5
:103A5000FB889A4280F067817B8F002B00F06381A6
:103A60003B6D1B89002B00F05E81FA88B7F842306D
:103A7000D21A7B8F9342A8BF1346FB833B6DFB6436
:103A80007B7903F00103002B27D007F112007A8F16
:103A9000F98B012302937B790193FB680093034622
:103AA0000020FFF70FFE78657B6D002B00F025826C
:103AB0007B6D5868B7F84230BA681344FA8B1946E0
:103AC00004F0DBFD786DFBF7EBF903461A46B7F817
:103AD00040301344A7F8403041E03B6D5B687B63A6
:103AE00002E07B6B1B687B637B6B1B68002BF8D150
:103AF0007B6B1B7B03F0C003002B15D17B6B5B68DA
:103B00007A6B52891344BA689A420DD1B7F84230A1
:103B1000002B06D01C4B40F2312222491C4804F0F5
:103B200077FCFB8BBB871AE0FB8B01221946002038
:103B3000FAF74AFE78657B6D002B00F0E081B7F85C
:103B40004230BA681A447B6D5A60786DFBF7A8F969
:103B500003461A46B7F840301344A7F84030B7F888
:103B60004220FB8B1344A7F84230DCE0FB68B3F83B
:103B70006830002B00F0D780034B40F24A220A49FC
:103B8000034804F045FCCEE0B4B3010854B5010885
:103B900008B401086CB50108A0B50108B8B5010862
:103BA000D8B50108F8B5010824B60108FA88B7F8B5
:103BB0004230D31ABB8397F822309BB2BA8CD31A07
:103BC0007B837A8BBB8B934228BF13463B837B79E5
:103BD00003F00103002B36D097F822309AB23B8BCA
:103BE000134499B27B6C002B0CBF01230023DBB282
:103BF00007F11200BA8C02937B790193FB68009362
:103C000003463620FFF75EFD38633B6B002B00F068
:103C100078813B6B5B893A8B9A4206D98C4B40F298
:103C200066228C498C4804F0F3FB3B6B5A6897F88A
:103C30002230D018B7F84230BA6813443A8B19468C
:103C400004F01BFD2FE07B8A002B06D0804B40F256
:103C500071228249804804F0DBFB3B8B012219462C
:103C60003620FAF7B1FD78617B69002B00F04B81BB
:103C7000B7F84230BA681A447B695A6097F8223024
:103C80009BB24FF4207219463620FAF79DFD386337
:103C90003B6B002B03D17869FBF77AF836E1796941
:103CA000386BFBF737F9386BFBF7FAF803461A461F
:103CB000B7F840301344A7F84030B7F84030092B2C
:103CC00003D9386BFBF764F820E1FB68DA6DB7F8CD
:103CD00042301A4497F82730009313460022396B7C
:103CE000F868FFF753FCF864FB6C002B00F00D81C3
:103CF0007B6C002B02D1FB6C7B640CE0BB6C002B5B
:103D000006D1534B40F2AB225549534804F080FB97
:103D1000BB6CFA6C1A60FB6CBB64B7F842203B8B3F
:103D20001344A7F84230B7F84220FB889A42FFF4C8
:103D30003DAFFB8F002B2CD03B6D5B68FB621EE020
:103D4000FB6A1A89FB8F13449AB2FB6A1A81FB6AD9
:103D50001B68002B10D1FB6A5B68FA6A5289134416
:103D6000FA8FB968184604F088FCFB6A5A89FB8F01
:103D700013449AB2FB6A5A81FB6A1B68FB62FB6AB6
:103D8000002BDDD13B6D1A89FB8F13449AB23B6D3A
:103D90001A817A8AFB68A3F868207B6D002B18D003
:103DA0003B6D002B06D12A4B4FF438722D492A481F
:103DB00004F02EFB3B6D5B68796D1846FBF7AAF8A3
:103DC0003B6D1A897B6D1B8913449AB23B6D1A8136
:103DD00037E0BB8F002B34D03B6D002B03D03B6D05
:103DE0005B68002B06D11A4B40F2E6221E491A48A6
:103DF00004F00EFB3B6D5B68BB6209E0BB6A1A898D
:103E0000BB8F13449AB2BB6A1A81BB6A1B68BB6240
:103E1000BB6A1B68002BF1D1BB6A1A89BB8F1344A4
:103E20009AB2BB6A1A81BB6A5A89BB8F13449AB291
:103E3000BB6A5A813B6D1A89BB8F13449AB23B6DA2
:103E40001A813B6D002B11D1FB687A6CDA6610E0A9
:103E5000B4B3010854B6010808B4010894B60108C7
:103E6000A4B60108B8B60108F0B601083B6D7A6C3B
:103E70001A60FB68DA6DFB881A44FB68DA65FB6838
:103E8000B3F86420FB88D31A9AB2FB68A3F86420C5
:103E9000FB68B7F84020A3F86620FB68B3F86630EB
:103EA000002B0ED0FB681B6F002B0AD1FB68DB6E6A
:103EB000002B06D12C4B40F212322C492C4804F036
:103EC000A7FAFB6C002B16D0FB6CDB68002B12D022
:103ED0007B7903F00203002B0DD1FB6CDB689B891F
:103EE0009CB20820F9F73EFB03461A46FB6CDB68E0
:103EF000224392B29A81002331E000BF06E000BF66
:103F000004E000BF02E000BF00E000BFFB685B8B85
:103F100043F080039AB2FB685A837B6D002B02D07A
:103F2000786DFAF735FF7B6C002B02D0786CFCF7CC
:103F300059FBFB68B3F86630002B0ED0FB681B6F93
:103F4000002B0AD1FB68DB6E002B06D1064B40F23A
:103F500027320649064804F05BFA4FF0FF33184653
:103F60005C37BD4690BD00BFB4B3010828B7010857
:103F700008B4010890B58BB002AF78600B467B8027
:103F80000023FB6100237B6100233B617B68002BE6
:103F900006D1954B40F24B329449954804F038FADB
:103FA0007B68DB6E7B617B69002B02D14FF0FF33B6
:103FB00016E17B88002B09D18B4B40F253328D499F
:103FC0008B4804F025FA6FF0050309E17B691B8932
:103FD0007A889A4201D3002302E17B685B8E7A885B
:103FE0009A4206D9804B40F25B328349804804F004
:103FF0000FFA7B691B89002B06D17B4B4FF457725C
:104000007E497B4804F004FA7B699B7AFB73FB7B57
:104010009B00DBB203F00403BB737B691A897B88C6
:10402000D31ABB81BB7B9AB2BB8913449BB24FF4BA
:10403000207219463620FAF7C7FB38613B69002B1E
:1040400000F0B7807B695B681A897B691B89D31A8A
:104050009AB27B8813447B817B6958683B695A68B4
:10406000BB7BD1187B89BA89FBF78CF803461A46CB
:10407000BB89934240F09F807B69DB689B899BB240
:104080001846F9F76FFA0346DBB203F03F03FB76FD
:104090000023BB76FB7E03F00803002B07D0FB7EDA
:1040A00023F00803FB76BB7E43F00803BB76FB7E60
:1040B00003F00103002B07D0FB7E23F00103FB7606
:1040C000BB7E43F00103BB767B69DB685B68184607
:1040D000F9F75DFA02467B88D118BA7EFB7B009324
:1040E0000B4639697868FFF751FAF861FB69002BD4
:1040F00063D07B695B681846FAF7D2FE03461A461E
:104100007B68B3F866309B1A9AB27B68A3F8662086
:104110007B6958687B695B681A89BB89D31A9BB233
:104120001946FAF7AFFC7B691A89BB89D31A9AB290
:104130007B691A817B69DB689B899CB2FB7E9BB2A1
:104140001846F9F70FFA03461A467B69DB682243E3
:1041500092B29A817B695B681846FAF7A1FE034622
:104160001A467B68B3F8663013449AB27B68A3F8AA
:104170006620FB695B681846FAF792FE03461A460A
:104180007B68B3F8663013449AB27B68A3F8662064
:104190007B691A68FB691A607B69FA691A60FB69B6
:1041A0001B68002B03D17B680022A3F86820002342
:1041B00016E000BF02E000BF00E000BFFB69002B7B
:1041C00006D0094B4FF476720D49094804F020F9E6
:1041D0003B69002B02D03869FAF7DAFD4FF0FF3364
:1041E00018462437BD4690BDB4B3010848B701084E
:1041F00008B401086CB7010890B70108A0B701081E
:10420000B0B7010890B585B000AF78607B68002B2F
:1042100006D1214B40F2EB322049214804F0F8F856
:104220007B68DB6E002B2ED07B68DB6EFB6002E0D0
:10423000FB681B68FB60FB681B68002BF8D1FB6800
:10424000DB689B899BB21846F9F78CF90346DBB211
:1042500003F00703002B16D1FB68DB689B899CB237
:104260000120F9F77FF903461A46FB68DB68224311
:1042700092B29A817B685B8B43F020039AB27B6891
:104280005A83002304E00121786800F00BF803460C
:1042900018461437BD4690BDB4B30108BCB7010839
:1042A00008B4010880B58AB002AF78600B46FB7095
:1042B0000023FB770023FB75FB7803F00303002B3F
:1042C00006D1674B40F211426649674804F0A0F8F6
:1042D0007B68002B06D1624B40F21342634962486F
:1042E00004F096F8FB7803F00203002B01D00123C1
:1042F000FB77FB7F9B00DBB203F00403FB75FB7DC8
:104300009BB24FF4207219463620FAF75DFA3861F5
:104310003B69002B09D17B685B8B43F080039AB229
:104320007B685A834FF0FF3395E03B695A89FB7DE8
:104330009BB29A4206D24A4B40F239424C494A4813
:1043400004F066F87B68D96DFA78FB7F00930B4622
:1043500039697868FFF71AF9F860FB68002B09D112
:104360007B685B8B43F080039AB27B685A834FF083
:10437000FF3370E0FB68DB6803F00303002B06D01B
:10438000374B40F242423B49374804F041F8FB6862
:104390001B89002B06D0324B40F24342364932484B
:1043A00004F036F87B68DB6E002B03D17B68FA687B
:1043B000DA660DE07B68DB6EBB6102E0BB691B68FF
:1043C000BB61BB691B68002BF8D1BB69FA681A6036
:1043D0007B680022A3F86820FB7803F00203002B1F
:1043E00004D1FB7803F00103002B04D07B68DB6D64
:1043F0005A1C7B68DA65FB7803F00103002B06D0BA
:104400007B685B8B43F020039AB27B685A83FB681E
:104410005B681846FAF744FD03461A467B68B3F812
:10442000663013449AB27B68A3F866207B68B3F8C1
:104430006630002B0ED07B681B6F002B0AD17B6887
:10444000DB6E002B06D1064B40F265420B49064855
:1044500003F0DEFF002318462037BD4680BD00BFB5
:10446000B4B30108D8B7010808B4010830B801088E
:1044700050B801088CB80108A4B80108D0B80108E8
:10448000B0B58AB000AF78607B68002B06D18A4B4C
:1044900040F2E14289498A4803F0BAFF7B681B7DFC
:1044A000012B06D1844B40F2E3428649844803F055
:1044B000AFFF854B1B687A689A4201D10023CEE199
:1044C0007B68B3F848207B68B3F86030934228BF1C
:1044D00013469BB2BB617B68DB6E7B627B6A002B01
:1044E0000BD17B685B8B03F00203002B00F0AA81E9
:1044F000786800F0CBFD0346B1E179687B6804334E
:104500001A467868FFF726F878617B69002B02D19C
:104510006FF00303A3E17B68002B03D07B681B686B
:10452000002B11D17B69002B02D07B69043300E0A2
:1045300000233B613B69002B02D16FF003038EE146
:104540003B691A687B681A607B6ADB685B6818469F
:10455000F9F71DF802467B685B6CD31A7A6A1289F8
:104560001344BA699A4227D27B68B3F860301A467E
:10457000BB69934214D17B681B6F002B10D17B6801
:1045800093F89930002B0BD17B68002283F8982098
:104590007B68012283F899207B68002283F89A20A7
:1045A0007B685B8B03F00203002B00F04D81786881
:1045B00000F06CFD034652E17B68002283F89920ED
:1045C0007B681B6F3B623B6A002B00F01C8102E0A2
:1045D0003B6A1B683B623B6A1B68002BF8D112E107
:1045E0007B6ADB689B899BB21846F8F7BBFF0346E2
:1045F000DBB203F00403002B06D02F4B40F23652FF
:1046000032492F4803F004FF7B681B6F002B1FD03B
:104610007B685B8B03F04403002B19D17B68DB6E56
:10462000002B0BD07B68DB6E1B68002B10D17B68E6
:10463000DB6E1A897B685B8E9A4209D27B68B3F87D
:104640006430002B04D07B68B3F86630082B01D9A6
:10465000012300E00023002B06D17B685B8B03F075
:10466000A003002B00F0E4807B681B7D022B0DD0A3
:104670007B6ADB689B899CB21020F8F773FF0346C6
:104680001A467B6ADB68224392B29A817A6979681A
:10469000786A00F009F90346FB7397F90F30002B95
:1046A00016D07B685B8B43F080039AB27B685A8399
:1046B00097F90F30D3E000BFB4B30108F8B8010890
:1046C00008B4010810B90108405E002438B9010897
:1046D0007B6A1A687B68DA667B681B7D022B06D0D2
:1046E0007B685B8B23F003039AB27B685A837B6AF7
:1046F000DB685B681846F8F74AFF04467B6A1B894B
:104700001D467B6ADB689B899BB21846F8F72AFF37
:104710000346DBB203F00303002B01D0012300E0CA
:1047200000232B442344BB607B681A6DBB68D31AFB
:10473000002B02DA7B68BA681A657B6A1B891C4603
:104740007B6ADB689B899BB21846F8F70BFF034630
:10475000DBB203F00303002B01D0012300E00023B0
:104760002344002B49D07B6A00221A607B681B6FB0
:10477000002B05D17B687A6A1A677B6A3B623FE04F
:104780007B6ADB685B681846F8F701FF04463B6A02
:10479000DB685B681846F8F7FAFE0346E31A002B5D
:1047A00024DA7B687033FB6102E0FB691B68FB6104
:1047B000FB691B68002B11D0FB691B68DB685B6819
:1047C0001846F8F7E4FE04467B6ADB685B68184627
:1047D000F8F7DDFE0346E31A002BE6DBFB691A68F7
:1047E0007B6A1A60FB697A6A1A6009E03B6A7A6A36
:1047F0001A603B6A1B683B6202E0786AFBF707FFBE
:104800007B68DB6E7B627B6A002B12D07B6ADB6885
:104810005B681846F8F7BBFE02467B685B6CD31AF0
:104820007A6A12891344BA699A42BFF4D9AE00E099
:1048300000BF7B68DB6E002B08D17B680022A3F8E9
:10484000682004E000BF02E000BF00E000BF7B681A
:104850005B8B23F080039AB27B685A83002318464F
:104860002837BD46B0BD00BF80B582B000AF7860CC
:104870007B68002B06D1094B40F29A52084909483F
:1048800003F0C6FD7B685B689B7B012B01D0012395
:1048900000E0002318460837BD4680BDB4B30108C8
:1048A00050B9010808B40108B0B58CB004AFF86085
:1048B000B9607A60FB68002B06D1644B4FF4B76295
:1048C0006349644803F0A4FDBB68002B06D15F4B2D
:1048D00040F2B95260495F4803F09AFD7B68002BB3
:1048E00006D15A4B40F2BA525C495A4803F090FD47
:1048F000F868FFF7B9FF0346002B01D00023A1E0C1
:10490000BB685A6AFB68DC681046F8F740FE03464D
:10491000A360BB685A8DFB68DC681046F8F722FE7E
:104920000346E381BB685B6ABA68528D1A44BB6870
:10493000DA62FB68DB681433FB61FB689B7A03F087
:104940000103002B15D0BB6804331A4679684FF475
:104950000670FCF739FA03467B837B8B43F00173C7
:104960001846F8F714FE0246FB691A60FB69043327
:10497000FB61BB68B3F93030002B02DABB68002260
:104980001A86BB685B6B002B0CD1354B1A68BB6871
:104990005A63FB68DB685B681846F8F7F8FD024667
:1049A000BB689A63FB68DA68FB685B685B68D31A6C
:1049B0003B83FB685B685989FB685B683A8B8A1AA2
:1049C00092B25A81FB685B681989FB685B683A8B15
:1049D0008A1A92B21A81FB685B68FA68D2685A60D8
:1049E000FB68DB6800221A7400225A74FB68DA68DC
:1049F000FB689B7A03F00103002B01D0182300E031
:104A000014231344FA699A4206D0104B40F21C62F8
:104A10001449104803F0FCFCFB685868B968BB688F
:104A20001C1DBB68DD7ABB689B7A7A6802920622FD
:104A3000019200932B46224602F05AFA0346FB7578
:104A400097F9173018462037BD46B0BDB4B30108FA
:104A500078B9010808B4010898B90108B8B9010883
:104A6000F45D0024DCB90108B0B584B000AF786013
:104A70007B68002B06D1314B40F2636230493148EC
:104A800003F0C6FC7B681B6F002B02D16FF005039F
:104A900050E07B681B6FFB600BE0F868FFF7E4FEFB
:104AA0000346002B02D06FF0050343E0FB681B6850
:104AB000FB60FB681B68002BEFD1F868FFF7D4FEA2
:104AC0000346002B02D06FF0050333E07B68DA6EFB
:104AD000FB681A607B681A6F7B68DA667B68002265
:104AE0001A677B685B8B43F400639AB27B685A83D6
:104AF000FB68DB685B681846F8F749FD0446FB680D
:104B00001B891D46FB68DB689B899BB21846F8F73A
:104B100029FD0346DBB203F00303002B01D0012380
:104B200000E000232B44E2187B68DA647B680022F3
:104B30005A63002318461037BD46B0BDB4B3010810
:104B4000F0B9010808B4010880B582B000AF786000
:104B50007B68002B06D10D4B4FF4D3620C490D48F6
:104B600003F056FC7B6893F84230FF2B07D07B683C
:104B700093F842300133DAB27B6883F842207868D8
:104B8000FFF77EFC00BF0837BD4680BDB4B3010807
:104B900014BA010808B4010880B582B000AF78608B
:104BA0007B68002B06D10A4B40F2AD6209490A48E6
:104BB00003F02EFC7868FFF757FF0346002B02D165
:104BC0007868FFF7C1FF00BF0837BD4680BD00BF52
:104BD000B4B3010838BA010808B4010890B585B02B
:104BE00000AF78607B68002B06D12F4B40F2C1628A
:104BF0002E492F4803F00CFC7B681B6F002B02D161
:104C00006FF005034CE07B681B6FBB60B868FFF773
:104C10002BFE0346002B02D06FF0050340E0BB687B
:104C20001A687B681A677B686C33FB6002E0FB687C
:104C30001B68FB60FB681B68002B11D0FB681B68BE
:104C4000DB685B681846F8F7A2FC0446BB68DB68C3
:104C50005B681846F8F79BFC0346E31A002BE6DB7B
:104C6000FB681A68BB681A60FB68BA681A60BB68A0
:104C70001B68002B03D17B680022A3F868207B68A7
:104C800093F84230FF2B07D07B6893F84230013312
:104C9000DAB27B6883F842207B6800225A630023E3
:104CA00018461437BD4690BDB4B3010854BA010884
:104CB00008B4010880B582B000AF78607B68002B33
:104CC00006D12A4B40F2F96229492A4803F0A0FB99
:104CD0007B681B6F002B45D07B685B8B03F0040364
:104CE000002B3FD17868FFF779FF0346002B39D1BD
:104CF0007B68B3F860207B68B3F84830934228BFE4
:104D000013469BB2002B00DA01335B109AB27B682A
:104D1000A3F84A207B68B3F84A301A467B685B8E5A
:104D20005B009A4206D27B685B8E5B009AB27B681E
:104D3000A3F84A207B68B3F84A207B685B8E19464B
:104D400049000B449BB213449AB27B68A3F84820F5
:104D50007B685B8B43F004039AB27B685A837B6861
:104D600000221A8600BF0837BD4680BDB4B30108D3
:104D70006CBA010808B4010880B586B000AFF860CD
:104D80007B600B467B8113463B817A893B891344C8
:104D90009BB214339BB24FF4207219462220F9F7CC
:104DA00013FD78617B69002B4DD07B8913337A69C1
:104DB0005289934206DB264B40F22372254926484E
:104DC00003F026FB7B695B683B613B8C1846F8F778
:104DD000C9FB03461A463B691A80BB8C1846F8F794
:104DE000C1FB03461A463B695A803B697A685A60A0
:104DF000F868F8F7CCFB02463B699A607B899B0810
:104E00009BB205339BB21B039AB297F828309BB232
:104E100013439BB21846F8F7A5FB03461A463B69B5
:104E20009A81BB8D1846F8F79DFB03461A463B69ED
:104E3000DA813B6900221A7400225A743B6900220D
:104E40009A740022DA747B6918461837BD4680BD13
:104E5000B4B301088CBA010808B40108B0B58AB02F
:104E600004AFF8607B600B467B8113463B81FB6897
:104E7000002B06D1154B40F242721549154803F03C
:104E8000C7FAFB68586AFB68DB8AFA68128BF96814
:104E9000498D3D897C8903911021029101920093F3
:104EA0007B682A462146FFF767FF78617B69002B04
:104EB00006D0FB685B6AFA68528D1A44FB68DA62B6
:104EC0007B6918461837BD46B0BD00BFB4B30108B2
:104ED000BCBA010808B4010880B588B000AFF8601A
:104EE000B96011461A460B46FB711346BB7100238D
:104EF000FB83BB68002B06D1124B40F2567212495D
:104F0000124803F085FABB685B68BB61BB69143368
:104F10007B61FB8B9B001A46FB799B0003F004032B
:104F200013441433BA6913447A699A4206D0054B84
:104F300040F275720649054803F06AFA00BF20374F
:104F4000BD4680BDB4B30108E4BA010808B4010845
:104F5000DCB9010880B58AB004AFF860B9607A6046
:104F60003B60BB68002B06D11C4B40F287721C498A
:104F70001C4803F04DFA3A687968F868FEF7EAFAD7
:104F800038613B69002B02D1FC23FB751CE0FB68F8
:104F9000002B06D0FB68DB7ABB75FB689B7A7B75C0
:104FA00003E0FF23BB7500237B75BA7D3B69029349
:104FB000062301937B7D009313463A687968B868AD
:104FC00001F096FF0346FB75B868F9F7E1FE97F923
:104FD000173018461837BD4680BD00BFB4B301086E
:104FE0000CBB010808B4010890B58BB004AFF860A1
:104FF000B9607A603B603B68002B06D11F4B40F2E2
:10500000C4721F491F4803F003FABB6A002B06D184
:105010001A4B40F2C5721C491A4803F0F9F90023F3
:10502000FB7546F20803BB82FB7D9CB2B868F8F7BB
:10503000AEFA0246BB8A0393142302933B8E01937C
:10504000BB8D00931346002221467868FFF794FE3B
:1050500038613B69002B0CD0FB7D00223969F86870
:10506000FFF73AFFBB6A3A683969F868FFF772FFE1
:1050700000E000BF1C37BD4690BD00BFB4B30108BF
:1050800038BB010808B4010854BB010890B587B0CB
:1050900000AF78600023FB750023BB757B68002B95
:1050A00006D1284B40F2EA722749284803F0B0F9AC
:1050B000FB7D9B00DBB203F004037B757B7D9CB220
:1050C0007B681B6D1846F8F762FA034600222146FA
:1050D0007868FFF7C3FE38613B69002B09D17B6814
:1050E0005B8B43F003039AB27B685A836FF0010332
:1050F00023E0BB7DFA7D39697868FFF7EDFE7A68B9
:105100007B68043339697868FFF724FF0346FB7333
:1051100097F90F30002B07D07B685B8B43F00303BC
:105120009AB27B685A8306E07B685B8B23F00303AB
:105130009AB27B685A8397F90F3018461C37BD46E0
:1051400090BD00BFB4B3010870BB010808B40108EA
:1051500090B587B000AF78600023FB757B68002BAB
:1051600006D1184B40F624021749184803F050F9AD
:10517000FB7D9CB27B681B6D013B1846F8F707FA74
:105180000346002221467868FFF768FE38613B69D4
:10519000002B02D14FF0FF3310E0FB7D0022396974
:1051A0007868FFF799FE7A687B6804333969786814
:1051B000FFF7D0FE0346FB7397F90F3018461C37F4
:1051C000BD4690BDB4B3010890BB010808B4010806
:1051D00090B58BB000AF7860002387F827307B68EC
:1051E000002B06D14C4B40F64F024C494C4803F083
:1051F0000FF97B68DB6E3B623B6A002B01D1002319
:1052000086E07B6893F89A30FF2B07D07B6893F891
:105210009A300133DAB27B6883F89A203B6ADB6804
:105220009B899BB21846F8F79DF90346DBB203F061
:105230000103002B05D03B6A1B89002B01D1012300
:1052400000E00023FB77FB7F002B0CBF0123002332
:10525000DBB2BB8397F8273099B23B6ADB685B68A7
:10526000BA8B7868FFF7FAFDB861BB69002B02D1F1
:105270004FF0FF334CE0BB695B687B61FB7F002B29
:1052800011D07B699B899BB21BB223F47C531CB267
:105290001120F8F767F903461BB223431BB29AB2F9
:1052A0007B699A8110E0BB695B6814333B613B6AA0
:1052B00058683B6A5B681A893B6A1B89D31A9BB2A0
:1052C00001223969F9F75EFF3B6ADB685B681846C3
:1052D000F8F75DF903460133FB607B681A6DFB68E4
:1052E000D31A002B02DA7B68FA681A6597F8273020
:1052F0000022B9697868FFF7EFFD7A687B680433AC
:10530000B9697868FFF726FE0346FB7297F90B3000
:1053100018462C37BD4690BDB4B30108ACBB01089C
:1053200008B4010880B582B000AF7860FAF718F8C9
:105330000A4B1B68002B03D1094B1B68002B05D0BF
:1053400000220849FA2000F0F3F803E0064B00229F
:105350001A6000BF00BF0837BD4680BD005E002454
:10536000045E0024255301084C5E002480B500AF84
:105370000A4B1B68002B0FD1094B1B68002B03D174
:10538000084B1B68002B07D0044B01221A60002237
:105390000549FA2000F0CCF800BF80BD4C5E002427
:1053A000005E0024045E00242553010880B586B009
:1053B00000AFF860B9607A600620F8F703FE386144
:1053C0003B69002B09D13B69002B51D12A4BBE22EE
:1053D0002A492B4803F01CF84AE03B6900221A6076
:1053E0003B69BA689A603B697A68DA603B69FA6837
:1053F0005A60244B1B68002B03D1224A3B6913607F
:1054000037E03B695A681F4B1B685B68D31ADB0F98
:1054100003F00103DBB2002B07D01A4B1A683B697B
:105420001A60184A3B69136023E0164B1B687B61C6
:105430001AE07B691B68002B0BD03B695A687B69BB
:105440001B685B68D31ADB0F03F00103DBB2002B90
:1054500007D07B691A683B691A607B693A691A60F0
:1054600007E07B691B687B617B69002BE1D100E071
:1054700000BF1837BD4680BDD0BB010804BC010881
:1054800044BC0108445E002480B586B000AF78605B
:105490007B687B617B695B689847F7F789FF3861B8
:1054A0007B691A680F4B1B681344FB60FA683B6901
:1054B000D31ADB0F03F00103DBB2002B09D07B69A9
:1054C0001A683B6913447A6807491846FFF76EFF6C
:1054D00004E07A680449F868FFF768FF00BF1837EE
:1054E000BD4680BD485E00248954010880B582B065
:1054F00000AF01237B600EE00B4A7B6852F833005B
:105500007B68DB00084A13441A46084900F010F88B
:105510007B6801337B607B68022BEDD900BF00BF45
:105520000837BD4680BD00BFDCC7010889540108AB
:1055300080B586B000AFF860B9607A60FB68B3F1FF
:10554000804F06D30A4B40F229120A490A4802F05A
:105550005FFFF7F72DFF0246FB6813447B617A6813
:10556000B9687869FFF722FF00BF1837BD4680BDD4
:10557000D0BB01086CBC010844BC010880B584B0F4
:1055800000AFF7F715FFF8601A4B1B78DBB2002B62
:1055900001D0F9F7C3F8184B1B68BB60BB68002B40
:1055A00022D0BB685B68FA68D31ADB0F03F00103F3
:1055B000DBB2002B1AD1BB681B680F4A1360BB68B3
:1055C0009B687B60BB68DB683B60BB685B680B4AC1
:1055D0001360B9680620F8F765FD7B68002BD3D00F
:1055E0007B6838689847CFE700BF00E000BF1037FE
:1055F000BD4680BDF15D0024445E0024485E002469
:1056000080B500AF02F080FD03469BB2C3F30D03EB
:105610009BB2A3F580439AB2014B1A8000BF80BDB4
:105620005000002480B584B000AFF860B960134624
:10563000FB71FB68002B05D1274B8722274928489F
:1056400002F0E6FEBB68002B05D1234B88222549DA
:10565000234802F0DDFEFB681B7A002B0BD0FB68B1
:105660001A7A214B5B6893F830300133DBB29A42EF
:1056700001D000232BE0FB79002B18D0FB68002B16
:1056800013D0FB681B68002B0FD0174B5B69B3F17D
:10569000FF3F0AD0FB681A68134B5B695A40BB682E
:1056A00008331B681340002B10D101230FE0FB6867
:1056B000002B09D0FB681B68002B05D0FB681A681B
:1056C000094B5B699A4201D1012300E0002318468F
:1056D0001037BD4680BD00BFB8BC0108E8BC01085A
:1056E0000CBD010834BD0108D82E002490B58DB042
:1056F00002AF786039600023FB767B68002B05D110
:105700007C4BCF227C497D4802F082FE3B68002B17
:1057100005D1784BD0227A49784802F079FE7B682F
:105720005B89072B03D87868F9F732FBDEE07B68EA
:105730005B687B61734B5B69724A1268114618465D
:1057400001F0AEFC0346FB747B691B889BB21846D4
:10575000F7F708FF03463B827B695B889BB21846DC
:10576000F7F700FF0346FB8100237B6200233B62C7
:105770000023FB61644B1B687B6254E07B6A5B8A9D
:10578000FA899A424AD1FB7C1A463968786AFFF74F
:1057900049FF0346002B41D07B6A1B7C03F00403C6
:1057A000002B1DD1FB69002B02D17B6AFB6117E046
:1057B000FB7C002B14D0534B5B69B3F1FF3F0FD13F
:1057C000FB691A683B6804331B689A4208D07B6AFD
:1057D0001A683B6804331B689A4201D17B6AFB61FB
:1057E0007B6A9B8A3A8A9A4218D17B6A5B68002B53
:1057F00005D07B6A5A68434B1B699A420ED13B6ABB
:10580000002B14D07B6ADA683B6ADA603E4B1A6878
:105810007B6ADA603C4A7B6A136008E07B6A3B6221
:105820007B6ADB687B627B6A002BA7D100E000BF4C
:105830007B6A002B01D1FB697B627B6A002B02D063
:105840000123FB760AE03B6804331A682D4B5B6941
:105850009A420CBF01230023DBB2FB76FB7E002BB8
:1058600041D008217868F9F70DFA0346002B0AD0D9
:10587000204B4FF4B8722549204802F0C9FD7868E2
:10588000F9F786FA32E07B6A002B12D07B6A9B69BB
:10589000002B0AD07B6A9C697B6AD8693B8A00939B
:1058A0001B4B7A68796AA04721E07868F9F770FAAB
:1058B0001CE0FB7C002B12D1124B5B6903F0F00360
:1058C000E02B0CD00F4B9B8908339BB21BB21946BF
:1058D0007868F9F74AFA0321786801F0B7F8786830
:1058E000F9F756FA03E07868F9F752FA00BF2C3757
:1058F000BD4690BDB8BC01085CBD01080CBD0108E7
:1059000074BD0108D82E0024505E002490BD01080B
:10591000E82E002480B485B000AF786039607B68E1
:10592000002B1ED07B681B68002B1AD03B68002B15
:1059300017D03B681B68002B13D00D4B1B68FB6016
:105940000CE0FB681A687B681B689A4203D13B68CD
:105950001A68FB681A60FB68DB68FB60FB68002B59
:10596000EFD100BF1437BD465DF8047B704700BF20
:10597000505E002480B582B000AF786015497A6827
:1059800013465B001344DB000B441B68002B13D051
:1059900010497A6813465B001344DB000B441B6814
:1059A0001846F9F7F5F90B497A6813465B0013447A
:1059B000DB000B4400221A6006497A6813465B003C
:1059C0001344DB000B44143300221A7000BF083765
:1059D000BD4680BD545E002480B582B000AF002378
:1059E0007B6096E04F497A6813465B001344DB0006
:1059F0000B4414331B78FB70FB78002B00F086807F
:105A000048497A6813465B001344DB000B441233A9
:105A10001B88013398B243497A6813465B001344EC
:105A2000DB000B44123302461A803E497A68134663
:105A30005B001344DB000B4412331B88B3F5967FE5
:105A400015D238497A6813465B001344DB000B44D7
:105A500014331B78012B0ED132497A6813465B0050
:105A60001344DB000B4412331B88042B03D97868E2
:105A7000FFF780FF4AE02B497A6813465B00134426
:105A8000DB000B4414331B78032B0AD125497A68B9
:105A900013465B001344DB000B44143304221A70DA
:105AA00034E020497A6813465B001344DB000B4462
:105AB00014331B78042B0AD11A497A6813465B0009
:105AC0001344DB000B44143302221A701EE0154904
:105AD0007A6813465B001344DB000B4414331B78D5
:105AE000012B13D10F497A6813465B001344DB0086
:105AF0000B44083318687A6813465B001344DB00D4
:105B0000084A13440433194600F06EFE7B680133E3
:105B10007B607B68092B7FF765AF00BF00BF08374C
:105B2000BD4680BD545E002480B58AB000AFF860E9
:105B30000B467A60FB720A23FB840A23BB840A2388
:105B40007B8400233B840A23FB830023BB83002345
:105B50007B8300233B8300233B84AEE0B7F9202006
:105B6000A64913465B001344DB000B4414331B7837
:105B7000FB75B7F922300A2B05D1FB7D002B02D132
:105B80003B8C7B8495E0FB7D002B00F09280FB7DBD
:105B9000012B09D0FB7D012B06D8994B40F2231233
:105BA0009849994802F034FCFB68002B20D0FB6830
:105BB0001968B7F92020914813465B001344DB00B5
:105BC000034404331B68994212D17B68002B0CD02C
:105BD000B7F92020894913465B001344DB000B44CE
:105BE00008331B687A689A4202D1B7F9203000E185
:105BF000FB7D012B40D1B7F92020804913465B0083
:105C00001344DB000B441B68002B1AD0B7F920208B
:105C10007A4913465B001344DB000B4412331B88A4
:105C2000BA8B9A4245D83B8CFB83B7F92020734945
:105C300013465B001344DB000B4412331B88BB8309
:105C400037E0B7F920206D4913465B001344DB00B1
:105C50000B4412331B887A8B9A422AD83B8CFB84E4
:105C6000B7F92020654913465B001344DB000B4461
:105C700012331B887B831CE0FB7D012B19D9B7F9FC
:105C800020205E4913465B001344DB000B441233B3
:105C90001B883A8B9A420CD83B8CBB84B7F92020E6
:105CA000564913465B001344DB000B4412331B8838
:105CB0003B833B8C01339BB23B84B7F92030092BEB
:105CC0007FF74CAFFB7A03F00203002B08D1B7F942
:105CD00022300A2B07D1FB7A03F00103002B02D1FB
:105CE0004FF0FF3385E0B7F92230092B02DC7B8CC3
:105CF0003B8439E0B7F92430092B14DCBB8C3B849E
:105D0000B7F920203D4913465B001344DB000B44E8
:105D10001B68002B18D03A4B40F26D123B493A48B1
:105D200002F076FB10E0B7F92630092B02DCFB8C81
:105D30003B8409E0B7F91E30092B02DCFB8B3B8466
:105D400002E04FF0FF3354E0B7F92030092B06DDB5
:105D50002B4B40F27F122E492B4802F059FBB7F92A
:105D600020301846FFF706FEB7F92030092B06DD74
:105D7000234B40F283122649234802F049FBB7F92E
:105D800020201E4913465B001344DB000B441433F0
:105D90001B78002B06D01A4B4FF4C2721D491A48CB
:105DA00002F036FBFB68002B0BD0B7F92020FB6814
:105DB0001968124813465B001344DB0003440433A4
:105DC0001960B7F920200D4913465B001344DB002E
:105DD0000B44123300221A80B7F9202007491346DA
:105DE0005B001344DB000B4408337A681A60B7F990
:105DF000203018462837BD4680BD00BF545E0024C1
:105E00001CC0010854C0010894C00108BCC00108AE
:105E1000D4C00108E8C0010880B588B002AFF860BE
:105E2000B9607A60FB70FB6893F82C30062B06D0C3
:105E3000484B40F2A9124849484802F0E9FABB68C9
:105E4000002B12D0BB681B68002B0ED0BB681B68F0
:105E5000F968184601F024F90346002B05D1BB6808
:105E60001B6803F0F003E02B02D16FF00F036CE02E
:105E7000FB78FA681946B868FFF756FE0346FB82BE
:105E8000B7F91630002B02DAFB8A5BB25DE0B7F996
:105E90001620334913465B001344DB000B441433D4
:105EA00002221A70B7F916202D4913465B001344DD
:105EB000DB000B440833FA681A60B7F91620134662
:105EC0005B001344DB000833254A134404330622E5
:105ED0007968184602F0D1FBB7F91620204913461D
:105EE0005B001344DB000B44123300221A80B7F925
:105EF00016201B4913465B001344DB000B441B6850
:105F0000002B21D0B7F91620154913465B00134426
:105F1000DB000B441B683B61B7F9162010491346A0
:105F20005B001344DB000B4400221A60FB6803F1A2
:105F300026024FF4006300937B683969F86801F02A
:105F4000BDFF3869F8F724FF002318461837BD460F
:105F500080BD00BF1CC0010814C1010894C0010825
:105F6000545E002480B584B000AF78600023FB60ED
:105F70001EE01349FA6813465B001344DB000B4430
:105F800014331B78FB72FB7A002B0ED00C49FA6895
:105F900013465B001344DB000B4408331B687A682C
:105FA0009A4202D1F868FFF7E5FCFB680133FB6019
:105FB000FB68092BDDDD00BF00BF1037BD4680BD8B
:105FC000545E0024B0B58AB004AF786039603B6895
:105FD000002B07D13D4B40F28A223D493D4802F05B
:105FE00017FA6FE07B685B683B613B691B889BB27B
:105FF000B3F5807F0CD13B691B79062B08D13B6937
:106000005B79042B04D13B695B889BB2082B03D0DE
:106010007868F8F7BDFE55E03B690E331B68FB60FE
:106020003B6918331B68BB603B6804331B68002B5B
:1060300002D10023FB7509E0BA683B6804331B6892
:106040009A420CBF01230023DBB2FB753B6903F1CD
:106050000802FB7D002B01D0012300E0022307F1A1
:106060000C013868FFF7D8FE3B69DB889BB2B3F5BB
:10607000807F03D0B3F5007F1ED020E0FB7D002B96
:106080001CD03B6803F126003B6903F108043B6820
:1060900003F126053B6804333A6908320221039173
:1060A00007F10C010291019200932B462246014612
:1060B000386800F0EBFA01E000BF00E000BF78684C
:1060C000F8F766FE1837BD46B0BD00BF1CC001081A
:1060D0006CC1010894C0010880B586B002AFF860B9
:1060E000B9601346FB71FA79444913465B001344C7
:1060F000DB000B4414331B78012B06D8404B40F2D5
:10610000EE224049404802F083F9FA793B491346B0
:106110005B001344DB000B4414331B78022B53D178
:10612000FA79364913465B001344DB000B44123303
:106130001B88B3F58E7F19D9FA7913465B00134497
:10614000DB002E4A134404331946F86800F04CFB78
:106150000346002B38D1FA79284913465B001344D3
:10616000DB000B44143303221A702DE0FA79234923
:1061700013465B001344DB000B4412331B88B3F55A
:10618000877F21D3FA7913465B001344DB001B4A57
:106190001344191DFA7913465B001344DB000833DE
:1061A000164A134404331A46F86800F0FBFA034613
:1061B000002B09D1FA79114913465B001344DB0027
:1061C0000B44143303221A70FB6803F12601FA7999
:1061D00013465B001344DB000833084A13440433BE
:1061E0004FF4006200920A46B968F86801F066FE52
:1061F000034618461037BD4680BD00BF545E0024DC
:106200001CC001088CC1010894C0010880B58AB087
:1062100002AFF860B9607A607B68BB61FB68002BF5
:1062200006D1734B40F21E327249734802F0F0F807
:10623000BB68002B06D16E4B40F21F326F496E488F
:1062400002F0E6F87B68002B06D1694B4FF44872E8
:106250006B49694802F0DCF87B681B68F9681846EE
:1062600000F01EFF0346002B02D0664BFB61AFE03F
:106270007B681B6803F0F003E02B18D101233B740B
:1062800000237B745E23BB747B6801331B7803F0AF
:106290007F03DBB2FB747B6802331B783B757B6842
:1062A00003331B787B7507F11003FB6190E07B687B
:1062B0001A68FB6804331B685A40FB6808331B6884
:1062C0001340002B12D07B681B689BB24FF6A9626B
:1062D00093420BD0FB680C331B68002B03D0FB6888
:1062E0000C33BB6102E06FF003037DE0464B1B788B
:1062F0001946464A0B465B000B44DB00134414333B
:106300001B78012B25D9404B1B7819463F4A0B4679
:106310005B000B44DB00134408331B68FA689A42A5
:1063200017D1BB691A68384B1B78184637490346A2
:106330005B000344DB000B4404331B689A4208D122
:10634000314B1B781A46B968F868FFF7C5FE03465B
:106350004AE00023FB7531E0FA7D2C4913465B00CF
:106360001344DB000B4414331B78012B23D9FA7D33
:10637000264913465B001344DB000B4408331B68BB
:10638000FA689A4217D1BB691968FA7D1F4813460B
:106390005B001344DB00034404331B6899420AD1B9
:1063A000194AFB7D1370FB7D1A46B968F868FFF740
:1063B00093FE034618E0FB7D0133FB75FB7D092B43
:1063C000CAD9BA68B969F86800F022F803460BE048
:1063D000FB6803F126024FF400630093FB69B96880
:1063E000F86801F06BFD034618462037BD4680BDB6
:1063F0001CC001086CC1010894C00108BCC101089F
:106400005CC10108F8C70108445F0024545E002401
:1064100080B58CB002AFF860B9607A60FB68263353
:106420007B61FF2387F8273000233B62BB681B6832
:10643000F968184600F034FE0346002B0CD1BB6807
:106440001B6803F0F003E02B06D0BB68002B03D0E1
:10645000BB681B68002B02D16FF00F0301E1FA68E3
:106460000121B868FFF760FB03467B82B7F9123061
:10647000002B02DA7B8A5BB2F3E07B8A7E2B06D9A3
:106480007A4B40F2C1327A497A4801F0C1FF7B8AE7
:106490007B747A7C784913465B001344DB000B4421
:1064A00014331B78002B15D101233B627A7C72498F
:1064B00013465B001344DB000B44143301221A70B3
:1064C0007A7C6D4913465B001344DB000B440833B0
:1064D000FA681A607A7C684913465B001344DB0053
:1064E0000B4414331B78012B11D07A7C624913467C
:1064F0005B001344DB000B4414331B78012B06D8DC
:106500005A4B40F2CD325D495A4801F081FF3B6A57
:10651000002B02D17B68002B0CD1B968F86800F021
:1065200063F9034687F827307B68002B02D197F97F
:10653000273096E07B68002B06D14C4B40F2E132CD
:106540004F494C4801F064FF7A7C4B4913465B008D
:106550001344DB000B4414331B78012B17D9494A31
:106560007B7C13707A7C13465B001344DB0008339A
:10657000414A134404334FF4006200927A69796807
:10658000F86801F09BFC034687F8273067E07A7CC7
:10659000394913465B001344DB000B4414331B786A
:1065A000012B5CD10023BB617B68FB611CE0FB69B4
:1065B0005A89FB691B899A420AD1FB691B68002B27
:1065C00006D02A4B40F2F1322F492A4801F020FF31
:1065D000FB691B7B03F04003002B02D00123BB614E
:1065E00005E0FB691B68FB61FB69002BDFD1BB6920
:1065F000002B07D07A684FF420710E20F8F734FE94
:10660000F86104E07B68FB61F869F8F761FCFB69FD
:10661000002B21D07A7C184913465B001344DB0021
:106620000B441B68002B0AD07A7C134913465B008D
:106630001344DB000B441B681846F8F7A9FB7A7C6F
:106640000D4913465B001344DB000B44FA691A60E2
:10665000002387F8273002E0FF2387F8273097F9D7
:10666000273018462837BD4680BD00BF1CC0010832
:10667000C8C1010894C00108545E0024D8C10108B3
:10668000BCC10108445F002400C2010880B58AB083
:1066900002AFF860B9607A603B600023FB77FB686B
:1066A000002B06D13A4B40F257423A493A4801F0A2
:1066B000AFFE4FF420721C210E20F8F785F8B86168
:1066C000BB69002B02D14FF0FF335DE0BB695B89F2
:1066D0001B2B06D82E4B40F2624230492E4801F067
:1066E00097FEBB695B687B61BB8E1846F6F73AFF85
:1066F00003461A467B69DA80FB6893F82C30062B38
:1067000006D0234B40F269422549234801F080FE20
:106710007B69083306223968184601F0AEFF7B69B1
:1067200012330622F96A184601F0A7FF7B690E337F
:10673000BA6A12681A607B6918333A6B12681A6079
:106740007B6900221A70002242F001025A707B69B4
:10675000002242F008029A700022DA707B69062259
:106760001A717B6904225A7140F6060300937B6814
:10677000BA68B969F86801F0A1FBB869F8F708FBD5
:106780000023BB6197F91F3018462037BD4680BDF6
:106790001CC001086CC1010894C001081CC201089A
:1067A00050C2010880B588B004AFF860B9607A6063
:1067B000FB6803F12601FB6803F12600FB68043344
:1067C00001220392BA680292064A0192009303469C
:1067D0007A68F868FFF75AFF034618461037BD4637
:1067E00080BD00BF00C8010880B582B000AF7860EE
:1067F0003960054A39687868FFF7D4FF03461846C0
:106800000837BD4680BD00BFF8C7010880B58EB00F
:1068100004AF78603960874B9B687B627B6A1B782A
:1068200003F00F03DBB29B00DBB27B847B8C132B6A
:1068300040F2E8807B685B89032B40F2E5807B684F
:106840005B681B7887F8213097F82130002B00F027
:10685000D280082B40F0D280774BFB61754B5B698F
:1068600003F0F003E02B00F0D680724B5B69714AB5
:1068700012681146184600F013FC0346002B40F046
:10688000CC807B681B89072B40F2C0807868F6F7C4
:1068900006FF0346002B03D07868F8F779FAC5E0C5
:1068A0007B8C0E3319467868F8F7DCF90346002B29
:1068B0004BD07B681A897B8C13447B837B681B8954
:1068C0007A8B9A42C0F0AB807B8B4FF420721946D2
:1068D0000E20F7F779FF78617B69002B00F0A1802B
:1068E0007B695B891A467B8C08339A4203D27869AC
:1068F000F8F74EFA96E07B695B687A8C796A1846FD
:1069000001F0BBFE7B8C19467869F8F7BBF90346AA
:10691000002B09D0494BB62249494A4801F078FD7D
:106920007869F8F735FA7DE079687869F8F758FB07
:106930000346002B03D07869F8F72AFA72E07868EA
:10694000F8F726FA7B697B600FE07B8C0E331946E3
:106950007868F8F797F90346002B06D0374BC72223
:106960003949384801F054FD5CE07B685B683B6165
:106970007B8C19467868F8F775F90346002B3CD1F3
:106980007B685B68FB60FB691A68FB68DA60294B0F
:106990001A69FB681A613B6900221A703B695B88BF
:1069A0009BB24FF6F772934207D93B695B889BB263
:1069B00009339AB23B695A8006E03B695B889BB217
:1069C00008339AB23B695A80FB68FF221A72FB684F
:1069D00000229A720022DA723B680293012301932B
:1069E00000230093FF230022F969786800F080FA01
:1069F0000346FB7201E000BF00E000BF7868F8F7D3
:106A0000C7F913E000BF02E000BF00E000BF7868F4
:106A1000F8F7BEF90AE000BF04E000BF02E000BFE3
:106A200000E000BF7868F8F7B3F900BF2837BD462B
:106A300080BD00BFD82E0024EC2E002494C2010893
:106A4000CCC2010804C301082CC3010880B582B080
:106A500000AF78600B46FB70FB781A46032178681C
:106A600000F014F800BF0837BD4680BD80B582B085
:106A700000AF78600B46FB70FB781A460B217868F4
:106A800000F004F800BF0837BD4680BD80B58CB06B
:106A900004AF78600B46FB701346BB704FF4207256
:106AA00024212220F7F790FEF861FB69002B56D0D5
:106AB000FB695B89232B06D82B4B4FF4B4722B490F
:106AC0002B4801F0A5FC7B685B68BB61FB695B68D8
:106AD0007B617B69FA781A707B69BA785A707B6936
:106AE00000221A7100225A717B6900229A710022D9
:106AF000DA71FB695B6803F108007B685B681C2244
:106B0000194601F0BAFDBB69DB68FB6007F10C03B5
:106B1000184600F02FF838613B69002B1BD07B69C9
:106B200000229A700022DA70FB695B891946786945
:106B3000F6F7A3FD03461A467B695A8007F10C025B
:106B40003B6902930123019300230093FF2300215B
:106B5000F86900F0CDF9F869F8F71AF900E000BF1C
:106B60002037BD4680BD00BF94C2010860C3010844
:106B700004C3010880B485B000AF7860334B1B6854
:106B8000FB6036E0FB6893F82D3003F00103DBB2C5
:106B9000002B2BD0FB6893F82D309B0803F00103EA
:106BA000DBB2002B22D0FB6804331B68002B1DD006
:106BB0007B681A68FB6804331B685A40FB6808331B
:106BC0001B681340002B01D1FB6838E0FB6893F889
:106BD0002D3003F00203002B08D17B681A68FB6894
:106BE0000C331B689A4201D1FB6828E0FB681B68E4
:106BF000FB60FB68002BC5D1154B1B68002B1AD01E
:106C0000134B1B6893F82D3003F00103002B12D0B7
:106C10000F4B1B6893F82D3003F00403002B0AD0B0
:106C20000B4B1B6804331B68002B04D07B681B686C
:106C3000DBB27F2B01D1002301E0054B1B68184616
:106C40001437BD465DF8047B704700BFE85D002443
:106C5000EC5D002480B582B000AF78607B6893F86B
:106C60002D3003F00103DBB2002B16D07B68043318
:106C70001B68002B11D00B4B5A697B6804331B68CF
:106C80009A4208D0074B5B697968184600F008FA09
:106C90000346002B01D0012300E0002318460837EB
:106CA000BD4680BDD82E002480B586B000AF786088
:106CB00039607B685B687B617B691B781B09DBB291
:106CC000042B04D07868F8F763F8002307E17B69A8
:106CD0001B7803F00F03DBB29B00DBB2FB817B6907
:106CE0005B889BB21846F6F73DFC0346BB817B6888
:106CF0001B89BA899A4204D2BB8919467868F7F78A
:106D0000C1FE7B685B89FA899A4207D87B681B8938
:106D1000BA899A4202D8FB89132B04D87868F8F70D
:106D200037F80023DBE07B691B696F4A53617B699D
:106D3000DB686D4A13616C4B5B6903F0F003E02B79
:106D400012D13B6893F82D3003F00103DBB2002B26
:106D500007D03B6804331B68002B02D03B683B61C3
:106D60002AE000233B6127E03868FFF773FF034602
:106D7000002B02D03B683B611EE000233B615A4B75
:106D80005B69DBB27F2B17D0584B1B683B610EE071
:106D90003A693B689A4206D03869FFF75BFF0346C1
:106DA000002B08D100E000BF3B691B683B613B69D9
:106DB000002BEDD100E000BF4B4B1B693968184632
:106DC00000F06EF90346002B05D1474B1B6903F019
:106DD000F003E02B04D17868F7F7DAFF00237EE0B8
:106DE0003B69002B04D17868F7F7D2FF002376E0E7
:106DF0007B69DB889BB21A464FF63F731340002B2A
:106E00000BD0786800F092FC78607B68002B01D191
:106E1000002364E07B685B687B61334A3B691360F5
:106E2000314A3B685360304A7B6993607B691B78C9
:106E300003F00F03DBB29B00DBB21A462A4B9A81A8
:106E4000FB8919467868F7F71DFF7B695B7A112B80
:106E500006D0112B13DC012B0CD0062B05D00EE035
:106E600039687868FEF742FC26E039687868FAF7F6
:106E700069F821E039687868FFF7C8FC1CE01A4B14
:106E80005B693969184600F00BF90346002B0FD1F6
:106E9000154B5B6903F0F003E02B09D0B7F90E3016
:106EA00019467868F7F761FF02217868FFF7CEFD91
:106EB0007868F7F76DFF00BF0B4B00221A600A4B92
:106EC00000225A60084B00229A60074B00229A81E8
:106ED000054B00221A61044B00225A610023184618
:106EE0001837BD4680BD00BFD82E0024E85D0024C1
:106EF00080B58AB004AFF860B9607A60FB70BB6897
:106F00007B617B68002B09D0BB68002B03D0BB687A
:106F10001B68002B02D1BB6A04337B61FA78BB6A21
:106F2000029397F82430019397F82030009313468A
:106F30007A687969F86800F005F80346184618374A
:106F4000BD4680BD80B588B000AFF860B9607A609A
:106F5000FB70FB689B7B012B06D04B4B4FF45572AB
:106F60004A494B4801F054FA7B68002B60D0142347
:106F70007B831421F868F7F775FE0346002B02D0D7
:106F80006FF001037CE0FB685B68FB61FB685B8979
:106F9000132B06D83C4B4FF462723E493C4801F03B
:106FA00037FAFB69FA781A72FB6997F82C205A7243
:106FB0007B681A68FB691A617B8B9B089BB2DBB20A
:106FC00043F04003DAB2FB691A70FB6997F8282096
:106FD0005A70FB681B891846F6F7C4FA03461A462E
:106FE000FB695A80FB6900229A710022DA712A4BF0
:106FF0001B881846F6F7B6FA03461A46FB699A80CC
:10700000254B1B8801339AB2234B1A80BB68002B97
:1070100004D1224B1A68FB69DA6003E0BB681A6886
:10702000FB69DA60FB6900229A720022DA720FE0D3
:10703000FB685B89132B02D86FF0010320E0FB682B
:107040005B68FB61FB691B697B6107F114037B6073
:107050003B6B9B8C002B0CD0FB681A893B6B9B8C89
:107060009A4206D97A68396BF86800F053FD0346F6
:1070700006E03B6B5B697A68F968386B98470346B2
:1070800018462037BD4680BD8CC30108C0C3010827
:10709000CCC30108F4C30108465F0024F4C701080B
:1070A00080B485B000AF786039607B68FB607B6836
:1070B000B3F1FF3F02D07B68002B01D101232AE00E
:1070C0003B6893F82D3003F00203002B01D100231D
:1070D00021E03B6804331B687A689A4201D100239F
:1070E00019E0FA683B6804331B685A403B68083370
:1070F0001B681340002B0DD13B6808331B68DA4333
:107100007B681A403B6808331B68DB439A4201D115
:10711000012300E0002318461437BD465DF8047BC8
:107120007047000080B584B000AF0023BB60124BF5
:107130001B68FB6018E0FB68DB7F002B0BD0FB6853
:10714000DB7F013BDAB2FB68DA77FB68BB60FB6888
:107150001B68FB6008E0FB687B60FB681B68FB60EA
:10716000B968786800F00AF8FB68002BE3D100BF2B
:1071700000BF1037BD4680BD485F002480B588B091
:1071800000AF786039600023FB833A687B689A42DD
:1071900005D1454BAB224549454801F039F93B68DB
:1071A000002B0AD03B681B687A689A4205D03E4B98
:1071B000AD2240493E4801F02BF97B685B685B6873
:1071C0007B617B699B889BB2002B2AD17B685B68C3
:1071D000BB617B691A687B685A60BB6958687B68C9
:1071E00008331422194601F048FA0121B869FFF763
:1071F0003DFCB869F7F754FE03467B82FA8B7B8A25
:107200001344B3F5803F05DB274BBC222A492848AD
:1072100001F0FEF8FA8B7B8A1344FB83B869F7F719
:10722000B7FD7B685B68BB611FE0BB695B687B6126
:10723000BB69FB607B691B68BB61F868F7F730FED0
:1072400003467B82FA8B7B8A1344B3F5803F05DBD0
:10725000154BCC221849164801F0DAF8FA8B7B8AD4
:107260001344FB83F868F7F793FDBB69002BDCD16F
:107270003968786800F0C2F8104B1B88FA8B9A4284
:1072800005D9094BD2220E49094801F0C1F80B4B30
:107290001A88FB8BD31A9AB2084B1A80FB8B1846BC
:1072A0002037BD4680BD00BF24C4010860C401086A
:1072B0006CC4010894C40108A8C401084C5F0024F0
:1072C000C8C4010880B58AB000AF78603960002377
:1072D0007B6100233B620023FB610023BB61002331
:1072E0003B61284B1B687B6230E07B6A5A697B6894
:1072F000DB689A420CD17B6A9A697B681B699A4267
:1073000006D17B6A9A897B689B889BB29A4214D08B
:107310003B6901333B613B6A002B04D17B6A3B62D2
:10732000FB69BB6109E07B6ADA7F3B6ADB7F9A42DB
:1073300003D87B6A3B62FB69BB617B6A1B68002BDD
:1073400001D07B6AFB617B6A1B687B627B6A002BD6
:10735000CBD13B6A002B08D0B969386AFFF70EFF22
:10736000F8607A69FB6813447B617A693B689A42EA
:1073700002DA3B69012BACDC7B6918462837BD4635
:1073800080BD00BF485F002480B584B000AF786046
:1073900039600420F6F716FEF860FB68002B10D168
:1073A00039687868FFF78EFF02463B68934203DC3A
:1073B0000420F6F707FEF860FB68002B01D10023DC
:1073C00016E020220021F86801F087F8FB680F2200
:1073D000DA77094B1A68FB681A60074AFB68136082
:1073E000FB68083314227968184601F046F9FB68F7
:1073F00018461037BD4680BD485F002480B582B076
:1074000000AF78603960104B1B687A689A4204D1EB
:107410007B681B680C4A13600DE03B68002B06D1AB
:107420000A4B40F245120A490A4800F0F1FF7B6816
:107430001A683B681A6079680420F6F733FE00BFCB
:107440000837BD4680BD00BF485F002424C4010842
:10745000ECC401086CC4010880B58CB000AFF860C2
:10746000B9607A600023BB6201233B62BB685B6842
:10747000FB61FB695B889BB21846F6F773F803461D
:107480007B83FB691B7803F00F03DBB29B007B76E9
:107490007B7E9BB27A8B9A4202D24FF0FF3335E16A
:1074A0007B7E9BB27A8BD31A7B83FB69DB889BB292
:1074B0001846F6F757F80346C3F30C039BB2DB00FC
:1074C000FB82BB685B68FB62FB6A00221A700022C9
:1074D0005A7000229A700022DA70FB6AFA8A9A8047
:1074E000FA8A7B8B13449AB2FB6ADA80FB6ADB88E8
:1074F0009BB2FA8A9A4202D94FF0FF3306E1FB6849
:107500005B687B6268E07B6A5B683B61FB6A9B88C7
:107510009AB23B699B889BB29A4235D2FB6A7A6ADF
:107520001A60BB6A002B20D0FB6A9B889AB2BB6AA8
:10753000DB889BB29A4207D3FB6ADB889AB23B692D
:107540009B889BB29A4202D94FF0FF33DEE0BB6AC0
:10755000BA681A60BB6ADB889AB2FB6A9B889BB2E6
:107560009A423DD000233B623AE0FB6ADB889AB244
:107570003B699B889BB29A4202D94FF0FF33C5E02A
:10758000FB68BA685A602BE0FB6A9B889AB23B6939
:107590009B889BB29A4202D14FF0FF33B6E0FB6A60
:1075A0009B889AB23B69DB889BB29A4202D24FF029
:1075B000FF33ABE0BB6A002B09D0BB6ADB889AB211
:1075C0003B699B889BB29A4201D000233B623B6996
:1075D0001B687B623B69BB627B6A002B93D100E036
:1075E00000BF7B6A002B2DD1BB6A002B1CD0BB6A6D
:1075F000DB889AB2FB6A9B889BB29A4206D9454BBC
:107600004FF4DB724449454800F002FFBB6ABA6898
:107610001A60BB6ADB889AB2FB6A9B889BB29A426B
:1076200010D000233B620DE0FB685B68002B06D0A6
:10763000384B4FF4DF723A49384800F0E9FEFB68F6
:10764000BA685A607B68002B05D1FB689B7F03F00A
:107650000103002B59D03B6A002B4FD0FB685B68BD
:10766000002B06D0FB685B685B689B889BB2002B95
:1076700002D000233B6241E0FB6ABB62FB6A1B68ED
:107680007B6212E07B6A5B68FB62BB6ADB889AB252
:10769000FB6A9B889BB29A4202D000233B6207E0C0
:1076A000FB6ABB62FB6A1B687B627B6A002BE9D1C9
:1076B0003B6A002B22D0FB685B68002B06D1154B80
:1076C00040F2DF121749154800F0A2FEFB685B6824
:1076D0005B68FA6A9A4206D10E4B4FF4F072114978
:1076E0000E4800F095FEFB6A1B68002B06D0094B84
:1076F0004FF4F1720C49094800F08AFE3B6A002BF6
:1077000014BF01230023DBB200E00023184630370A
:10771000BD4680BD24C4010808C501086CC4010829
:1077200028C5010860C5010870C5010880B58EB084
:1077300000AF78607B685B68BB62BB6A1B7803F054
:107740000F03DBB29B00DBB2142B40F07181BB6AEC
:10775000DB889BB21846F5F705FF0346C3F30C031D
:107760009BB2DB00FB84BB6A5B889BB21846F5F7D3
:10777000F9FE0346BB84BB6A1B7803F00F03DBB240
:107780009B0087F8233097F823309BB2BA8C9A423B
:10779000C0F0508197F823309BB2BA8CD31ABB84C7
:1077A0007868F7F77DFB03463B848C4B1B881A46B1
:1077B0003B8C13440A2B10DD3B8C1946B86AFFF74B
:1077C00081FD0346002B00F03781844B1B881A464D
:1077D0003B8C13440A2B00F32F81814B1B683B63C6
:1077E00015E03B6B5A69BB6ADB689A420CD13B6B74
:1077F0009A69BB6A1B699A4206D13B6B9A89BB6A3C
:107800009B889BB29A4206D03B6B1B683B633B6BE9
:10781000002BE6D100E000BF3B6B002B09D13B8C75
:107820001946B86AFFF7B0FD38633B6B002B1CD1DB
:1078300005E1BB6ADB889BB21846F5F793FE034669
:10784000C3F30C03002B10D13B6BDB891846F5F713
:1078500089FE0346C3F30C03002B06D03B6B0833B1
:107860001422B96A184600F008FFBB6ADB889BB295
:1078700003F02003002B0CBF01230023DBB2FB61CC
:10788000FB69002B0ED0FA8CBB8C13447B837A8B64
:10789000FB8C9A42C0F0A0807B8B4FF6EB72934238
:1078A00000F29A80FA697968386BFFF7D5FD786144
:1078B0007B69B3F1FF3F00F09B80484B1A883B8CFB
:1078C00013449AB2454B1A80FB69002B0DD0FA8CF9
:1078D000BB8C13447B823B6B7A8A9A833B6B9B7F86
:1078E00043F00103DAB23B6B9A777B69012B71D1CC
:1078F0003B6B9B8B14333B823B6B5B685B681B6809
:107900007B633B6B5B685B68BB623B6B0833142239
:107910001946B86A00F0B1FE3B8A1846F5F722FE18
:1079200003461A46BB6A5A80BB6A00229A7100223B
:10793000DA71BB6A00229A720022DA723B6B5B68D2
:107940007B600DE07B6B5B68FB601421786BF7F765
:1079500099F9796B7868F7F7DDFAFB681B687B6348
:107960007B6B002BEED11E4B1B683A6B9A4202D107
:107970000023FB6210E01A4B1B68FB6207E0FB6A06
:107980001B683A6B9A4206D0FB6A1B68FB62FB6A73
:10799000002BF4D100E000BFF96A386BFFF72EFD31
:1079A0007868F7F77DFA03463B840C4B1B883A8CCA
:1079B0009A4206D90B4B40F29B220B490B4800F030
:1079C00027FD064B1A883B8CD31A9AB2034B1A80B8
:1079D0007B6838E0002336E000BF0AE04C5F0024FB
:1079E000485F002424C4010894C501086CC4010840
:1079F00000BF3B6B002B06D1154B4FF42A72154983
:107A0000154800F005FD3B6B5B68002B16D1134B4E
:107A10001B683A6B9A4206D00D4B40F2AB221049DC
:107A20000D4800F0F5FC0021386BFFF7E7FC06E09D
:107A300000BF04E000BF02E000BF00E000BF7868C4
:107A4000F7F7A6F9002318463837BD4680BD00BFBA
:107A500024C40108B0C501086CC40108485F0024B3
:107A6000BCC5010880B500AF0520F6F7ABFA0346A8
:107A7000184680BD80B582B000AF78607B68002B6F
:107A800006D1074B4FF431720649074800F0C0FC9D
:107A900079680520F6F706FB00BF0837BD4680BDB4
:107AA00024C40108DCC501086CC4010880B584B099
:107AB00000AF78607B68FB60FB68002B06D1114B40
:107AC00040F2CE221049114800F0A2FCFA687B680F
:107AD0009A4206D00B4B40F2CF220D490B4800F0E2
:107AE00097FCFB685B69002B04D0FB685B69184658
:107AF000F7F74EF9F868FFF7BDFF00BF1037BD4636
:107B000080BD00BF24C40108E8C501086CC4010899
:107B1000F4C5010880B594B002AFF860B9607A602E
:107B20000023A7F84630BB689B8C143B002B00DA7F
:107B30000733DB107B871423FB87FB685B687B6361
:107B40007B6B3B633B6B1B7803F00F03DBB29B004B
:107B5000DBB2142B02D06FF0050310E1FB685B89E8
:107B6000132B09D8884B4FF43F728849884800F09E
:107B70004FFC6FF0050302E13B6BDB889BB21846BC
:107B8000F5F7F0FC0346BB87BB8FC3F30C03A7F8E4
:107B90004030BB8F03F40053FB62FB681B89143B2E
:107BA000A7F84230E1E07B8FDB009BB2B7F84220C0
:107BB000934228BF13467B854FF4207214210E2078
:107BC000F6F702FE78627B6A002B00F0D5807B6AB4
:107BD0005B89132B06D86C4B4FF449726D496C4886
:107BE00000F016FC7B6A5B681422796B184600F083
:107BF00044FD7B6A5B683B637B8DA7F8443064E09F
:107C0000FB685A89FB8FD31AFB83FB685B89FA8F69
:107C10009A4206D95C4B40F22D325F495C4800F035
:107C2000F7FBFA8BB7F84430934228BF1346A7F806
:107C30004630B7F84630002B05D10023FB87FB68A0
:107C40001B68FB6041E0FFF70DFFB861BB69002BCB
:107C500003D1786AF7F79CF88FE0B869FB685A6837
:107C6000FB8F1344B7F84610B7F8462001920093F3
:107C7000034641220020F6F7D1FE78617B69002B94
:107C800006D1B869FFF7F6FE786AF7F781F874E075
:107C9000F868F7F71DF9BB69FA685A61BB693F4A92
:107CA0001A617969786AF7F735F9B7F84420B7F8B7
:107CB0004630D31AA7F84430B7F84430002B04D02C
:107CC0000023FB87FB681B68FB60B7F84430002B80
:107CD00096D1FA8FB7F846301344FB87BB689B8C6C
:107CE000A3F11302B7F842309A42CCBF012300231C
:107CF000DBB23B62B7F84030C3F30C03BB873B6A8F
:107D0000002B02D0FB6A002B03D0BB8F43F400533F
:107D1000BB87BB8F1846F5F725FC03461A463B6B1D
:107D2000DA807B8D14339BB21846F5F71BFC0346B3
:107D30001A463B6B5A803B6B00229A720022DA7221
:107D4000BB685B697A68796AB8689847786AF7F7B8
:107D50001FF8B7F842207B8DD31AA7F84230B7F846
:107D600040207B8F1344A7F84030B7F84230002BF7
:107D70007FF419AF002302E000BF4FF0FF33184635
:107D80004837BD4680BD00BF24C4010800C60108B5
:107D90006CC401081CC601083CC60108AD7A010884
:107DA00080B586B000AF786039600E23FB827B68B7
:107DB0005B890E2B6ED97B68DB7B002B06D13B6881
:107DC00093F830300133DAB27B68DA737B685B6832
:107DD0003B613B691A7B5B7B1B021343FB813B6965
:107DE0001B7803F00103002B23D03B691B78012B88
:107DF0000FD13B695B78002B1BD13B699B785E2BD5
:107E000017D17B685B7B43F01003DAB27B685A734F
:107E10000FE03B6906222849184600F04EFB034656
:107E2000002B06D17B685B7B43F00803DAB27B68EA
:107E30005A73FB89082B03D0B3F5C16F14D032E01D
:107E40003B6893F82D3003F00803002B24D0FB8A05
:107E500019467868F6F716FF0346002B1ED13968DD
:107E60007868FEF721FF13E03B6893F82D3003F0AC
:107E70000803002B14D0FB8A19467868F6F702FF36
:107E80000346002B0ED139687868FEF79BF800BFD7
:107E900000230CE000BF06E000BF04E000BF02E0EA
:107EA00000BF00E000BF7868F6F772FF00231846B5
:107EB0001837BD4680BD00BFF8C7010880B586B041
:107EC00000AFF860B9607A603B603B8C1846F5F70C
:107ED00049FB0346FB820E21B868F6F7C3FE034652
:107EE000002B25D1BB685B683B613B69FA8A9A81AC
:107EF0003B6906223968184600F0BFFB3B69063330
:107F000006227968184600F0B8FBFB6893F82C301D
:107F1000062B06D00A4B4FF499720A490A4800F022
:107F200077FAFB689B69B968F8689847034602E0EE
:107F300000BF6FF0010318461837BD4680BD00BF73
:107F40004CC6010884C60108B8C601080A220021EF
:107F500000F092B9024B0A460146186800F002B8D8
:107F60006000002470B5A1FB02543CB9294600F022
:107F70003FF8064628B90026304670BD0C22026044
:107F8000F9E72A46214600F0A8FAF5E7024B014638
:107F9000186800F02DB800BF60000024024B0146B5
:107FA000186800F097BB00BF6000002470B50F4E4A
:107FB0000C463168054611B900F008FB30602146D7
:107FC000284600F003FB431C03D14FF0FF3420464A
:107FD00070BDC41C24F00304A042F8D0211A284626
:107FE00000F0F4FA0130F2D1EFE700BF505F002457
:107FF0002DE9F843CD1C25F0030508350C2D38BFBD
:108000000C25002D064601DBA94204D90C23336060
:108010000020BDE8F883DFF8D48000F069F8D8F8D4
:1080200000301C4644BB29463046FFF7BFFF431CC7
:10803000044658D1D8F800402746002F43D1002CE1
:108040004BD023683946304604EB030900F0BEFAF2
:10805000814542D121686D1A29463046FFF7A6FFB7
:1080600001303AD023682B442360D8F800305A6896
:1080700062BBC8F800700FE02268521B20D40B2AA4
:1080800017D96119A342256018BF5960636808BFFA
:10809000C8F8001062514B60304600F02FF804F130
:1080A0000B00231D20F00700C21A1CBF1B1AA3508F
:1080B000AFE76268A3420CBFC8F800205A60EBE744
:1080C00023466468AEE73C467F68B6E71A465B68BD
:1080D000A342FBD100235360DEE70C23336030461C
:1080E00000F00CF894E70560D6E700BF545F002469
:1080F000014800F0B8BA00BF98600024014800F0C1
:10810000B3BA00BF98600024164B10B51C68236BEF
:10811000B3B91820FFF73AFF0246206320B9124B8B
:108120001248522100F0B8FA1149124BC0E900136D
:10813000114B83600B23838100210120C2E90401DC
:10814000216B0E480B694C690D4A584302FB040031
:10815000A3FB0232013340EB0200C1E9043020F0FE
:10816000004010BD6000002406C801081DC80108B9
:108170000E33CDAB34126DE6ECDE05002DF4515814
:108180002D7F954C242B2DE9F0478646904601D84B
:10819000012B06D100F03CFA162303600020BDE855
:1081A000F08734480D462A4615F8014B065D16F057
:1081B0000806F8D12D2C2DD12C780126951C33F0F2
:1081C000100209D1302C2AD12A7802F0DF02582A75
:1081D00025D16C781023023506F1004C0CF1FF3CE0
:1081E0000022BCFBF3F9104603FB19CAA4F13007C7
:1081F000092F1BD83C46A34227DD571C07D08145D9
:1082000020D301D1A2451DDB00FB0340012215F85C
:10821000014BEBE72B2C04BF2C78951CCFE7002BF0
:10822000DAD1302C0CBF08230A23D5E7A4F141078B
:10823000192F01D8373CDEE7A4F16107192F04D8C4
:10824000573CD8E74FF0FF32E1E7531C08D1222317
:10825000CEF800306046B8F1000FA0D0691E06E0ED
:1082600006B14042B8F1000F99D0002AF6D1C8F803
:10827000001094E776C8010813460A4601460248F2
:108280000068FFF77FBF00BF60000024002310B527
:108290000446C0E90033C0E904338360818143664A
:1082A000C2818361194608225C3000F016F90D4B3B
:1082B00063620D4BA3620D4BE3620D4B23630D4BC9
:1082C00024629C4206D003F16802944202D0D0336B
:1082D0009C4205D104F15800BDE8104000F0C2B93D
:1082E00010BD00BF35840108578401088F84010840
:1082F000B3840108585F0024024A0349034800F090
:1083000069B800BF54000024118E010864000024E5
:1083100041680C4B994210B5044601D000F078FD3D
:10832000A168094B994202D0204600F071FDE16836
:10833000064B994204D02046BDE8104000F068BDCD
:1083400010BD00BF585F0024C05F002428600024D7
:1083500010B50B4B0B4C0C4A1A602046002204212E
:10836000FFF794FF04F1680001220921FFF78EFF57
:1083700004F1D0000222BDE810401221FFF786BFB1
:1083800090600024585F0024F9820108014800F041
:108390006AB900BF99600024014800F065B900BFC8
:1083A0009960002410B50446FFF7F0FF236A1BB163
:1083B000BDE81040FFF7F0BF044B2362044B1B687D
:1083C000002BF5D1FFF7C4FFF2E700BF11830108CE
:1083D000906000242DE9F84307468846144600269D
:1083E000D4E90195B9F1010905D52468002CF7D12C
:1083F0003046BDE8F883AB89012B07D9B5F90E30BB
:10840000013303D029463846C04706436835E9E7BB
:108410000FB407B5064904AB086853F8042B81680C
:10842000019300F0CBF903B05DF804EB04B07047A2
:108430006000002410B50C46B1F90E1000F0B4F83D
:108440000028ABBF636DA3891B1823F48053ACBF16
:108450006365A38110BD2DE9F0411F468B89DB05C3
:1084600005460C46164605D5B1F90E10022300222A
:1084700000F088F8A389B4F90E1023F48053A38187
:1084800032463B462846BDE8F04100F0AFB810B593
:108490000C46B1F90E1000F075F8431CA38915BF06
:1084A000606523F4805343F48053A38118BFA381F4
:1084B00010BDB1F90E1000F055B810B501390244E5
:1084C000904201D1002005E0037811F8014FA3424A
:1084D00001D0181B10BD0130F2E70244034693425D
:1084E00000D1704703F8011BF9E7000030B50B4DD0
:1084F000044614F8013BEA5C02F00302012A11F879
:10850000012BA85C00F0030008BF2033012808BF3E
:108510002032981A01D1002AEBD130BD76C801086B
:1085200010B50246147813460132002CFAD1013BF3
:1085300011F8012B03F8012F002AF9D110BD10B555
:108540000139034632B111F8014F03F8014B013AEA
:10855000002CF7D11A440021934200D110BD03F83A
:10856000011BF9E738B5064D0023044608462B6089
:10857000ECF734F8431C02D12B6803B1236038BDFB
:108580009460002438B5074D044608461146002281
:108590002A601A46ECF749F8431C02D12B6803B154
:1085A000236038BD9460002438B5074D0446084662
:1085B000114600222A601A46EBF7D7FF431C02D16E
:1085C0002B6803B1236038BD9460002438B5064D94
:1085D0000023044608462B60ECF734F8431C02D114
:1085E0002B6803B1236038BD9460002438B5074D73
:1085F00004460846114600222A601A46EBF7D2FFCD
:10860000431C02D12B6803B1236038BD9460002461
:10861000014B1868704700BF6000002470B50D4D15
:108620000D4C641BA4100026A64209D10B4D0C4C26
:1086300001F06AFA641BA4100026A64205D170BDA1
:1086400055F8043B98470136EEE755F8043B984748
:108650000136F2E738EB010838EB010838EB010886
:108660003CEB0108704770477047034611F8012B37
:1086700003F8012B002AF9D170470A44914200F116
:10868000FF3300D1704710B511F8014B03F8014FCB
:108690009142F9D110BD00001FB514461A46094B8E
:1086A0001B680546D86854B9074B1C46CDE9013410
:1086B00000912B46054900F0D3FB00F077FC044BFA
:1086C000F4E700BF60000024B1C9010883C90108B4
:1086D00076C9010838B50546002941D051F8043C57
:1086E0000C1F002BB8BFE418FFF702FD1D4A1368EA
:1086F00033B9636014602846BDE83840FFF7FEBC1C
:10870000A34208D9206821188B4201BF19685B6811
:1087100009182160EDE71A465B680BB1A342FAD94C
:1087200011685018A0420BD12068014450188342B0
:108730001160E0D118685B68536008441060DAE7A4
:1087400002D90C232B60D6E7206821188B4204BF86
:1087500019685B68636004BF091821605460CAE748
:1087600038BD00BF545F00249368013B002B10B458
:10877000936008DA9469A34201DB0A2903D15DF80A
:10878000044B00F07FBB1368581C1060197008463A
:108790005DF8044B7047F8B506460F461446D518E9
:1087A000AC4201D1002007E014F8011B3A463046E4
:1087B000FFF7DAFF431CF3D1F8BD00002DE9F04FBD
:1087C0000D469DB014469846064618B1036A0BB98B
:1087D000FFF7E8FD6B6ED90705D4AB899A0502D483
:1087E000A86DFFF740FFAB891B0701D52B699BB92B
:1087F0002946304600F084FB70B16B6EDC0704D56F
:108800004FF0FF301DB0BDE8F08FAB899805F7D46D
:10881000A86DFFF729FFF3E70023099320238DF8C4
:108820002930CDF80C803023DFF8AC818DF82A3068
:108830004FF0010923469A4613F8012B0AB1252A65
:10884000F9D1BAEB040B0BD05B46224629463046E1
:10885000FFF7A1FF013000F0A780099A5A4409925E
:108860009AF80030002B00F09F8000234FF0FF3279
:10887000CDE905230AF1010A049307938DF85330DB
:108880001A935446052214F8011B5348E7F740FD9C
:10889000049AD8B9D10644BF20238DF8533013076A
:1088A00044BF2B238DF853309AF800302A2B15D073
:1088B000079A544600204FF00A0C214611F8013B5C
:1088C000303B092B4BD9B0B1079214E0A0EB080361
:1088D00009FA03F313430493A246D2E7039B191D3D
:1088E0001B680391002BBBBF5B4242F0020207935F
:1088F0000793B8BF049223782E2B0AD163782A2BD2
:1089000032D1039B1A1D1B68039243EAE3730234BE
:108910000593DFF8D4A0217803225046E7F7F8FC4E
:1089200038B1049BA0EB0A0040228240134301347B
:10893000049314F8011B29488DF828100622E7F744
:10894000E7FC00283FD0264B1BBB039B073323F0DB
:10895000070308330393099B3B4409936AE70CFB25
:1089600002320C460120A8E7002301340593194682
:108970004FF00A0C204610F8012B303A092A03D98F
:10898000002BC6D00591C4E70CFB0121044601234E
:10899000F0E703AB00932A46124B04A93046AFF32D
:1089A00000800746781CD6D16B6ED90705D4AB89F9
:1089B0009A0502D4A86DFFF757FEAB895B063FF519
:1089C0001FAF09981EE703AB00932A46054B04A985
:1089D000304600F079F8E4E7B2C90108BCC90108E3
:1089E0000000000097870108B8C901082DE9F04789
:1089F000164698468A680B69DDF820909342B8BF06
:108A00001346336091F8432007460C460AB1013300
:108A100033602368990642BF3368023333602568A8
:108A200015F0060506D104F1190AE36832689B1AAD
:108A3000AB4226DC94F843302268003B18BF012388
:108A400092062BD404F1430241463846C847013010
:108A50001ED02368226903F00603042B02BFE568D9
:108A60003368ED1AA3680CBF25EAE575002593422B
:108A7000C4BF9B1AED1800261A34B5421AD1002043
:108A800008E00123524641463846C847013003D129
:108A90004FF0FF30BDE8F0870135C6E7E1185A1CFA
:108AA000302081F84300224494F8451082F84310A6
:108AB0000233C7E70123224641463846C847013002
:108AC000E6D00136D9E700002DE9FF470F7E0C9E66
:108AD000782F914680460C469A4601F1430207D80A
:108AE000622F0AD8002F00F0D280582F00F0B980F2
:108AF00004F1420684F842703AE0A7F16303152BB3
:108B0000F6D801A151F823F0618B0108758B01089B
:108B1000F18A0108F18A0108F18A0108F18A010845
:108B2000758B0108F18A0108F18A0108F18A0108B0
:108B3000F18A0108758C01089F8B01082F8C0108B0
:108B4000F18A0108F18A0108978C0108F18A01086D
:108B50009F8B0108F18A0108F18A0108378C01080E
:108B600033681A1D1B68326004F1420684F84230F3
:108B700001239DE033682068191D3160060601D588
:108B80001D6803E04506FBD5B3F90050002D03DA5C
:108B90002D236D4284F8433059480A2311E021689F
:108BA0003368080653F8045B02D4490648BFADB2E7
:108BB0006F2F5348336014BF0A230823002184F821
:108BC00043106668A660002EA2BF216821F0040150
:108BD00021600DB9002E4BD01646B5FBF3F103FB17
:108BE0001157C75D06F8017D2F46BB420D46F4D9EB
:108BF000082B0BD12368DF0708D5236961689942E8
:108C0000DEBF302306F8013C06F1FF36921B2261DD
:108C1000CDF800A04B4603AA21464046FFF7E6FEEA
:108C200001304AD14FF0FF3004B0BDE8F08723682F
:108C300043F0200323603348782784F84570236885
:108C400031681F0651F8045B02D45F0648BFADB21D
:108C50003160D90744BF43F0200323601DB11023C6
:108C6000ACE72748E9E7236823F020032360F6E711
:108C70001646BDE7336825686169181D30602E0609
:108C80001B6801D5196002E06806FBD51980002336
:108C900023611646BCE733681A1D32601E6862689D
:108CA00000213046E7F734FB08B1801B6060636841
:108CB0002361002384F84330AAE7236932464946FA
:108CC0004046D0470130ADD023689B0713D4E068FD
:108CD000039B9842B8BF1846A6E70123324649468F
:108CE0004046D04701309DD00135E36803995B1AB7
:108CF000AB42F2DCEBE7002504F11906F5E700BF13
:108D0000C3C90108D4C90108B1F90C202DE9F0410B
:108D1000160705460C4654D44B68002B02DC0B6C3E
:108D2000002B48DDE66A002E45D0002312F4805265
:108D30002F68216A2B6030D0626DA389590705D551
:108D40006368D21A636B0BB1236CD21A0023E66AF4
:108D5000216A2846B047431CA38906D129681D29EA
:108D60002BD82A4A0A41D60727D400226260D904A8
:108D70002269226004D5421C01D12B6803B96065C9
:108D8000616B2F60B9B104F14403994202D02846C7
:108D9000FFF7A0FC002363630DE001232846B047E2
:108DA0000246501CC9D12B68002BC6D01D2B01D008
:108DB000162B1ED12F60002022E043F040031BB28F
:108DC0001BE00F69002FF6D093070E6808BF4B69B0
:108DD0000F6018BF0023A6EB07088B60B8F1000FE7
:108DE000E9DD216AA66A43463A462846B04700288C
:108DF00008DCB4F90C3043F04003A3814FF0FF309E
:108E0000BDE8F0810744A8EB0008E7E7FEFFBFDFFD
:108E100038B50B6905460C4613B90025284638BD00
:108E200018B1036A0BB9FFF7BDFAB4F90C30002B87
:108E3000F3D0626ED00704D4990502D4A06DFFF779
:108E400012FC28462146FFF75FFF636EDA070546EE
:108E5000E4D4A3899B05E1D4A06DFFF705FCDDE711
:108E60000EB403B5014603AB054853F8042B006864
:108E70000193FFF7A3FC02B05DF804EB03B0704769
:108E800060000024F8B50E461446054618B1036A82
:108E90000BB9FFF787FAA369A360A3891A0701D565
:108EA000236943B92146284600F02AF818B14FF04B
:108EB000FF373846F8BD23682269981A6369F6B20D
:108EC0008342374605DC21462846FFF7A1FF0028EC
:108ED000EDD1A368013BA36023685A1C22601E7079
:108EE0006269431C9A4204D0A389DB07E1D50A2EAC
:108EF000DFD121462846FFF78BFF0028D9D0D6E7DF
:108F000038B5294B054618680C4618B1036A0BB9E9
:108F1000FFF748FAB4F90C30190722D4DA0607D45F
:108F200009222A6043F04003A3814FF0FF3033E071
:108F3000580712D5616B41B104F14403994202D044
:108F40002846FFF7C7FB00236363A38923F02403AC
:108F5000A3810023636023692360A38943F008038E
:108F6000A38123694BB9A38903F42073B3F5007F70
:108F700003D02146284600F046F8B4F90C3013F02F
:108F800001020AD00022A26062695242A2612269F3
:108F900042B913F08000C5D138BD990758BF626946
:108FA000A260F4E70020F7E76000002408B506207F
:108FB00000F08EF80120EBF7CDFA70B50C46B1F950
:108FC0000E10002996B015461E460DDAA38913F03F
:108FD000800F4FF0000114BF40234FF48063002046
:108FE00031602B6016B070BD6A4600F079F8002839
:108FF000ECDB019901F47041A1F50053594259414C
:109000004FF48063EBE78B89F7B59D0706460C4666
:1090100007D504F14703236023610123636103B093
:10902000F0BD01AB6A46FFF7C8FF009F0546394611
:109030003046FEF7DDFF48B9B4F90C309A05EED49E
:1090400023F0030343F00203A381E2E7A389206036
:1090500043F08003A381019BC4E904075BB1B4F929
:109060000E10304600F04EF828B1A38923F0030318
:1090700043F00103A381A3891D43A581CFE71F29E5
:1090800038B505460C4604D9162303604FF0FF306F
:1090900038BDC26B12B152F821304BB9284600F0EE
:1090A00053F8224601462846BDE8384000F03AB859
:1090B000012B0AD0591C03D1162303600120E7E7D6
:1090C000002142F82410204698470020E0E70000E5
:1090D000024B01461868FFF7D2BF00BF60000024B2
:1090E00038B5074D00230446084611462B60EBF7C0
:1090F00081FA431C02D12B6803B1236038BD00BF45
:109100009460002438B5064D0023044608462B60C1
:10911000EBF780FA431C02D12B6803B1236038BD02
:109120009460002438B5074D0023044608461146D4
:109130002B60EBF7FDF9431C02D12B6803B12360D0
:1091400038BD00BF94600024EBF7EAB900000000CE
:1091500008B52DED028BB0EE408B00F0FDFAB4EEB9
:10916000488BF1EE10FA0FD6B5EEC08BF1EE10FA87
:109170000AD8B5EE408BF1EE10FA08D1FFF748FAA5
:109180009FED090B22230360BDEC028B08BDFFF7A6
:109190003FFABDEC028B21230360BDE80840044880
:1091A00000F00AB8AFF30080000000000000F0FFFC
:1091B000B1C90108000000009FED010B704700BF1E
:1091C000000000000000F87FC1F30A5240F2FE33B5
:1091D0009A4270B52ADD40F233439A4224DC9B1A4E
:1091E000A3F120064FF0FF3202FA03F402FA06F66A
:1091F000C3F1200522FA05F534432C439A4020EAB6
:10920000020221EA04042243A3F12004C3F1200254
:109210000CD1D84001FA02F31843E140084300F0B2
:109220000100D0F1020070BD0220FCE70020FAE747
:109230002DE9F04F10EE904A2DED0A8B4FEA1458AD
:1092400011EE90AA08F1FF3240F2FD739A4210EE3F
:10925000105A11EE100A87B0C4464FEA1A5606D8C3
:10926000C6F30A03A3F2BE337F2B40F257810218E4
:109270004AEB0A016FF0010B571E41F1FF336FF407
:10928000001EBB457EEB030342D252EA01034FF0BE
:1092900000030CD16D1984F400246441AB42A3F5A2
:1092A0008013A341C0F08F80B7EE000B2BE0D44EAB
:1092B000B44208BF9D4209D100188AF4002A4AEB43
:1092C0000A0A8342CF4B73EB0A03EBE76D19CE48D2
:1092D0006441AB4270EB040675D3814208BF9A42E9
:1092E00071D1CA4A944208BF9D42DDD094426FEAD0
:1092F0000A0A34BF002401244FEADA7A544540F0C8
:10930000DC8121EE010B07B0BDEC0A8BBDE8F08FCC
:109310006F1944EB04097A1E69F1000393457EEB53
:10932000030325D220EE000B002C13DA5146FFF781
:109330004BFF01280ED1B1EE400B57EA09090BD1C2
:10934000BAF1000FDFDA07B0BDEC0A8BBDE8F04FD1
:1093500000F0A2BA0020F0E7BAF1000FD3DAB7EEBE
:10936000006B86EE007B8DED007B9DED000BCAE768
:10937000002C2BDA5146FFF727FF30B907B0BDECC0
:109380000A8BBDE8F04F00F09FBA411E48424841A9
:10939000800424F00044C8F30A0CC6F30A02A2F2C7
:1093A000BE337F2B2DD9964B00209C4208BF8542AF
:1093B0003FF47AAF40F2BD318A420CD8B7EE000BD1
:1093C000A842A34104D231EE000B9CE70020E4E761
:1093D00030EE410B97E7012D74EB030340F2FF726F
:1093E00034BF0123002396428CBF00260126B342DE
:1093F00000F09C8007B0BDEC0A8BBDE8F04F00F098
:1094000043BABCF1000F0AD19FED797B20EE077BB8
:1094100053EC172B23F000441546A4F150747C4AFA
:10942000BFEE006B22441315C2F3463103EE103A2F
:10943000120D784B120503EB4116A71A03EB4112EC
:1094400092ED125B96ED187B2E1E47EC146B92ED9D
:10945000162BA4EE056B93ED005BB8EEC33BA3EEB9
:10946000052B93ED025B36EE024B32EE442BA3EE5E
:10947000057B93ED045B32EE062B37EE027B26EE86
:10948000055B26EE050B34EE008BB0EE409B34EE10
:10949000484B96EE059B34EE00AB93ED065B26EE53
:1094A00000BB37EE097B93ED084B37EE0A7B93ED5B
:1094B0000C3BA6EE045B93ED0A4B93ED10CBA6EEAE
:1094C000034B93ED0E3BA6EE0C3BA0EE034BA0EE40
:1094D000045BABEE057B38EE074B21EE046B16EE1A
:1094E000903AB0EE465BC3F30A566FF47272B2184C
:1094F0003E2A91EE045B38EE448B38EE078BA1EEEA
:10950000085B1BD9002A0BDAB7EE000B36EE000B16
:1095100000283FF4F8AEB1EE400BF4E600207EE701
:10952000B6F5816F09D9002BBFF664AF07B0BDEC6B
:109530000A8BBDE8F04F00F09FB90026364991ED47
:10954000024B91ED003BB0EE447BA6EE037B17EEA1
:10955000105A37EE447B91ED044B05F07F03A7EEE4
:10956000046B91ED064BDC1804F10F0301EBC4040E
:10957000A7EE046B91ED0A3B35EE065B25EE056B1D
:1095800094ED1C7B91ED084B35EE077B01EBC3029C
:10959000A5EE034B91ED0E3BA6EE047B26EE066B8B
:1095A00091ED0C4B51F833C0D2F804E0A5EE034B1B
:1095B0004019002717EB0C020EEB4033A6EE047B9C
:1095C000002E75D1BD4229DB03F1404101F5700148
:1095D000104641EC100BA7EE000B9FED077B20EE31
:1095E000070B07B0BDEC0A8BBDE8F04F00F084B963
:1095F0000000000000003043000000000000007F79
:109600000000F03F0000F0FF0000E0FF0000E07FFE
:10961000AB6A19C0E8C9010830DA010803F17F51CB
:1096200001F50011104641EC150BB7EE003B27EE9B
:10963000056B35EE067BB0EEC74BB4EEC34BF1EED7
:1096400010FA9FED1F0B2AD5B5EEC07B35EE475BB8
:10965000F1EE10FA35EE065BBFEE004B58BFB0EEF0
:10966000434B37EE043B34EE436B36EE076B36EE7E
:10967000056B36EE036B36EE447BB5EE407BF1EEC8
:1096800010FA04D1324601F0004343EC172B8DED64
:10969000020B9DED026B26EE006B8DED046B27EE49
:1096A000000B07B0BDEC0A8BBDE8F04F00F01BB912
:1096B00043EC102BA7EE000B25E69FED030B22E6F3
:1096C000000000000000100000000000000000008A
:1096D00010EE903AC3F30A51A1F2FF32132A10B5EB
:1096E00010EE104A1DDC002A0DDA03F000430132AF
:1096F00004BF43F07F5343F4401300221946104641
:1097000041EC100B14E01348104100EA030121431F
:109710000ED04FF4002141FA02F2134423EA000371
:10972000EBE7332A05DDB2F5806F01D130EE000B97
:1097300010BDA1F213414FF0FF30C8402042F7D0D6
:10974000C2F1330101228A40121928BF013322EAF3
:109750000002D3E7FFFF0F0010B510EE903AB3F50B
:10976000801F2DED028B21DA10EE101A23F000423B
:109770000A4308D19FED226B9FED237B86EE070BFA
:10978000BDEC028B10BD002B02DA30EE406BF3E72C
:109790009FED1F7B20EE070B10EE903A6FF0350225
:1097A00023498B4204DD30EE000BE9E70022F7E7A6
:1097B0001815A0F2FF301044C3F3130140F2FF3438
:1097C00000EBD07308EE103AA4EBD07053EC102BE2
:1097D00041EA005343EC102B00F0A2F89FED0E7B02
:1097E00020EE070B9FED0E7BB8EEC88BA8EE070BA3
:1097F0009FED0D7BA8EE070BC2E700BFAFF3008023
:1098000000000000000050C3000000000000000045
:1098100000000000000050430EE526157BCBDB3F27
:10982000362BF111F3FE593D00609F501344D33F96
:10983000FFFFEF7F10B52DED028BB0EE408B04469D
:10984000FEF7E6FEB0EE480BBDEC028B046010BDE7
:1098500082B058B1B1EE407B8DED007B9DED007B79
:10986000222020EE070B02B0FFF7E4BFB0EE407BF2
:10987000F2E70000000000009FED010BFFF7E8BFDA
:1098800000000000000000109FED010BFFF7E0BF9B
:10989000000000000000007082B00028BFEE006BE6
:1098A000B7EE007B07FE067B8DED007B9DED000B88
:1098B0009FED037B222080EE070B02B0FFF7BABFBB
:1098C0000000000000000000B0EE407BB4EE477BDB
:1098D000F1EE10FA30EE406B86EE060B02D6212038
:1098E000FFF7A8BF7047B5EE400BF1EE10FA02D1BA
:1098F0002220FFF79FBF70479FED076BB0EEC07B44
:10990000B4EE467BF1EE10FA02DD2220FFF792BFA3
:10991000704700BFAFF30080FFFFFFFFFFFFEF7F47
:10992000F0B410EE900A10EE103A4FF0FF349C4263
:1099300000F14041704C01F590118C412DED028BEE
:109940004FEA10425AD36D4A904208BF002B00F0F4
:10995000C480B7EE007B30EE470B694B20EE002B46
:1099600093ED126B20EE024B93ED107BA6EE007B85
:1099700093ED146B93ED185BA6EE027B93ED166BE3
:10998000A5EE006B93ED1A5B93ED1E3BA5EE026B0B
:1099900093ED1C5BA3EE005B93ED203BA3EE025B1B
:1099A00093ED223BA3EE045BA5EE046B93ED0E5BFF
:1099B000A6EE047BB0EE472B9FED497BB0EE406BEB
:1099C000B0EE403BA0EE076BA0EE476B30EE468B4F
:1099D00026EE061BA1EE053B30EE437B30EE060B78
:1099E000A1EE057B25EE085BA5EE007BA2EE047BD5
:1099F00033EE070BBDEC028BF0BC7047A2F11004F4
:109A000047F6DF718C4223D9D91840EB000421437B
:109A100005D1BDEC028B0120F0BCFFF73DBF3949F9
:109A2000884208BF002BE5D0130403D447F6F07337
:109A3000934304D1BDEC028BF0BCFFF745BF9FED13
:109A40002A7B20EE077B53EC172BA3F150701346B3
:109A500000F140422A49BFEE005B02F5D012C2F38A
:109A60004634150D01EB041C2D059CED247B1E1EB8
:109A7000471B47EC166B1215A7EE065B07EE902A04
:109A800025EE052BB8EEE76B91ED004B25EE021BA2
:109A90009CED267BA4EE067B35EE074B37EE440BA0
:109AA00091ED027B30EE050BA7EE060B91ED047BEA
:109AB00091ED086BA7EE020B91ED067B91ED0C3B4F
:109AC000A6EE057B91ED0A6BA3EE056BA6EE027B7D
:109AD000A1EE070B30EE040B8CE79FED050B89E739
:109AE000000000000000A041000000000000304322
:109AF0000000000000000000FF0803000000F03F2D
:109B0000A0E201080000F07FF8B500BFF8BC08BC77
:109B10009E467047F8B500BFF8BC08BC9E4670472B
:109B200000000000706172616D6574657273000001
:109B30005645520076616C75650000004441430053
:109B400064616300434F4E4600000000636F6E6621
:109B50000000000050494400706964005249000050
:109B6000440000004449520055445400434E5653AB
:109B70000000000056544F41000000004F4E545466
:109B80004C00000044495254544C00004954524186
:109B900000000000445354004D4F444500000000B5
:109BA00045524D41580000004143435F4552520029
:109BB000474F46460000000043555200444355526B
:109BC000000000005647000043414C49420000009D
:109BD0004C454D006164630053455400494D415864
:109BE000000000004754300047543100475435000E
:109BF000475431300000000053415645000000003A
:109C00004C4F41440000000056455252454144002B
:109C10004D4100004F4646530000000053434C00A6
:109C2000434831006461636368616E6E656C000077
:109C300052415700564F4C54000000004350000062
:109C400049000000534C5000495300004354410068
:109C500056414C00646F75626C6500004D494E00C2
:109C60004D4158005441424F4E00000069736F6EE1
:109C7000000000004D4553006D6573746162000083
:109C800053495A4500000000696E7400434F554E19
:109C900054000000504F53003B0000000A00000039
:109CA000D0000024249B0108300000000A000000BE
:109CB0002E2E2F436F72652F5372632F7463705370
:109CC00065727665725241572E630000617267209B
:109CD000213D204E554C4C00417373657274696F81
:109CE0006E2022257322206661696C656420617490
:109CF000206C696E6520256420696E2025730A003A
:109D00002E2E2F4C5749502F5461726765742F6562
:109D1000746865726E657469662E63006E65746939
:109D20006620213D204E554C4C0000004173736568
:109D30007274696F6E2022257322206661696C65DA
:109D400064206174206C696E6520256420696E2032
:109D500025730A002E2E2F4D6964646C657761723D
:109D600065732F54686972645F50617274792F4C07
:109D70007749502F7372632F636F72652F6D656D16
:109D80002E630000706C75675F686F6C65733A20B6
:109D90006D656D203E3D2072616D000041737365FD
:109DA0007274696F6E2022257322206661696C656A
:109DB00064206174206C696E6520256420696E20C2
:109DC00025730A00706C75675F686F6C65733A2065
:109DD0006D656D203C2072616D5F656E64000000F2
:109DE000706C75675F686F6C65733A206D656D2D7B
:109DF0003E75736564203D3D20300000706C7567D2
:109E00005F686F6C65733A206D656D2D3E6E657889
:109E100074203C3D204D454D5F53495A455F414CB0
:109E200049474E45440000006D656D5F667265658B
:109E30003A2073616E69747920636865636B206191
:109E40006C69676E6D656E74000000006D656D5F16
:109E5000667265653A20696C6C6567616C206D653A
:109E60006D6F7279000000006D656D5F66726565EB
:109E70003A20696C6C6567616C206D656D6F7279F5
:109E80003A20646F75626C6520667265650000003B
:109E90006D656D5F667265653A20696C6C656761BA
:109EA0006C206D656D6F72793A206E6F6E2D6C69E6
:109EB0006E6B65643A20646F75626C6520667265CE
:109EC000650000006D656D5F7472696D3A206C65A8
:109ED00067616C206D656D6F727900006D656D5FF7
:109EE0007472696D2063616E206F6E6C7920736887
:109EF00072696E6B206D656D6F727900696E766147
:109F00006C6964206E6578742070747200000000C3
:109F10006D656D5F6D616C6C6F633A20216C66726C
:109F200065652D3E75736564000000006D656D5FAD
:109F30006D616C6C6F633A20616C6C6F636174650A
:109F400064206D656D6F7279206E6F742061626F31
:109F500076652072616D5F656E642E006D656D5F64
:109F60006D616C6C6F633A20616C6C6F63617465DA
:109F700064206D656D6F72792070726F7065726CA0
:109F80007920616C69676E65642E00006D656D5F98
:109F90006D616C6C6F633A2073616E6974792063D4
:109FA0006865636B20616C69676E6D656E74000037
:109FB0002E2E2F4D6964646C6577617265732F5422
:109FC000686972645F50617274792F4C7749502FC1
:109FD0007372632F636F72652F6D656D702E6300F2
:109FE0006D656D705F6D616C6C6F633A206D656D52
:109FF000702070726F7065726C7920616C69676E29
:10A0000065640000417373657274696F6E20222568
:10A010007322206661696C6564206174206C696ECE
:10A020006520256420696E2025730A00696E7661BB
:10A030006C696420706F6F6C20646573630000004E
:10A040006D656D705F6D616C6C6F633A20747970D3
:10A0500065203C204D454D505F4D415800000000AB
:10A060006D656D705F667265653A206D656D207017
:10A07000726F7065726C7920616C69676E656400DF
:10A080006D656D705F667265653A207479706520E4
:10A090003C204D454D505F4D415800002E2E2F4D18
:10A0A0006964646C6577617265732F546869726462
:10A0B0005F50617274792F4C7749502F7372632F00
:10A0C000636F72652F6E657469662E630000000011
:10A0D0006E657469665F696E7075743A20696E7634
:10A0E000616C69642070627566000000417373657D
:10A0F0007274696F6E2022257322206661696C6517
:10A1000064206174206C696E6520256420696E206E
:10A1100025730A006E657469665F696E7075743ABE
:10A1200020696E76616C6964206E657469660000F2
:10A130006E657469665F6164643A20696E76616C0D
:10A140006964206E65746966000000006E6574695C
:10A15000665F6164643A204E6F20696E69742066A0
:10A16000756E6374696F6E20676976656E000000B6
:10A170006E6574696620616C7265616479206164E2
:10A1800064656400746F6F206D616E79206E657414
:10A190006966732C206D61782E20737570706F72F4
:10A1A000746564206E756D62657220697320323546
:10A1B00035000000696E76616C696420706F696EAD
:10A1C000746572006E657469665F7365745F69704B
:10A1D000616464723A20696E76616C6964206E65B0
:10A1E000746966006E657469665F7365745F6E6539
:10A1F000746D61736B3A20696E76616C6964206E70
:10A2000065746966000000006E657469665F736559
:10A21000745F67773A20696E76616C6964206E6559
:10A22000746966006E657469665F7365745F7570E6
:10A230003A20696E76616C6964206E6574696600A7
:10A240006E657469665F69737375655F7265706F5B
:10A250007274733A20696E76616C6964206E6574FD
:10A26000696600006E657469665F7365745F646F2C
:10A27000776E3A20696E76616C6964206E657469E8
:10A28000660000006E657469665F7365745F6C6973
:10A290006E6B5F75703A20696E76616C6964206ED2
:10A2A00065746966000000006E657469665F7365B9
:10A2B000745F6C696E6B5F646F776E3A20696E765F
:10A2C000616C6964206E6574696600002E2E2F4DE6
:10A2D0006964646C6577617265732F546869726430
:10A2E0005F50617274792F4C7749502F7372632FCE
:10A2F000636F72652F706275662E6300706275669B
:10A300005F616C6C6F633A207062756620712D3EE0
:10A310007061796C6F61642070726F7065726C79B6
:10A3200020616C69676E65640000000041737365AD
:10A330007274696F6E2022257322206661696C65D4
:10A3400064206174206C696E6520256420696E202C
:10A3500025730A00504255465F504F4F4C5F42559F
:10A360004653495A45206D757374206265206269B1
:10A3700067676572207468616E204D454D5F414C82
:10A3800049474E4D454E5400706275665F616C6C76
:10A390006F633A20706275662D3E7061796C6F61F3
:10A3A000642070726F7065726C7920616C69676E81
:10A3B00065640000706275665F616C6C6F633A2063
:10A3C0006572726F6E656F757320747970650000C9
:10A3D000696E76616C696420706275665F7479700D
:10A3E00065000000706275665F7265616C6C6F631A
:10A3F0003A207020213D204E554C4C00706275660D
:10A400005F7265616C6C6F633A207120213D204E54
:10A41000554C4C006D656D5F7472696D207265748A
:10A4200075726E65642071203D3D204E554C4C0088
:10A430007020213D204E554C4C000000696E637227
:10A44000656D656E745F6D61676E697475646520B6
:10A450003C3D20702D3E6C656E000000706275669C
:10A460005F667265653A20702D3E726566203E20FB
:10A470003000000070632D3E637573746F6D5F660E
:10A480007265655F66756E6374696F6E20213D202D
:10A490004E554C4C00000000696E76616C6964207A
:10A4A0007062756620747970650000007062756670
:10A4B00020726566206F766572666C6F77000000AB
:10A4C000286820213D204E554C4C29202626202846
:10A4D0007420213D204E554C4C29202870726F6706
:10A4E00072616D6D65722076696F6C617465732041
:10A4F0004150492900000000702D3E746F745F6C5C
:10A50000656E203D3D20702D3E6C656E20286F6687
:10A51000206C617374207062756620696E206368B8
:10A5200061696E2900000000702D3E6E6578742010
:10A530003D3D204E554C4C00702D3E746F745F6C49
:10A54000656E203D3D20702D3E6C656E202B207188
:10A550002D3E746F745F6C656E000000702D3E744C
:10A560006F745F6C656E203D3D20702D3E6C656E96
:10A5700000000000706275665F636F70793A207446
:10A580006172676574206E6F742062696720656E02
:10A590006F75676820746F20686F6C6420736F75C7
:10A5A000726365006F66667365745F746F203C3D0F
:10A5B00020705F746F2D3E6C656E00006F66667371
:10A5C00065745F66726F6D203C3D20705F66726FD0
:10A5D0006D2D3E6C656E0000705F746F20213D2014
:10A5E0004E554C4C00000000706275665F636F70E2
:10A5F00079282920646F6573206E6F7420616C6CFC
:10A600006F77207061636B65742071756575657314
:10A6100021000000706275665F636F70795F706122
:10A62000727469616C3A20696E76616C696420624B
:10A6300075660000706275665F636F70795F706148
:10A64000727469616C3A20696E76616C6964206429
:10A650006174617074720000706275665F67657422
:10A660005F636F6E746967756F75733A20696E7694
:10A67000616C696420627566000000007062756636
:10A680005F6765745F636F6E746967756F75733A42
:10A6900020696E76616C69642064617461707472A3
:10A6A00000000000706275665F74616B653A206936
:10A6B0006E76616C69642062756600007062756612
:10A6C0005F74616B653A20696E76616C69642064C1
:10A6D0006174617074720000706275665F74616BA2
:10A6E000653A20627566206E6F74206C61726765D2
:10A6F00020656E6F75676800706275665F74616B68
:10A70000653A20696E76616C6964207062756600D6
:10A71000646964206E6F7420636F707920616C6C63
:10A720002064617461000000636865636B2070627F
:10A7300075665F736B697020726573756C74000069
:10A74000706275665F636F7079206661696C6564BD
:10A7500000000000434C4F53454400004C49535403
:10A76000454E000053594E5F53454E5400000000C3
:10A7700053594E5F52435644000000004553544124
:10A78000424C49534845440046494E5F574149545D
:10A790005F31000046494E5F574149545F32000027
:10A7A000434C4F53455F574149540000434C4F536E
:10A7B000494E47004C4153545F41434B0000000059
:10A7C00054494D455F574149540000002E2E2F4DEE
:10A7D0006964646C6577617265732F54686972642B
:10A7E0005F50617274792F4C7749502F7372632FC9
:10A7F000636F72652F7463702E6300007463705F03
:10A80000667265653A204C495354454E000000007D
:10A81000417373657274696F6E20222573222066FE
:10A8200061696C6564206174206C696E65202564C3
:10A8300020696E2025730A007463705F6672656517
:10A840005F6C697374656E3A20214C495354454ED0
:10A85000000000007463705F72656D6F76655F6CF9
:10A86000697374656E65723A20696E76616C6964AD
:10A87000206C697374656E657200000070636220FD
:10A88000213D204E554C4C007063622D3E73746127
:10A890007465203D3D204C495354454E0000000056
:10A8A0007463705F636C6F73655F73687574646FF6
:10A8B000776E3A20696E76616C696420706362001D
:10A8C0007063622D3E666C61677320262054465F7C
:10A8D0005258434C4F534544000000007463705F6E
:10A8E000636C6F73653A20696E76616C6964207081
:10A8F000636200007463705F73687574646F776E71
:10A900003A20696E76616C696420706362000000B1
:10A910007463705F6162616E646F6E3A20696E7617
:10A92000616C69642070636200000000646F6E27D0
:10A93000742063616C6C207463705F61626F727409
:10A940002F7463705F6162616E646F6E20666F72F8
:10A95000206C697374656E2D706362730000000073
:10A960007463705F62696E643A20696E76616C69C7
:10A9700064207063620000007463705F62696E64DB
:10A980003A2063616E206F6E6C792062696E64207C
:10A99000696E20737461746520434C4F53454400C5
:10A9A0007463705F6163636570745F6E756C6C3A3D
:10A9B00020696E76616C696420706362000000003B
:10A9C0007463705F6C697374656E5F776974685FD8
:10A9D0006261636B6C6F675F616E645F6572723A30
:10A9E00020696E76616C696420706362000000000B
:10A9F0007463705F6C697374656E5F776974685FA8
:10AA00006261636B6C6F675F616E645F6572723AFF
:10AA10002070636220616C726561647920636F6E7F
:10AA20006E656374656400007463705F7570646163
:10AA300074655F7263765F616E6E5F776E643A20F5
:10AA4000696E76616C696420706362006E65775F21
:10AA50007263765F616E6E5F776E64203C3D20307E
:10AA600078666666660000007463705F7265637680
:10AA700065643A20696E76616C6964207063620077
:10AA8000646F6E27742063616C6C207463705F72F6
:10AA9000656376656420666F72206C697374656E99
:10AAA0002D706362730000007463705F636F6E6E7D
:10AAB0006563743A20696E76616C696420706362C4
:10AAC000000000007463705F636F6E6E6563743ABC
:10AAD00020696E76616C69642069706164647200DB
:10AAE0007463705F636F6E6E6563743A2063616E4A
:10AAF000206F6E6C7920636F6E6E65637420667272
:10AB00006F6D20737461746520434C4F534544004E
:10AB10007463705F736C6F77746D723A20616374E5
:10AB2000697665207063622D3E73746174652021BF
:10AB30003D20434C4F5345440A0000007463705F4E
:10AB4000736C6F77746D723A2061637469766520F7
:10AB50007063622D3E737461746520213D204C4901
:10AB60005354454E0A0000007463705F736C6F7736
:10AB7000746D723A20616374697665207063622D2A
:10AB80003E737461746520213D2054494D452D5715
:10AB90004149540A000000007463705F736C6F7762
:10ABA00074696D723A207065727369737420746988
:10ABB000636B696E67207769746820696E2D666CB7
:10ABC0006967687420646174610000007463705F79
:10ABD000736C6F7774696D723A2070657273697304
:10ABE00074207469636B696E672077697468206587
:10ABF0006D7074792073656E642062756666657227
:10AC0000000000007463705F736C6F77746D723A4C
:10AC1000206D6964646C652074637020213D20742C
:10AC200063705F6163746976655F7063627300006F
:10AC30007463705F736C6F77746D723A20666972BB
:10AC4000737420706362203D3D207463705F6163A4
:10AC5000746976655F706362730000007463705F8F
:10AC6000736C6F77746D723A2054494D452D57417E
:10AC70004954207063622D3E7374617465203D3DBC
:10AC80002054494D452D5741495400007463705F6D
:10AC9000736C6F77746D723A206D6964646C6520B3
:10ACA00074637020213D207463705F74775F7063FC
:10ACB000627300007463705F736C6F77746D723AC7
:10ACC00020666972737420706362203D3D20746356
:10ACD000705F74775F706362730000007463705F0D
:10ACE00070726F636573735F726566757365645FB9
:10ACF000646174613A20696E76616C696420706386
:10AD0000620000007463705F7365747072696F3AFB
:10AD100020696E76616C69642070636200000000D7
:10AD20007463705F7365675F636F70793A20696EF3
:10AD300076616C6964207365670000007463705FFE
:10AD4000726563765F6E756C6C3A20696E76616CC5
:10AD50006964207063620000696E76616C696420CA
:10AD60007374617465000000696E76616C696420BB
:10AD7000736F636B657420737461746520666F72A2
:10AD800020726563762063616C6C6261636B0000A6
:10AD9000696E76616C696420736F636B6574207390
:10ADA0007461746520666F722073656E74206361D0
:10ADB0006C6C6261636B0000696E76616C69642023
:10ADC000736F636B657420737461746520666F7252
:10ADD000206572722063616C6C6261636B000000BD
:10ADE0007463705F706F6C6C3A20696E76616C6929
:10ADF0006420706362000000696E76616C69642093
:10AE0000736F636B657420737461746520666F7211
:10AE100020706F6C6C0000007463705F7063625F21
:10AE200070757267653A20696E76616C696420702E
:10AE3000636200007463705F7063625F72656D6F60
:10AE400076653A20696E76616C6964207063620091
:10AE50007463705F7063625F72656D6F76653A20D0
:10AE6000696E76616C6964207063626C69737400EA
:10AE7000756E73656E74207365676D656E7473208F
:10AE80006C65616B696E6700756E61636B656420EC
:10AE90007365676D656E7473206C65616B696E6751
:10AEA000000000006F6F736571207365676D656EDC
:10AEB0007473206C65616B696E6700007463705F0A
:10AEC0006E6578745F6973733A20696E76616C6938
:10AED00064207063620000007463705F6566665F83
:10AEE00073656E645F6D73735F6E657469663A2037
:10AEF000696E76616C6964206473745F69700000C8
:10AF00007463705F6E657469665F69705F616464C5
:10AF1000725F6368616E6765645F7063626C6973BA
:10AF2000743A20696E76616C6964206F6C645F614D
:10AF3000646472002E2E2F4D6964646C65776172B3
:10AF400065732F54686972645F50617274792F4C15
:10AF50007749502F7372632F636F72652F7463701C
:10AF60005F696E2E630000007463705F696E7075B8
:10AF7000743A20696E76616C69642070627566004F
:10AF8000417373657274696F6E2022257322206687
:10AF900061696C6564206174206C696E652025644C
:10AFA00020696E2025730A00702D3E6E657874202E
:10AFB000213D204E554C4C00702D3E6C656E203D61
:10AFC0003D203000702D3E746F745F6C656E203DC7
:10AFD0003D20702D3E6E6578742D3E746F745F6CED
:10AFE000656E00007463705F696E7075743A2061FD
:10AFF0006374697665207063622D3E737461746555
:10B0000020213D20434C4F53454400007463705F42
:10B01000696E7075743A2061637469766520706337
:10B02000622D3E737461746520213D2054494D4565
:10B030002D574149540000007463705F696E70754C
:10B04000743A20616374697665207063622D3E7383
:10B050007461746520213D204C495354454E0000D5
:10B060007463705F696E7075743A207063622D3E10
:10B070006E65787420213D207063622028626566C9
:10B080006F72652063616368652900007463705F97
:10B09000696E7075743A207063622D3E6E657874C7
:10B0A00020213D20706362202861667465722063F0
:10B0B00061636865290000007463705F696E707574
:10B0C000743A2054494D452D5741495420706362CC
:10B0D0002D3E7374617465203D3D2054494D452DCE
:10B0E00057414954000000007063622D3E7265664E
:10B0F000757365645F64617461203D3D204E554CFD
:10B100004C0000007463705F696E7075745F6465F5
:10B110006C617965645F636C6F73653A20696E7604
:10B12000616C696420706362000000007463705F8A
:10B130006C697374656E5F696E7075743A20696EC0
:10B1400076616C6964207063620000007463705FF4
:10B1500074696D65776169745F696E7075743A20A2
:10B16000696E76616C696420706362007463705FFD
:10B1700070726F636573733A20696E76616C69648F
:10B1800020706362000000007463705F696E707508
:10B19000743A207063622D3E737461746520213DA2
:10B1A00020434C4F534544007063622D3E736E64E0
:10B1B0005F71756575656C656E203E20300000001E
:10B1C0006E6F207365676D656E7420746F20667294
:10B1D000656500007063622D3E6C697374656E6511
:10B1E000722D3E61636365707420213D204E554C85
:10B1F0004C0000007463705F6F6F735F696E7365FE
:10B2000072745F7365676D656E743A20696E7661FE
:10B210006C69642063736567000000007063622DD1
:10B220003E736E645F71756575656C656E203E3D3D
:10B2300020706275665F636C656E286E6578742D2C
:10B240003E7029007463705F726563656976653A64
:10B250002076616C6964207175657565206C656E1A
:10B26000677468007463705F726563656976653AD8
:10B2700020696E76616C6964207063620000000072
:10B280007463705F726563656976653A2077726F83
:10B290006E6720737461746500000000756E6163F1
:10B2A0006B656400756E73656E740000696E73651E
:10B2B000672E7020213D204E554C4C00696E736105
:10B2C0006E65206F66667365742100007062756636
:10B2D00020746F6F2073686F727421007463705FE5
:10B2E000726563656976653A207365676D656E742E
:10B2F000206E6F74207472696D6D656420636F7267
:10B30000726563746C7920746F207263765F776EF8
:10B31000640A00007463705F726563656976653AFC
:10B32000207365676D656E74206E6F74207472692A
:10B330006D6D656420636F72726563746C792074DF
:10B340006F206F6F7365712071756575650A0000F8
:10B350007463705F726563656976653A20746370C3
:10B360006C656E203E207263765F776E640A000023
:10B370007463705F726563656976653A206F6F7399
:10B380006571207463706C656E203E207263765F19
:10B39000776E640A000000007463705F70617273FE
:10B3A000656F70743A20696E76616C6964207063B1
:10B3B000620000002E2E2F4D6964646C6577617207
:10B3C00065732F54686972645F50617274792F4C91
:10B3D0007749502F7372632F636F72652F74637098
:10B3E0005F6F75742E6300007463705F63726561D4
:10B3F00074655F7365676D656E743A20696E76611A
:10B400006C69642070636200417373657274696F64
:10B410006E2022257322206661696C656420617448
:10B42000206C696E6520256420696E2025730A00F2
:10B430007463705F6372656174655F7365676D6582
:10B440006E743A20696E76616C696420706275660C
:10B4500000000000702D3E746F745F6C656E203EBE
:10B460003D206F70746C656E000000007463705F47
:10B47000706275665F707265616C6C6F633A2069AB
:10B480006E76616C6964206F76657273697A6500A7
:10B490007463705F706275665F707265616C6C6F0B
:10B4A000633A20696E76616C6964207063620000A3
:10B4B0006E65656420756E636861696E6564207091
:10B4C000627566007463705F77726974655F636844
:10B4D00065636B733A20696E76616C696420706392
:10B4E000620000007463705F77726974653A20705F
:10B4F00062756673206F6E207175657565203D3EBF
:10B50000206174206C65617374206F6E65207175A5
:10B51000657565206E6F6E2D656D70747900000025
:10B520007463705F77726974653A206E6F20706221
:10B53000756673206F6E207175657565203D3E20C0
:10B54000626F74682071756575657320656D7074C0
:10B55000790000007463705F77726974653A2069DE
:10B560006E76616C69642070636200007463705F62
:10B5700077726974653A20617267203D3D204E55AF
:10B580004C4C202870726F6772616D6D6572207609
:10B59000696F6C6174657320415049290000000097
:10B5A0006D73735F6C6F63616C20697320746F6F70
:10B5B00020736D616C6C0000696E636F6E736973EC
:10B5C00074656E74206F76657273697A6520767320
:10B5D0002E20737061636500696E636F6E736973AB
:10B5E00074656E74206F76657273697A6520767300
:10B5F0002E206C656E0000007463705F7772697452
:10B60000653A20524F4D2070627566732063616EFB
:10B610006E6F74206265206F76657273697A6564F7
:10B6200000000000756E73656E745F6F76657273EF
:10B63000697A65206D69736D617463682028706331
:10B64000622D3E756E73656E74206973204E554C85
:10B650004C2900007463705F77726974653A2063E7
:10B660006865636B20746861742066697273742006
:10B67000706275662063616E20686F6C6420746808
:10B680006520636F6D706C657465207365676C65AC
:10B690006E0000006F76657273697A65203D3D200B
:10B6A00030000000707265765F73656720213D2071
:10B6B0004E554C4C000000007463705F77726974E3
:10B6C000653A2063616E6E6F7420636F6E636174A0
:10B6D000656E617465207768656E207063622D3ECB
:10B6E000756E73656E7420697320656D7074790072
:10B6F0007463705F77726974653A20657874656EFB
:10B7000073696F6E206F66207265666572656E6321
:10B710006520726571756972657320726566657200
:10B72000656E6365000000007463705F7772697412
:10B73000653A2076616C6964207175657565206C69
:10B74000656E6774680000007463705F73706C6985
:10B75000745F756E73656E745F7365673A20696EAA
:10B7600076616C69642070636200000043616E273B
:10B77000742073706C6974207365676D656E7420D6
:10B78000696E746F206C656E67746820300000000D
:10B7900073706C6974203C3D206D73730000000071
:10B7A000757365672D3E6C656E203E20300000008D
:10B7B000736567203D3D204E554C4C007463705FAF
:10B7C00073656E645F66696E3A20696E76616C6956
:10B7D00064207063620000007463705F656E717551
:10B7E0006575655F666C6167733A206E6565642098
:10B7F000656974686572205443505F53594E206FD9
:10B8000072205443505F46494E20696E20666C6139
:10B810006773202870726F6772616D6D6572207634
:10B82000696F6C6174657320415049290000000004
:10B830007463705F656E71756575655F666C616771
:10B84000733A20696E76616C6964207063620000EF
:10B850007463705F656E71756575655F666C616751
:10B86000733A20636865636B20746861742066694D
:10B8700072737420706275662063616E20686F6CED
:10B8800064206F70746C656E000000007365672D36
:10B890003E746370686472206E6F7420616C6967B7
:10B8A0006E6564007463705F656E71756575655F64
:10B8B000666C6167733A20696E76616C69642073A7
:10B8C00065676D656E74206C656E67746800000056
:10B8D0007463705F656E71756575655F666C6167D1
:10B8E000733A20696E76616C69642071756575655F
:10B8F000206C656E677468007463705F6F75747038
:10B9000075743A20696E76616C69642070636200B8
:10B91000646F6E27742063616C6C207463705F6F5A
:10B92000757470757420666F72206C697374656EBF
:10B930002D70636273000000525354206E6F7420A8
:10B9400065787065637465642068657265210000C0
:10B950007463705F6F75747075745F7365676D6520
:10B960006E745F627573793A20696E76616C696492
:10B9700020736567000000007463705F6F757470FA
:10B9800075745F7365676D656E743A20696E766174
:10B990006C696420736567007463705F6F757470A1
:10B9A00075745F7365676D656E743A20696E766154
:10B9B0006C696420706362007463705F6F7574708B
:10B9C00075745F7365676D656E743A20696E766134
:10B9D0006C6964206E657469660000006F7074693C
:10B9E0006F6E73206E6F742066696C6C6564000006
:10B9F0007463705F7265786D69745F72746F5F7085
:10BA00007265706172653A20696E76616C69642056
:10BA1000706362007463705F7265786D69745F72E1
:10BA2000746F5F636F6D6D69743A20696E76616CD7
:10BA300069642070636200007463705F7265786D82
:10BA400069745F72746F3A20696E76616C69642004
:10BA5000706362007463705F7265786D69743A2018
:10BA6000696E76616C696420706362007463705FF4
:10BA70007265786D69745F666173743A20696E7679
:10BA8000616C696420706362000000006368656334
:10BA90006B207468617420666972737420706275BB
:10BAA000662063616E20686F6C64207374727563C6
:10BAB00074207463705F6864720000007463705F68
:10BAC0006F75747075745F616C6C6F635F686561CE
:10BAD0006465723A20696E76616C69642070636295
:10BAE000000000007463705F6F75747075745F663A
:10BAF000696C6C5F6F7074696F6E733A20696E76F3
:10BB0000616C696420706275660000007463705F28
:10BB10006F75747075745F636F6E74726F6C5F7342
:10BB200065676D656E743A20696E76616C69642034
:10BB300070627566000000007463705F7273743A1F
:10BB400020696E76616C6964206C6F63616C5F69FB
:10BB5000700000007463705F7273743A20696E76CF
:10BB6000616C69642072656D6F74655F6970000057
:10BB70007463705F73656E645F656D7074795F6127
:10BB8000636B3A20696E76616C6964207063620051
:10BB90007463705F6B656570616C6976653A206986
:10BBA0006E76616C69642070636200007463705F1C
:10BBB0007A65726F5F77696E646F775F70726F62BC
:10BBC000653A20696E76616C69642070636200007A
:10BBD0002E2E2F4D6964646C6577617265732F54E6
:10BBE000686972645F50617274792F4C7749502F85
:10BBF0007372632F636F72652F74696D656F7574EF
:10BC0000732E63007379735F74696D656F75743A31
:10BC10002074696D656F757420213D204E554C4C24
:10BC20002C20706F6F6C204D454D505F5359535F02
:10BC300054494D454F555420697320656D70747992
:10BC400000000000417373657274696F6E202225D5
:10BC50007322206661696C6564206174206C696E72
:10BC60006520256420696E2025730A0054696D657E
:10BC70006F75742074696D6520746F6F206C6F6EC2
:10BC8000672C206D6178206973204C5749505F55AF
:10BC9000494E5433325F4D41582F34206D736563E4
:10BCA00073000000696E76616C696420736C656571
:10BCB0007074696D650000002E2E2F4D6964646CF0
:10BCC0006577617265732F54686972645F50617241
:10BCD00074792F4C7749502F7372632F636F72659D
:10BCE0002F7564702E6300007564705F696E7075E7
:10BCF000745F6C6F63616C5F6D617463683A206937
:10BD00006E76616C696420706362000041737365D4
:10BD10007274696F6E2022257322206661696C65DA
:10BD200064206174206C696E6520256420696E2032
:10BD300025730A007564705F696E7075745F6C6F4F
:10BD400063616C5F6D617463683A20696E76616CE3
:10BD50006964206E65746966000000007564705F38
:10BD6000696E7075743A20696E76616C69642070D2
:10BD7000627566007564705F696E7075743A2069EB
:10BD80006E76616C6964206E6574696600000000FF
:10BD9000706275665F72656D6F76655F6865616418
:10BDA0006572206661696C65640A00007564705F85
:10BDB00073656E643A20696E76616C6964207063A5
:10BDC000620000007564705F73656E643A20696E8E
:10BDD00076616C6964207062756600007564705FDE
:10BDE00073656E64746F3A20696E76616C69642065
:10BDF000706362007564705F73656E64746F3A207F
:10BE0000696E76616C69642070627566000000007E
:10BE10007564705F73656E64746F3A20696E7661E5
:10BE20006C6964206473745F697000007564705F8E
:10BE300073656E64746F5F69663A20696E76616CD3
:10BE400069642070636200007564705F73656E647E
:10BE5000746F5F69663A20696E76616C6964207000
:10BE6000627566007564705F73656E64746F5F6998
:10BE7000663A20696E76616C6964206473745F69E8
:10BE8000700000007564705F73656E64746F5F6945
:10BE9000663A20696E76616C6964206E65746966C5
:10BEA000000000007564705F73656E64746F5F6995
:10BEB000665F7372633A20696E76616C69642070A4
:10BEC000636200007564705F73656E64746F5F69B0
:10BED000665F7372633A20696E76616C6964207084
:10BEE000627566007564705F73656E64746F5F6918
:10BEF000665F7372633A20696E76616C6964206470
:10BF000073745F69700000007564705F73656E64C0
:10BF1000746F5F69665F7372633A20696E76616CF5
:10BF20006964207372635F69700000007564705FFC
:10BF300073656E64746F5F69665F7372633A2069DC
:10BF40006E76616C6964206E65746966000000003D
:10BF5000636865636B2074686174206669727374CA
:10BF600020706275662063616E20686F6C64207358
:10BF70007472756374207564705F68647200000089
:10BF80007564705F62696E643A20696E76616C698F
:10BF900064207063620000007564705F636F6E6E92
:10BFA0006563743A20696E76616C696420706362BF
:10BFB000000000007564705F636F6E6E6563743AB5
:10BFC00020696E76616C69642069706164647200D6
:10BFD0007564705F646973636F6E6E6563743A2035
:10BFE000696E76616C696420706362007564705F6D
:10BFF000726563763A20696E76616C69642070635D
:10C00000620000007564705F72656D6F76653A203E
:10C01000696E76616C696420706362002E2E2F4D0C
:10C020006964646C6577617265732F5468697264C2
:10C030005F50617274792F4C7749502F7372632F60
:10C04000636F72652F697076342F657468617270E2
:10C050002E6300007374617465203D3D2045544893
:10C060004152505F53544154455F50454E44494EF0
:10C0700047207C7C207374617465203E3D204554CC
:10C08000484152505F53544154455F535441424CD0
:10C0900045000000417373657274696F6E2022253C
:10C0A0007322206661696C6564206174206C696E1E
:10C0B0006520256420696E2025730A006172705F17
:10C0C0007461626C655B695D2E71203D3D204E554B
:10C0D0004C4C000069203C204152505F5441424C7E
:10C0E000455F53495A4500006172705F7461626C2C
:10C0F000655B695D2E7374617465203D3D20455418
:10C10000484152505F53544154455F454D50545936
:10C11000000000006E657469662D3E687761646496
:10C12000725F6C656E203D3D204554485F48574125
:10C130004444525F4C454E006574685F72657420DC
:10C14000213D204E554C4C2026262069705F72659B
:10C150007420213D204E554C4C00000069706164F4
:10C16000647220213D204E554C4C00006E65746970
:10C170006620213D204E554C4C0000006574685FE0
:10C1800072657420213D204E554C4C006172705FE9
:10C190007461626C655B6172705F6964785D2E7357
:10C1A00074617465203E3D204554484152505F53B0
:10C1B000544154455F535441424C45007120213D48
:10C1C000204E554C4C00000074797065206F7665E8
:10C1D00072666C6F770000006172705F7461626CF0
:10C1E000655B695D2E7374617465203D3D2050452B
:10C1F0004E44494E47206F7220535441424C4500F3
:10C200006E6F207061636B65742071756575657301
:10C2100020616C6C6F776564210000006368656362
:10C220006B20746861742066697273742070627523
:10C23000662063616E20686F6C642073747275632E
:10C2400074206574686172705F6864720000000039
:10C250006E657469662D3E6877616464725F6C65B3
:10C260006E206D757374206265207468652073613B
:10C270006D65206173204554485F485741444452DE
:10C280005F4C454E20666F72206574686172702144
:10C29000000000002E2E2F4D6964646C657761727A
:10C2A00065732F54686972645F50617274792F4CA2
:10C2B0007749502F7372632F636F72652F697076A1
:10C2C000342F69636D702E630000000069636D7028
:10C2D0005F696E7075743A206D6F76696E67207253
:10C2E0002D3E7061796C6F616420746F2069636D9D
:10C2F0007020686561646572206661696C65640AB6
:10C3000000000000417373657274696F6E2022250E
:10C310007322206661696C6564206174206C696EAB
:10C320006520256420696E2025730A0069636D709D
:10C330005F696E7075743A20726573746F72696E9E
:10C3400067206F726967696E616C20702D3E706145
:10C35000796C6F6164206661696C65640A00000035
:10C36000636865636B2074686174206669727374B6
:10C3700020706275662063616E20686F6C6420694E
:10C38000636D70206D657373616765002E2E2F4D90
:10C390006964646C6577617265732F54686972644F
:10C3A0005F50617274792F4C7749502F7372632FED
:10C3B000636F72652F697076342F6970342E630055
:10C3C000702D3E726566203D3D20310041737365DE
:10C3D0007274696F6E2022257322206661696C6514
:10C3E00064206174206C696E6520256420696E206C
:10C3F00025730A00636865636B2074686174206646
:10C400006972737420706275662063616E20686F54
:10C410006C64207374727563742069705F686472F1
:10C42000000000002E2E2F4D6964646C65776172E8
:10C4300065732F54686972645F50617274792F4C10
:10C440007749502F7372632F636F72652F6970760F
:10C45000342F6970345F667261672E6300000000DC
:10C460007072657620213D2069707200417373659A
:10C470007274696F6E2022257322206661696C6573
:10C4800064206174206C696E6520256420696E20CB
:10C4900025730A00707265762D3E6E657874203DB6
:10C4A0003D2069707200000070627566735F66728D
:10C4B000656564202B20636C656E203C3D203078E0
:10C4C000666666660000000069705F72656173737E
:10C4D0005F70627566636F756E74203E3D2070629A
:10C4E0007566735F667265656400000073616E69EE
:10C4F000747920636865636B206C696E6B6564207A
:10C500006C69737400000000636865636B20667279
:10C5100061676D656E747320646F6E2774206F762B
:10C5200065726C61700000006E6F207072657669D4
:10C530006F757320667261676D656E742C20746808
:10C540006973206D75737420626520746865206658
:10C550006972737420667261676D656E7421000084
:10C5600073616E69747920636865636B0000000015
:10C5700076616C69646174655F646174616772613E
:10C580006D3A6E6578745F70627566213D4E554CEC
:10C590004C00000069705F72656173735F70627553
:10C5A00066636F756E74203E3D20636C656E00009F
:10C5B00069707220213D204E554C4C006E6F7420E6
:10C5C0006669727374616C74686F756768206A75E8
:10C5D000737420656E717565756564007020213D0A
:10C5E000204E554C4C00000070637220213D204EBF
:10C5F000554C4C00706372203D3D207000000000DF
:10C600006970345F6672616728293A2070627566C6
:10C6100020746F6F2073686F7274000074686973A0
:10C62000206E656564732061207062756620696E96
:10C63000206F6E652070696563652100702D3E6C0A
:10C64000656E203E3D20706F666600002E2E2F4DD9
:10C650006964646C6577617265732F54686972648C
:10C660005F50617274792F4C7749502F7372632F2A
:10C670006E657469662F65746865726E65742E6385
:10C68000000000006E657469662D3E687761646421
:10C69000725F6C656E206D75737420626520362044
:10C6A000666F722065746865726E65745F6F75740D
:10C6B0007075742100000000417373657274696FB6
:10C6C0006E2022257322206661696C656420617486
:10C6D000206C696E6520256420696E2025730A0030
:10C6E0000000000001020304010203040607080918
:10C6F000010002000400060008000A000C001000FF
:10C70000200040008000000101010103070100003A
:10C71000080402040801010114000A00E82D0024A5
:10C72000B42E002420000400FC2E0024802F0024BE
:10C730009C000500842F0024943200241C00080073
:10C74000983200247C330024100010008033002431
:10C750008434002420000500883400242C35002473
:10C7600018000F00303500249C3600241000030010
:10C77000A0360024D436002410001000D83600243F
:10C78000DC37002460021000E0370024E45D002460
:10C7900024C7010830C701083CC7010848C7010881
:10C7A00054C7010860C701086CC7010878C70108B1
:10C7B00084C70108010203040506070707070707E6
:10C7C0000700000003060C1830607800FC5D0024B0
:10C7D000F85D0024005E0024045E0024FA000000DE
:10C7E00061F30008E803000025710108E803000078
:10C7F000D959010800000000FFFFFFFFFFFF000004
:10C800000000000000005245454E54206D616C6CE4
:10C810006F6320737563636565646564002F62757B
:10C82000696C642F676E752D746F6F6C732D666FF6
:10C83000722D73746D33325F31322E332E72656C0C
:10C84000312E32303234303631322D313331352FD2
:10C850007372632F6E65776C69622F6E65776C6992
:10C86000622F6C6962632F7374646C69622F7261EA
:10C870006E642E630000202020202020202020280D
:10C880002828282820202020202020202020202088
:10C8900020202020202088101010101010101010C0
:10C8A0001010101010100404040404040404040400
:10C8B000101010101010104141414141410101017F
:10C8C0000101010101010101010101010101010158
:10C8D0000110101010101042424242424202020265
:10C8E0000202020202020202020202020202020228
:10C8F00002101010102000000000000000000000D6
:10C900000000000000000000000000000000000027
:10C910000000000000000000000000000000000017
:10C920000000000000000000000000000000000007
:10C9300000000000000000000000000000000000F7
:10C9400000000000000000000000000000000000E7
:10C9500000000000000000000000000000000000D7
:10C9600000000000000000000000000000000000C7
:10C970000000000000002C2066756E6374696F6E05
:10C980003A2000617373657274696F6E202225739B
:10C9900022206661696C65643A2066696C652022B4
:10C9A0002573222C206C696E652025642573257300
:10C9B0000A00232D302B2000686C4C00656667450B
:10C9C0004647003031323334353637383941424307
:10C9D00044454600303132333435363738396162B8
:10C9E00063646566000000000038FAFE422EE63FF0
:10C9F0003067C79357F32E3D000000000000E0BFF2
:10CA0000605555555555E5BF060000000000E03F54
:10CA10004E5559999999E93F7AA429555555E5BF3D
:10CA2000E945489B5B49F2BFC33F268B2B00F03F93
:10CA30000000000000A0F63F000000000000000021
:10CA400000C8B9F2822CD6BF8056372824B4FA3CED
:10CA5000000000000080F63F000000000000000021
:10CA6000000858BFBDD1D5BF20F7E0D808A51CBD30
:10CA7000000000000060F63F000000000000000021
:10CA8000005845177776D5BF6D50B6D5A46223BD43
:10CA9000000000000040F63F000000000000000021
:10CAA00000F82D87AD1AD5BFD567B09EE484E6BCEB
:10CAB000000000000020F63F000000000000000021
:10CAC000007877955FBED4BFE03E2993691B04BD13
:10CAD000000000000000F63F000000000000000021
:10CAE00000601CC28B61D4BFCC844C482FD8133D4E
:10CAF0000000000000E0F53F000000000000000022
:10CB000000A886863004D4BF3A0B82EDF342DC3CA9
:10CB10000000000000C0F53F000000000000000021
:10CB2000004869554CA6D3BF60945186C6B1203DDC
:10CB30000000000000A0F53F000000000000000021
:10CB40000080989ADD47D3BF9280C5D44D59253DCA
:10CB5000000000000080F53F000000000000000021
:10CB60000020E1BAE2E8D2BFD82BB7991E7B263D60
:10CB7000000000000060F53F000000000000000021
:10CB80000088DE135A89D2BF3FB0CFB614CA153D14
:10CB9000000000000060F53F000000000000000001
:10CBA0000088DE135A89D2BF3FB0CFB614CA153DF4
:10CBB000000000000040F53F000000000000000001
:10CBC0000078CFFB4129D2BF76DA5328245A16BD0C
:10CBD000000000000020F53F000000000000000001
:10CBE000009869C198C8D1BF0454E768BCAF1FBDA5
:10CBF000000000000000F53F000000000000000001
:10CC000000A8ABAB5C67D1BFF0A88233C61F1F3D45
:10CC10000000000000E0F43F000000000000000001
:10CC20000048AEF98B05D1BF665A05FDC4A826BDE4
:10CC30000000000000C0F43F000000000000000001
:10CC4000009073E224A3D0BF0E03F47EEE6B0CBD04
:10CC50000000000000A0F43F000000000000000001
:10CC600000D0B4942540D0BF7F2DF49EB836F0BCE0
:10CC70000000000000A0F43F0000000000000000E1
:10CC800000D0B4942540D0BF7F2DF49EB836F0BCC0
:10CC9000000000000080F43F0000000000000000E1
:10CCA00000405E6D18B9CFBF873C99AB2A570D3D48
:10CCB000000000000060F43F0000000000000000E1
:10CCC0000060DCCBADF0CEBF24AF869CB7262B3DF9
:10CCD000000000000040F43F0000000000000000E1
:10CCE00000F02A6E0727CEBF10FF3F544F2F17BD0D
:10CCF000000000000020F43F0000000000000000E1
:10CD000000C04F6B215CCDBF1B68CABB91BA213DEF
:10CD1000000000000000F43F0000000000000000E0
:10CD200000A09AC7F78FCCBF34849F684F79273D06
:10CD3000000000000000F43F0000000000000000C0
:10CD400000A09AC7F78FCCBF34849F684F79273DE6
:10CD50000000000000E0F33F0000000000000000C1
:10CD600000902D7486C2CBBF8FB78B31B04E193D6A
:10CD70000000000000C0F33F0000000000000000C1
:10CD800000C0804EC9F3CABF6690CD3F634EBA3C27
:10CD90000000000000A0F33F0000000000000000C1
:10CDA00000B0E21FBC23CABFEAC146DC648C25BDCB
:10CDB0000000000000A0F33F0000000000000000A1
:10CDC00000B0E21FBC23CABFEAC146DC648C25BDAB
:10CDD000000000000080F33F0000000000000000A1
:10CDE0000050F49C5A52C9BFE3D4C104D9D12ABD22
:10CDF000000000000060F33F0000000000000000A1
:10CE000000D02065A07FC8BF09FADB7FBFBD2B3DE6
:10CE1000000000000040F33F0000000000000000A0
:10CE200000E0100289ABC7BF584A537290DB2B3D1C
:10CE3000000000000040F33F000000000000000080
:10CE400000E0100289ABC7BF584A537290DB2B3DFC
:10CE5000000000000020F33F000000000000000080
:10CE600000D019E70FD6C6BF66E2B2A36AE410BDD0
:10CE7000000000000000F33F000000000000000080
:10CE80000090A77030FFC5BF3950109F439E1EBD54
:10CE9000000000000000F33F000000000000000060
:10CEA0000090A77030FFC5BF3950109F439E1EBD34
:10CEB0000000000000E0F23F000000000000000061
:10CEC00000B0A1E3E526C5BF8F5B07908BDE20BDD8
:10CED0000000000000C0F23F000000000000000061
:10CEE0000080CB6C2B4DC4BF3C783561C10C173D25
:10CEF0000000000000C0F23F000000000000000041
:10CF00000080CB6C2B4DC4BF3C783561C10C173D04
:10CF10000000000000A0F23F000000000000000040
:10CF200000901E20FC71C3BF3A54274D8678F13C17
:10CF3000000000000080F23F000000000000000040
:10CF400000F01FF85295C2BF08C47117308D24BD80
:10CF5000000000000060F23F000000000000000040
:10CF600000602FD52AB7C1BF96A31118A4802EBD8B
:10CF7000000000000060F23F000000000000000020
:10CF800000602FD52AB7C1BF96A31118A4802EBD6B
:10CF9000000000000040F23F000000000000000020
:10CFA0000090D07C7ED7C0BFF45BE88896690A3DCC
:10CFB000000000000040F23F000000000000000000
:10CFC0000090D07C7ED7C0BFF45BE88896690A3DAC
:10CFD000000000000020F23F000000000000000000
:10CFE00000E0DB3191ECBFBFF233A35C547525BD8B
:10CFF000000000000000F23F000000000000000000
:10D0000000002B6E0727BEBF3C00F02A2C342A3DBF
:10D01000000000000000F23F0000000000000000DF
:10D0200000002B6E0727BEBF3C00F02A2C342A3D9F
:10D030000000000000E0F13F0000000000000000E0
:10D0400000C05B8F545EBCBF06BE5F58570C1DBD51
:10D050000000000000C0F13F0000000000000000E0
:10D0600000E04A3A6D92BABFC8AA5BE83539253D5F
:10D070000000000000C0F13F0000000000000000C0
:10D0800000E04A3A6D92BABFC8AA5BE83539253D3F
:10D090000000000000A0F13F0000000000000000C0
:10D0A00000A031D645C3B8BF68562F4D297C133D2B
:10D0B0000000000000A0F13F0000000000000000A0
:10D0C00000A031D645C3B8BF68562F4D297C133D0B
:10D0D000000000000080F13F0000000000000000A0
:10D0E0000060E58AD2F0B6BFDA7333C9379726BD40
:10D0F000000000000060F13F0000000000000000A0
:10D100000020063F071BB5BF575EC6615B021F3D8F
:10D11000000000000060F13F00000000000000007F
:10D120000020063F071BB5BF575EC6615B021F3D6F
:10D13000000000000040F13F00000000000000007F
:10D1400000E01B96D741B3BFDF13F9CCDA5E2C3D6C
:10D15000000000000040F13F00000000000000005F
:10D1600000E01B96D741B3BFDF13F9CCDA5E2C3D4C
:10D17000000000000020F13F00000000000000005F
:10D180000080A3EE3665B1BF09A38F765E7C143DA7
:10D19000000000000000F13F00000000000000005F
:10D1A000008011C0300AAFBF918E36839E592D3D4D
:10D1B000000000000000F13F00000000000000003F
:10D1C000008011C0300AAFBF918E36839E592D3D2D
:10D1D0000000000000E0F03F000000000000000040
:10D1E00000801971DD42ABBF4C70D6E57A821C3DE0
:10D1F0000000000000E0F03F000000000000000020
:10D2000000801971DD42ABBF4C70D6E57A821C3DBF
:10D210000000000000C0F03F00000000000000001F
:10D2200000C032F65874A7BFEEA1F23446FC2CBD04
:10D230000000000000C0F03F0000000000000000FF
:10D2400000C032F65874A7BFEEA1F23446FC2CBDE4
:10D250000000000000A0F03F0000000000000000FF
:10D2600000C0FEB9879EA3BFAAFE26F5B702F53C13
:10D270000000000000A0F03F0000000000000000DF
:10D2800000C0FEB9879EA3BFAAFE26F5B702F53CF3
:10D29000000000000080F03F0000000000000000DF
:10D2A0000000780E9B829FBFE4097E7C268029BD0A
:10D2B000000000000080F03F0000000000000000BF
:10D2C0000000780E9B829FBFE4097E7C268029BDEA
:10D2D000000000000060F03F0000000000000000BF
:10D2E0000080D5071BB997BF39A6FA93548D28BD86
:10D2F000000000000040F03F0000000000000000BF
:10D300000000FCB0A8C08FBF9CA6D3F67C1EDFBC7B
:10D31000000000000040F03F00000000000000009E
:10D320000000FCB0A8C08FBF9CA6D3F67C1EDFBC5B
:10D33000000000000020F03F00000000000000009E
:10D340000000106B2AE07FBFE440DA0D3FE219BD18
:10D35000000000000020F03F00000000000000007E
:10D360000000106B2AE07FBFE440DA0D3FE219BDF8
:10D37000000000000000F03F00000000000000007E
:10D38000000000000000000000000000000000009D
:10D39000000000000000F03F00000000000000005E
:10D3A000000000000000000000000000000000007D
:10D3B0000000000000C0EF3F00000000000000007F
:10D3C000000089751510803FE82B9D996BC710BD33
:10D3D000000000000080EF3F00000000000000009F
:10D3E000008093585620903FD2F7E2065BDC23BDC5
:10D3F000000000000040EF3F0000000000000000BF
:10D400000000C9282549983F340C5A32BAA02ABDD9
:10D41000000000000000EF3F0000000000000000DE
:10D420000040E7895D41A03F53D7F15CC011013D49
:10D430000000000000C0EE3F0000000000000000FF
:10D4400000002ED4AE66A43F28FDBD7573162CBD1A
:10D45000000000000080EE3F00000000000000001F
:10D4600000C09F14AA94A83F7D265AD0957919BD73
:10D47000000000000040EE3F00000000000000003F
:10D4800000C0DDCD73CBAC3F0728D847F2681ABD8A
:10D49000000000000020EE3F00000000000000003F
:10D4A00000C006C031EAAE3F7B3BC94F3E110EBD06
:10D4B0000000000000E0ED3F000000000000000060
:10D4C000006046D13B97B13F9B9E0D565D3225BD16
:10D4D0000000000000A0ED3F000000000000000080
:10D4E00000E0D1A7F5BDB33FD74EDBA55EC82C3D0C
:10D4F000000000000060ED3F0000000000000000A0
:10D5000000A0974D5AE9B53F1E1D5D3C06692CBD34
:10D51000000000000040ED3F00000000000000009F
:10D5200000C0EA0AD300B73F32ED9DA98D1EEC3C46
:10D53000000000000000ED3F0000000000000000BF
:10D540000040595D5E33B93FDA47BD3A5C11233D77
:10D550000000000000C0EC3F0000000000000000E0
:10D560000060AD8DC86ABB3FE568F72B809013BDA6
:10D570000000000000A0EC3F0000000000000000E0
:10D580000040BC015888BC3FD3AC5AC6D146263DAA
:10D59000000000000060EC3F000000000000000000
:10D5A00000200A8339C7BE3FE045E6AF68C02DBD05
:10D5B000000000000040EC3F000000000000000000
:10D5C00000E0DB3991E8BF3FFD0AA14FD63425BD0D
:10D5D000000000000000EC3F000000000000000020
:10D5E00000E027828E17C13FF2072DCE78EF213D54
:10D5F0000000000000E0EB3F000000000000000021
:10D6000000F0237E2BAAC13F349938448EA72C3DCD
:10D610000000000000A0EB3F000000000000000040
:10D620000080860C61D1C23FA1B481CB6C9D033DCB
:10D63000000000000080EB3F000000000000000040
:10D64000009015B0FC65C33F89724B23A82FC63CE0
:10D65000000000000040EB3F000000000000000060
:10D6600000B033833D91C43F78B6FD547983253DA6
:10D67000000000000020EB3F000000000000000060
:10D6800000B0A1E4E527C53FC77D69E5E833263D45
:10D690000000000000E0EA3F000000000000000081
:10D6A00000108CBE4E57C63F782E3C2C8BCF193DB8
:10D6B0000000000000C0EA3F000000000000000081
:10D6C0000070758B12F0C63FE1219CE58D1125BDE0
:10D6D0000000000000A0EA3F000000000000000081
:10D6E000005044858D89C73F0543917010661CBD6D
:10D6F000000000000060EA3F0000000000000000A1
:10D70000000039EBAFBEC83FD12CE9AA543D07BD9C
:10D71000000000000040EA3F0000000000000000A0
:10D720000000F7DC5A5AC93F6FFFA05828F2073DA6
:10D73000000000000000EA3F0000000000000000C0
:10D7400000E08A3CED93CA3F69215650437228BDE0
:10D750000000000000E0E93F0000000000000000C1
:10D7600000D05B57D831CB3FAAE1AC4E8D350CBD14
:10D770000000000000C0E93F0000000000000000C1
:10D7800000E03B3887D0CB3FB6125459C44B2DBD77
:10D790000000000000A0E93F0000000000000000C1
:10D7A0000010F0C6FB6FCC3FD22B96C572ECF1BCDB
:10D7B000000000000060E93F0000000000000000E1
:10D7C0000090D4B03DB1CD3F35B015F72AFF2ABD4A
:10D7D000000000000040E93F0000000000000000E1
:10D7E0000010E7FF0E53CE3F30F441602712C23CD9
:10D7F000000000000020E93F0000000000000000E1
:10D800000000DDE4ADF5CE3F118EBB651521CABC2D
:10D81000000000000000E93F0000000000000000E0
:10D8200000B0B36C1C99CF3F30DF0CCAECCB1B3D72
:10D830000000000000C0E83F000000000000000001
:10D8400000584D603871D03F914EED16DB9CF83C8E
:10D850000000000000A0E83F000000000000000001
:10D86000006061672DC4D03FE9EA3C168B18273D64
:10D87000000000000080E83F000000000000000001
:10D8800000E827828E17D13F1CF0A5630E212CBD26
:10D89000000000000060E83F000000000000000001
:10D8A00000F8ACCB5C6BD13F8116A5F7CD9A2B3D30
:10D8B000000000000040E83F000000000000000001
:10D8C00000685A6399BFD13FB7BD4751EDA62C3DC3
:10D8D000000000000020E83F000000000000000001
:10D8E00000B80E6D4514D23FEABA46BADE870A3D4B
:10D8F0000000000000E0E73F000000000000000022
:10D900000090DC7CF0BED23FF404504AFA9C2A3DE1
:10D910000000000000C0E73F000000000000000021
:10D920000060D3E1F114D33FB83C21D37AE228BDA3
:10D930000000000000A0E73F000000000000000021
:10D940000010BE76676BD33FC877F1B0CD6E113D46
:10D95000000000000080E73F000000000000000021
:10D960000030337752C2D33F5CBD06B6543B183DFE
:10D97000000000000060E73F000000000000000021
:10D9800000E8D523B419D43F9DE090EC36E4083D7F
:10D99000000000000040E73F000000000000000021
:10D9A00000C871C28D71D43F75D66709CE272FBDCF
:10D9B000000000000020E73F000000000000000021
:10D9C0000030179EE0C9D43FA4D80A1B89202EBD81
:10D9D000000000000000E73F000000000000000021
:10D9E00000A03807AE22D53F59C7648170BE2E3DD6
:10D9F0000000000000E0E63F000000000000000022
:10DA000000D0C853F77BD53FEF405DEEEDAD1F3D35
:10DA10000000000000C0E63F000000000000000021
:10DA2000006059DFBDD5D53FDC65A4082A0B0ABDCF
:10DA3000FE822B6547156740000000000000384358
:10DA40000000FAFE422E76BF3A3B9EBC9AF70CBD10
:10DA5000BDFDFFFFFFFFDF3F3C5455555555C53F0A
:10DA6000912B17CF5555A53F17D0A4671111813FB2
:10DA7000000000000000C842EF39FAFE422EE63FE7
:10DA800024C482FFBDBFCE3FB5F40CD7086BAC3FBA
:10DA9000CC5046D2ABB2833F843A4E9BE0D7553F41
:10DAA0000000000000000000000000000000F03F47
:10DAB0006EBF881A4F3B9B3C3533FBA93DF6EF3FC9
:10DAC0005DDCD89C136071BC6180773E9AECEF3FBF
:10DAD000D16687107A5E90BC857F6EE815E3EF3FD4
:10DAE00013F6673552D28C3C748515D3B0D9EF3F0D
:10DAF000FA8EF92380CE8BBCDEF6DD296BD0EF3FAA
:10DB000061C8E6614EF7603CC89B751845C7EF3F9A
:10DB100099D3335BE4A3903C83F3C6CA3EBEEF3F88
:10DB20006D7B835DA69A973C0F89F96C58B5EF3FE2
:10DB3000FCEFFD921AB58E3CF747722B92ACEF3F8B
:10DB4000D19C2F703DBE3E3CA2D1D332ECA3EF3F1F
:10DB50000B6E908934036ABC1BD3FEAF669BEF3F0C
:10DB60000EBD2F2A525695BC515B12D00193EF3F48
:10DB700055EA4E8CEF8050BCCC316CC0BD8AEF3F73
:10DB800016F4D5B923C991BCE02DA9AE9A82EF3F16
:10DB9000AF555CE9E3D3803C518EA5C8987AEF3F3E
:10DBA0004893A5EA151B80BC7B517D3CB872EF3FC2
:10DBB0003D32DE55F01F8FBCEA8D8C38F96AEF3F9D
:10DBC000BF53133F8C898B3C75CB6FEB5B63EF3F8F
:10DBD00026EB11769CD996BCD45C0484E05BEF3FC5
:10DBE000602F3A3EF7EC9A3CAAB968318754EF3F70
:10DBF0009D3886CB82E78FBC1DD9FC22504DEF3F6C
:10DC00008DC3A644416F8A3CD68C62883B46EF3F69
:10DC10007D04E4B0057A803C96DC7D91493FEF3F7E
:10DC200094A8A8E3FD8E963C3862756E7A38EF3F73
:10DC30007D4874F2185E873C3FA6B24FCE31EF3F6D
:10DC4000F2E71F982B47803CDD7CE265452BEF3FD8
:10DC50005E08713F7BB896BC8163F5E1DF24EF3F3E
:10DC600031AB096DE1F7823CE1DE1FF59D1EEF3F10
:10DC7000FABF6F1A9B213DBC90D9DAD07F18EF3FD5
:10DC8000B40A0C7282378B3C0B03E4A68512EF3F7B
:10DC90008FCBCE8992146E3C562F3EA9AF0CEF3F2E
:10DCA000B6ABB04D754D833C15B7310AFE06EF3F5C
:10DCB0004C74ACE20142863C31D84CFC7001EF3F21
:10DCC0004AF8D35D39DD8F3CFF1664B208FCEE3FA5
:10DCD000045B8E3B80A386BCF19F925FC5F6EE3F4E
:10DCE00068504BCCED4A92BCCBA93A37A7F1EE3F36
:10DCF0008E2D511BF80799BC66D8056DAEECEE3F32
:10DD0000D236943EE8D171BCF79FE534DBE7EE3FB5
:10DD1000151BCEB3191999BCE5A813C32DE3EE3F2B
:10DD20006D4C2AA7489F853C2234124CA6DEEE3F5C
:10DD30008A69287A601293BC1C80AC0445DAEE3FF5
:10DD40005B8917488FA758BC2A2EF7210AD6EE3FC9
:10DD50001B9A49679B2C7CBC97A850D9F5D1EE3F04
:10DD600011ACC260ED63433C2D89616008CEEE3F8B
:10DD7000EF64063B0966963C57001DED41CAEE3F35
:10DD80007903A1DAE1CC6E3CD03CC1B5A2C6EE3F2E
:10DD900030120F3F8EFF933CDED3D7F02AC3EE3F05
:10DDA000B0AF7ABBCE90763C272A36D5DABFEE3FAD
:10DDB00077E054EBBD1D933C0DDDFD99B2BCEE3F09
:10DDC0008EA3710034948FBCA72C9D76B2B9EE3F20
:10DDD00049A393DCCCDE87BC4266CFA2DAB6EE3F25
:10DDE0005F380FBDC6DE78BC824F9D562BB4EE3F28
:10DDF000F65C7BEC461286BC0F925DCAA4B1EE3F86
:10DE00008ED7FD180535933CDA27B53647AFEE3F80
:10DE1000059B8A2FB7987B3CFDC797D412ADEE3F88
:10DE200009541CE2E163903C295448DD07ABEE3F06
:10DE3000EAC6195085C7343CB746598A26A9EE3F31
:10DE400035C0642BE632943C4821AD156FA7EE3FF8
:10DE50009F7699614AE48CBC09DC76B9E1A5EE3F76
:10DE6000A84DEF3BC5338CBC85553AB07EA4EE3F40
:10DE7000AEE92B89785384BC20C3CC3446A3EE3F53
:10DE800058585678DDCE93BC2522558238A2EE3FF5
:10DE900064197E80AA10573C73A94CD455A1EE3F5B
:10DEA00028225EBFEFB393BCCD3B7F669EA0EE3FC2
:10DEB00082B93487AD126ABCBFDA0B7512A0EE3F8F
:10DEC000EEA96DB8EF6763BC2F1A653CB29FEE3FB9
:10DED0005188E0543DDC80BC849451F97D9FEE3F35
:10DEE000CF3E5A7E641F78BC745FECE8759FEE3FAE
:10DEF000B07D8BC04AEE86BC7481A5489A9FEE3FE8
:10DF00008AE6551E321986BCC9674256EB9FEE3F22
:10DF1000D3D4095ECB9C903C3F5DDE4F69A0EE3FC1
:10DF20001DA54DB9DC327BBC8701EB7314A1EE3F1C
:10DF30006BC06754FDEC943C32C13001EDA1EE3F63
:10DF4000556CD6ABE1EB653C624ECF36F3A2EE3FAB
:10DF500042CFB32FC5A188BC121A3E5427A4EE3F6E
:10DF600034373BF1B66993BC13CE4C9989A5EE3F8B
:10DF70001EFF193A845E80BCADC723461AA7EE3F48
:10DF80006E5772D850D494BCED92449BD9A8EE3F02
:10DF9000008A0E5B67AD903C99668AD9C7AAEE3FAE
:10DFA000B4EAF0C12FB78D3CDBA02A42E5ACEE3FCE
:10DFB000FFE7C59C60B665BC8C44B51632AFEE3F3A
:10DFC000445FF35983F67B3C36771599AEB1EE3F4B
:10DFD000833D1EA71F0993BCC6FF910B5BB4EE3FA8
:10DFE000291E6C8BB8A95DBCE5C5CDB037B7EE3F37
:10DFF00059B9907CF9236CBC0F52C8CB44BAEE3FA0
:10E00000AAF9F422434392BC504EDE9F82BDEE3FFC
:10E010004B8E66D76CCA85BCBA07CA70F1C0EE3F9A
:10E0200027CE912BFCAF713C90F0A38291C4EE3FC0
:10E03000BB730AE135D26D3C2323E31963C8EE3F7D
:10E040006322622204C587BC65E55D7B66CCEE3F3A
:10E05000D531E2E3861C8B3C332D4AEC9BD0EE3F5E
:10E0600015BBBCD3D1BB91BC5D253EB203D5EE3F01
:10E07000D231EE9C31CC903C58B330139ED9EE3F58
:10E08000B35A736E8469843CBFFD79556BDEEE3FF5
:10E09000B49D8E97CDDF82BC7AF3D3BF6BE3EE3FA6
:10E0A0008733CB92771A8C3CADD35A999FE8EE3FD9
:10E0B000FAD9D14A8F7B90BC66B68D2907EEEE3F28
:10E0C000BAAEDC56D9C355BCFB154FB8A2F3EE3F30
:10E0D00040F6A63D0EA490BC3A59E58D72F9EE3F8C
:10E0E0003493AD38F4D668BC475EFBF276FFEE3F62
:10E0F000358A586BE2EE91BC4A06A130B005EF3F7D
:10E10000CDDD5F0AD7FF743CD2C14B901E0CEF3FB0
:10E11000AC9892FAFBBD91BC091ED75BC212EF3FCF
:10E12000B30CAF30AE6E733C9C5285DD9B19EF3F54
:10E1300094FD9F5C32E38E3C7AD0FF5FAB20EF3FD3
:10E14000AC5909D18FE0843C4BD1572EF127EF3FDA
:10E15000671A4E38AFCD633CB5E706946D2FEF3F9D
:10E160006819926C2C6B673C6990EFDC2037EF3FAD
:10E17000D2B5CC83188A80BCFAC35D550B3FEF3F04
:10E180006FFAFF3F5DAD8FBC7C89074A2D47EF3F9B
:10E1900049A97538AE0D90BCF2890D08874FEF3F45
:10E1A000A7073DA685A3743C87A4FBDC1858EF3F66
:10E1B0000F2240209E9182BC9883C916E360EF3FF6
:10E1C000AC92C1D5505A8E3C8532DB03E669EF3FF5
:10E1D0004B6B01AC593A843C60B401F32173EF3FBF
:10E1E0001F3EB40721D582BC5F9B7B33977CEF3FFA
:10E1F000C90D473BB92A89BC29A1F5144686EF3FD2
:10E20000D3883A6004B6743CF63F8BE72E90EF3F1C
:10E2100071729D51ECC5833C834CC7FB519AEF3F13
:10E22000F091D38F12F78FBCDA90A4A2AFA4EF3F86
:10E230007D7423E298AE8DBCF1678E2D48AFEF3F21
:10E240000820AA41BCC38E3C275A61EE1BBAEF3F9F
:10E2500032EBA9C3942B843C97BA6B372BC5EF3FA5
:10E26000EE85D131A9648A3C40456E5B76D0EF3FA4
:10E27000EDE33BE4BA378EBC14BE9CADFDDBEF3F53
:10E280009DCD914D3B89773CD8909E81C1E7EF3F72
:10E2900089CC6041C105533CF1718F2BC2F3EF3F34
:10E2A0000038FAFE422EE63F3067C79357F32E3D03
:10E2B000010000000000E0BF5B3051555555D53FCF
:10E2C0009045EBFFFFFFCFBF1101F124B399C93F88
:10E2D0009FC806E57555C5BF000000000000E0BFFF
:10E2E000775555555555D53FCBFDFFFFFFFFCFBFA8
:10E2F0000CDD95999999C93FA74567555555C5BFF7
:10E3000030DE44A32449C23F653D42A4FFFFBFBFA6
:10E31000CAD62A288471BC3FFF68B043EB99B9BFC5
:10E3200085D0AFF78281B73FCD45D1751352B5BFC8
:10E330009FDEE0C3F034F73F0090E6797FCCD7BF93
:10E340001FE92C6A7813F73F00000DC2EE6FD7BFAC
:10E35000A0B5FA0860F2F63F00E05113E313D7BF0F
:10E360007D8C131FA6D1F63F007828385BB8D6BF46
:10E37000D1B4C50B49B1F63F00788090555DD6BF4A
:10E38000BA0C2F334791F63F00001876D002D6BF63
:10E39000234222189F71F63F00909086CAA8D5BFED
:10E3A000D91EA5994F52F63F00500356434FD5BF93
:10E3B000C4248FAA5633F63F00406BC337F6D4BF50
:10E3C00014DC9D6BB314F63F0050A8FDA79DD4BF8D
:10E3D0004C5CC65264F6F53F00A889399245D4BF1B
:10E3E0004F2C91B567D8F53F00B8B039F4EDD3BFE5
:10E3F000DE905BCBBCBAF53F00708F44CE96D3BFA6
:10E40000781AD9F2619DF53F00A0BD171E40D3BF19
:10E41000875646125680F53F008046EFE2E9D2BFAC
:10E42000D36BE7CE9763F53F00E030381B94D2BF43
:10E43000937FA7E22547F53F0088DA8CC53ED2BF1F
:10E4400083450642FF2AF53F00902729E1E9D1BF25
:10E45000DFBDB2DB220FF53F00F8482B6D95D1BF31
:10E46000D7DE34478FF3F43F00F8B99A6741D1BF44
:10E470004028DECF43D8F43F0098EF94D0EDD0BFD2
:10E48000C8A378C03EBDF43F0010DB18A59AD0BFEA
:10E490008A25E0C37FA2F43F00B86352E647D0BFAD
:10E4A0003484D4240588F43F00F0864522EBCFBFA6
:10E4B0000B2D191BCE6DF43F00B017754A47CFBF27
:10E4C000541839D3D953F43F0030103D44A4CEBF83
:10E4D0005A84B444273AF43F00B0E9440D02CEBF59
:10E4E000FBF81541B520F43F00F07729A260CDBFBD
:10E4F000B1F43EDA8207F43F0090950401C0CCBF2E
:10E500008FFE575D8FEEF33F001089562920CCBF58
:10E51000E94C0BA0D9D5F33F0010818D1781CBBFFB
:10E520002BC110C060BDF33F00D0D3CCC9E2CABF3D
:10E53000B8DA752B24A5F33F0090122E4045CABFD0
:10E5400002D09FCD228DF33F00F01D6877A8C9BF90
:10E550001C7A84C55B75F33F003048696D0CC9BFF8
:10E56000E236AD49CE5DF33F00C045A62071C8BF7D
:10E5700040D44D987946F33F003014B48FD6C7BFCE
:10E5800024CBFFCE5C2FF33F0070623CB83CC7BF8A
:10E59000490DA1757718F33F0060379B9AA3C6BF5A
:10E5A00090393E37C801F33F00A0B754310BC6BFC6
:10E5B00041F895BB4EEBF23F003024767D73C5BF2A
:10E5C000D1A919020AD5F23F0030C28F7BDCC4BF4B
:10E5D0002AFDB7A8F9BEF23F0000D2512C46C4BFB5
:10E5E000AB1B0C7A1CA9F23F000083BC8AB0C3BFEE
:10E5F00030B514607293F23F0000496B991BC3BFA2
:10E60000F5A15757FA7DF23F0040A4905487C2BF4E
:10E61000BF3B1D9BB368F23F00A079F8B9F3C1BFBF
:10E62000BDF58F839D53F23F00A02C25C860C1BF6C
:10E630003B08C9AAB73EF23F0020F7577FCEC0BFC4
:10E64000B640A92B012AF23F00A0FE49DC3CC0BF26
:10E650003241CC967915F23F00804BBCBD57BFBF0D
:10E660009BFCD21D2001F23F004040960837BEBF00
:10E670000B484D49F4ECF13F0040F93E9817BDBFFF
:10E6800069658F52F5D8F13F00A0D84E67F9BBBF3E
:10E690007C7E571123C5F13F00602F2079DCBABF83
:10E6A000E926CB747CB1F13F008028E7C3C0B9BF35
:10E6B000B61A2C0C019EF13F00C072B346A6B8BF3B
:10E6C000BD70B67BB08AF13F0000ACB3018DB7BF1F
:10E6D000B6BCEF258A77F13F00003845F174B6BF2C
:10E6E000DA314C358D64F13F0080876D0E5EB5BF29
:10E6F000DD5F2790B951F13F00E0A1DE5C48B4BF77
:10E700004CD232A40E3FF13F00A06A4DD933B3BFC3
:10E71000DAF910728B2CF13F0060C5F87920B2BF96
:10E7200031B5EC28301AF13F00206298460EB1BF97
:10E73000AF3484DAFB07F13F0000D26A6CFAAFBF56
:10E74000B36B4E0FEEF5F03F0040774A8DDAADBF68
:10E75000CE9F2A5D06E4F03F000085E4ECBCABBF31
:10E7600021A52C6344D2F03F00C0124089A1A9BF6B
:10E770001A98E27CA7C0F03F00C002335888A7BFB8
:10E78000D136C6832FAFF03F0080D6675E71A5BF3C
:10E790003913A098DB9DF03F008065498A5CA3BFD8
:10E7A000DFE752AFAB8CF03F00401564E349A1BFF7
:10E7B000FB284E2F9F7BF03F0080EB82C0729EBFF4
:10E7C000198F358CB56AF03F00805252F1559ABFCF
:10E7D0002CF9ECA5EE59F03F008081CF623D96BF49
:10E7E000902CD1CD4949F03F0000AA8CFB2892BF64
:10E7F000A9ADF0C6C638F03F0000F9207B318CBFD0
:10E80000A93279136528F03F0000AA5D351984BF4D
:10E810004873EA272418F03F0000ECC2031278BFC7
:10E8200095B114060408F03F00002479090460BF84
:10E830001AFA26F71FE0EF3F00009084F3EF6F3FD6
:10E8400074EA61C21CA1EF3F00003D3541DC873F07
:10E850002E9981B01063EF3F0080C2C4A3CE933FD6
:10E86000CDADEE3CF625EF3F00008914C19F9B3FE4
:10E87000E7139103C8E9EE3F000011CED8B0A13FE5
:10E88000ABB1CB7880AEEE3F00C001D05B8AA53F34
:10E890009B0C9DA21A74EE3F0080D840835CA93F78
:10E8A000B5990A83913AEE3F008057EF6A27AD3F52
:10E8B000569A6009E001EE3F00C098E59875B03FB8
:10E8C00098BB77E501CAED3F00200DE3F553B23F59
:10E8D00003917C0BF292ED3F0000388BDD2EB43FAC
:10E8E000CE5CFB66AC5CED3F00C057875906B63F77
:10E8F0009DDE5EAA2C27ED3F00006A3576DAB73F31
:10E90000CD2C6B3E6EF2EC3F00601C4E43ABB93F2A
:10E910000279A7A26DBEEC3F00600DBBC778BB3F7C
:10E920006D08376D268BEC3F0020E7321343BD3F67
:10E9300004585DBD9458EC3F0060DE71310ABF3F62
:10E940008C9FBB33B526EC3F0040912B1567C03F31
:10E950003FE7ECEE83F5EB3F00B092828547C13F85
:10E96000C196DB75FDC4EB3F0030CACD6E26C23FB9
:10E97000284A860C1E95EB3F0050C5A6D703C33F1F
:10E980002C3EEFC5E265EB3F0010333CC3DFC33FD5
:10E990008B88C9674837EB3F00807A6B36BAC43F33
:10E9A0004A301D214B09EB3F00F0D1283993C53F78
:10E9B0007EEFF285E8DBEA3F00F01824CD6AC63F1F
:10E9C000A23D60311DAFEA3F009066ECF840C73FC2
:10E9D000A758D33FE682EA3F00F01AF5C015C83FBA
:10E9E0008B7309EF4057EA3F0080F65429E9C83F8E
:10E9F000274BAB902A2CEA3F0040F80236BBC93FB8
:10EA0000D1F29313A001EA3F00002C1CED8BCA3F0A
:10EA10001B3CDB249FD7E93F00D0015C515BCB3F1F
:10EA200090B1C70525AEE93F00C0BCCC6729CC3FFB
:10EA30002FCE97F22E85E93F006048D535F6CC3FC2
:10EA4000754BA4EEBA5CE93F00C04634BDC1CD3F72
:10EA50003848E79DC634E93F00E0CFB8018CCE3F8F
:10EA6000E652672F4F0DE93F009017C00955CF3F81
:10EA70009DD7FF8E52E6E83F00B81F126C0ED03FC4
:10EA80007C00CC9FCEBFE83F00D0930EB871D03F42
:10EA90000EC3BEDAC099E83F0070869E6BD4D03FAB
:10EAA000FB1723AA2774E83F00D04B338736D13FAA
:10EAB000089AB3AC004FE83F004823670D98D13F58
:10EAC000553E65E8492AE83F0080CCE0FFF8D13F99
:10EAD0006002F4950106E83F006863D75F59D23FB2
:10EAE00029A3E06325E2E73F00A8140930B9D23F2B
:10EAF000ADB5DC77B3BEE73F006043107218D33F7B
:10EB0000C2259767AA9BE73F0018EC6D2677D33F95
:10EB1000570617F20779E73F0030AFFB4FD5D33FD9
:10EB20000C13D6DBCA56E73F00E02FE3EE32D43FAA
:08EB3000B017FE7F0100000098
:04EB3800C50200080A
:04EB3C00A10200082A
:10EB40000000000000001040000000000000F03F46
:10EB5000000000000000F03F0000000000C0624024
:10EB60000090D0030090D003AC9C0108100000007E
:10EB700001000000C1D30008D5D3000819D4000853
:10EB8000E5D300084DD4000800C000006E19000055
:10EB900000C000000000000003000000585F0024D7
:10EBA0006400002400000000585F0024C05F0024BF
:10EBB00028600024000000000000000000000000A9
:10EBC0000000000000000000000000000000000045
:10EBD0000000000000000000000000000000000035
:10EBE0000000000000000000000000000000000025
:0400000508004CA9FA
:00000001FF
