:020000040800F2
:1000000000000824A14900087D410008854100083E
:100010008D410008954100089D4100080000000046
:10002000000000000000000000000000A5410008E2
:10003000B341000800000000C1410008CF410008A2
:10004000F1490008F1490008F1490008F1490008A8
:10005000F1490008F1490008F1490008F149000898
:10006000F1490008F1490008F1490008F149000888
:10007000F1490008F1490008F1490008F149000878
:10008000F1490008F1490008F1490008F149000868
:10009000F1490008F1490008F1490008F149000858
:1000A000F1490008F1490008F1490008F149000848
:1000B000F1490008F1490008F1490008F149000838
:1000C000F1490008F1490008F1490008F149000828
:1000D000F1490008F1490008F1490008F149000818
:1000E000F1490008F149000800000000F14900084A
:1000F000F1490008F1490008F1490008F1490008F8
:10010000F1490008F1490008F1490008F1490008E7
:10011000F1490008F1490008DD410008F1410008FB
:10012000F1490008F1490008F1490008F1490008C7
:10013000F149000805420008F1490008F1490008AA
:1001400000000000000000000000000000000000AF
:10015000F1490008F1490008F1490008F149000897
:10016000F1490008F1490008F1490008F149000887
:10017000F1490008F1490008F149000800000000B9
:10018000F1490008F1490008F1490008F149000867
:10019000F1490008F1490008F1490008F149000857
:1001A000F1490008F1490008F1490008F149000847
:1001B000F1490008F1490008F1490008F149000837
:1001C000F1490008F1490008F1490008F149000827
:1001D000F1490008F1490008F1490008F149000817
:1001E000F1490008F1490008F1490008F149000807
:1001F000F1490008F1490008F1490008F1490008F7
:10020000F1490008F1490008F1490008F1490008E6
:10021000F1490008F1490008F1490008F1490008D6
:10022000F1490008F1490008F14900080000000008
:10023000F1490008F149000800000000F1490008F8
:10024000F1490008F1490008F1490008F1490008A6
:10025000F1490008F1490008F1490008F149000896
:10026000F1490008F1490008F1490008F149000886
:10027000F1490008F1490008F149000800000000B8
:10028000F1490008F1490008F149000800000000A8
:0802900000000000F149000824
:1002A00010B5054C237833B9044B13B10448AFF3B0
:1002B00000800123237010BDA8000024000000006E
:1002C000A097010808B5034B1BB103490348AFF3DE
:1002D000008008BD00000000AC000024A0970108C9
:1002E00010F8012B11F8013B012A28BF9A42F7D0E0
:1002F000D01A7047034613F8012B002AFBD1181AB5
:1003000001387047000000000000000000000000FD
:1003100001F0FF01102A2BDB10F0070F08D010F8B6
:10032000013B013A8B422DD010F0070F42B3F6D1BA
:10033000F0B441EA012141EA014122F007047FF0D3
:1003400000070023F0E80256083C85EA010586EA2A
:10035000010685FA47F5A3FA87F586FA47F6A5FA66
:1003600087F68EB9EED1F0BC01F0FF0102F0070272
:1003700032B110F8013B013A83EA010313B1F8D11D
:100380000020704701387047002D06BF35460338FE
:10039000073815F0010F07D1013015F4807F02BF37
:1003A000013015F4C03F0130F0BC0138704700BF88
:1003B00053B94AB9002908BF00281CBF4FF0FF31CC
:1003C0004FF0FF3000F06AB9ADF1080C6DE904CED2
:1003D00000F006F8DDF804E0DDE9022304B0704720
:1003E0002DE9F047089D0C46002B4ED194468C45D4
:1003F0008646B2FA82F262D94AB1C2F12003914034
:1004000020FA03F30CFA02FC194300FA02FE4FEA49
:100410001C471FFA8CF6B1FBF7F44FEA1E4307FBAB
:10042000141143EA014304FB06F199420AD91CEB7B
:10043000030304F1FF3080F01281994240F20F81F2
:10044000023C6344591A1FFA8EF3B1FBF7F007FB25
:10045000101143EA014300FB06F69E420AD91CEB49
:10046000030300F1FF3180F0FC809E4240F2F980EE
:10047000634402389B1B40EA044000211DB1D34075
:100480000022C5E90032BDE8F0878B4205D90DB1E5
:10049000C5E9000100210846F5E7B3FA83F1002918
:1004A00046D1A34202D39042C0F0F080861A64EB9A
:1004B00003030120002DE6D0C5E90063E3E7002A2D
:1004C00040F09080A1EB0C044FEA1C481FFA8CF717
:1004D0000121B4FBF8F64FEA1E4308FB164443EA39
:1004E000044307FB06F0984208D91CEB030306F10E
:1004F000FF3402D2984200F2CD8026461C1A1FFA21
:100500008EF3B4FBF8F008FB104443EA044300FB0D
:1005100007F79F4208D91CEB030300F1FF3402D216
:100520009F4200F2B0802046DB1B40EA0640A5E770
:10053000C1F120068B4022FA06F71F4320FA06FC81
:1005400004FA01F343EA0C03F44000FA01F8380C12
:100550004FEA1349B4FBF0FE1FFA87FC00FB1E4470
:1005600049EA04440EFB0CF9A14502FA01F20AD94A
:100570003C190EF1FF3A80F08480A14540F2818061
:10058000AEF1020E3C44A4EB09041FFA83F9B4FB5C
:10059000F0F300FB134449EA044403FB0CFCA445BC
:1005A00007D93C1903F1FF3067D2A44565D9023B56
:1005B0003C4443EA0E40A0FB0293A4EB0C049C4293
:1005C000CE469C4651D34ED055B1B8EB0E0364EBEA
:1005D0000C0404FA06F6CB401E43CC40C5E9006487
:1005E000002150E7C2F1200320FA03F10CFA02FCCB
:1005F00024FA03F394400C434FEA1C4800FA02FE2D
:100600001FFA8CF7B3FBF8F008FB1031230C43EA18
:10061000014300FB07F1994208D91CEB030300F1E9
:10062000FF362CD299422AD9023863445B1AA4B20D
:10063000B3FBF8F108FB113344EA034401FB07F371
:10064000A34208D91CEB040401F1FF3613D2A342E4
:1006500011D902396444E41A41EA004139E70446F9
:10066000F0E6084606E7C845AED2B9EB020E63EBEA
:10067000070C0138A8E73146EDE7034699E7304615
:10068000D4E7D6467FE7634402384DE70646234663
:1006900008460FE7023E634430E700BF704700BFE3
:1006A00090B5F5B000AF07F5E874A4F5E2742060EA
:1006B00007F5E870A0F5E67080E8060007F5E87237
:1006C000A2F5E87213600023C7F8A831C84BC7F839
:1006D000AC3107F5E873A3F5E6735B68C5491846C6
:1006E000FFF7FEFD0346002B40F0B68207F5E873E6
:1006F000A3F5E6731B68C7F8CC3107F5E873A3F5DB
:10070000E873BD49186817F03FFD0346002B07D179
:10071000D7F8CC310833C7F8A831B84BC7F8AC319B
:1007200007F5E873A3F5E873B549186817F02CFDD1
:100730000346002B07D1D7F8CC314033C7F8A83196
:10074000B04BC7F8AC3107F5E873A3F5E873AE49D1
:10075000186817F019FD0346002B08D1D7F8CC31E3
:1007600003F51C73C7F8A831A84BC7F8AC3107F5DF
:10077000E873A3F5E873A649186817F005FD03466A
:10078000002B08D1D7F8CC3103F53873C7F8A8315E
:100790009A4BC7F8AC3107F5E873A3F5E8739D49A8
:1007A000186817F0F1FC0346002B08D1D7F8CC31BC
:1007B00003F54673C7F8A831904BC7F8AC3107F57D
:1007C000E873A3F5E8739449186817F0DDFC034655
:1007D000002B08D1D7F8CC3103F55473C7F8A831F2
:1007E000864BC7F8AC3107F5E873A3F5E8738B497E
:1007F000186817F0C9FC0346002B08D1D7F8CC3194
:1008000003F57E73C7F8A8317C4BC7F8AC3107F508
:10081000E873A3F5E8738249186817F0B5FC03463E
:10082000002B08D1D7F8CC3103F58663C7F8A8317F
:10083000724BC7F8AC3107F5E873A3F5E873794953
:10084000186817F0A1FC0346002B08D1D7F8CC316B
:1008500003F5BE63C7F8A831684BC7F8AC3107F59C
:10086000E873A3F5E8737049186817F08DFC034628
:10087000002B08D1D7F8CC3103F5E163C7F8A831D4
:100880005E4BC7F8AC3107F5E873A3F5E873674929
:10089000186817F079FC0346002B08D1D7F8CC3143
:1008A00003F5E863C7F8A831544BC7F8AC3107F536
:1008B000E873A3F5E8735E49186817F065FC034612
:1008C000002B08D1D7F8CC3103F5DA63C7F8A8318B
:1008D0004A4BC7F8AC3107F5E873A3F5E8735549FF
:1008E000186817F051FC0346002B08D1D7F8CC311B
:1008F00003F58D63C7F8A831404BC7F8AC3107F555
:10090000E873A3F5E8734C49186817F03DFC0346FB
:10091000002B08D1D7F8CC3103F59463C7F8A83180
:10092000364BC7F8AC3107F5E873A3F5E8734349D4
:10093000186817F029FC0346002B08D1D7F8CC31F2
:1009400003F59B63C7F8A8312C4BC7F8AC3107F50A
:10095000E873A3F5E8733A49186817F015FC0346E5
:10096000002B08D1D7F8CC3103F5A263C7F8A83122
:10097000224BC7F8AC3107F5E873A3F5E8733149AA
:10098000186817F001FC0346002B08D1D7F8CC31CA
:1009900003F5A963C7F8A831184BC7F8AC3107F5C0
:1009A000E873A3F5E8732849186817F0EDFB0346D0
:1009B000002B08D1D7F8CC3103F56273C7F8A83102
:1009C0000E4BC7F8AC3107F5E873A3F5E8731F4980
:1009D000186817F0D9FB0346002B39D1D7F8CC3172
:1009E00003F57073C7F8A831044BC7F8AC312FE09A
:1009F000B8970108BC970108C8970108CC9701086F
:100A0000D4970108D8970108DC970108E0970108FE
:100A1000E4970108E8970108EC970108F0970108AE
:100A2000F4970108F8970108009801080898010850
:100A300010980108189801081C98010824980108CA
:100A40002C980108349801083C9801084098010846
:100A500007F5E873A3F5E873C849186817F094FB25
:100A60000346002B08D1D7F8CC3103F5B763C7F89C
:100A7000A831C34BC7F8AC3107F5E873A3F5E873A9
:100A8000C049186817F080FB0346002B08D1D7F83F
:100A9000CC3103F5B063C7F8A831B94BC7F8AC3116
:100AA00007F5E873A3F5E873B749186817F06CFB0E
:100AB0000346002B08D1D7F8CC3103F5C563C7F83E
:100AC000A831AF4BC7F8AC3107F5E873A3F5E8736D
:100AD000AE49186817F058FB0346002B08D1D7F829
:100AE000CC3103F5CC63C7F8A831A54BC7F8AC31BE
:100AF00007F5E873A3F5E873A549186817F044FBF8
:100B00000346002B08D1D7F8CC3103F65803C7F8B9
:100B1000A8319B4BC7F8AC3107F5E873A3F5E87330
:100B20009C49186817F030FB0346002B08D1D7F812
:100B3000CC3103F5D363C7F8A831914BC7F8AC317A
:100B400007F5E873A3F5E8739349186817F01CFBE1
:100B50000346002B08D1D7F8CC3103F5EF63C7F873
:100B6000A831874BC7F8AC3107F5E873A3F5E873F4
:100B70008A49186817F008FB0346002B08D1D7F8FC
:100B8000CC3103F5F663C7F8A8317D4BC7F8AC311B
:100B900007F5E873A3F5E8738149186817F0F4FACC
:100BA0000346002B08D1D7F8CC3103F5FD63C7F815
:100BB000A831734BC7F8AC3107F5E873A3F5E873B8
:100BC0007849186817F0E0FA0346002B08D1D7F8E7
:100BD000CC3103F50263C7F8A831694BC7F8AC31D3
:100BE00007F5E873A3F5E8736F49186817F0CCFAB6
:100BF0000346002B08D1D7F8CC3103F50963C7F8B9
:100C0000A8315F4BC7F8AC3107F5E873A3F5E8737B
:100C10006649186817F0B8FA0346002B08D1D7F8D0
:100C2000CC3103F6C803C7F8A831554BC7F8AC312F
:100C300007F5E873A3F5E8735D49186817F0A4FA9F
:100C40000346002B08D1D7F8CC3103F51063C7F861
:100C5000A8314B4BC7F8AC3107F5E873A3F5E67341
:100C60005B6854491846FFF73BFB0346002B2CD129
:100C700007F5E873A3F5E6731B68C7F8C83107F5F5
:100C8000E873A3F5E8734C49186817F07DFA03463A
:100C9000002B06D1D7F8C831C7F8A831474BC7F8A1
:100CA000AC3107F5E873A3F5E8734549186817F008
:100CB0006BFA0346002B08D1D7F8C83103F58C73C3
:100CC000C7F8A8313D4BC7F8AC3107F5E873A3F579
:100CD000E6735B6839491846FFF702FB0346002BB1
:100CE00040F0938007F5E873A3F5E6731B68C7F837
:100CF000C43107F5E873A3F5E8733249186817F0B3
:100D000043FA0346002B06D1D7F8C431C7F8A831FF
:100D10001B4BC7F8AC3107F5E873A3F5E8732A4914
:100D2000186817F031FA0346002B07D1D7F8C43101
:100D30003833C7F8A831124BC7F8AC3107F5E87360
:100D4000A3F5E8732149186817F01EFA0346002B33
:100D500007D1D7F8C4317033C7F8A831084BC7F8AA
:100D6000AC3107F5E873A3F5E8731949186817F073
:100D70000BFA0346002B35D12CE000BF4898010840
:100D8000CC97010850980108589801085C98010810
:100D9000649801086C980108749801087898010813
:100DA0007C980108809801088898010890980108AB
:100DB00098980108D8970108A0980108A4980108FC
:100DC000B0980108B4980108B8980108C0980108C3
:100DD000C4980108D7F8C431A833C7F8A831B44B78
:100DE000C7F8AC3107F5E873A3F5E873B1491868A3
:100DF00017F0CAF90346002B07D1D7F8C431E03306
:100E0000C7F8A831AA4BC7F8AC3107F5E873A3F5CA
:100E1000E6735B68A8491846FFF762FA0346002BA1
:100E200018D107F5E873A3F5E6731B68C7F8C0315E
:100E300007F5E873A3F5E873A049186817F0A4F95B
:100E40000346002B06D1D7F8C031C7F8A8319C4B18
:100E5000C7F8AC3107F5E873A3F5E6735B6898490A
:100E60001846FFF73DFA0346002B2BD107F5E87330
:100E7000A3F5E6731B68C7F8BC3107F5E873A3F563
:100E8000E8739049186817F07FF90346002B06D1E4
:100E9000D7F8BC31C7F8A831854BC7F8AC3107F596
:100EA000E873A3F5E8738849186817F06DF90346ED
:100EB000002B07D1D7F8BC313833C7F8A8317C4BA9
:100EC000C7F8AC3107F5E873A3F5E6735B687849BA
:100ED0001846FFF705FA0346002B64D107F5E873BF
:100EE000A3F5E6731B68C7F8B83107F5E873A3F5F7
:100EF000E8737649186817F047F90346002B06D1C6
:100F0000D7F8B831C7F8A831714BC7F8AC3107F53D
:100F1000E873A3F5E8736F49186817F035F90346CD
:100F2000002B07D1D7F8B8310833C7F8A831684B80
:100F3000C7F8AC3107F5E873A3F5E873664918689C
:100F400017F022F90346002B07D1D7F8B831103338
:100F5000C7F8A8315E4BC7F8AC3107F5E873A3F5C5
:100F6000E8735E49186817F00FF90346002B07D1A4
:100F7000D7F8B8311C33C7F8A831594BC7F8AC3192
:100F800007F5E873A3F5E8735649186817F0FCF8FD
:100F90000346002B07D1D7F8B8312033C7F8A83162
:100FA000514BC7F8AC3107F5E873A3F5E6735B68FE
:100FB0004D491846FFF794F90346002B3ED107F53B
:100FC000E873A3F5E6731B68C7F8B43107F5E87357
:100FD000A3F5E8734549186817F0D6F80346002BC7
:100FE00006D1D7F8B431C7F8A831414BC7F8AC31B6
:100FF00007F5E873A3F5E8733E49186817F0C4F8DD
:101000000346002B07D1D7F8B4310433C7F8A83111
:10101000374BC7F8AC3107F5E873A3F5E8733649E9
:10102000186817F0B1F80346002B07D1D7F8B43190
:101030000833C7F8A8312E4BC7F8AC3107F5E87371
:10104000A3F5E6735B6826491846FFF749F903469E
:10105000002B18D107F5E873A3F5E6731B68C7F8F2
:10106000B03107F5E873A3F5E87324491868FFF772
:1010700037F90346002B06D1D7F8B031C7F8A831AD
:101080001B4BC7F8AC3107F5E873A3F5E2731B6897
:101090001A4607F5D47393E8030082E8030007F5C6
:1010A000E873A3F5E273186807F5EA77BD4690BDCB
:1010B000CC970108CC980108E0970108A098010896
:1010C000D8980108B4980108B8980108E498010874
:1010D000E8980108F0980108F4980108F8980108C8
:1010E00000990108089901080C9901081499010850
:1010F0001C99010820990108289901082C990108D8
:1011000080B485B000AFF86087ED000BFB6893ED0D
:10111000047B97ED006BB4EEC76BF1EE10FA04DDC3
:10112000FB68D3E90423C7E90023FB6893ED027B46
:1011300097ED006BB4EEC76BF1EE10FA04D5FB68C7
:10114000D3E90223C7E90023F968D7E90023C1E9FD
:101150000023FB68DB69012B2ED1FB68DB6A002BC7
:101160002AD0FB68DB6A002B26D0FB685B6A002B69
:1011700003F00103B8BF5B42FA680A339B001344D3
:101180005A68FB689B6ADB00D118D7E90023C1E9E4
:101190000023FB689B6A5A1CFB689A62FB681A6A08
:1011A000FB689B6A9A4207DCFB6800229A62FB6834
:1011B0005B6A5A1CFB685A6200BF1437BD465DF873
:1011C000047B70470000000080B5ADF5EE6D00AF08
:1011D000BB494FF00002BB4BC1E90023B84B0833B9
:1011E00038220021184616F0C6FFB5494FF000021C
:1011F000B54BC1E90223B2494FF00002B34BC1E93C
:101200000623AF4B03F5387338220021184616F039
:10121000B2FFAB499EA3D3E90023C1E9B823A84993
:101220004FF00002AA4BC1E9BA23A54B03F5467360
:1012300038220021184616F09EFFA14996A3D3E953
:101240000023C1E9C6239E494FF00002A04BC1E92B
:10125000C8239B4B03F57E7338220021184616F0F5
:101260008AFF97494FF00002974BC1E9FE23944B48
:1012700003F5806319464FF00002964BC1E9002345
:101280008F4B03F5826319464FF000028E4B41E904
:1012900002238B4B03F5866338220021184616F093
:1012A0006AFF874B03F5866319464FF00002864BB1
:1012B000C1E90023824B03F5886319464FF0000211
:1012C000814BC1E900237E4B03F5BE633822002128
:1012D000184616F050FF7A4B03F5BE6319464FF0DF
:1012E00000027D4BC1E90023754B03F5C06319462D
:1012F0004FF00002744B41E90223714B03F5C063C8
:1013000019464FF00002754BC1E900236C4B03F501
:10131000E16338220021184616F02DFF684B03F5D3
:10132000E26319464FF000024FF0804341E9022387
:10133000634B03F5E46319464FF00002684B41E943
:1013400002235F4B03F5DA6338220021184616F0BA
:1013500012FF5B4B03F5DC63194651A3D3E900236D
:10136000C1E90023564B03F5E863382200211846F3
:1013700016F001FF524B03F5EA6319464FF00002E5
:10138000514BC1E900234E4B03F58D6338220021F8
:10139000184616F0F0FE4A4B03F58E63194642A339
:1013A000D3E9002341E90223454B03F59063194635
:1013B0003FA3D3E9002341E90223414B03F56273C4
:1013C00038220021184616F0D6FE3D494FF00002A3
:1013D0003E4BC1E9E6233A4B03F5707338220021F6
:1013E000184616F0C8FE36494FF000023A4BC1E9E4
:1013F000F023334930A3D3E90023C1E9F223304974
:101400004FF00002344BC1E9F4232D4B03F59463F4
:1014100038220021184616F0AEFE294B03F59663DC
:1014200019464FF000022F4BC1E90023244B03F56E
:101430009B6338220021184616F09DFE204B03F5D1
:101440009C6319464FF000024FF0804341E90223AC
:101450001B4B03F59E6319464FF00002224B41E9F6
:101460000223174B03F5A26338220021184616F019
:1014700082FE134B03F5A26319464FF000021B4B8B
:10148000C1E900230E4B03F5A463194630E000BF09
:10149000FCA9F1D24D6280BF7B14AE47E17AA4BFB4
:1014A000333333333333E33F7B14AE47E17A843F46
:1014B0009A9999999999B93FFCA9F1D24D62503FF7
:1014C000C8000024000018400000F03F0000594010
:1014D0000000E0BF0000F0BF0000344000003940D1
:1014E00000002440000008400000144000408F40ED
:1014F000C6A3D3E90023C1E90023B94B03F5A963CF
:1015000038220021184616F036FEB54B03F5AC63C1
:1015100019464FF00002B34B41E90223B04BB03300
:1015200038220021184616F026FEAD494FF0000281
:10153000AD4BC1E92C23AA494FF00002AB4BC1E9E6
:101540002E23A7494FF00002A94BC1E93023A44B39
:10155000783338220021184616F00DFEA0499EA3CC
:10156000D3E90023C1E922239D4BE833382200212F
:10157000184616F000FE9A494FF000029B4BC1E955
:101580003E23974B03F5907338220021184616F03E
:10159000F2FD93494FF00002944BC1E94823904972
:1015A0004FF00002924BC1E94C238D4B03F52A7397
:1015B00038220021184616F0DEFD89494FF000025E
:1015C0008C4BC1E9AE23864B03F5B763382200216B
:1015D000184616F0D0FD824B03F5B86319464FF05C
:1015E0000002854BC1E900237D4B03F5BA63194620
:1015F0004FF000027E4B41E90223794B03F5B063C3
:1016000038220021184616F0B6FD754B03F5B2637B
:1016100019464FF00002784B41E90223704B03F565
:10162000B26319464FF00002714BC1E900236C4BC5
:1016300003F5D36338220021184616F09CFD684B51
:1016400003F5D46319464FF000026C4B41E90223C5
:10165000634B03F5D66319464FF00002684B41E92E
:1016600002235F4B03F5CC6338220021184616F0A5
:1016700082FD5B4B03F5CE6319464FF00002594BD8
:10168000C1E90023564B03F65803382200211846BF
:1016900016F071FD524B03F5066319464FF0000238
:1016A000584BC1E900234E4B03F5076319464FF031
:1016B00000024E4B41E90223494B03F5C563382232
:1016C0000021184616F057FD454B03F5C86319462F
:1016D0004FF00002474B41E90223414B03F5EF6312
:1016E00038220021184616F046FD3D4B03F5F26303
:1016F00019464FF00002444B41E90223384B03F5F1
:10170000F66338220021184616F035FD344B03F5F8
:10171000F86319464FF000023B4BC1E90023304B00
:1017200003F5FD6338220021184616F024FD2C4BEA
:1017300003F5006319464FF00002334B41E90223E1
:10174000274B03F5026338220021184616F013FDDB
:10175000234B03F5036319464FF000022A4BC1E9FE
:1017600000231F4B03F5096338220021184616F0A9
:1017700002FD1B4B03F50A6319464FF000021B4B99
:10178000C1E90023164B03F6C8033822002118468E
:1017900016F0F1FC124B03F50E6319464FF00002F0
:1017A000124B41E902230E4B03F51063382200214E
:1017B000184616F0E0FC0A4B03F5116319464FF08A
:1017C00000020A4BC1E9002300BF07F5EE67BD46E2
:1017D00080BD00BFAFF30080000000000005E440C2
:1017E000C800002400001040000049400000F03F05
:1017F0000000594000001440000059C0000034406F
:1018000000003A400000F0BF00002440000000004B
:101810000088C34080B5ADF6781D00AF07F6781399
:10182000A3F67413186007F67813A3F678131960FB
:101830000023C7F874390023C7F870390023C7F8AC
:101840006C3907F67813A3F66C1300221A7007F6AA
:101850007813A3F674131868FEF74CFD0346C7F817
:101860006C39D7F86C3907F67812A2F67412126840
:1018700013443B221A700023C7F8743937E0D7F8B5
:10188000743907F67812A2F67412126813441B78A2
:101890003B2B12D107F60812D7F8703913440022F7
:1018A0001A700023C7F8703907F10C0207F6081305
:1018B0001146184600F032F814E0D7F8743907F6EC
:1018C0007812A2F6741212681344197807F60812F7
:1018D000D7F8703913440A461A70D7F870390133B3
:1018E000C7F87039D7F874390133C7F87439D7F8A5
:1018F0007429D7F86C399A42C1DD07F10C0207F65A
:101900007813A3F678131146186816F0FCFC002330
:10191000184607F67817BD4680BD000090B5DBB0CD
:1019200000AF07F5B473A3F5B273186007F5B4738D
:10193000A3F5B47319600023C7F864310023C7F816
:1019400060310023C7F8E43007F1E803602200218A
:10195000184616F010FC0023C7F8803007F1840306
:1019600060220021184616F006FC07F5B473A3F5B3
:10197000A67300221A60043360220021184616F074
:10198000FAFB07F5B473A3F5B273186800F0B6FA62
:1019900007F5B473A3F5B2731868FEF7ABFC034602
:1019A000C7F8503114E0D7F8603107F5B472A2F5EA
:1019B000B27212681344197807F1E402D7F8603163
:1019C00013440A461A70D7F860310133C7F8603102
:1019D000D7F86021D7F850319A420ADAD7F8603147
:1019E00007F5B472A2F5B272126813441B78202B6B
:1019F000D9D107F1E402D7F86031134400221A70FC
:101A0000D7F860310133C7F8603119E0D7F8603199
:101A100007F5B472A2F5B27212681344197807F18F
:101A20008002D7F8643113440A461A70D7F860313F
:101A30000133C7F86031D7F864310133C7F8643136
:101A4000D7F86021D7F850319A420ADAD7F86031D6
:101A500007F5B472A2F5B272126813441B78202BFA
:101A6000D4D107F18002D7F86431134400221A70F0
:101A70004FF0FF33C7F85C310023C7F8583107F542
:101A8000B473A3F5AA73AA4A92E8030083E803009B
:101A900007F5B473A3F5AE7107F5B473A3F5AA7295
:101AA0000B4692E8030083E8030054E0D7F85C316A
:101AB0000133C7F85C310023C7F8583118E007F14B
:101AC000E402D7F85C311344197807F5B473A3F531
:101AD000A672D7F8583113440A461A70D7F858310D
:101AE0000133C7F85831D7F85C310133C7F85C319E
:101AF00007F1E402D7F85C3113441B783A2B07D086
:101B000007F1E402D7F85C3113441B78002BD6D1DF
:101B100007F5B473A3F5A672D7F858311344002221
:101B20001A7007F5B473A3F5AE7107F5B473A3F596
:101B3000AA720B4692E8030083E8030007F5B4732A
:101B4000A3F5AA7007F11C0307F5B472A2F5AA72F7
:101B500006CAFEF7A5FD07F1E402D7F85C3113448D
:101B60001B78002BA2D1D7F85C31B3F1FF3F9DD099
:101B700097F880303F2B40F0E98007F5B473A3F568
:101B8000AA735B686B491846FEF7AAFB0346002B55
:101B90000DD107F5B473A3F5AA731B6893ED007B11
:101BA00007F11C03B0EE470B184600F07DFA07F56D
:101BB000B473A3F5AA735B685F491846FEF790FB00
:101BC0000346002B0DD107F5B473A3F5AA731B6868
:101BD00093ED007B07F11C03B0EE470B184600F0B5
:101BE00063FA07F5B473A3F5AA735B685349184603
:101BF000FEF776FB0346002B10D107F5B473A3F56F
:101C0000AA731B681B6807EE903AB8EEE77B07F1F2
:101C10001C03B0EE470B184600F046FA07F5B47304
:101C2000A3F5AA735B6846491846FEF759FB0346BD
:101C3000002B5ED107F5B473A3F5AA731B68C7F830
:101C40004831D7F84831DB68002B5CD0D7F84831F1
:101C50001B69002B57D00023C7F854310023C7F865
:101C600054313EE0D7F848315B680133002B03F074
:101C70000103B8BF5B42D7F8482102339B001344ED
:101C80005A68D7F85431DB00134493ED007B07F119
:101C90001C03B0EE470B184600F006FA07F11C02D1
:101CA00007F5B473A3F5B4731146186816F086FAF5
:101CB00007F5B473A3F5B4731868FEF71BFB03466E
:101CC0001A4607F5B473A3F5B4731B6813441D4992
:101CD0001A460B461B881380D7F854310133C7F8D6
:101CE0005431D7F848311B68D7F854219A42B9DBF0
:101CF00009E007F11C0207F5B473A3F5B4731146AC
:101D0000186816F05BFA07F5B473A3F5B473186896
:101D1000FEF7F0FA03461A4607F5B473A3F5B47359
:101D20001B68134408491A460B461B881380D7E0EA
:101D300038990108E8980108CC9701081C99010816
:101D40000C990108309901083499010807F5B4731A
:101D5000A3F5AA735B6865491846FEF7C1FA034606
:101D6000002B0DD107F5B473A3F5AA731C6807F116
:101D70008003184600F029F9B0EE407B84ED007B2B
:101D800007F5B473A3F5AA735B6859491846FEF7C3
:101D9000A7FA0346002B10D107F5B473A3F5AA7375
:101DA0001C6807F18003184600F00FF9B0EE407B85
:101DB000B0EE470B2046FFF7A3F907F5B473A3F580
:101DC000AA735B684B491846FEF78AFA0346002B54
:101DD00010D107F18003184600F0F7F8B0EE407B11
:101DE00007F5B473A3F5AA731B68FDEEC77B17EE66
:101DF000902A1A6007F5B473A3F5AA735B683E498D
:101E00001846FEF76DFA0346002B69D107F5B47347
:101E1000A3F5AE731B682033C7F84C3107F180037C
:101E2000184600F0D2F8B0EE407BB5EEC07BF1EE84
:101E300010FA30DD07F5B473A3F5AA731B6801220D
:101E40001A60D7F84C311B68002B03D1D7F84C31FE
:101E50000A221A60D7F84C311B680821184615F081
:101E6000C7FE03461A46D7F84C31DA60D7F84C3132
:101E70001B680821184615F0BBFE03461A46D7F822
:101E80004C311A61D7F84C3100229A60D7F84C31A6
:101E900000225A6024E007F5B473A3F5AA731B6807
:101EA00000221A60D7F84C31DB68002B05D0D7F838
:101EB0004C31DB68184615F0BFFED7F84C311B6972
:101EC000002B05D0D7F84C311B69184615F0B4FE2D
:101ED000D7F84C310022DA60D7F84C3100221A6171
:101EE0000023184607F5B677BD4690BDE89801086F
:101EF000CC9701081C9901080099010880B586B0AB
:101F000000AF786000237B6100233B610023FB600E
:101F10000023BB607868FEF7EDF903467B617B69BF
:101F2000642B05DD64237B6102E03B6901333B6187
:101F30003B697A6813441B78202B38D13A697B6956
:101F40009A42F2DB33E03B697A6813441B78202B1A
:101F500005D03B697A6813441B780A2B17D1BB68FC
:101F6000002B10D10123BB603B697A681A44FB68DF
:101F700079680B4412781A70FB680133FB603B6987
:101F800001333B6113E03B6901333B610FE0002308
:101F9000BB603B697A681A44FB6879680B44127825
:101FA0001A70FB680133FB603B6901333B613A699E
:101FB0007B699A42C7DBFB687A68134400221A7077
:101FC000002318461837BD4680BD80B58AB000AFE3
:101FD00078600023FB6100233B617868FEF78AF993
:101FE00003467B617B69013B7A6813441B780A2BAB
:101FF00002D17B69013B7B610023BB6120E0BB69AF
:102000007A6813441B782E2B0BD1FB69012B04D16A
:102010004FF000024FF000033DE00123FB61BB697C
:102020003B61FB69012B08D1BB6901337A681A4413
:10203000BB6979680B4412781A70BB690133BB61C4
:10204000BA697B699A42DADB786815F0CDFDF860F1
:10205000FB6807EE903AB8EEE77B87ED087BFB69FB
:10206000002B16D07A693B69D31AC3F1010307EE3E
:10207000903AB8EEE77BB0EE471BB2EE040B16F0D9
:1020800023FFB0EE406B97ED087B27EE067B87EDD4
:10209000087BD7E9082343EC172BB0EE470B283712
:1020A000BD4680BD0000000080B58CB000AFF86078
:1020B00087ED000B0023FB6200233B6297ED007B62
:1020C000B5EE407BF1EE10FA07D1FB6880491A4665
:1020D0000B461B8813800023EAE097ED007BB5EEEA
:1020E000C07BF1EE10FA0DD5FB6AFA6813442D227D
:1020F0001A70FB6A0133FB6297ED007BB1EE477B00
:1021000087ED007B6CA3D3E90023C7E9062307E032
:1021100097ED066BB2EE045B86EE057B87ED067BE2
:1021200097ED067B9FED666BB4EEC67BF1EE10FA81
:1021300008DD97ED066B97ED007BB4EEC76BF1EE13
:1021400010FAE5DC97ED060B16F04EFEB0EE407B84
:10215000FDEEC77B17EE903A7B617B69002B24DA9A
:102160007B695B427B61FB6AFA68134430221A7018
:10217000FB6A0133FB62FB6AFA6813442E221A7071
:10218000FB6A0133FB620123BB620AE0FB6AFA6867
:10219000134430221A70FB6A0133FB62BB6A0133BD
:1021A000BB62BA6A7B699A42F0DB00237B6276E00D
:1021B0000923BB6220E0BB6A07EE903AB8EEE76BFA
:1021C00097ED067B26EE077B97ED006B36EE477B9F
:1021D000B5EEC07BF1EE10FA0BDBBB6ADAB2FB6A3C
:1021E000F9680B443032D2B21A70FB6A0133FB62D9
:1021F00005E0BB6A013BBB62BB6A002BDBDABB6A52
:1022000007EE903AB8EEE76B97ED067B26EE077B7C
:1022100097ED006B36EE477B87ED007B97ED066B05
:10222000B2EE045B86EE057B87ED067B97ED067BC1
:10223000B6EE006BB4EEC67BF1EE10FA12D597ED58
:10224000067B9FED216BB4EEC67BF1EE10FA09DD43
:10225000FB6AFA6813442E221A70FB6A0133FB6290
:1022600001233B6297ED007BB5EE407BF1EE10FA67
:1022700012D13B6A002B0FD0FB6A013BFA68134472
:102280001B782E2B02D1FB6A013BFB62FB6AFA68CA
:10229000134400221A7005E07B6A01337B627B6A7B
:1022A000092B85DDFB6AFA68134400221A700023AB
:1022B00018463037BD4680BD0000000084D79741E6
:1022C0003A8C30E28E79453E9A9999999999A93F2D
:1022D0004099010880B594B000AFF860B9607A60A9
:1022E00004F0F0FD0023BB630223FB6306233B6481
:1022F00001237B642023BB6407F1340207F1380318
:102300001146184604F0DEFE0346002B02D004F00E
:1023100013FE65E00023FB645CE0FA6C7B689A4284
:1023200006D2FB6CDB00BA681344D3E9002303E058
:102330004FF0FF324FF0FF33C7E90423FB6C01334A
:102340007A689A4207D9FB6C0133DB00BA68134400
:10235000D3E9002303E04FF0FF324FF0FF33C7E92A
:102360000623FB6C02337A689A4207D9FB6C02336E
:10237000DB00BA681344D3E9002303E04FF0FF32D7
:102380004FF0FF33C7E90823FB6C03337A689A42A6
:1023900007D9FB6C0333DB00BA681344D3E900238D
:1023A00003E04FF0FF324FF0FF33C7E90A23FB6C25
:1023B000DA00FB68134407F110021946012004F00B
:1023C000EFFC0346002B02D004F0B6FD08E0FB6CE6
:1023D0000433FB64FA6C7B689A429ED304F0ACFD34
:1023E0005037BD4680BD80B487B000AFF860B9609B
:1023F0007A60FB683B6100237B610EE07B69DB0058
:102400003A6913447A69D200B9681144D3E90023C8
:10241000C1E900237B6901337B617A697B689A4259
:10242000ECD300BF00BF1C37BD465DF8047B70478E
:1024300080B592B000AF7860396004F043FD0023AE
:10244000FB6202233B6307237B630123BB632023DF
:10245000FB6307F1280207F12C031146184604F02C
:1024600031FE0346002B02D004F066FD67E03B68B6
:102470003B6400237B645CE07B6CB3F5937F06D800
:102480007B6CDB003A6C1344D3E9002303E04FF08C
:10249000FF324FF0FF33C7E902237B6C0133B3F502
:1024A000937F07D87B6C0133DB003A6C1344D3E98C
:1024B000002303E04FF0FF324FF0FF33C7E904235E
:1024C0007B6C0233B3F5937F07D87B6C0233DB0060
:1024D0003A6C1344D3E9002303E04FF0FF324FF08E
:1024E000FF33C7E906237B6C0333B3F5937F07D82B
:1024F0007B6C0333DB003A6C1344D3E9002303E025
:102500004FF0FF324FF0FF33C7E908237B6CDA004E
:102510007B68134407F108021946012004F040FCCF
:102520000346002B02D004F007FD08E07B6C043367
:102530007B647B6CB3F5937F9ED904F0FDFC483738
:10254000BD4680BD80B582B000AF786039607B68E1
:1025500040F638121946386815F0DDFE00BF08371E
:10256000BD4680BD80B483B000AF78607B6893EDDA
:10257000007BFCEEC77B17EE903A18460C37BD4641
:102580005DF8047B7047000080B52DED028B84B0B0
:1025900000AF00F05FFE984B5B6903F40033002B43
:1025A0001BD1BFF34F8F00BFBFF36F8F00BF924BA4
:1025B0000022C3F85022BFF34F8F00BFBFF36F8FCD
:1025C00000BF8D4B5B698C4A43F400335361BFF30A
:1025D0004F8F00BFBFF36F8F00E000BF864B5B697A
:1025E00003F48033002B38D1834B0022C3F88420BE
:1025F000BFF34F8F00BF804BD3F88030FB60FB6888
:102600005B0BC3F30E03BB60FB68DB08C3F309037A
:102610007B60BB685A0143F6E07313407A68920707
:1026200075491343C1F860327B685A1E7A60002BEB
:10263000EFD1BB685A1EBA60002BE5D1BFF34F8FB4
:1026400000BF6D4B5B696C4A43F480335361BFF349
:102650004F8F00BFBFF36F8F00E000BF02F02AFB77
:1026600000F0E0F84FF4FA7002F080FB00F0DCFAC2
:1026700000F08EFA0AF0A4F800F054FA00F050F9D5
:1026800000F0A4F900F0F8F901F018FFFEF79CFD46
:102690005A4B93ED008B5A48FFF764FF07EE900A00
:1026A000B8EE677BB4EE478BF1EE10FA04D05349D5
:1026B0005348FFF7BDFE03E050495148FFF742FF82
:1026C0004FF47A724F495048FFF78DFE4D4BD3E9D6
:1026D00000234A4901F5F06141E90223494BD3E95E
:1026E0001423464901F5F661C1E90023454BD3E9BE
:1026F0006423424901F5FE6141E90223414BD3E9DC
:10270000C8233E4901F50261C1E900233B4B03F5B3
:10271000CC6319464FF000023C4BC1E90023012273
:102720004FF400613A4805F007F8002210213948BB
:1027300005F002F800220121374804F0FDFF374878
:1027400008F0C8FC36480AF023FC12F065FD2B4B5C
:1027500003F5096393ED007BB7EE006BB4EE467BA7
:10276000F1EE10FA0DD1254B03F5096319464FF030
:1027700000024FF00003C1E9002320492048FFF781
:1027800057FE1E4B03F50D6313ED027BB7EE006B96
:10279000B4EE467BF1EE10FA0DD1184B03F50D6344
:1027A00019464FF000024FF0000341E9022313499C
:1027B0001348FFF7C7FE114B03F5106393ED007B41
:1027C000B7EE006BB4EE467BF1EE10FABAD10B4BCC
:1027D00003F5106319464FF000024FF00003C1E902
:1027E00000230748FFF7BEFE07EE900AB8EE677BAE
:1027F000024B83ED027BA5E700ED00E0C80000245A
:1028000000001E08900D002400001C08000010406D
:1028100000100258000C025800040258980B0024C3
:10282000402D002480B59CB000AF07F124034C225A
:102830000021184615F09FFC3B1D20220021184660
:1028400015F099FC022004F091FF00233B60324B0D
:10285000DB6A314A23F00103D3622F4BDB6A03F0BA
:1028600001033B602D4B9B6923F440432B4A43F407
:1028700080439361294B9B6903F440433B603B6871
:1028800000BF264B9B6903F40053B3F5005FF8D1FA
:1028900002237B6201233B6340237B630223BB64EF
:1028A0000023FB6404233B650A237B650223BB658D
:1028B0000223FB6502233B660C237B660223BB6677
:1028C0000023FB6607F12403184604F089FF034642
:1028D000002B01D001F010FA3F237B600323BB6083
:1028E0000023FB6000233B6100237B614023BB612D
:1028F0004FF48063FB6100233B623B1D01211846BE
:1029000005F09CFB0346002B01D001F0F5F900BF58
:102910007037BD4680BD00BF000400580048025813
:1029200080B500AF274B284A1A60264B4FF480022F
:102930005A60244B00229A60224B0722DA60214B16
:1029400000221A611F4B00225A611E4B4FF0806219
:102950009A611C4B4FF08052DA611A4B00221A62C6
:10296000184B00225A62174B00229A62154B002224
:10297000DA62144B4FF080425A63124B00229A6382
:10298000104B0022DA630F4B00221A640D4B002219
:102990005A640C4B00229A640A4B0022DA64094BF9
:1029A00000221A65074B00225A65064B00229A65E1
:1029B000044807F079FA0346002B01D001F09CF996
:1029C00000BF80BD000A00240038004080B500AF81
:1029D000274B284A1A60264B4FF480025A60244B3A
:1029E00000229A60224B0722DA60214B00221A61F2
:1029F0001F4B00225A611E4B4FF080629A611C4BA4
:102A00000022DA611A4B00221A62194B00225A6224
:102A1000174B00229A62164B0022DA62144B4FF0D9
:102A200080425A63124B00229A63114B0022DA63F0
:102A30000F4B00221A640E4B00225A640C4B0022EA
:102A40009A640B4B0022DA64094B00221A65084B8A
:102A500000225A65064B00229A65054807F024FAC1
:102A60000346002B01D001F047F900BF80BD00BF35
:102A7000880A00240034014080B500AF274B284A63
:102A80001A60264B4FF480025A60244B4FF40032F8
:102A90009A60224B0722DA60204B00221A611F4BFA
:102AA00000225A611D4B4FF080629A611B4B00223D
:102AB000DA611A4B00221A62184B00225A62174B35
:102AC00000229A62154B0022DA62144B4FF08042CA
:102AD0005A63124B00229A63104B0022DA630F4BA9
:102AE00000221A640D4B00225A640C4B00229A6497
:102AF0000A4B0022DA64094B00221A65074B0022B8
:102B00005A65064B00229A65044807F0CDF9034642
:102B1000002B01D001F0F0F800BF80BD100B0024A5
:102B20000050014080B584B000AF3B1D00221A6008
:102B30005A609A60144B154A1A60134B4F225A6020
:102B4000114B00229A60104B6422DA600E4B002277
:102B50009A610D4808F067FA0346002B01D001F096
:102B6000CBF800237B600023FB603B1D1946064821
:102B700008F00AFD0346002B01D001F0BDF800BFAC
:102B80001037BD4680BD00BF980B002400140040E4
:102B900080B500AF224B234A1A60214B4FF4E1323B
:102BA0005A601F4B00229A601D4B0022DA601C4BBA
:102BB00000221A611A4B0C225A61194B00229A61A9
:102BC000174B0022DA61164B00221A62144B0022C6
:102BD0005A62134B00229A62114808F081FD0346A5
:102BE000002B01D001F088F800210D4809F01EFDEE
:102BF0000346002B01D001F07FF80021084809F0BE
:102C000053FD0346002B01D001F076F8044809F08B
:102C1000D4FC0346002B01D001F06EF800BF80BD4C
:102C2000E40B00240048004080B58EB000AF07F1EF
:102C3000240300221A605A609A60DA601A61A04B7D
:102C4000D3F8E0309E4A43F01003C2F8E0309C4BCA
:102C5000D3F8E03003F010033B623B6A984BD3F8A3
:102C6000E030974A43F00403C2F8E030944BD3F8C5
:102C7000E03003F00403FB61FB69914BD3F8E030D3
:102C80008F4A43F02003C2F8E0308D4BD3F8E03098
:102C900003F02003BB61BB69894BD3F8E030884A5D
:102CA00043F08003C2F8E030854BD3F8E03003F006
:102CB00080037B617B69824BD3F8E030804A43F02C
:102CC0000103C2F8E0307E4BD3F8E03003F001039B
:102CD0003B613B697A4BD3F8E030794A43F0020319
:102CE000C2F8E030764BD3F8E03003F00203FB602B
:102CF000FB68734BD3F8E030714A43F04003C2F8ED
:102D0000E0306F4BD3F8E03003F04003BB60BB68AA
:102D10006B4BD3F8E0306A4A43F00803C2F8E03066
:102D2000674BD3F8E03003F008037B607B68002238
:102D30004021644804F000FD00220121624804F0B3
:102D4000FBFC002245F20101604804F0F5FC002282
:102D500040F602015E4804F0EFFC002204215D48C9
:102D600004F0EAFC002250215B4804F0E5FC10234B
:102D70007B620023BB620023FB6207F12403194638
:102D8000534804F011FB40237B620123BB62002304
:102D9000FB6200233B6307F124031946494804F012
:102DA00003FB01237B620123BB620023FB62002340
:102DB0003B6307F124031946434804F0F5FA44F253
:102DC00001037B620123BB620023FB6203233B639D
:102DD00007F1240319463D4804F0E6FA01237B621B
:102DE0000023BB620223FB6207F124031946394822
:102DF00004F0DAFA4FF400637B620123BB62002324
:102E0000FB6200233B6307F124031946304804F0BA
:102E1000CBFA4FF400637B620023BB620223FB62A8
:102E200007F124031946294804F0BEFA4FF48053F1
:102E30007B620123BB620023FB6200233B6307F13B
:102E400024031946214804F0AFFA4FF402537B6281
:102E50000023BB620023FB6207F1240319461E48CE
:102E600004F0A2FA04237B620123BB620023FB620D
:102E700000233B6307F124031946164804F094FA33
:102E800050237B620123BB620023FB6200233B6370
:102E900007F124031946104804F086FA02237B62E6
:102EA0000123BB620023FB6203233B6307F124037E
:102EB0001946074804F078FA00BF3837BD4680BD90
:102EC0000044025800140258000802580004025836
:102ED0000010025800180258000C025880B500AFCC
:102EE00001221021054804F027FC00BF0022102118
:102EF000024804F021FC00BF80BD00BF000C025856
:102F000080B584B000AF78600023FB6004E0FFF779
:102F1000E5FFFB680133FB60FA687B689A42F6DBE9
:102F200000BF00BF1037BD4680BD0000000000009C
:102F300080B584B000AF00237B6000BF00BF00BF3E
:102F400000BF00BF00BF264B1B6903F08003002BAE
:102F5000F9D1244B4FF000629A6164230322224985
:102F6000224807F099FA1F4B4FF400629A613B1D0B
:102F700002331D4A12781A703B1D01331A4A5278E7
:102F80001A703B1D184A92781A707B6807EE903AC7
:102F9000B8EE677B9FED106B27EE067B87ED027B1B
:102FA0007B684FF4000293420AD3114B93ED007BF0
:102FB00037EE077B97ED026B36EE477B87ED027BA2
:102FC000D7E9022343EC172BB0EE470B1037BD4671
:102FD00080BD00BFAFF30080000000000000A03EF5
:102FE000000C025800100258A80C0024880A002483
:102FF000000000240000000080B584B000AF002372
:103000007B6000233B6000BF254B1B6903F08003FE
:10301000002BF9D1234B4FF080529A616423032295
:103020002149224807F038FA1E4B4FF480529A612A
:103030003B4602331C4A12781A703B4601331A4A47
:1030400052781A703B46184A92781A703B6807EE1D
:10305000903AB8EE677B9FED106B27EE067B87ED0D
:10306000027B3B684FF4000293420AD3104B93ED6E
:10307000007B37EE077B97ED026B36EE477B87EDE3
:10308000027BD7E9022343EC172BB0EE470B103736
:10309000BD4680BDAFF30080000000000000A03EF0
:1030A000000C025800040258740C0024000A00248A
:1030B000000000240000000080B500AFFFF79CFF77
:1030C000B0EE407B0C4B83ED007B0B4B93ED007B14
:1030D0009FED056B37EE467B9FED056B27EE067B7C
:1030E000B0EE470B80BD00BFFA7E6ABC7493683FA8
:1030F000BA490C022B870A40200D00240000000072
:1031000080B500AFFFF714FFB0EE407B0C4B83EDB2
:10311000007B0C4B03F5066313ED026B084B93ED3C
:10312000007B36EE077B9FED046B27EE067BB0EE4F
:10313000470B80BDAFF300805839B4C876AE444029
:10314000100D0024C800002480B584B000AF87EDC6
:10315000000B012204213A4804F0EEFA97ED006BCF
:10316000B0EE005B86EE057B87ED007B354B93ED83
:10317000007B97ED006BB4EEC76BF1EE10FA05DD46
:10318000304BD3E90023C7E900230CE097ED007B27
:10319000B5EEC07BF1EE10FA05D54FF000024FF00E
:1031A0000003C7E900239FED245B97ED007B87EECA
:1031B000056BB0EE460B16F0D7F8B0EE407BFCEE98
:1031C000C77B17EE903ABB60BB681B01BB6007F181
:1031D000080302331A781C4B1A7007F108030133F5
:1031E0001A78194B5A7007F108031A78164B9A701F
:1031F00000224021154804F09FFA6423032212495B
:10320000134806F057FF01224021104804F094FAB9
:103210000023FB6002E0FB680133FB60FB68072BC7
:10322000F9DD00220421064804F086FA00BF1037B9
:10323000BD4680BDAFF30080000000000000D03E1E
:103240000018025800000024DC0C0024001402586E
:10325000100B002480B584B000AF3B4600221A60FA
:103260005A609A60DA6001F0A5FE01233B700023EA
:103270007B70164B7B6007233B7200237B7200231D
:10328000BB720323FB7200233B7300237B73002379
:10329000BB730123FB733B46184601F0C3FE0123B9
:1032A0007B700B4B7B600D233B720123BB720123B0
:1032B0007B730023FB733B46184601F0B3FE0420EA
:1032C00001F090FE00BF1037BD4680BD0000043005
:1032D000004004300000000080B58AB000AF786084
:1032E0007B681B68AC4A934201D101F01FFD7B68EB
:1032F0001B68AA4A934240F0F384A94B01229A61C9
:10330000A84B03F5CC6393ED007B9FEDA16BB4EE6E
:10331000C67BF1EE10FA40F3A181A24B03F5CC631A
:1033200093ED007BB7EE086BB4EEC67BF1EE10FABE
:1033300024D59D4B00221A609C494FF000024FF0AB
:103340000003C1E9002397494FF000024FF000034A
:10335000C1E9E223934B03F5946319464FF0000251
:103360004FF08043C1E900238E4B03F5CC6319462F
:103370004FF000024FF08043C1E90023894B03F571
:10338000CC6393ED007BB7EE086BB4EEC67BF1EE39
:1033900010FA4EDD834B03F5CC6393ED007BB0EE6A
:1033A000046BB4EEC67BF1EE10FA42D57E4B1B687F
:1033B000B3F57A7F3DDD7C4B00221A607B4B93EDA9
:1033C000007BB2EE046B27EE067BFDEEC77B17EEAB
:1033D000901A744B03F5C66353E902237448C9007D
:1033E0000144C1E90023714B93ED007B9FED686BB5
:1033F00037EE067B6D4B83ED007B6A4B93EDE26B02
:10340000684B03F5D46313ED027BB4EEC76BF1EEAA
:1034100010FA08DD634B03F5CC6319464FF0000248
:10342000644BC1E90023614BD3E900235D49C1E945
:10343000E2235C4B03F5CC6393ED007BB0EE046BB1
:10344000B4EEC67BF1EE10FA6CDD564B03F5CC639F
:1034500093ED007BB0EE0C6BB4EEC67BF1EE10FA90
:1034600060D5514B1B68B3F57A7F5BDD4E4B002274
:103470001A604E4B93ED007B9FED456B37EE467B1C
:103480004A4B83ED007B494BD3E900234549C1E911
:10349000E223444B93EDE27BB5EEC07BF1EE10FAF4
:1034A00040D840494FF000024FF00003C1E9E22349
:1034B0003C4B03F5946319464FF000024FF00003B4
:1034C000C1E90023374B03F5CC6319464FF00002E6
:1034D0004FF00003C1E900234FF47A7234493648B3
:1034E000FEF7F8FE324BD3E900232E4901F5F061D7
:1034F00041E902232E4BD3E914232A4901F5F66151
:10350000C1E900232A4BD3E96423264901F5FE6172
:1035100041E90223264BD3E9C823224901F5026180
:10352000C1E900231F4B03F5CC6393ED007BB0EEA4
:103530000C6BB4EEC67BF1EE10FA40F38A80194BA7
:1035400003F5CC6393ED007BB1EE026BB4EEC67B6A
:10355000F1EE10FA7DD5134B03F59463D3E9002304
:103560001649C1E900230F4B03F5946319464FF048
:1035700000024FF00003C1E900234FF000024FF0BA
:103580000003C7E908230023FB6131E0AFF30080AB
:103590009A9999999999B93F0010004000140040F8
:1035A00000040258C8000024780D0024800D002477
:1035B000900D00240000084000001C08880D002425
:1035C000BF4B03F5BE6393ED007BFDEEC77B17EEAB
:1035D000900AFFF795FCFFF793FDB0EE406B97ED77
:1035E000087B37EE067B87ED087BFB690133FB61C7
:1035F000FB69632BE4DD97ED087BB1EE476B9FED34
:10360000AA5B86EE057B87ED087BAD4B03F5066371
:1036100013ED026B97ED085B9FEDA54B85EE047BE8
:1036200036EE077BA64B03F5066303ED027BA44B46
:1036300003F5CC6319464FF000024FF00003C1E9D7
:103640000023A04BD3E900239D4901F59461C1E912
:1036500000239D4B1B6801339B4A1360984B03F575
:10366000946393ED007BB5EE407BF1EE10FA3ED112
:10367000934B03F5BE6393ED007BFDEEC77B17EE26
:10368000900AFFF73DFCFFF73BFDB0EE407B8C4B13
:1036900003F5B06383ED007BFFF70EFDB0EE406BEA
:1036A000874B03F5E26313ED027B26EE077B844B29
:1036B00003F5B86303ED027B9FED7F0BFFF744FD3D
:1036C00082494FF000024FF00003C1E90023804916
:1036D0004FF000024FF00003C1E900237D4B4FF48F
:1036E00080029A617C4B4FF480329A61F4E2744B11
:1036F00003F5946393ED007BB7EE006BB4EE467B6D
:10370000F1EE10FA0CD06E4B03F5946393ED007B51
:10371000B0EE006BB4EE467BF1EE10FA40F078822A
:10372000674B03F5BE6393ED007BFDEEC77B17EEA1
:10373000900AFFF7E5FBFFF7E3FCB0EE407B674B39
:1037400083ED007B5E4B03F5946393ED007BB7EE56
:10375000006BB4EE467BF1EE10FA40D1FFF7ACFC03
:10376000B0EE407B5E4B83ED007B554B03F5E2638F
:1037700013ED026B5A4B93ED007B26EE077B594B02
:1037800083ED007B4E4B03F5DA6393ED006B554BF5
:1037900093ED007BB4EEC76BF1EE10FA06DD5149F4
:1037A0004FF000024FF00003C1E9002301214E4811
:1037B00003F0AAFF0346012B0CD14A494FF0000247
:1037C0004FF00003C1E900239FED3B0B4748FDF795
:1037D00097FC04E0B7EE000B4448FDF791FC384B32
:1037E00003F5946393ED007BB0EE006BB4EE467B83
:1037F000F1EE10FA05D1324BD3E9E2233949C1E9A0
:1038000000234FF400613A4803F07EFF0346012B8A
:1038100003D14FF00002374B02E04FF00002364B6D
:103820003649C1E90023264B93EDFE6B334B93EDF4
:10383000007BB4EE476BF1EE10FA05D1294B93ED06
:10384000007BB0EEC77B01E09FED1B7B254B83ED3A
:10385000007B1B4B03F5B06393ED006B184B03F536
:103860008E6313ED027BB4EEC76BF1EE10FA63D5F5
:10387000224B93ED007BB0EE470B2148FDF740FC57
:103880000F4B93EDFE7BB7EE006BB4EE467BF1EE93
:1038900010FA37D10F4B4FF480029A610E4B012280
:1038A0009A6149E0AFF30080000000000000594039
:1038B0005839B4C876AE4440000000000000000053
:1038C000C8000024880D0024780D0024480D002431
:1038D000500D0024000C025800080258180D002456
:1038E000280D0024300D0024001802580808002478
:1038F000000402580000F03F0000F0BF0800002460
:10390000C0040024B04B93EDFE7BBFEE006BB4EE21
:10391000467BF1EE10FA07D1AC4B40229A61AC4BDA
:103920004FF480329A6107E0A84B4FF480029A610D
:10393000A74B4FF480329A61A64BD3E90023A249EA
:1039400001F5B86141E90223A34BD3E900239E4965
:1039500001F5B061C1E90023A04B93ED006BA04BD2
:1039600093ED007B36EE477BB0EEC77B9FED946B0B
:10397000B4EEC67BF1EE10FA0ADD9A4B01221A6012
:1039800099494FF000024FF00003C1E9002302E023
:10399000944B00221A60924BD3E900238F49C1E96E
:1039A0000023894BD3E9B8239049C1E90023864B12
:1039B00003F59C6313ED026B894B93ED007B36EEB0
:1039C000076B8B4B93ED007BB4EEC76BF1EE10FAF7
:1039D00014D5874B93ED006B7B4B03F59C6313ED84
:1039E000027B36EE477B824B83ED007B7E494FF0B6
:1039F00000024FF00003C1E900232CE0784B93ED67
:103A0000006B714B03F59C6313ED027B36EE476B45
:103A1000774B93ED007BB4EEC76BF1EE10FA14DD3B
:103A2000694B03F59C6313ED026B714B93ED007BC7
:103A300036EE077B6E4B83ED007B6B494FF0000247
:103A40004FF00003C1E9002305E0654BD3E90023F3
:103A50006749C1E90023604B93ED006B644B93ED24
:103A6000007B36EE477B634B83ED007B604B93ED31
:103A7000007BB2EE046B27EE067BFDEEC77B17EEF4
:103A8000903ABB615A4B93ED007BB2EE046B27EE8C
:103A9000066BBB6907EE903AB8EEE77B36EE477BE4
:103AA00087ED047B544ABB69DB00134493ED007B34
:103AB000B5EEC07BF1EE10FA3CDDBB6901334E4A36
:103AC000DB00134493ED007BB5EEC07BF1EE10FA02
:103AD00030DDBB690133484ADB00134493ED006BD2
:103AE000454ABB69DB00134493ED007B36EE477B10
:103AF00087ED027B404ABB69DB00134493ED006B0A
:103B000097ED045B97ED027B25EE077B36EE077B96
:103B10003A4B83ED007B3A4B1B68012B06D13249AF
:103B20004FF000024FF00003C1E90023344B0022A4
:103B30001A6012E02B4B1B68012B05D1314BD3E9E6
:103B400000233149C1E900232F4BD3E900232B493E
:103B5000C1E900232A4B01221A60244BD3E9002338
:103B60001949C1E9C623204B93ED006B1F4B93ED20
:103B7000007B26EE076B214B93ED007B36EE077B37
:103B8000204B83ED007B1F4B93ED007BB0EE470B8A
:103B90001E48FDF7B5FA1B4B93ED007BB0EE470BCB
:103BA000FFF7D2FA104B93ED006B124B93ED007BB5
:103BB00036EE077B0C4B83ED007B8DE0AFF300808E
:103BC0009A9999999999A93FC8000024000C025824
:103BD00000080258280D0024180D0024380D002478
:103BE000300D0024740D0024500D0024680D0024B5
:103BF000400D0024480D0024900D002410000024E6
:103C0000700D0024580D0024600D0024F0060024DF
:103C1000354B03F5946393ED007BB0EE086BB4EE87
:103C2000467BF1EE10FA57D12F4B03F5BE6393EDAF
:103C3000007BFDEEC77B17EE900AFFF761F9FFF7F7
:103C40005FFAB0EE407B284B03F5B06383ED007B59
:103C5000254B03F5B06393ED006B234B03F58E63A7
:103C600013ED027BB4EEC76BF1EE10FA2BD51E4BB1
:103C700093EDFE7BB6EE006BB4EEC67BF1EE10FA70
:103C800007DD1A4B4FF480029A61194B01229A61A9
:103C900019E0154B93EDFE7BBEEE006BB4EEC67BD8
:103CA000F1EE10FA07D5114B40229A61104B4FF4F8
:103CB00080329A6107E00D4B4FF480029A610C4B01
:103CC0004FF480329A61084B03F5C66313ED027B13
:103CD000B0EE470BFFF738FA064B4FF480329A618B
:103CE00000BF2837BD4680BDC8000024000C025824
:103CF000000802580004025880B400AF72B600BF3A
:103D000000BFFDE780B483B000AF0A4BD3F8F430B6
:103D1000084A43F00203C2F8F430064BD3F8F430FB
:103D200003F002037B607B6800BF0C37BD465DF883
:103D3000047B70470044025880B5BEB000AF786085
:103D400007F1E40300221A605A609A60DA601A618F
:103D500007F12803BC220021184614F00CFA7B68F6
:103D60001B68814A934267D14FF48053BB620023A2
:103D7000C7F8843007F12803184604F02DFD0346E8
:103D8000002B01D0FFF7B8FF784BD3F8E830774A23
:103D900043F48043C2F8E830744BD3F8E83003F4BE
:103DA00080437B627B6A714BD3F8E0306F4A43F00B
:103DB0000403C2F8E0306D4BD3F8E03003F00403A5
:103DC0003B623B6A694BD3F8E030684A43F0080332
:103DD000C2F8E030654BD3F8E03003F00803FB6134
:103DE000FB690C23C7F8E4300223C7F8E83000234E
:103DF000C7F8EC300023C7F8F0300523C7F8F430DB
:103E000007F1E40319465A4803F0CEFA0823C7F82D
:103E1000E4300223C7F8E8300023C7F8EC30002371
:103E2000C7F8F0300523C7F8F43007F1E40319466A
:103E3000504803F0B9FA92E07B681B684E4A9342FF
:103E400044D14FF40053BB620023C7F8883007F118
:103E50002803184604F0C0FC0346002B01D0FFF7EE
:103E60004BFF424BD3F8F030404A43F40053C2F8C2
:103E7000F0303E4BD3F8F03003F40053BB61BB6924
:103E80003A4BD3F8E030394A43F01003C2F8E0303F
:103E9000364BD3F8E03003F010037B617B694FF4BD
:103EA0004153C7F8E4300223C7F8E8300023C7F8CD
:103EB000EC300023C7F8F0300523C7F8F43007F1E1
:103EC000E40319462D4803F06FFA48E07B681B684D
:103ED0002B4A934243D14FF40053BB620023C7F8EF
:103EE000883007F12803184604F076FC0346002BBF
:103EF00001D0FFF701FF1D4BD3F8F0301B4A43F40C
:103F00008013C2F8F030194BD3F8F03003F480136B
:103F10003B613B69154BD3F8E030144A43F0200372
:103F2000C2F8E030114BD3F8E03003F02003FB601F
:103F3000FB684FF42073C7F8E4300223C7F8E83079
:103F40000023C7F8EC300023C7F8F0300523C7F88A
:103F5000F43007F1E40319460A4803F025FA00BFDC
:103F6000F837BD4680BD00BF00380040004402580D
:103F700000080258000C025800340140001002589A
:103F8000005001400014025880B584B000AF786042
:103F90007B681B680E4A934216D10E4BD3F8E8306B
:103FA0000C4A43F02003C2F8E8300A4BD3F8E8305B
:103FB00003F02003FB60FB6800220021372000F0A3
:103FC000D1FF372000F0E8FF00BF1037BD4680BDAD
:103FD000001400400044025880B5B8B000AF7860CB
:103FE00007F1CC0300221A605A609A60DA601A6105
:103FF00007F11003BC220021184614F0BCF87B68BE
:104000001B68254A934242D102233B610023C7F833
:10401000843007F11003184604F0DEFB0346002B42
:1040200001D0FFF769FE1D4BD3F8E8301B4A43F47B
:104030008023C2F8E830194BD3F8E83003F480232A
:10404000FB60FB68154BD3F8E030144A43F00803DB
:10405000C2F8E030114BD3F8E03003F00803BB6046
:10406000BB684FF44073C7F8CC300223C7F8D03098
:104070000023C7F8D4300223C7F8D8300723C7F885
:10408000DC3007F1CC031946054803F08DF900BF79
:10409000E037BD4680BD00BF0048004000440258E4
:1040A000000C025880B590B000AF78607B680F2B91
:1040B00027D800227968362000F054FF362000F01F
:1040C0006BFF294A7B681360284BD3F8E830274AF6
:1040D00043F01003C2F8E830244BD3F8E83003F083
:1040E0001003FB60FB6807F1100207F1140311468F
:1040F000184604F02FFBBB6ABB63BB6B002B06D1D9
:1041000001E001232BE004F0F9FAF86304E004F085
:10411000F5FA03465B00FB63FB6B154AA2FB032326
:104120009B0C013B7B63134B134A1A60114B40F20B
:10413000E732DA600F4A7B6B53600E4B00221A6144
:104140000C4B00229A600B4806F06DFF0346002BD3
:1041500004D1084806F0BEFF034600E001231846DC
:104160004037BD4680BD00BF2400002400440258F3
:1041700083DE1B43D02C00240010004080B400AF2D
:1041800000BFFDE780B400AF00BFFDE780B400AF23
:1041900000BFFDE780B400AF00BFFDE780B400AF13
:1041A00000BFFDE780B400AF00BFBD465DF8047BF3
:1041B000704780B400AF00BFBD465DF8047B704718
:1041C00080B400AF00BFBD465DF8047B704780B48B
:1041D00000AF00BFBD465DF8047B704780B500AFFF
:1041E000024806F0EFFF00BF80BD00BFD02C0024C6
:1041F00080B500AF024806F0E5FF00BF80BD00BFFC
:10420000980B002480B500AF024801F0DDFB00BF31
:1042100080BD00BF8C2D002480B400AF0123184660
:10422000BD465DF8047B704780B483B000AF786012
:104230003960054B16221A604FF0FF3318460C37D1
:10424000BD465DF8047B7047F460002480B582B001
:1042500000AF78604FF0FF317868FFF7E5FF00BFEF
:10426000FDE780B586B000AFF860B9607A600023E2
:104270007B610AE0AFF300800146BB685A1CBA605C
:10428000CAB21A707B6901337B617A697B689A4292
:10429000F0DB7B6818461837BD4680BD80B586B018
:1042A00000AFF860B9607A6000237B6109E0BB6809
:1042B0005A1CBA601B781846AFF300807B69013343
:1042C0007B617A697B689A42F1DB7B681846183714
:1042D000BD4680BD80B483B000AF78604FF0FF333F
:1042E00018460C37BD465DF8047B704780B483B038
:1042F00000AF786039603B684FF400525A60002389
:1043000018460C37BD465DF8047B704780B483B017
:1043100000AF7860012318460C37BD465DF8047B7A
:10432000704780B485B000AFF860B9607A60002350
:1043300018461437BD465DF8047B704780B487B0DB
:1043400000AF7860144A154BD31A7B617B693B61DF
:10435000134B1B68002B02D1114B124A1A60104BF1
:104360001A687B6813443A699A4205D20E4B0C22B4
:104370001A604FF0FF3309E0094B1B68FB60084BE4
:104380001A687B681344064A1360FB6818461C379A
:10439000BD465DF8047B704700000824000400005F
:1043A0001C2D002400610024F460002480B400AFC0
:1043B000374BD3F88830364A43F47003C2F888305C
:1043C000344B1B6803F00F03062B07D8314B1B68D7
:1043D00023F00F032F4A43F0070313602E4B1B6893
:1043E0002D4A43F0010313602B4B00221A612A4B24
:1043F0001A682949294B13400B60264B1B6803F0B0
:104400000803002B07D0234B1B6823F00F03214A1E
:1044100043F007031360204B00229A611E4B0022D9
:10442000DA611D4B00221A621B4B1D4A9A621A4B1D
:104430001C4ADA62184B1C4A1A63174B00225A6353
:10444000154B194A9A63144B0022DA63124B164A31
:104450001A64114B00225A640F4B1B680E4A23F456
:10446000802313600C4B00221A66104B1A68104B05
:104470001340B3F1005F02D20E4B01221A600E4BC3
:1044800043F2D2021A6000BFBD465DF8047B70475C
:1044900000ED00E000200052004402587FEDF6EAF3
:1044A000000202020000FF01800201010010005C16
:1044B0000000FFFF088100510040005280B582B02B
:1044C00000AF0CF0FDF878600A220E4978680BF016
:1044D00051F80346FB7097F90330002B09D1FF21F7
:1044E00078680BF0FFF87860074978680CF068F995
:1044F00003E07968012009F023FC00BF0837BD46BE
:1045000080BD00BF442D00240D45000890B587B044
:1045100000AFF860B9601346FB710121B8680BF079
:10452000DDFE0C2009F00CFA38613B69002B2DD020
:104530003B6901221A703B69BA685A603B690022E4
:104540005A703B6900229A603969B8680CF0C0F86B
:104550001449B8680CF0CEF81349B8680CF00EF99D
:1045600000221249B8680CF043F9114B1C68104B3B
:104570001B681846FBF7BEFE03469AB2012321468C
:10458000B8680EF0E1FF0023FB7505E03969B868F3
:1045900000F067F9FF23FB7597F9173018461C37B1
:1045A000BD4690BDB5450008E94600080D47000826
:1045B0002000002480B588B000AFF860B9607A6050
:1045C000FB70FB68002B05D1434BC822434944488C
:1045D00013F06CFDFB68BB617B68002B16D1BB69D7
:1045E00003221A70BB699B68002B04D1B969B868B3
:1045F00000F037F907E03B49B8680CF09DF8B9695D
:10460000B86800F0DBF80023FB775FE097F9033030
:10461000002B0BD07B68002B05D0BB6900229A6071
:1046200078680AF003FAFB78FB774FE0BB691B78E8
:10463000012B10D1BB6902221A70BB697A689A609B
:104640002849B8680CF078F8B969B86800F030F912
:104650000023FB773AE0BB691B78022B15D1BB69BD
:104660009B68002B07D1BB697A689A60B969B86802
:1046700000F01EF906E0BB699B687B617968786988
:104680000AF0ECFA0023FB7720E0BB691B78032BD0
:104690000ED17B681B891946B8680BF039F9BB69E4
:1046A00000229A6078680AF0C1F90023FB770DE0D8
:1046B0007B681B891946B8680BF02AF9BB69002290
:1046C0009A6078680AF0B2F90023FB7797F91F30F7
:1046D00018462037BD4680BD4899010864990108F5
:1046E000709901086D47000880B584B000AF78600C
:1046F0000B46FB707B68FB60FB68002B02D0F86800
:1047000008F0B8FF00BF1037BD4680BD80B584B04B
:1047100000AF786039607B68BB60BB68002B17D046
:10472000BB689B68002B08D00F4938680CF004F870
:10473000B968386800F042F807E0BB681B78032BC3
:1047400003D1B968386800F08CF80023FB7304E0EB
:1047500038680AF003FFF323FB7397F90F3018460C
:104760001037BD4680BD00BF6D47000880B586B0DC
:1047700000AFF860B9601346FB80FB687B617B6922
:1047800000225A707B699B68002B08D00A49B868E0
:104790000BF0D2FF7969B86800F010F807E07B6988
:1047A0001B78032B03D17969B86800F05AF800230D
:1047B00018461837BD4680BD6D47000880B586B0E5
:1047C00000AF786039600023FB7536E03B689B687A
:1047D0003B613B6959683B695A89012378680EF04F
:1047E000B3FE0346FB7597F91730002B1DD13B69CB
:1047F0005B89FB813B691A683B689A603B689B68F0
:10480000002B04D03B689B6818460AF0AFF9386962
:104810000AF00CF903467B737B7B002BF7D0FB89F6
:10482000194678680BF074F807E097F91730B3F180
:10483000FF3F02D13B683A699A6097F91730002B25
:104840000BD13B689B68002B07D03B689B685A895B
:104850007B68B3F864309A42B8D900BF1837BD46B8
:1048600080BD80B582B000AF786039600021786883
:104870000BF02EFF002178680BF05EFF00217868B6
:104880000BF038FF002178680BF078FF0022002140
:1048900078680BF0ADFF3B68002B02D0386808F059
:1048A000E9FE78680AF070FD00BF0837BD4680BD9C
:1048B00090B5B7B000AF786039600023C7F8D43046
:1048C0003B681A78D7F8D4301A703B685A68D7F822
:1048D000D4305A603B689A68D7F8D4309A6007F1B0
:1048E000700364220021184613F045FC07F10C0305
:1048F00064220021184613F03EFC3B689B6859680F
:104900003B689B681B891A4607F17003184613F031
:1049100064FC07F10C0207F1700311461846FCF71E
:1049200079FF1E4B1A6807F10C031146184613F065
:1049300045FCD7F8D4309B6807F10C025A603B68FD
:104940009B681A893B689B685B89D31A9CB207F104
:104950000C031846FBF7CEFC03469AB2D7F8D430C6
:104960009B68224492B21A8107F10C031846FBF7A8
:10497000C1FC0246D7F8D4309B6892B25A81D7F86E
:10498000D4107868FFF71AFF3B689B6818460AF056
:104990004DF800BFDC37BD4690BD00BF20000024AD
:1049A000DFF834D0FFF702FD0C480D490D4A002313
:1049B00002E0D458C4500433C4188C42F9D30A4AD4
:1049C0000A4C002301E013600432A242FBD313F02F
:1049D00073FCFDF7D9FD7047000008240000002497
:1049E000A8000024D8E70108A8000024FC600024E7
:1049F000FEE780B483B000AF786039607B68002B3D
:104A00000BD03B68DB68002B07D03B689B68002B12
:104A100003D03B681B69002B02D14FF0FF3314E039
:104A20003B681A687B689A603B685A687B68DA6002
:104A30003B68DA687B685A613B689A687B681A61F0
:104A40003B681A697B689A61002318460C37BD469B
:104A50005DF8047B704780B586B000AF78600023B6
:104A6000FB600023BB6000237B6100233B617B680C
:104A70005B68002B7CD17B689B68002B02D07B6835
:104A80009B6898477B6820221A6000237B611CE0AA
:104A90007B685B6907F10802122178699847034631
:104AA000002B03DA6FF004033B610BE0BB6803F0FB
:104AB0001F037A699A4205D17B687A691A600023DC
:104AC0003B6105E07B6901337B617B691F2BDFD98B
:104AD0007B681B681F2B02D96FF002033B613B69A7
:104AE000002B45D17B681B697A6810684FF400423F
:104AF000002198470346002B37DB7B685B697A68A7
:104B0000106807F10802002198470346002B28DBB4
:104B10007B689B6998470346FB601CE07B689B6948
:104B2000984703461A46FB68D31AB3F5FA7F0ED8A6
:104B30007B685B697A68106807F108020021984772
:104B40000346002B07DA6FF004033B6110E06FF0BF
:104B500001033B610CE0BB6803F40043002BDDD193
:104B600006E06FF004033B6102E06FF003033B617A
:104B70003B69002B12D17B689B6998470346FB6019
:104B800000BF7B689B69984703461A46FB68D31AA7
:104B9000B3F5FA6FF5D97B6801225A603B69184674
:104BA0001837BD4680BD80B584B000AF7860002363
:104BB000FB607B685B697A68106807F10C02012171
:104BC00098470346002B02DA6FF004036EE07B681F
:104BD0005B697A68106807F10C0201219847034667
:104BE000002B02DA6FF0040360E0FB6803F00403BB
:104BF000002B01D1012359E07B685B697A6810685A
:104C000007F10C02002198470346002B02DA6FF0EF
:104C100004034BE0FB6803F48053002B1BD1FB68BB
:104C200003F40053002B06D0FB6803F48073002BC1
:104C300001D002233AE0FB6803F40053002B01D0BB
:104C4000032333E0FB6803F48073002B01D00423BB
:104C50002CE005232AE07B685B697A68106807F11D
:104C60000C021F2198470346002B02DA6FF0040361
:104C70001CE0FB6803F48053002B01D1062315E0F0
:104C8000FB6803F01C03182B01D102230EE0FB6824
:104C900003F01C03082B01D1032307E0FB6803F09A
:104CA0001C03142B01D1042300E005231846103700
:104CB000BD4680BD80B582B000AF032000F047F94B
:104CC00003F072FB0246154B9B691B0A03F00F03AE
:104CD0001349CB5C03F01F0322FA03F37B600F4BF5
:104CE0009B6903F00F030E4AD35C03F01F037A683D
:104CF00022FA03F30B4A13600B4A7B6813600F2000
:104D0000FFF7D0F90346002B01D0012302E0FEF7A4
:104D1000F9FF002318460837BD4680BD00440258FD
:104D200078C301081C0000241800002480B400AFE0
:104D3000064B1B781A46064B1B681344044A136043
:104D400000BFBD465DF8047B704700BF280000240B
:104D5000202D002480B400AF034B1B681846BD46CD
:104D60005DF8047B704700BF202D002480B584B01F
:104D700000AF7860FFF7EEFFB8607B68FB60FB6810
:104D8000B3F1FF3F05D00A4B1B781A46FB6813446A
:104D9000FB6000BFFFF7DEFF0246BB68D31AFA686C
:104DA0009A42F7D800BF00BF1037BD4680BD00BF94
:104DB0002800002480B400AF034B1B681B0C18466E
:104DC000BD465DF8047B70470010005C80B483B082
:104DD00000AF7860064B5B6823F4600204497B688F
:104DE00013434B6000BF0C37BD465DF8047B704732
:104DF0000004005880B485B000AF78607B6803F091
:104E00000703FB600B4BDB68BB60BA684FF6FF0320
:104E10001340BB60FB681A02BB681A43064B13437E
:104E2000BB60044ABB68D36000BF1437BD465DF861
:104E3000047B704700ED00E00000FA0580B400AF8D
:104E4000044BDB681B0A03F007031846BD465DF8F8
:104E5000047B704700ED00E080B483B000AF0346F0
:104E6000FB80B7F90630002B0BDBFB8803F01F0239
:104E70000749B7F906305B09012000FA02F241F850
:104E8000232000BF0C37BD465DF8047B704700BF90
:104E900000E100E080B483B000AF03463960FB80DE
:104EA000B7F90630002B0ADB3B68DAB20C49B7F9D8
:104EB00006301201D2B20B4483F800230AE03B68AB
:104EC000DAB20849FB8803F00F03043B1201D2B2A7
:104ED0000B441A7600BF0C37BD465DF8047B704763
:104EE00000E100E000ED00E080B489B000AFF860C0
:104EF000B9607A60FB6803F00703FB61FB69C3F1EB
:104F00000703042B28BF0423BB61FB690433062B72
:104F100002D9FB69033B00E000237B614FF0FF32C5
:104F2000BB6902FA03F3DA43BB681A407B699A4013
:104F30004FF0FF317B6901FA03F3D9437B680B40E3
:104F4000134318462437BD465DF8047B704780B58F
:104F500082B000AF78607868FFF74CFF00BF083779
:104F6000BD4680BD80B586B000AF0346B9607A60AB
:104F7000FB81FFF763FF78617A68B9687869FFF7AA
:104F8000B3FF0246B7F90E3011461846FFF782FF0D
:104F900000BF1837BD4680BD80B582B000AF034664
:104FA000FB80B7F906301846FFF756FF00BF0837F9
:104FB000BD4680BD80B400AFBFF35F8F00BF074B1D
:104FC0005B6A064A23F480335362054B00225A6021
:104FD00000BFBD465DF8047B704700BF00ED00E0F8
:104FE00090ED00E080B483B000AF78600B4A7B683E
:104FF00043F0010353600A4B5B6A094A43F4803370
:105000005362BFF34F8F00BFBFF36F8F00BF00BF6E
:105010000C37BD465DF8047B704700BF90ED00E0A3
:1050200000ED00E080B483B000AF78607B685A7810
:105030001D4B9A607B681B78002B29D01A4A7B682D
:105040005B68D3607B681B7B1A077B68DB7A1B0677
:105050001A437B689B7ADB041A437B685B7B9B0467
:105060001A437B689B7B5B041A437B68DB7B1B04D6
:105070001A437B685B7A1B021A437B681B7A5B00CE
:1050800013437A6812781146074A0B43136105E00F
:10509000054B0022DA60044B00221A6100BF0C3776
:1050A000BD465DF8047B704790ED00E080B584B0AC
:1050B00000AF78607B68002B01D10123C8E07B68DA
:1050C000DB6E002B02D1786807F0DCFC7B682322C2
:1050D000DA66614BD3F8F4305F4A43F00203C2F85A
:1050E000F4305D4BD3F8F43003F00203BB60BB68CF
:1050F0007B681B7A002B03D10020FFF767FE03E0DB
:105100004FF40000FFF762FE7B681B6803F58053D5
:105110001B687A68126843F0010302F5805213603D
:10512000FFF718FEF8600FE0FFF714FE0246FB6879
:10513000D31AB3F5FA7F07D97B6804225A677B68D4
:10514000E022DA66012383E07B681B6803F5805365
:105150001B6803F00103002BE6D1786801F0A2FA86
:1051600003F09CFA03463D4AA2FB03239A0C7B689A
:105170001B68013AC3F8DC20786801F0F5F97B6818
:105180001B6803F58053D3F8003123F4E0137A68E9
:10519000126843F4002302F58052C2F800317B68A4
:1051A0005B6903F00303002B07D07B6801225A6779
:1051B0007B68E022DA6601234AE07B681B6803F51E
:1051C0008053D3F80821264B13407A685269510066
:1051D0007A6812680B4302F58052C2F80831786889
:1051E00001F0B8FA786801F0FEFA7B685B68053375
:1051F0001B781A027B685B6804331B7819467B684E
:105200001B680A43C3F800237B685B6803331B7881
:105210001A067B685B6802331B781B041A437B68A1
:105220005B6801331B781B021A437B685B681B7841
:1052300019467B681B680A43C3F804237B68002275
:105240005A677B681022DA667B6810221A6700238F
:1052500018461037BD4680BD0044025883DE1B430C
:105260000180FFFF80B487B000AFF860B9607A605A
:105270003B60FA68BB6810339B0013445B687B613A
:105280007B68002B02D0BB68032B04D9FB6801228A
:105290005A67012321E07A687B691A607A687B6922
:1052A0001A617B69DB6843F080727B69DA603B6876
:1052B000002B0BD03A687B699A603A687B695A6127
:1052C0007B69DB6843F000727B69DA607B69DB68CD
:1052D00043F000427B69DA60002318461C37BD4664
:1052E0005DF8047B704780B483B000AF78607B6862
:1052F000DB6E102B4ED17B682322DA667B681B683D
:105300001A687B681B6842F002021A607B681B689F
:105310001A687B681B6842F001021A607B681B6890
:10532000D3F8002D7B681B6842F00102C3F8002D02
:105330007B681B6803F58053D3F804317A681268E0
:1053400043F0010302F58052C2F804317B681B6808
:1053500003F58053D3F808317A68126843F00103EB
:1053600002F58052C2F808317B681B6803F5805350
:10537000D3F860317A68126843F4817302F5805281
:10538000C2F860317B681022DA667B6822221A67D5
:10539000002300E0012318460C37BD465DF8047B6E
:1053A000704780B483B000AF78607B68DB6E002B01
:1053B00040D07B682322DA667B681B6803F5805344
:1053C000D3F804317A68126823F0010302F58052A1
:1053D000C2F804317B681B6803F58053D3F80831A9
:1053E0007A68126823F0010302F58052C2F808318E
:1053F0007B681B681A687B681B6822F001021A60D0
:105400007B681B68D3F8002D7B681B6842F00102A3
:10541000C3F8002D7B681B681A687B681B6822F044
:1054200002021A607B681022DA667B6810221A6713
:10543000002300E0012318460C37BD465DF8047BCD
:10544000704780B586B000AFF860B9607A60BB681D
:10545000002B07D1FB685B6F43F00102FB685A67C2
:10546000012376E0FB68DB6E102B71D10022B96856
:10547000F86801F017FA0346002B07D0FB685B6F52
:1054800043F00202FB685A67012362E0FB689A6AF4
:10549000FB68063253F822307B61FB689B6A5A1C1A
:1054A000FB689A62FB689B6A032B04D9FB689B6AC2
:1054B0001A1FFB689A62FB68996AFB681A68FB68A6
:1054C000063153F8213002F58052C2F82031FFF73F
:1054D00041FC386136E0FB681B6803F58053D3F864
:1054E000603103F48053002B12D0FB685B6F43F0F4
:1054F0000802FB685A67FB681B6803F58053D3F802
:105500006021FB689A67FB68E022DA66012320E0ED
:105510007B68B3F1FF3F15D0FFF71CFC02463B69E7
:10552000D31A7A689A4202D37B68002B0AD1FB68AF
:105530005B6F43F00402FB685A67FB68E022DA669F
:10554000012306E07B69DB68002BC4DB002300E05D
:10555000012318461837BD4680BD80B489B000AF1E
:1055600078607B684433BB60BB681B69FB61BB68C8
:10557000FA6953F82230BB6100237B6100233B6151
:105580000023FB60BB689B69002B6BD00023CEE03F
:105590007B6901337B61BB69DB6803F08053002BBF
:1055A00036D03B6901333B613B69012B01D1FB697B
:1055B000FB60FB690133FB61FB69032B02D9FB69CB
:1055C000043BFB61BB68FA6953F82230BB61BB69DD
:1055D000DB68002B11DBBB69DB6803F08043002B29
:1055E0000BD0BB680122DA61FB690133FB61FB6907
:1055F000032B02D9FB69043BFB61BB68FA691A61A2
:10560000BB68FA685A61BB683A699A6101238EE007
:10561000BB69DB6803F00053002B12D0FB69FB6011
:1056200001233B61FB690133FB61FB69032B02D959
:10563000FB69043BFB61BB68FA6953F82230BB612C
:1056400010E03B6901333B61FB690133FB61FB699E
:10565000032B02D9FB69043BFB61BB68FA6953F871
:105660002230BB61BB69DB68002B02DB7B69032B4B
:105670008ED93B69002B56D0BB68FA691A61BB68AA
:10568000FA685A61FB68FB61BB68FA6953F822301B
:10569000BB6100237B613BE0BB691A69BB691A608F
:1056A000BB694FF08072DA60BB695B69002B09D07F
:1056B000BB695A69BB699A60BB69DB6843F00072D9
:1056C000BB69DA60BB69DB6843F00042BB69DA6042
:1056D000BB681B6A002B05D0BB69DB6843F08042C6
:1056E000BB69DA603B69013B7A699A420DD2FB697A
:1056F0000133FB61FB69032B02D9FB69043BFB61AE
:10570000BB68FA6953F82230BB617B6901337B6166
:105710007A693B699A42BFD37B681A68BB6902F514
:105720008052C2F82831BB6800229A6100231846D3
:105730002437BD465DF8047B704780B58AB000AF62
:10574000786039607B6844333B613B695B697B62AD
:105750000023FB613B697A6A53F82230BB613B68E6
:105760007B617B69002B04D17B6801225A6701238E
:105770007DE03B699B69002B0FD17868FFF7EDFE58
:105780000346002B01D1012371E03B695B697B6219
:105790003B697A6A53F82230BB6100233B6231E0F7
:1057A000BB691B691A467B691A607B685A697B6909
:1057B0005A60BB695B69002B0BD07B699B687B617E
:1057C000BB695B691A467B691A607B685A697B69A9
:1057D0005A60BB69DB68C3F30E03FB617B6A01336C
:1057E0007B627B6A032B02D97B6A043B7B623B6949
:1057F0007A6A53F82230BB617B699B687B613B6AA4
:1058000001333B623B699B69013B3A6A9A42C7D3C9
:10581000BB69DB68C3F30E02FB69D31AFB60BB698B
:105820001B691A467B691A607B685B69FA689A4251
:1058300003D87B69FA685A6018E0BB695B69002B82
:1058400012D07B685A697B695A607B699B687B616F
:10585000BB695B691A467B691A607B685B69FA6899
:10586000D21A7B695A6001E0012300E00023184648
:105870002837BD4680BD80B586B000AF78603960FE
:105880007B6844333B613B695B697B613B699B6936
:10589000002B07D17868FFF760FE0346002B01D18B
:1058A000012317E03B699A697B691344013B7B61E3
:1058B0007B69032B02D97B69043B7B613B697A6975
:1058C00053F82230FB60FB68DB68C3F30E023B68D1
:1058D0001A60002318461837BD4680BD80B489B0D1
:1058E00000AF78607B684433FB60FB685B69FB61F9
:1058F000FB68FA6953F82230BB61FB689B697B61E6
:10590000FB689B69002B01D1012357E0FB68DB6931
:10591000002B02D07B6901337B6100233B613BE0BC
:10592000BB691A69BB691A60BB694FF08072DA60A3
:10593000BB695B69002B09D0BB695A69BB699A6076
:10594000BB69DB6843F00072BB69DA60BB69DB6886
:1059500043F00042BB69DA60FB681B6A002B05D08C
:10596000BB69DB6843F08042BB69DA607B69013B5D
:105970003A699A420DD2FB690133FB61FB69032B43
:1059800002D9FB69043BFB61FB68FA6953F82230DA
:10599000BB613B6901333B613A697B699A42BFD382
:1059A0007B681A68BB6902F58052C2F82831FB682F
:1059B00000229A617B6800221A6600231846243769
:1059C000BD465DF8047B704780B582B000AF78605B
:1059D0007B681B6803F58053D3F8603103F0400304
:1059E000402B15D17B681B6803F58053D3F8343105
:1059F00003F04003402B0BD1786800F0E9F87B6896
:105A00001B6803F580531A4648F24003C2F8603120
:105A10007B681B6803F58053D3F8603103F0010302
:105A2000012B15D17B681B6803F58053D3F8343103
:105A300003F00103012B0BD1786800F0BFF87B68FD
:105A40001B6803F580531A4648F20103C2F860311F
:105A50007B681B6803F58053D3F8603103F48043FF
:105A6000B3F5804F4ED17B681B6803F58053D3F8A4
:105A7000343103F48043B3F5804F43D17B685B6FCF
:105A800043F008027B685A677B681B6803F5805304
:105A9000D3F8603103F48053B3F5805F1CD17B6889
:105AA0001B6803F58053D3F8602141F202131340C1
:105AB0007A6893677B681B6803F58053D3F83431A9
:105AC0007A68126823F4404302F58052C2F83431F8
:105AD0007B68E022DA6612E07B681B6803F580537E
:105AE000D3F8603103F4CD427B689A677B681B680A
:105AF00003F580531A464FF4CD43C2F860317868FD
:105B000000F070F87B681B68D3F8B03003F4C04332
:105B1000B3F5C04F0ED17B681B68D3F8B8207B6803
:105B2000DA677B68E022DA66786800F065F87B68FF
:105B30000022DA677B681B68D3F8B03003F01003EB
:105B4000102B0FD17B681B68D3F8C03003F06002C4
:105B50007B68C3F88020786800F058F87B680022E2
:105B6000C3F880207B681B68D3F8B03003F02003B3
:105B7000202B0FD17B681B68D3F8C03003F00F02D5
:105B80007B68C3F88420786800F04AF87B680022BC
:105B9000C3F88420084B9B6A03F48003002B06D0D3
:105BA000054B4FF480029A62786800F043F800BF1A
:105BB0000837BD4680BD00BF8000005880B483B068
:105BC00000AF786000BF0C37BD465DF8047B7047BE
:105BD00080B483B000AF786000BF0C37BD465DF87D
:105BE000047B704780B483B000AF786000BF0C378F
:105BF000BD465DF8047B704780B483B000AF786029
:105C000000BF0C37BD465DF8047B704780B483B09D
:105C100000AF786000BF0C37BD465DF8047B70476D
:105C200080B483B000AF786000BF0C37BD465DF82C
:105C3000047B704780B483B000AF786000BF0C373E
:105C4000BD465DF8047B704780B586B000AFF86054
:105C5000B9607A603B60FB681B68D3F8003203F0E0
:105C60000103002B01D001233EE0FB681B68D3F841
:105C700000327B617B6923F07872BB685B0513435C
:105C80007B617B6923F4F8127B681B0413437B61FF
:105C90007B6943F00C037B617B6943F001037B610B
:105CA000FB681B687A69C3F80022FFF753F8386174
:105CB00009E0FFF74FF802463B69D31AB3F57A7F44
:105CC00001D9012310E0FB681B68D3F8003203F010
:105CD0000103002BEDD1FB681B68D3F804329BB2A3
:105CE0001A463B681A60002318461837BD4680BD27
:105CF00080B586B000AFF860B9607A603B60FB6841
:105D00001B68D3F8003203F00103002B01D00123FC
:105D10003CE0FB681B68D3F800327B617B6923F0B1
:105D20007872BB685B0513437B617B6923F4F812CF
:105D30007B681B0413437B617B6923F00C0343F0F6
:105D400004037B617B6943F001037B613B689AB28A
:105D5000104BC3F804220F4A7B69C2F80032FEF7E9
:105D6000F9FF386109E0FEF7F5FF02463B69D31AF7
:105D7000B3F57A7F01D9012308E0FB681B68D3F8EB
:105D8000003203F00103002BEDD100231846183731
:105D9000BD4680BD0080024080B483B000AF786013
:105DA00039603B68002B01D10123C3E17B681B688C
:105DB0001B6803F00C023B68DA627B681B681B6897
:105DC00003F01003002B14BF01230023DBB21A469B
:105DD0003B6883F828207B681B681B6803F060021F
:105DE0003B685A627B681B681B6803F48073002B56
:105DF0000CBF01230023DBB21A463B6883F8202046
:105E00007B681B681B6803F40073002B14BF01231D
:105E10000023DBB21A463B68DA777B681B681B6895
:105E200003F48063002B0CBF01230023DBB21A466E
:105E30003B689A777B681B681B6803F40063002B40
:105E400014BF01230023DBB21A463B685A777B68F4
:105E50001B681B6803F48053002B14BF012300232D
:105E6000DBB21A463B681A777B681B681B6803F431
:105E700000523B689A617B681B681B6803F4804290
:105E80003B685A617B681B681B6803F48033002BF6
:105E900014BF01230023DBB21A463B689A747B6867
:105EA0001B681B6803F40033002B0CBF0123002385
:105EB000DBB21A463B685A747B681B681B6803F4A4
:105EC0000023002B0CBF01230023DBB21A463B68E2
:105ED0001A747B681B681B6803F48013002B14BFC3
:105EE00001230023DBB21A463B68DA737B681B6828
:105EF0001B6803F40013002B14BF01230023DBB243
:105F00001A463B689A737B681B681B6803F480031E
:105F1000002B14BF01230023DBB21A463B685A73DF
:105F20007B681B681B6803F40003002B14BF01236C
:105F30000023DBB21A463B681A737B681B681B6838
:105F400003F0E0623B689A607B681B681B6803F0A3
:105F50000063002B14BF01230023DBB21A463B6809
:105F60001A717B681B681B6803F0E0423B681A608B
:105F70007B681B685B68C3F30D023B685A637B68F0
:105F80001B685B6803F48033002B0CBF01230023E4
:105F9000DBB21A463B6883F832207B681B685B687B
:105FA00003F40033002B14BF01230023DBB21A4695
:105FB0003B6883F831207B681B685B6803F48023AF
:105FC000002B14BF01230023DBB21A463B6883F881
:105FD00030207B681B685B6803F08073002B14BF64
:105FE00001230023DBB21A463B6883F838207B6824
:105FF0001B685B685B0E03F01F023B68DA637B681B
:106000001B68DB6803F48073002B14BF012300239B
:10601000DBB21A463B6883F840207B681B68DB686C
:1060200003F00F023B685A647B681B681B6F03F028
:106030000203002B14BF01230023DBB21A463B6886
:1060400083F854207B681B681B6F03F08003002BD0
:106050000CBF01230023DBB21A463B6883F84C20B7
:106060007B681B681B6F03F070023B681A657B68D6
:106070001B681B6F1B0C9AB23B689A647B681B6899
:10608000D3F8903003F00103002B14BF0123002349
:10609000DBB21A463B6883F856207B681B68D3F84E
:1060A000903003F00203002B14BF01230023DBB266
:1060B0001A463B6883F855207B681B68D3F8003D7F
:1060C00003F072023B689A657B681B68D3F8303D29
:1060D00003F023023B68DA657B681B68D3F8303D28
:1060E00003F00803002B14BF01230023DBB21A4680
:1060F0003B6883F862207B681B68D3F8303D03F06F
:106100001003002B14BF01230023DBB21A463B68A7
:1061100083F861207B681B68D3F8303D03F04003AF
:10612000002B0CBF01230023DBB21A463B6883F827
:106130006020002318460C37BD465DF8047B70478D
:1061400080B582B000AF786039603B68002B01D128
:1061500001230AE07B681B6F102B05D13968786832
:1061600000F060F8002300E0012318460837BD4620
:1061700080BD000080B584B000AF78607B681B688C
:10618000D3F80032FB60FB6823F47063FB6002F01D
:1061900085FAB860BB681E4A934208D9BB681D4A9D
:1061A000934204D8FB6843F40073FB6027E0BB68AC
:1061B000184A934208D9BB68174A934204D2FB6835
:1061C00043F44073FB601AE0BB68134A934203D365
:1061D000BB68124A934211D9BB68104A934208D94E
:1061E000BB680F4A934204D8FB6843F48073FB609A
:1061F00005E0FB6843F48063FB6000E000BF7B6860
:106200001B68FA68C3F8002200BF1037BD4680BD86
:10621000FF2C3101BF0E160200879303FFE0F50546
:106220007FD1F00880B485B000AF786039603B68FA
:106230009A683B681B681A433B681B79DB061A4364
:106240003B681B7BDB051A433B685B7B9B051A4362
:106250003B689B7B5B051A433B68DB7B1B05134359
:106260003A68127C002A02D14FF4002200E000229A
:1062700013433A68527C002A02D14FF4003200E006
:1062800000221A433B689B7C1B041A433B685B69F2
:106290001A433B689B691A433B681B7F1B031A43E5
:1062A0003B685B7FDB0213433A68927F002A02D18E
:1062B0004FF4806200E000221A433B68DB7F5B0200
:1062C00013433A6892F82020002A02D14FF48072DA
:1062D00000E000221A433B685B6A1A433B6893F86C
:1062E00028301B011A433B68DB6A1343FB607B6861
:1062F0001B681A68564B13407A681268F9680B439A
:1063000013603B68DB6B5A063B6893F838301B061A
:106310001A433B6893F830309B041A433B6893F868
:1063200031305B0413433A6892F83220002A02D1DC
:106330004FF4803200E000221A433B685B6B13434A
:10634000FB607B681B685A68424B13407A6812688E
:10635000F9680B4353603B6893F840301A023B687E
:106360005B6C1343FB607B681B68DA683A4B134035
:106370007A681268F9680B43D3603B6893F854302D
:106380005A003B681B6D13433A6892F84C20002A70
:1063900001D1802200E000221A433B689B6C1B0461
:1063A0001343FB607B681B681A6F4FF60D73134035
:1063B0007A681268F9680B4313673B6893F85630A4
:1063C0001A463B6893F855305B001343FB607B68CB
:1063D0001B68D3F8903023F003017B681B68FA68D0
:1063E0000A43C3F890207B681B68D3F8003D23F074
:1063F00072013B689A6D7B681B680A43C3F8002DE5
:106400003B68DB6D3A6892F86020002A01D1402297
:1064100000E000221A433B6893F861301B011A43E5
:106420003B6893F86230DB001343FB607B681B68BA
:10643000D3F8303D23F07B017B681B68FA680A4380
:10644000C3F8302D00BF1437BD465DF8047B70479C
:10645000838004000080F8C0F0FEFFFF80B485B0A8
:1064600000AF786039607B681B6803F580531A6859
:10647000384B13403A6811687A6812680B4302F58A
:10648000805213603B681B791A033B689B681A4370
:106490003B681B7BDB031343FB607B681B6803F5D6
:1064A00080535A682C4B13407A681268F9680B4382
:1064B00002F5805253603B685B7B1A043B681B6AA1
:1064C0001343FB607B681B6803F58053D3F80021FE
:1064D000224B13407A681268F9680B4302F5805228
:1064E000C2F800313B681A693B681B7D1B011A43E7
:1064F0003B685B7F1B031343FB607B681B6803F5F2
:106500008053D3F80421164B13407A681268F96857
:106510000B4302F58052C2F804313B681B7FDA0757
:106520003B689B691343FB607B681B6803F58053E2
:10653000D3F808210B4B13407A681268F9680B43B3
:1065400002F58052C2F8083100BF1437BD465DF82D
:10655000047B7047FD87FFFFFE2FFFFF00C0FEFF9B
:10656000EFEFC0FFFFFFC07F80B5A4B000AF786041
:10657000012387F83B3000233B65002387F849302F
:10658000002387F84B30012387F83030012387F848
:106590005E30012387F83A30002387F85430012316
:1065A00087F88C304FF400537B64002387F8643005
:1065B0000023BB66002387F88D30002387F88E30D8
:1065C0004FF4C3633B66002387F8383000237B63B6
:1065D000012387F83D30002387F83E30002387F8F9
:1065E00048300023FB6700237B670023BB65002343
:1065F00087F86C30002387F88230012387F84A300F
:106600002023C7F88830012387F84C30002387F80F
:106610005D304FF04053FB624FF480433B640023F6
:1066200087F839300223C7F88430002387F8803098
:10663000002387F88130002387F85C30012387F836
:106640003C3000233B67012387F8783007F12C03A7
:1066500019467868FFF7E6FD01233B7301233B6190
:106660000023BB60002387F8243000237B750023C0
:106670003B754FF400133B6200233B774FF400134C
:10668000BB61002387F825304FF40673BB6207F126
:10669000080319467868FFF7E1FE00BF9037BD4652
:1066A00080BD000080B584B000AF78607B681B6857
:1066B000D3F80032FB60FB6823F47063FB6001F0E9
:1066C000EDFFB860BB681E4A934208D9BB681D4AFB
:1066D000934204D8FB6843F40073FB6027E0BB6877
:1066E000184A934208D9BB68174A934204D2FB6800
:1066F00043F44073FB601AE0BB68134A934203D330
:10670000BB68124A934211D9BB68104A934208D918
:10671000BB680F4A934204D8FB6843F48073FB6064
:1067200005E0FB6843F48063FB6000E000BF7B682A
:106730001B68FA68C3F8002200BF1037BD4680BD51
:10674000FF2C3101BF0E160200879303FFE0F50511
:106750007FD1F00880B485B000AF78600023FB6083
:106760001DE07B68D968FA6813465B001344DB00C0
:106770000B44BB60BB6800221A60BB6800225A60F1
:10678000BB6800229A60BB680022DA60B9687B6847
:10679000FA68063243F82210FB680133FB60FB689D
:1067A000032BDED97B6800229A627B681B6803F5A5
:1067B00080531A460323C2F82C317B68DA687B6861
:1067C0001B6803F58053C3F814217B68DA687B6883
:1067D0001B6803F58053C3F8202100BF1437BD4662
:1067E0005DF8047B704780B485B000AF786000230B
:1067F000FB6024E07B681969FA6813465B00134468
:10680000DB000B44BB60BB6800221A60BB6800223F
:106810005A60BB6800229A60BB680022DA60BB68DD
:1068200000221A61BB6800225A61BA687968FB6865
:1068300010339B000B445A60FB680133FB60FB681C
:10684000032BD7D97B6800225A657B6800229A65A2
:106850007B680022DA657B6800225A667B6800222A
:106860001A667B681B6803F580531A460323C2F837
:1068700030317B681A697B681B6803F58053C3F865
:106880001C217B681B6903F148027B681B6803F5C8
:106890008053C3F8282100BF1437BD465DF8047B40
:1068A0007047000080B48DB000AFF860B9607A60C6
:1068B000FB6818337B617B691B69FB627B691B6921
:1068C0003B610023BB627B69FA6A53F822303B626A
:1068D000BB689B68FB610023BB613B6ADB6803F01C
:1068E0000043B3F1004F07D07A69FB6A04339B0081
:1068F00013445B68002B01D002234AE2BB681B688B
:1069000003F00403002B44D03B6ADA68724B134057
:10691000BA68526A1A433B6ADA603B6ADB6843F43E
:1069200080323B6ADA60FB681B681A6EFB681B6882
:1069300042F480121A66BB681B6803F00803002B40
:1069400027D03B6A9B689AB2BB68DB6A1B041A4378
:106950003B6A9A603B6ADB6843F400323B6ADA6068
:106960003B6ADB6823F44022BB681B6B1A433B6A1B
:10697000DA60FB681B685A6EFB681B6842F4801281
:106980005A66FB681B681A6DFB681B6842F08062E0
:106990001A65BB681B6803F01003002B0ED03B6A1E
:1069A0009A684E4B1340BA6892691A433B6A9A60E0
:1069B0003B6ADB6843F080623B6ADA60BB681B6855
:1069C00003F00403002B05D1BB681B6803F0100320
:1069D000002B30D03B6ADB6843F080423B6ADA60D0
:1069E0003B6ADB6843F000423B6ADA60FB6A0133D2
:1069F000FB62FB6A032B02D9FB6A043BFB627B69E7
:106A0000FA6A53F822303B62BB6A0133BB623B6ACD
:106A1000DB6803F00043B3F1004F0CD17B693A69A6
:106A200053F822303B623B6ADB6823F000423B6A4A
:106A3000DA600223ADE1BB6A0133BB62FB691B680C
:106A40001A463B6A1A603B6A9A68244B1340FA69FB
:106A500052681A433B6A9A60FB699B68002B12D00C
:106A6000FB699B68FB61FB691B681A463B6A5A60BD
:106A70003B6A9A681A4B1340FA69526812041A4327
:106A80003B6A9A6008E03B6A00225A603B6A9A6857
:106A9000134B13403A6A9360BB681B6803F0100302
:106AA000002B21D03B6ADB6823F4F002BB681B6A31
:106AB000DB041A433B6ADA603B6ADA68094B13402D
:106AC000BA68D2691A433B6ADA603B6ADB6843F40E
:106AD00080223B6ADA602EE00000FFFF00C0FFFF6B
:106AE000FFFF00C00000FCFF3B6ADA68934B1340D5
:106AF000BA6852681A433B6ADA60BB681B6803F0E5
:106B00000103002B08D03B6ADB6823F44032BB68EA
:106B10005B691A433B6ADA60BB681B6803F02003B9
:106B2000002B08D03B6ADB6823F04062BB681B691E
:106B30001A433B6ADA60BB681B6803F00403002B4E
:106B400008D03B6A9B6823F44042BB689B6A1A43A7
:106B50003B6A9A603B6ADB6843F000523B6ADA604A
:106B60003B6ADB6823F080423B6ADA603B6ADB68A1
:106B700043F000423B6ADA60BB681B6803F0020323
:106B8000002B00F0CB803B6ADB6823F06072BB68AF
:106B9000DB681A433B6ADA60C0E03B6ADB6823F0DB
:106BA00080523B6ADA60FB6A0133FB62FB6A032BAB
:106BB00002D9FB6A043BFB627B69FA6A53F8223014
:106BC0003B623B6ADB6823F000523B6ADA603B6A57
:106BD000DB6803F00043B3F1004F07D07A69FB6A2A
:106BE00004339B0013445B68002B26D03B69FB6297
:106BF0007B69FA6A53F822303B6200237B6216E01D
:106C00003B6ADB6823F000423B6ADA60FB6A0133CF
:106C1000FB62FB6A032B02D9FB6A043BFB627B69C4
:106C2000FA6A53F822303B627B6A01337B627A6AEC
:106C3000BB6A9A42E4D30223ABE0BB6A0133BB6276
:106C4000FB699B68FB61FB691B681A463B6A1A601B
:106C50003B6A9A683A4B1340FA6952681A433B6A96
:106C60009A60FB699B68002B12D0FB699B68FB61F3
:106C7000FB691B681A463B6A5A603B6A9A68314B4B
:106C80001340FA69526812041A433B6A9A6008E09A
:106C90003B6A00225A603B6A9A682A4B13403A6A60
:106CA0009360BB681B6803F01003002B0FD03B6A96
:106CB000DA68254B1340BA68D2691A433B6ADA6036
:106CC0003B6ADB6843F480223B6ADA6017E03B6A88
:106CD000DA681A4B1340BA6852681A433B6ADA60A2
:106CE000BB681B6803F00103002B08D03B6ADB681C
:106CF00023F44032BB685B691A433B6ADA60BB69C4
:106D00000133BB613B6ADB6843F000423B6ADA60F7
:106D10003B6ADB6823F080423B6ADA60FB699B6870
:106D2000002B7FF43AAF7B68002B0FD03B6A9B6847
:106D300043F000423B6A9A600EE000BF0080FFFF14
:106D400000C0FFFFFFFF00C00000FCFF3B6A9B6824
:106D500023F000423B6A9A603B6ADB6843F0805252
:106D60003B6ADA607B695A6A7969FB6A04339B0083
:106D70000B445A607B69FA6A1A6172B600BF7B697C
:106D80009A6ABB6913445A1C7B699A6262B600BF57
:106D9000002318463437BD465DF8047B704700BFBA
:106DA00080B58AB000AFF860B9607A60BB683B62BA
:106DB0007B68FB610823FB75404B1B7D012B01D1D8
:106DC000022376E03D4B01221A75BB68B3F1006FD8
:106DD00006D3BB68B3F1016F02D20123BB610CE0A3
:106DE000BB68B3F1016F06D3BB68B3F1026F02D287
:106DF0000223BB6101E001235BE0304B00229A617A
:106E0000B9694CF2503000F0C1F8034687F82730DA
:106E100097F82730002B47D1BB69012B06D1284BAF
:106E2000DB68274A43F00203D36007E0244BD3F822
:106E30000C31234A43F00203C2F80C31BFF36F8FC9
:106E400000BFBFF34F8F00BFFB691A683B6A1A602F
:106E50003B6A04333B62FB690433FB61FB7D013B0E
:106E6000FB75FB7D002BEFD1BFF36F8F00BFBFF32E
:106E70004F8F00BFB9694CF2503000F087F80346DD
:106E800087F82730BB69012B06D10D4BDB680C4A14
:106E900023F00203D36007E0094BD3F80C31084A12
:106EA00023F00203C2F80C31044B00221A7597F844
:106EB000273018462837BD4680BD00BF242D00244A
:106EC0000020005280B400AF184BDB6803F00103D0
:106ED000002B0DD0154B164A5A60144B154A5A60B8
:106EE000124BDB6803F00103002B01D0012318E0F3
:106EF0000E4BD3F80C3103F00103002B10D00B4BD9
:106F00000B4AC3F80421094B0A4AC3F80421074B72
:106F1000D3F80C3103F00103002B01D0012300E072
:106F200000231846BD465DF8047B704700200052E0
:106F300023016745AB89EFCD80B400AF124BDB680E
:106F4000114A43F00103D3600F4BDB6803F00103E8
:106F5000002B01D1012311E00B4BD3F80C310A4A6D
:106F600043F00103C2F80C31074BD3F80C3103F0A6
:106F70000103002B01D1012300E000231846BD4688
:106F80005DF8047B704700BF0020005280B586B0DA
:106F900000AF7860396004237B6100233B61FDF71B
:106FA000D9FEF8603B68022B13D1414B7B6110E0A6
:106FB0007B68B3F1FF3F0CD0FDF7CCFE0246FB68C7
:106FC000D31A7A689A4202D37B68002B01D103233B
:106FD0006AE07A69374B13407A699A420AD1364B94
:106FE0001A697B6913407A699A420CBF0123002316
:106FF000DBB20CE0304BD3F81031DA437B6913403D
:1070000023F00043002B0CBF01230023DBB2002B35
:10701000CED13B68012B05D1274B1A69274B134072
:107020003B6107E0244BD3F81021244B134043F07D
:1070300000433B613B6923F00043002B17D0204BFA
:107040009A693B6913431E4A93613A69194B13408D
:107050003A699A4203D1184A3B69536105E0164ADE
:107060003B6923F00043C2F8143101231CE03B6864
:10707000012B0BD1104B1B6903F48033B3F5803F18
:1070800011D10D4B4FF480325A610CE00A4BD3F80A
:10709000103103F48033B3F5803F04D1064B4FF435
:1070A0008032C3F81421002318461837BD4680BD2E
:1070B000040000800F00EF1F002000520000EE17B8
:1070C000242D002480B584B000AF7860396000239F
:1070D000FB735E4B1B7D012B01D10223B2E05B4BA6
:1070E00001221A75594B00229A617B685B6803F094
:1070F0000103002B09D001214CF25030FFF746FF6D
:107100000346002B01D00123FB737B685B6803F00F
:107110000203002B09D002214CF25030FFF736FF5A
:107120000346002B01D00123FB73FB7B002B40F0B7
:1071300085807B681B68012B36D17B681A697B6868
:107140005B681946104600F087F87B685B6803F0BF
:107150000103002B0FD001214CF25030FFF716FF36
:107160000346002B01D00123FB73394BDB68384AFF
:1071700023F00803D3607B685B6803F00203002BF5
:107180005CD002214CF25030FFF700FF0346002B89
:1071900001D00123FB732E4BD3F80C312C4A23F082
:1071A0000803C2F80C3149E03B684FF0FF321A6027
:1071B0007B689B68BB6039E07B6859687B681B69AA
:1071C0001A46B86800F0B2F87B685B6803F0010308
:1071D000002B0CD001214CF25030FFF7D7FE0346B4
:1071E000FB731B4BDA681A491A4B1340CB607B6860
:1071F0005B6803F00203002B0ED002214CF25030EA
:10720000FFF7C4FE0346FB73114BD3F80C21104962
:10721000104B1340C1F80C31FB7B002B03D03B68B3
:10722000BA681A600AE0BB680133BB607B68DA6841
:107230007B689B681344BA689A42BDD3034B002213
:107240001A75FB7B18461037BD4680BD242D0024DF
:1072500000200052FBF8FFFF80B483B000AF7860DD
:1072600039603B6803F00303032B22D12E4BDB680C
:107270002D4A23F03003D3602B4BD3F80C312A4A2C
:1072800023F03003C2F80C31274BDA6826497B68BB
:107290001343CB60244BD3F80C2123497B68134361
:1072A000C1F80C31204B9B691F4A43F010039361D6
:1072B00033E03B6803F00103002B11D01A4BDB686D
:1072C000194A23F03003D360174BDA6816497B68FC
:1072D0001343CB60144BDB68134A43F08803D3603D
:1072E0003B6803F00203002B17D00F4BD3F80C318F
:1072F0000D4A23F03003C2F80C310B4BD3F80C21AC
:1073000009497B681343C1F80C31074BD3F80C31A2
:10731000054A43F08803C2F80C3100BF0C37BD4664
:107320005DF8047B704700BF0020005280B485B038
:1073300000AFF860B9607A60BB6803F00103002B0E
:1073400010D0184BDB68174A23F4E663D360154B63
:10735000DA68FB6819027B680B431343114A43F058
:107360008403D360BB6803F00203002B14D00D4BE1
:10737000D3F80C310B4A23F4E663C2F80C31094B05
:10738000D3F80C21FB6819027B680B431343054AB1
:1073900043F08403C2F80C3100BF1437BD465DF8DA
:1073A000047B70470020005280B489B000AF786041
:1073B00039600023FB61894B7B6194E13B681A686B
:1073C0000121FB6901FA03F313403B613B69002B88
:1073D00000F086813B685B6803F00303012B05D056
:1073E0003B685B6803F00303022B30D17B689B682A
:1073F000BB61FB695B00032202FA03F3DB43BA695A
:107400001340BB613B68DA68FB695B0002FA03F377
:10741000BA691343BB617B68BA699A607B685B6831
:10742000BB610122FB6902FA03F3DB43BA69134033
:10743000BB613B685B681B0903F00102FB6902FA50
:1074400003F3BA691343BB617B68BA695A603B684E
:107450005B6803F00303032B17D07B68DB68BB6119
:10746000FB695B00032202FA03F3DB43BA691340B2
:10747000BB613B689A68FB695B0002FA03F3BA6977
:107480001343BB617B68BA69DA603B685B6803F0F1
:107490000303022B23D1FB69DA087B68083253F817
:1074A0002230BB61FB6903F007039B000F2202FA45
:1074B00003F3DB43BA691340BB613B681A69FB699C
:1074C00003F007039B0002FA03F3BA691343BB619D
:1074D000FB69DA087B680832B96943F822107B68D7
:1074E0001B68BB61FB695B00032202FA03F3DB4309
:1074F000BA691340BB613B685B6803F00302FB6938
:107500005B0002FA03F3BA691343BB617B68BA6993
:107510001A603B685B6803F44033002B00F0E080A6
:107520002F4BD3F8F4302E4A43F00203C2F8F43064
:107530002B4BD3F8F43003F00203FB60FB68294ABD
:10754000FB699B08023352F82330BB61FB6903F0EF
:1075500003039B000F2202FA03F3DB43BA691340D3
:10756000BB617B68204A934252D07B681F4A93429A
:1075700031D07B681E4A93422BD07B681D4A9342D0
:1075800025D07B681C4A93421FD07B681B4A9342DC
:1075900019D07B681A4A934213D07B68194A9342E8
:1075A0000DD07B68184A934207D07B68174A9342F4
:1075B00001D109232DE00A232BE0082329E007232A
:1075C00027E0062325E0052323E0042321E003230D
:1075D0001FE002231DE001231BE000BF80000058D4
:1075E00000440258000400580000025800040258E9
:1075F00000080258000C02580010025800140258EB
:1076000000180258001C025800200258002402589A
:107610000023FA6902F0030292009340BA6913430F
:10762000BB613849FB699B080233BA6941F82320E2
:107630004FF0B0431B68BB613B69DB43BA69134041
:10764000BB613B685B6803F48013002B03D0BA690D
:107650003B691343BB614FF0B042BB6913604FF00D
:10766000B0435B68BB613B69DB43BA691340BB61F4
:107670003B685B6803F40013002B03D0BA693B69D5
:107680001343BB614FF0B042BB6953607B695B68D9
:10769000BB613B69DB43BA691340BB613B685B6814
:1076A00003F40033002B03D0BA693B691343BB6179
:1076B0007B69BA695A607B691B68BB613B69DB43C4
:1076C000BA691340BB613B685B6803F48033002BED
:1076D00003D0BA693B691343BB617B69BA691A601D
:1076E000FB690133FB613B681A68FB6922FA03F30B
:1076F000002B7FF463AE00BF00BF2437BD465DF8AA
:10770000047B70470004005880B485B000AF7860F7
:107710000B467B807B681A697B881340002B02D064
:107720000123FB7301E00023FB73FB7B1846143736
:10773000BD465DF8047B704780B483B000AF7860CD
:107740000B467B8013467B707B78002B03D07A88B6
:107750007B689A6103E07B881A047B689A6100BFAA
:107760000C37BD465DF8047B7047000080B584B0DF
:1077700000AF7860194BDB6803F00403042B0AD0D8
:10778000164BDB6803F007037A689A4201D00123A5
:107790001FE000231DE0114BDB6823F007020F49B7
:1077A0007B681343CB60FDF7D5FAF86009E0FDF77D
:1077B000D1FA0246FB68D31AB3F57A7F01D90123C7
:1077C00007E0064B5B6803F40053B3F5005FEED1AE
:1077D000002318461037BD4680BD00BF0048025840
:1077E00080B58CB000AF78607B68002B02D101239C
:1077F00000F01DBC7B681B6803F00103002B00F048
:107800008780994B1B6903F03803FB62964B9B6A98
:10781000BB62FB6A102B07D0FB6A182B10D1BB6A26
:1078200003F00303022B0BD18F4B1B6803F40033CF
:10783000002B6CD07B685B68002B68D10123F6E3DA
:107840007B685B68B3F5803F06D1874B1B68864A2F
:1078500043F4803313602EE07B685B68002B0CD10F
:10786000814B1B68804A23F4803313607E4B1B6876
:107870007D4A23F4802313601DE07B685B68B3F5C9
:10788000A02F0CD1784B1B68774A43F480231360F8
:10789000754B1B68744A43F4803313600BE0724BE2
:1078A0001B68714A23F4803313606F4B1B686E4A68
:1078B00023F4802313607B685B68002B13D0FDF7F3
:1078C00049FA786208E0FDF745FA02467B6AD31A66
:1078D000642B01D90323AAE3634B1B6803F4003331
:1078E000002BF0D014E0FDF735FA786208E0FDF7E0
:1078F00031FA02467B6AD31A642B01D9032396E33B
:10790000594B1B6803F40033002BF0D100E000BF9B
:107910007B681B6803F00203002B00F0CB80524B06
:107920001B6903F038033B624F4B9B6AFB613B6A68
:10793000002B07D03B6A182B56D1FB6903F00303D9
:10794000002B51D1484B1B6803F00403002B05D0DA
:107950007B68DB68002B01D1012368E3424B1B6885
:1079600023F019027B68DB683F4913430B60FDF786
:10797000F1F9786208E0FDF7EDF902467B6AD31A67
:10798000022B01D9032352E3374B1B6803F0040396
:10799000002BF0D0FDF70EFA034641F203029342AA
:1079A00017D87B681B69402B08D12F4B5B6823F4E9
:1079B0007C332D4A43F4003353607BE02A4B5B68F1
:1079C00023F47C327B681B691B03274913434B60FC
:1079D00070E0254B5B6823F0FE427B681B691B0649
:1079E000214913434B6065E07B68DB68002B48D07E
:1079F0001D4B1B6823F019027B68DB681A4913438F
:107A00000B60FDF7A7F9786208E0FDF7A3F90246DD
:107A10007B6AD31A022B01D9032308E3124B1B689C
:107A200003F00403002BF0D0FDF7C4F9034641F244
:107A3000030293421AD87B681B69402B08D10A4B7A
:107A40005B6823F47C33084A43F40033536031E02D
:107A5000054B5B6823F47C327B681B691B0302497E
:107A600013434B6026E000BF004402589A4B5B680A
:107A700023F0FE427B681B691B06974913434B604A
:107A800018E0954B1B68944A23F001031360FDF73F
:107A900061F9786208E0FDF75DF902467B6AD31A66
:107AA000022B01D90323C2E28B4B1B6803F00403B2
:107AB000002BF0D17B681B6803F01003002B00F053
:107AC000A980854B1B6903F03803BB61824B9B6A1D
:107AD0007B61BB69082B07D0BB69182B3AD17B6946
:107AE00003F00303012B35D17B4B1B6803F4807338
:107AF000002B05D07B68DB69802B01D0012396E247
:107B0000FDF758F9034641F20302934217D87B6808
:107B10001B6A202B08D1704B5B6823F0F8436E4A38
:107B200043F08043536075E06B4B5B6823F0F84291
:107B30007B681B6A9B06684913434B606AE0664B8F
:107B4000DB6823F07C527B681B6A1B066249134387
:107B5000CB605FE07B68DB69002B42D05E4B1B682B
:107B60005D4A43F080031360FDF7F4F8786208E0A3
:107B7000FDF7F0F802467B6AD31A022B01D90323E2
:107B800055E2554B1B6803F48073002BF0D0FDF7D2
:107B900011F9034641F20302934217D87B681B6A2E
:107BA000202B08D14C4B5B6823F0F8434A4A43F042
:107BB000804353602EE0484B5B6823F0F8427B68BB
:107BC0001B6A9B06444913434B6023E0424BDB682E
:107BD00023F07C527B681B6A1B063F491343CB6032
:107BE00018E03D4B1B683C4A23F080031360FDF70F
:107BF000B1F8786208E0FDF7ADF802467B6AD31A67
:107C0000022B01D9032312E2334B1B6803F4807368
:107C1000002BF0D17B681B6803F00803002B36D0E3
:107C20007B685B69002B19D02B4B5B6F2A4A43F0B2
:107C300001035367FDF78EF8786208E0FDF78AF8D4
:107C400002467B6AD31A022B01D90323EFE1224BB0
:107C50005B6F03F00203002BF0D018E01E4B5B6F4C
:107C60001D4A23F001035367FDF774F8786208E0BA
:107C7000FDF770F802467B6AD31A022B01D9032361
:107C8000D5E1154B5B6F03F00203002BF0D17B684D
:107C90001B6803F02003002B39D07B689B69002B05
:107CA0001CD00D4B1B680C4A43F480531360FDF746
:107CB00051F8786208E0FDF74DF802467B6AD31A66
:107CC000022B01D90323B2E1034B1B6803F40053D9
:107CD000002BF0D01BE000BF004402589B4B1B68F8
:107CE0009A4A23F480531360FDF734F8786208E071
:107CF000FDF730F802467B6AD31A022B01D9032321
:107D000095E1924B1B6803F40053002BF0D17B6884
:107D10001B6803F00403002B00F081808C4B1B6870
:107D20008B4A43F480731360FDF714F8786208E01F
:107D3000FDF710F802467B6AD31A642B01D903239E
:107D400075E1834B1B6803F48073002BF0D07B68D4
:107D50009B68012B06D17D4B1B6F7C4A43F00103CE
:107D600013672DE07B689B68002B0CD1774B1B6F52
:107D7000764A23F001031367744B1B6F734A23F099
:107D8000040313671CE07B689B68052B0CD16F4BC9
:107D90001B6F6E4A43F0040313676C4B1B6F6B4AF7
:107DA00043F0010313670BE0684B1B6F674A23F036
:107DB00001031367654B1B6F644A23F004031367C9
:107DC0007B689B68002B15D0FCF7C4FF78620AE043
:107DD000FCF7C0FF02467B6AD31A41F28832934215
:107DE00001D9032323E1594B1B6F03F00203002B3E
:107DF000EED014E0FCF7AEFF78620AE0FCF7AAFFD1
:107E000002467B6AD31A41F28832934201D9032396
:107E10000DE14E4B1B6F03F00203002BEED17B688C
:107E20005B6A002B00F00281484B1B6903F03803AA
:107E3000182B00F0BD807B685B6A022B40F09E80AF
:107E4000424B1B68414A23F080731360FCF782FFAA
:107E5000786208E0FCF77EFF02467B6AD31A022BA9
:107E600001D90323E3E0394B1B6803F00073002BB7
:107E7000F0D1364B9A6A374B13407A68916A7A6828
:107E8000D26A12010A43314913438B627B681B6B30
:107E9000013BC3F308027B685B6B013B5B029BB257
:107EA0001A437B689B6B013B1B0403F4FE031A43DC
:107EB0007B68DB6B013B1B0603F0FE432349134346
:107EC0000B63224BDB6A214A23F00103D3621F4B71
:107ED0005A6B214B13407A68926CD2001B491343B2
:107EE0004B631A4BDB6A23F00C027B681B6C17494F
:107EF0001343CB62154BDB6A23F002027B685B6C99
:107F000012491343CB62114BDB6A104A43F48033AE
:107F1000D3620E4BDB6A0D4A43F40033D3620B4B42
:107F2000DB6A0A4A43F48023D362084BDB6A074AC0
:107F300043F00103D362054B1B68044A43F080738E
:107F40001360FCF707FF786211E000BF004402589D
:107F5000004802580CFCFFFF0700FFFFFCF7FAFE89
:107F600002467B6AD31A022B01D903235FE0324B0E
:107F70001B6803F00073002BF0D057E02E4B1B68FA
:107F80002D4A23F080731360FCF7E4FE786208E06A
:107F9000FCF7E0FE02467B6AD31A022B01D90323C9
:107FA00045E0254B1B6803F00073002BF0D13DE04A
:107FB000214B9B6A3B61204B1B6BFB607B685B6AC0
:107FC000012B31D03B6903F003027B689B6A9A4224
:107FD0002AD13B691B0903F03F027B68DB6A9A42A6
:107FE00022D1FB68C3F308027B681B6B013B9A42FA
:107FF0001AD1FB685B0A03F07F027B685B6B013B75
:108000009A4211D1FB681B0C03F07F027B689B6BCB
:10801000013B9A4208D1FB681B0E03F07F027B688C
:10802000DB6B013B9A4201D0012300E0002318469C
:108030003037BD4680BD00BF0044025880B586B0D1
:1080400000AF786039607B68002B01D101239CE18F
:108050008A4B1B6803F00F033A689A4210D9874B8A
:108060001B6823F00F0285493B6813430B60834B69
:108070001B6803F00F033A689A4201D0012384E1A0
:108080007B681B6803F00403002B10D07B681A691F
:108090007B4B9B6903F070039A4208D9784B9B692C
:1080A00023F070027B681B69754913438B617B6801
:1080B0001B6803F00803002B10D07B685A69704BD3
:1080C000DB6903F070039A4208D96D4BDB6923F03A
:1080D00070027B685B696A491343CB617B681B68EC
:1080E00003F01003002B10D07B689A69644BDB69A6
:1080F00003F4E0639A4208D9614BDB6923F4E06240
:108100007B689B695E491343CB617B681B6803F006
:108110002003002B10D07B68DA69594B1B6A03F0EF
:1081200070039A4208D9564B1B6A23F070027B6891
:10813000DB69534913430B627B681B6803F002033E
:10814000002B10D07B68DA684D4B9B6903F00F035E
:108150009A4208D94A4B9B6923F00F027B68DB687F
:10816000474913438B617B681B6803F00103002BB5
:1081700055D0434B9B6923F470627B689B684049F0
:1081800013438B617B685B68022B07D13C4B1B68F8
:1081900003F40033002B21D10123F6E07B685B68F8
:1081A000032B07D1364B1B6803F00073002B15D14E
:1081B0000123EAE07B685B68012B07D1304B1B6829
:1081C00003F48073002B09D10123DEE02C4B1B68E4
:1081D00003F00403002B01D10123D6E0284B1B69D7
:1081E00023F007027B685B68254913430B61FCF7AA
:1081F000B1FD78610AE0FCF7ADFD02467B69D31A58
:1082000041F28832934201D90323BEE01C4B1B6923
:1082100003F038027B685B68DB009A42EBD17B6835
:108220001B6803F00203002B10D07B68DA68144B44
:108230009B6903F00F039A4208D2114B9B6923F00C
:108240000F027B68DB680E4913438B610B4B1B6885
:1082500003F00F033A689A4214D2084B1B6823F0CC
:108260000F0206493B6813430B60044B1B6803F085
:108270000F033A689A4205D0012386E0002000529D
:10828000004402587B681B6803F00403002B10D0E5
:108290007B681A693F4B9B6903F070039A4208D2CE
:1082A0003C4B9B6923F070027B681B69394913437F
:1082B0008B617B681B6803F00803002B10D07B6880
:1082C0005A69344BDB6903F070039A4208D2314B90
:1082D000DB6923F070027B685B692E491343CB6135
:1082E0007B681B6803F01003002B10D07B689A6931
:1082F000284BDB6903F4E0639A4208D2254BDB6923
:1083000023F4E0627B689B6922491343CB617B685D
:108310001B6803F02003002B10D07B68DA691D4B2B
:108320001B6A03F070039A4208D21A4B1B6A23F0AF
:1083300070027B68DB69174913430B6200F034F865
:108340000246144B9B691B0A03F00F031249CB5CD6
:1083500003F01F0322FA03F33B610E4B9B6903F00A
:108360000F030D4AD35C03F01F033A6922FA03F3AB
:108370000A4A13600A4A3B6913600A4B1B68184695
:10838000FBF790FE0346FB73FB7B18461837BD4690
:1083900080BD00BF0044025878C301081C000024BF
:1083A000180000242400002480B489B000AFB34B2F
:1083B0001B6903F03803182B00F2558101A252F813
:1083C00023F000BF2984000867860008678600083C
:1083D00067860008678600086786000867860008C9
:1083E000678600084F8400086786000867860008D3
:1083F00067860008678600086786000867860008A9
:1084000067860008558400086786000867860008AC
:108410006786000867860008678600086786000888
:10842000678600085B840008944B1B6803F02003F8
:10843000002B09D0914B1B68DB0803F00303904A23
:1084400022FA03F3BB6111E18D4BBB610EE18D4B51
:10845000BB610BE18C4BBB6108E1884B9B6A03F06D
:1084600003037B61854B9B6A1B0903F03F033B6160
:10847000824BDB6A03F00103FB60804B5B6BDB0824
:10848000C3F30C03FA6802FB03F307EE903AF8EE2D
:10849000677AC7ED027A3B69002B00F0E1807B69C7
:1084A000022B00F083807B69022B00F2A1807B69A4
:1084B000002B03D07B69012B56D099E06F4B1B68D2
:1084C00003F02003002B2DD06C4B1B68DB0803F05E
:1084D00003036B4A22FA03F37B607B6807EE903A52
:1084E000F8EE676A3B6907EE903AF8EE677A86EE37
:1084F000A77A624B1B6BC3F3080307EE903AF8EEC2
:10850000676A97ED026ADFED615AC6EE257A76EE6C
:10851000A77AF7EE006A77EEA67A67EE277AC7EDBC
:10852000077A87E03B6907EE903AF8EE677ADFED6D
:10853000586A86EEA77A514B1B6BC3F3080307EE0C
:10854000903AF8EE676A97ED026ADFED505AC6EE90
:10855000257A76EEA77AF7EE006A77EEA67A67EECE
:10856000277AC7ED077A65E03B6907EE903AF8EEA7
:10857000677ADFED486A86EEA77A404B1B6BC3F340
:10858000080307EE903AF8EE676A97ED026ADFEDAE
:108590003F5AC6EE257A76EEA77AF7EE006A77EEB6
:1085A000A67A67EE277AC7ED077A43E03B6907EEC4
:1085B000903AF8EE677ADFED386A86EEA77A2F4BAD
:1085C0001B6BC3F3080307EE903AF8EE676A97ED6A
:1085D000026ADFED2E5AC6EE257A76EEA77AF7EE1E
:1085E000006A77EEA67A67EE277AC7ED077A21E070
:1085F0003B6907EE903AF8EE677ADFED266A86EE81
:10860000A77A1E4B1B6BC3F3080307EE903AF8EEF4
:10861000676A97ED026ADFED1D5AC6EE257A76EE9F
:10862000A77AF7EE006A77EEA67A67EE277AC7EDAB
:10863000077A00BF114B1B6B5B0A03F07F0301330A
:108640003B603B6807EE903AB8EE677AD7ED076A71
:10865000C6EE877AFCEEE77A17EE903ABB6105E04A
:108660000023BB6102E0074BBB6100BFBB6918463A
:108670002437BD465DF8047B704700BF00440258B4
:108680000090D00300093D0000127A00000000466F
:108690000024744C0024744A0024F44A80B582B04B
:1086A00000AFFFF781FE0246104B9B691B0A03F0E7
:1086B0000F030F49CB5C03F01F0322FA03F37B6027
:1086C0000A4B9B6903F00F03094AD35C03F01F03B5
:1086D0007A6822FA03F3074A1360074A7B6813603B
:1086E000044B1B6818460837BD4680BD004402583D
:1086F00078C301081C0000241800002480B500AFD6
:10870000FFF7CCFF0246064BDB691B0903F00703AA
:108710000449CB5C03F01F0322FA03F3184680BD23
:108720000044025878C3010880B500AFFFF7B6FFD8
:108730000246064BDB691B0A03F007030449CB5CC6
:1087400003F01F0322FA03F3184680BD00440258C9
:1087500078C3010880B483B000AF786039607B686B
:108760003F221A601A4B1B6903F007027B685A60AC
:10877000174B9B6903F470627B689A60144B9B698A
:1087800003F00F027B68DA60114B9B6903F0700203
:108790007B681A610E4BDB6903F070027B685A61DB
:1087A0000B4BDB6903F4E0627B689A61084B1B6A40
:1087B00003F070027B68DA61064B1B6803F00F025E
:1087C0003B681A6000BF0C37BD465DF8047B7047FC
:1087D000004402580020005280B586B000AF786097
:1087E0000023FB750023BB757B681B6803F00063E7
:1087F000002B3FD07B685B6EB3F5401F2AD0B3F5EA
:10880000401F24D8B3F5001F18D0B3F5001F1ED8A1
:10881000002B03D0B3F5801F07D018E0A34BDB6A11
:10882000A24A43F40033D36215E07B68043302218B
:10883000184601F0D5F90346FB750CE07B6824333C
:108840000221184601F07EFA0346FB7503E001237E
:10885000FB7500E000BFFB7D002B09D1934B1B6D26
:1088600023F440127B685B6E904913430B6501E073
:10887000FB7DBB757B681B6803F48073002B3DD0C8
:108880007B685B6D042B26D801A252F823F000BF51
:10889000A5880008B3880008C5880008DD8800089E
:1088A000DD880008814BDB6A804A43F40033D362E1
:1088B00015E07B6804330021184601F091F9034666
:1088C000FB750CE07B6824330021184601F03AFA6E
:1088D0000346FB7503E00123FB7500E000BFFB7D51
:1088E000002B09D1714B1B6D23F007027B685B6D78
:1088F0006E4913430B6501E0FB7DBB757B681B680C
:1089000003F40073002B42D07B689B6DB3F5807F2E
:108910002BD0B3F5807F25D8C02B28D0C02B21D8F1
:10892000802B16D0802B1DD8002B02D0402B07D0D7
:1089300018E05E4BDB6A5D4A43F40033D36217E014
:108940007B6804330021184601F04AF90346FB75A1
:108950000EE07B6824330021184601F0F3F903464A
:10896000FB7505E00123FB7502E000BF00E000BFDE
:10897000FB7D002B09D14D4B1B6D23F4E0727B680E
:108980009B6D4A4913430B6501E0FB7DBB757B681A
:108990001B6803F48063002B49D07B68D3F8A430B4
:1089A000B3F5000F30D0B3F5000F2AD8B3F5C00FE0
:1089B0002CD0B3F5C00F24D8B3F5800F18D0B3F581
:1089C000800F1ED8002B03D0B3F5001F07D018E08E
:1089D000364BDB6A354A43F40033D36217E07B68D9
:1089E00004330021184601F0FBF80346FB750EE046
:1089F0007B6824330021184601F0A4F90346FB7577
:108A000005E00123FB7502E000BF00E000BFFB7D35
:108A1000002B0AD1254B9B6D23F460027B68D3F8B1
:108A2000A430224913438B6501E0FB7DBB757B6855
:108A30001B6803F40063002B4BD07B68D3F8A8308D
:108A4000B3F1806F30D0B3F1806F2AD8B3F1407F9B
:108A50002ED0B3F1407F24D8B3F1007F18D0B3F10A
:108A6000007F1ED8002B03D0B3F1807F07D018E021
:108A70000E4BDB6A0D4A43F40033D36219E07B6886
:108A800004330021184601F0ABF80346FB7510E0F3
:108A90007B6824330021184601F054F90346FB7526
:108AA00007E00123FB7504E000BF02E00044025828
:108AB00000BFFB7D002B0AD1994B9B6D23F0E06238
:108AC0007B68D3F8A830964913438B6501E0FB7DA2
:108AD000BB757B681B6803F00073002B32D07B688A
:108AE0009B6C302B1CD0302B17D8202B0CD0202B7C
:108AF00013D8002B16D0102B0FD1894BDB6A884A74
:108B000043F40033D3620EE07B680433022118463D
:108B100001F066F80346FB7505E00123FB7502E0F2
:108B200000BF00E000BFFB7D002B09D17C4BDB6C5C
:108B300023F030027B689B6C79491343CB6401E0DE
:108B4000FB7DBB757B681B6803F48053002B47D00B
:108B50007B68DB6DB3F5804F30D0B3F5804F2AD8FA
:108B6000B3F5405F2CD0B3F5405F24D8B3F5005F78
:108B700018D0B3F5005F1ED8002B03D0B3F5805F8B
:108B800007D018E0664BDB6A654A43F40033D362D2
:108B900017E07B6804330021184601F021F80346F2
:108BA000FB750EE07B6824330021184601F0CAF8FB
:108BB0000346FB7505E00123FB7502E000BF00E002
:108BC00000BFFB7D002B09D1554B1B6D23F4E04208
:108BD0007B68DB6D524913430B6501E0FB7DBB7580
:108BE0007B681B6803F40053002B49D07B681B6E25
:108BF000B3F5A02F2ED0B3F5A02F28D8B3F5802F32
:108C00002AD0B3F5802F22D8B3F5403F26D0B3F554
:108C1000403F1CD8B3F5003F10D0B3F5003F16D845
:108C2000002B1DD0B3F5803F11D17B6804330121A7
:108C3000184600F0D5FF0346FB7512E07B6824332D
:108C40000121184601F07EF80346FB7509E0012377
:108C5000FB7506E000BF04E000BF02E000BF00E0DB
:108C600000BFFB7D002B09D12D4B1B6D23F4E022AF
:108C70007B681B6E2A4913430B6501E0FB7DBB75C6
:108C80007B681B6803F48043002B4DD07B68D3F8CE
:108C9000AC30B3F1A04F2ED0B3F1A04F28D8B3F130
:108CA000804F2AD0B3F1804F22D8B3F1405F26D055
:108CB000B3F1405F1CD8B3F1005F10D0B3F1005F97
:108CC00016D8002B1DD0B3F1805F11D17B6804331F
:108CD0000121184600F084FF0346FB7512E07B6813
:108CE00024330121184601F02DF80346FB7509E0F5
:108CF0000123FB7506E000BF04E000BF02E000BFF7
:108D000000E000BFFB7D002B0CD1054B9B6D23F0D9
:108D1000E0427B68D3F8AC30014913438B6503E034
:108D200000440258FB7DBB757B681B6803F400435D
:108D3000002B2FD07B68DB6EB3F1005F0ED0B3F158
:108D4000005F14D8002B15D0B3F1805F0FD1AF4B6B
:108D5000DB6AAE4A43F40033D3620CE07B68043331
:108D60000121184600F03CFF0346FB7503E0012398
:108D7000FB7500E000BFFB7D002B09D1A34B1B6DF1
:108D800023F040527B68DB6EA04913430B6501E082
:108D9000FB7DBB757B681B6803F08073002B32D0B2
:108DA0007B685B6C032B1BD801A252F823F000BF39
:108DB000E78D0008C18D0008CF8D0008E78D000801
:108DC000924BDB6A914A43F40033D3620CE07B6838
:108DD00004330221184600F003FF0346FB7503E04D
:108DE0000123FB7500E000BFFB7D002B09D1874B01
:108DF000DB6C23F003027B685B6C84491343CB6418
:108E000001E0FB7DBB757B681B6803F48003002BCE
:108E100000F086807E4B1B687D4A43F480731360AC
:108E2000FBF798FF386109E0FBF794FF02463B69C6
:108E3000D31A642B02D90323FB7505E0744B1B681E
:108E400003F48073002BEFD0FB7D002B66D16F4BBA
:108E50001A6F7B68D3F8B030534003F44073002B93
:108E600013D06A4B1B6F23F44073FB60674B1B6F7F
:108E7000664A43F480331367644B1B6F634A23F4E1
:108E800080331367614AFB6813677B68D3F8B0309F
:108E9000B3F5807F15D1FBF75DFF38610BE0FBF781
:108EA00059FF02463B69D31A41F28832934202D9F4
:108EB0000323FB7505E0554B1B6F03F00203002BEA
:108EC000EDD0FB7D002B26D17B68D3F8B03003F4C6
:108ED0004073B3F5407F0DD14C4B1B6923F47C529A
:108EE0007B68D3F8B03019094A4B0B40474913430C
:108EF0000B6105E0454B1B69444A23F47C53136125
:108F0000424B1A6F7B68D3F8B030C3F30B033F4971
:108F100013430B6704E0FB7DBB7501E0FB7DBB7574
:108F20007B681B6803F00103002B00F085807B68E1
:108F30009B6F282B66D801A252F823F019900008E5
:108F400005900008059000080590000805900008AD
:108F5000059000080590000805900008E18F0008C2
:108F6000059000080590000805900008059000088D
:108F7000059000080590000805900008F38F000890
:108F8000059000080590000805900008059000086D
:108F90000590000805900008059000081990000849
:108FA000059000080590000805900008059000084D
:108FB0000590000805900008059000081990000829
:108FC000059000080590000805900008059000082D
:108FD0000590000805900008059000081990000809
:108FE0007B6804330121184600F0FAFD0346FB7547
:108FF00013E07B6824330121184600F0A3FE0346EA
:10900000FB750AE00123FB7507E000BF004402582E
:1090100000480258CFFFFF0000BFFB7D002B09D1A5
:10902000964B5B6D23F038027B689B6F934913432B
:109030004B6501E0FB7DBB757B681B6803F0020399
:10904000002B38D07B685B6F052B21D801A252F82A
:1090500023F000BF979000086D9000087F900008F3
:109060009790000897900008979000087B68043359
:109070000121184600F0B4FD0346FB750CE07B6847
:1090800024330121184600F05DFE0346FB7503E022
:109090000123FB7500E000BFFB7D002B09D1774B5E
:1090A0005B6D23F007027B685B6F744913434B656C
:1090B00001E0FB7DBB757B681B6803F00403002B9C
:1090C0003AD07B68D3F89030052B21D801A252F812
:1090D00023F000BF17910008ED900008FF900008F2
:1090E0001791000817910008179100087B68043356
:1090F0000121184600F074FD0346FB750CE07B6807
:1091000024330121184600F01DFE0346FB7503E0E1
:109110000123FB7500E000BFFB7D002B0AD1574BFC
:109120009B6D23F007027B68D3F8903053491343BB
:109130008B6501E0FB7DBB757B681B6803F020033A
:10914000002B4BD07B68D3F88C30B3F1A04F2ED0DE
:10915000B3F1A04F28D8B3F1804F2AD0B3F1804F9C
:1091600022D8B3F1405F26D0B3F1405F1CD8B3F1F1
:10917000005F10D0B3F1005F16D8002B1DD0B3F103
:10918000805F11D17B6804330021184600F028FD70
:109190000346FB7512E07B6824330221184600F079
:1091A000D1FD0346FB7509E00123FB7506E000BF16
:1091B00004E000BF02E000BF00E000BFFB7D002B29
:1091C0000AD12E4B5B6D23F0E0427B68D3F88C30E4
:1091D0002A4913434B6501E0FB7DBB757B681B6827
:1091E00003F04003002B4DD07B68D3F89830B3F5E3
:1091F000A05F2ED0B3F5A05F28D8B3F5805F2AD04A
:10920000B3F5805F22D8B3F5406F26D0B3F5406F39
:109210001CD8B3F5006F10D0B3F5006F16D8002B33
:109220001DD0B3F5806F11D17B680433002118463F
:1092300000F0D6FC0346FB7512E07B682433022164
:10924000184600F07FFD0346FB7509E00123FB751E
:1092500006E000BF04E000BF02E000BF00E000BF86
:10926000FB7D002B0CD1054B9B6D23F4E0527B68FA
:10927000D3F89830014913438B6503E0004402584A
:10928000FB7DBB757B681B6803F08003002B4BD014
:109290007B68D3F89C30B3F5204F2ED0B3F5204F28
:1092A00028D8B3F5004F2AD0B3F5004F22D8B3F534
:1092B000C04F26D0B3F5C04F1CD8B3F5804F10D0A7
:1092C000B3F5804F16D8002B1DD0B3F5005F11D138
:1092D0007B6804330021184600F082FC0346FB75CE
:1092E00012E07B6824330221184600F02BFD034670
:1092F000FB7509E00123FB7506E000BF04E000BF39
:1093000002E000BF00E000BFFB7D002B0AD19D4BB7
:109310009B6D23F460427B68D3F89C3099491343DA
:109320008B6501E0FB7DBB757B681B6803F0080360
:10933000002B1AD07B68D3F88030B3F5805F0AD158
:109340007B6824330221184600F0FCFC0346002B06
:1093500001D00123BB758B4B5B6D23F440527B68BE
:10936000D3F88030874913434B657B681B6803F053
:109370001003002B1AD07B68D3F89430B3F5807FAC
:109380000AD17B6824330221184600F0DBFC034637
:10939000002B01D00123BB757A4B9B6D23F44072E7
:1093A0007B68D3F89430774913438B657B681B68DF
:1093B00003F40023002B34D07B68D3F8A030B3F53E
:1093C000003F1DD0B3F5003F17D8002B03D0B3F5F5
:1093D000803F09D011E07B6804330021184600F07B
:1093E000FFFB0346FB750CE07B6824330221184623
:1093F00000F0A8FC0346FB7503E00123FB7500E0C9
:1094000000BFFB7D002B0AD15E4B9B6D23F44032E5
:109410007B68D3F8A0305B4913438B6501E0FB7D8B
:10942000BB757B681B6803F48023002B33D07B68FB
:10943000D3F88430B3F5401F1CD0B3F5401F16D8C5
:10944000B3F5801F03D0B3F5001F07D00FE04D4BDD
:10945000DB6A4C4A43F40033D3620CE07B6824336C
:109460000121184600F06EFC0346FB7503E0012362
:10947000FB7500E000BFFB7D002B0AD1414B5B6D0B
:1094800023F440127B68D3F884303E4913434B6584
:1094900001E0FB7DBB757B681B6803F48033002B08
:1094A00029D07B68DB6C002B03D0B3F5803F07D05D
:1094B0000FE0344BDB6A334A43F40033D3620BE0F2
:1094C0007B6804330221184600F08AFB0346FB75D3
:1094D00002E00123FB7500BFFB7D002B09D1294B66
:1094E000DB6C23F480327B68DB6C26491343CB644E
:1094F00001E0FB7DBB757B681B6803F00053002B0C
:109500000AD07B6824330221184600F01BFC034676
:10951000002B01D00123BB757B681B6803F400336B
:10952000002B33D07B68DB6FB3F5407F17D0B3F5EA
:10953000407F11D8B3F5007F13D0B3F5007F0BD86F
:10954000002B10D0B3F5807F06D10E4BDB6A0D4A9D
:1095500043F40033D36207E00123FB7504E000BF4E
:1095600002E000BF00E000BFFB7D002B0CD1054BEB
:109570005B6D23F440727B68DB6F024913434B65DC
:1095800004E000BF00440258FB7DBB757B681B688C
:1095900003F48013002B08D0314B1B6D23F00042E5
:1095A0007B681B6F2E4913430B657B681B6803F0B8
:1095B0008053002B09D02A4B1B6923F480427B681F
:1095C000D3F8B430264913430B617B681B6803F45E
:1095D0000013002B08D0224B1B6D23F080727B6898
:1095E0009B6E1F4913430B657B681B6803F0804328
:1095F000002B0DD01A4B1B69194A23F40043136149
:10960000174B1A697B68D3F8B830154913430B61BF
:109610007B681B68002B08DA114BDB6C23F040528F
:109620007B681B6D0E491343CB647B681B6803F496
:109630000003002B09D00A4B5B6D23F440027B68CA
:10964000D3F88830064913434B65BB7D002B01D10D
:10965000002300E0012318461837BD4680BD00BF37
:109660000044025880B500AFFFF718F80246064BD9
:109670001B6A1B0903F007030449CB5C03F01F03BB
:1096800022FA03F3184680BD0044025878C301084B
:1096900080B489B000AF7860A14B9B6A03F00303EC
:1096A000BB619F4B9B6A1B0B03F03F037B619C4B91
:1096B000DB6A1B0903F001033B61994BDB6BDB08A1
:1096C000C3F30C033A6902FB03F307EE903AF8EE9A
:1096D000677AC7ED037A7B69002B00F01181BB69C3
:1096E000022B00F08380BB69022B00F2A180BB69D2
:1096F000002B03D0BB69012B56D099E0884B1B6827
:1097000003F02003002B2DD0854B1B68DB0803F0F2
:109710000303844A22FA03F3BB60BB6807EE903A66
:10972000F8EE676A7B6907EE903AF8EE677A86EEA4
:10973000A77A7B4B9B6BC3F3080307EE903AF8EED6
:10974000676A97ED036ADFED785AC6EE257A76EE02
:10975000A77AF7EE006A77EEA67A67EE277AC7ED6A
:10976000077A87E07B6907EE903AF8EE677ADFEDDB
:109770006F6A86EEA77A6A4B9B6BC3F3080307EE0A
:10978000903AF8EE676A97ED036ADFED675AC6EE26
:10979000257A76EEA77AF7EE006A77EEA67A67EE7C
:1097A000277AC7ED077A65E07B6907EE903AF8EE15
:1097B000677ADFED5F6A86EEA77A594B9B6BC3F33E
:1097C000080307EE903AF8EE676A97ED036ADFED5B
:1097D000565AC6EE257A76EEA77AF7EE006A77EE4D
:1097E000A67A67EE277AC7ED077A43E07B6907EE32
:1097F000903AF8EE677ADFED4F6A86EEA77A484B2B
:109800009B6BC3F3080307EE903AF8EE676A97ED97
:10981000036ADFED455AC6EE257A76EEA77AF7EEB3
:10982000006A77EEA67A67EE277AC7ED077A21E01D
:109830007B6907EE903AF8EE677ADFED3D6A86EED7
:10984000A77A374B9B6BC3F3080307EE903AF8EE09
:10985000676A97ED036ADFED345AC6EE257A76EE35
:10986000A77AF7EE006A77EEA67A67EE277AC7ED59
:10987000077A00BF2A4B9B6B5B0A03F07F0307EE5E
:10988000903AF8EE677AB7EE007A37EE877AD7ED3E
:10989000076AC6EE877AFCEEE77A17EE902A7B68B5
:1098A0001A601F4B9B6B1B0C03F07F0307EE903A73
:1098B000F8EE677AB7EE007A37EE877AD7ED076A67
:1098C000C6EE877AFCEEE77A17EE902A7B685A603C
:1098D000134B9B6B1B0E03F07F0307EE903AF8EEE1
:1098E000677AB7EE007A37EE877AD7ED076AC6EE69
:1098F000877AFCEEE77A17EE902A7B689A6008E098
:109900007B6800221A607B6800225A607B68002214
:109910009A6000BF2437BD465DF8047B704700BFE6
:10992000004402580090D003000000460024744C0C
:109930000024744A0024F44A80B489B000AF7860EF
:10994000A14B9B6A03F00303BB619F4B9B6A1B0DFA
:1099500003F03F037B619C4BDB6A1B0A03F00103AE
:109960003B61994B5B6CDB08C3F30C033A6902FB68
:1099700003F307EE903AF8EE677AC7ED037A7B6956
:10998000002B00F01181BB69022B00F08380BB69C2
:10999000022B00F2A180BB69002B03D0BB69012B15
:1099A00056D099E0884B1B6803F02003002B2DD084
:1099B000854B1B68DB0803F00303844A22FA03F398
:1099C000BB60BB6807EE903AF8EE676A7B6907EE0A
:1099D000903AF8EE677A86EEA77A7B4B1B6CC3F35E
:1099E000080307EE903AF8EE676A97ED036ADFED39
:1099F000785AC6EE257A76EEA77AF7EE006A77EE09
:109A0000A67A67EE277AC7ED077A87E07B6907EECB
:109A1000903AF8EE677ADFED6F6A86EEA77A6A4BC6
:109A20001B6CC3F3080307EE903AF8EE676A97EDF4
:109A3000036ADFED675AC6EE257A76EEA77AF7EE6F
:109A4000006A77EEA67A67EE277AC7ED077A65E0B7
:109A50007B6907EE903AF8EE677ADFED5F6A86EE93
:109A6000A77A594B1B6CC3F3080307EE903AF8EE44
:109A7000676A97ED036ADFED565AC6EE257A76EEF1
:109A8000A77AF7EE006A77EEA67A67EE277AC7ED37
:109A9000077A43E07B6907EE903AF8EE677ADFEDEC
:109AA0004F6A86EEA77A484B1B6CC3F3080307EE98
:109AB000903AF8EE676A97ED036ADFED455AC6EE15
:109AC000257A76EEA77AF7EE006A77EEA67A67EE49
:109AD000277AC7ED077A21E07B6907EE903AF8EE26
:109AE000677ADFED3D6A86EEA77A374B1B6CC3F3CE
:109AF000080307EE903AF8EE676A97ED036ADFED28
:109B0000345AC6EE257A76EEA77AF7EE006A77EE3B
:109B1000A67A67EE277AC7ED077A00BF2A4B1B6C3F
:109B20005B0A03F07F0307EE903AF8EE677AB7EE30
:109B3000007A37EE877AD7ED076AC6EE877AFCEEB1
:109B4000E77A17EE902A7B681A601F4B1B6C1B0C80
:109B500003F07F0307EE903AF8EE677AB7EE007AEB
:109B600037EE877AD7ED076AC6EE877AFCEEE77A9A
:109B700017EE902A7B685A60134B1B6C1B0E03F088
:109B80007F0307EE903AF8EE677AB7EE007A37EE89
:109B9000877AD7ED076AC6EE877AFCEEE77A17EE8A
:109BA000902A7B689A6008E07B6800221A607B68D4
:109BB00000225A607B6800229A6000BF2437BD46AD
:109BC0005DF8047B704700BF004402580090D0034A
:109BD000000000460024744C0024744A0024F44A17
:109BE00080B584B000AF786039600023FB73534BBD
:109BF0009B6A03F00303032B01D1012399E04F4B30
:109C00001B684E4A23F080631360FBF7A3F8B8602B
:109C100008E0FBF79FF80246BB68D31A022B01D974
:109C2000032386E0454B1B6803F00063002BF0D153
:109C3000424B9B6A23F47C327B681B681B033F49C1
:109C400013438B627B685B68013BC3F308027B684C
:109C50009B68013B5B029BB21A437B68DB68013B5C
:109C60001B0403F4FE031A437B681B69013B1B06BC
:109C700003F0FE43314913438B63304BDB6A23F01F
:109C8000C0027B685B692D491343CB622B4BDB6AB7
:109C900023F020027B689B6928491343CB62274B42
:109CA000DB6A264A23F01003D362244BDA6B244B81
:109CB00013407A68D269D20020491343CB631F4B0B
:109CC000DB6A1E4A43F01003D3623B68002B06D1C7
:109CD0001A4BDB6A194A43F40023D3620FE03B6856
:109CE000012B06D1154BDB6A144A43F48013D3626F
:109CF00005E0124BDB6A114A43F40013D3620F4BA9
:109D00001B680E4A43F080631360FBF723F8B860CA
:109D100008E0FBF71FF80246BB68D31A022B01D9F3
:109D2000032306E0054B1B6803F00063002BF0D013
:109D3000FB7B18461037BD4680BD00BF004402586B
:109D40000700FFFF80B584B000AF78603960002362
:109D5000FB73534B9B6A03F00303032B01D10123D5
:109D600099E04F4B1B684E4A23F080531360FAF77B
:109D7000F1FFB86008E0FAF7EDFF0246BB68D31ABE
:109D8000022B01D9032386E0454B1B6803F00053E7
:109D9000002BF0D1424B9B6A23F07C727B681B68DE
:109DA0001B053F4913438B627B685B68013BC3F330
:109DB00008027B689B68013B5B029BB21A437B688D
:109DC000DB68013B1B0403F4FE031A437B681B6939
:109DD000013B1B0603F0FE43314913430B64304B38
:109DE000DB6A23F440627B685B692D491343CB62D5
:109DF0002B4BDB6A23F400727B689B692849134371
:109E0000CB62274BDB6A264A23F48073D362244B50
:109E10005A6C244B13407A68D269D200204913430C
:109E20004B641F4BDB6A1E4A43F48073D3623B686A
:109E3000002B06D11A4BDB6A194A43F48003D36224
:109E40000FE03B68012B06D1154BDB6A144A43F443
:109E50000003D36205E0124BDB6A114A43F08073C2
:109E6000D3620F4B1B680E4A43F080531360FAF71E
:109E700071FFB86008E0FAF76DFF0246BB68D31ABD
:109E8000022B01D9032306E0054B1B6803F00053A6
:109E9000002BF0D0FB7B18461037BD4680BD00BFBD
:109EA000004402580700FFFF80B584B000AF78601F
:109EB0007B68002B01D10123F1E07B6800229A62CC
:109EC0007B681B68784A93420FD07B681B68774A8F
:109ED00093420AD07B681B68754A934205D07B6821
:109EE000DB680F2B01D90123D9E0786801F080F8F5
:109EF000F8607B681B686C4A93420CD07B681B68D7
:109F00006A4A934207D07B681B68694A934202D031
:109F1000FB68082B11D87B681B68634A934209D001
:109F20007B681B68614A934204D07B681B68604A67
:109F3000934204D1FB68102B01D90123AFE07B6869
:109F400093F88130DBB2002B06D17B68002283F8C6
:109F500080207868F9F7F0FE7B68022283F8812080
:109F60007B681B681A687B681B6822F001021A6014
:109F70007B681B689B6803F4F813BB607B689B6974
:109F8000B3F1806F19D17B685B68B3F5800F03D1A3
:109F90007B689B6B002B08D07B685B68002B0CD127
:109FA0007B689B6BB3F1805F07D17B681B681A6885
:109FB0007B681B6842F480521A607B68DA697B68B0
:109FC0009B6A1A43BB681A437B68DB6B42EA030156
:109FD0007B68DA687B681B680A439A607B685A6B07
:109FE0007B685B6A1A437B689B6B1A437B689B693F
:109FF0001A437B681B691A437B685B691A437B6859
:10A000001B6A1A437B685B681A437B68DB6C1A43E4
:10A010007B689B681A437B689B6C42EA03017B6800
:10A020009A6D7B681B680A43DA607B685B68002B6B
:10A0300013D17B681B689B6823F4C0527B681B6844
:10A0400042F400629A607B681B689B6823F4C062DC
:10A050007B681B6842F480629A607B681B681A6D9B
:10A060007B681B6822F001021A657B685B6803F459
:10A070008003002B0AD07B681B68DB6823F000415B
:10A080007B685A6D7B681B680A43DA607B68002234
:10A09000C3F884207B68012283F8812000231846BE
:10A0A0001037BD4680BD00BF003001400038004081
:10A0B000003C004080B58AB002AFF860B9603B60F8
:10A0C0001346FB80FB681B682033FB610023FB7693
:10A0D000FB6893F88030012B01D10223D7E1FB68A4
:10A0E000012283F88020FAF735FE7861FB6893F847
:10A0F0008130DBB2012B07D00223FB76FB68002204
:10A1000083F88020FB7EC2E1BB68002B02D0FB8875
:10A11000002B07D10123FB76FB68002283F8802007
:10A12000FB7EB4E1FB68032283F88120FB680022F8
:10A13000C3F88420FB68BA68DA65FB68FA88A3F87C
:10A140006020FB68FA88A3F86220FB6800225A6648
:10A15000FB680022A3F86820FB680022A3F86A20AD
:10A16000FB6800225A67FB6800221A67FB689B683D
:10A17000B3F5C02F07D1FB681B681A68FB681B6822
:10A1800042F400621A60FB681B685A68964B1340E1
:10A19000F988FA6812680B435360FB681B681A68F9
:10A1A000FB681B6842F001021A60FB685B68B3F54C
:10A1B000800F07D1FB681B681A68FB681B6842F4B4
:10A1C00000721A60FB68DB680F2B47D93FE0FB6821
:10A1D0001B685B6903F00203022B14D1FB68DA6D84
:10A1E000FB681B6812681A62FB68DB6D1A1DFB684E
:10A1F000DA65FB68B3F862309BB2013B9AB2FB6848
:10A20000A3F8622023E0FAF7A5FD02467B69D31A82
:10A210003A689A4203D83B68B3F1FF3F02D13B68EA
:10A22000002B14D1F86800F015FEFB68002283F8BB
:10A230008020FB68D3F8843043F48072FB68C3F855
:10A240008420FB68012283F8812003231FE1FB683F
:10A25000B3F862309BB2002BB9D1F2E0FB68DB6847
:10A26000072B40F2E7805DE0FB681B685B6903F049
:10A270000203022B32D1FB68B3F862309BB2012B90
:10A2800018D9FB68DB6B002B14D0FB68DA6DFB6818
:10A290001B6812681A62FB68DB6D1A1DFB68DA65C1
:10A2A000FB68B3F862309BB2023B9AB2FB68A3F83A
:10A2B000622037E0FB68DB6D1A88FB691A80FB6857
:10A2C000DB6D9A1CFB68DA65FB68B3F862309BB201
:10A2D000013B9AB2FB68A3F8622023E0FAF73AFD4B
:10A2E00002467B69D31A3A689A4203D83B68B3F1B5
:10A2F000FF3F02D13B68002B14D1F86800F0AAFDA3
:10A30000FB68002283F88020FB68D3F8843043F494
:10A310008072FB68C3F88420FB68012283F88120E7
:10A320000323B4E0FB68B3F862309BB2002B9BD1EF
:10A3300087E0FB681B685B6903F00203022B55D1C1
:10A34000FB68B3F862309BB2032B18D9FB68DB6B58
:10A35000402B14D9FB68DA6DFB681B6812681A621F
:10A36000FB68DB6D1A1DFB68DA65FB68B3F86230C9
:10A370009BB2043B9AB2FB68A3F862205AE0FB68E8
:10A38000B3F862309BB2012B17D9FB68DB6B002B53
:10A3900013D0FB68DB6D1A88FB691A80FB68DB6DE4
:10A3A0009A1CFB68DA65FB68B3F862309BB2023B2B
:10A3B0009AB2FB68A3F862203CE0FB68DA6DFB68A8
:10A3C0001B68203312781A70FB68DB6D5A1CFB681F
:10A3D000DA65FB68B3F862309BB2013B9AB2FB6866
:10A3E000A3F8622026E000BF0000FFFFFAF7B2FCEE
:10A3F00002467B69D31A3A689A4203D83B68B3F1A4
:10A40000FF3F02D13B68002B14D1F86800F022FD19
:10A41000FB68002283F88020FB68D3F8843043F483
:10A420008072FB68C3F88420FB68012283F88120D6
:10A4300003232CE0FB68B3F862309BB2002B7FF45F
:10A4400078AF3B6800937B6900220821F86800F030
:10A45000A1FD0346002B07D0FB68D3F8843043F0FE
:10A460002002FB68C3F88420F86800F0F3FCFB6866
:10A47000002283F88020FB68012283F88120FB689A
:10A48000D3F88430002B01D0012300E0FB7E184676
:10A490002037BD4680BD00BF80B58AB002AFF860EE
:10A4A000B9603B601346FB800023FB77FB681B68A9
:10A4B0003033BB61FB685B68B3F5800F12D1FB687A
:10A4C0009B68002B0ED1FB68042283F88120FA8858
:10A4D0003B6800931346BA68B968F86800F0CEF993
:10A4E0000346C7E1FB6893F88030012B01D10223BA
:10A4F000C0E1FB68012283F88020FAF72BFC786129
:10A50000FB6893F88130DBB2012B07D00223FB7785
:10A51000FB68002283F88020FB7FABE1BB68002B47
:10A5200002D0FB88002B07D10123FB77FB680022B8
:10A5300083F88020FB7F9DE1FB68042283F8812063
:10A54000FB680022C3F88420FB68BA685A66FB687F
:10A55000FA88A3F86820FB68FA88A3F86A20FB68E9
:10A560000022DA65FB680022A3F86020FB68002265
:10A57000A3F86220FB6800221A67FB6800225A6772
:10A58000FB689B68B3F5C02F07D1FB681B681A688E
:10A59000FB681B6822F400621A60FB681B685A683B
:10A5A000944B1340F988FA6812680B435360FB68B8
:10A5B0001B681A68FB681B6842F001021A60FB689E
:10A5C0005B68B3F5800F07D1FB681B681A68FB68EE
:10A5D0001B6842F400721A60FB68DB680F2B48D9D5
:10A5E00040E0FB681B685A6948F208031340002BDF
:10A5F00014D0FB681A68FB685B6E126B1A60FB680C
:10A600005B6E1A1DFB685A66FB68B3F86A309BB232
:10A61000013B9AB2FB68A3F86A2023E0FAF79AFBA1
:10A6200002467B69D31A3A689A4203D83B68B3F171
:10A63000FF3F02D13B68002B14D1F86800F00AFC00
:10A64000FB68002283F88020FB68D3F8843043F451
:10A650008072FB68C3F88420FB68012283F88120A4
:10A66000032307E1FB68B3F86A309BB2002BB8D133
:10A67000EDE0FB68DB68072B40F2E2805BE0FB6803
:10A680001B685B6903F46043002B30D0FB681B68D8
:10A690005B6903F40043002B14D0FB681A68FB6865
:10A6A0005B6E126B1A60FB685B6E1A1DFB685A6664
:10A6B000FB68B3F86A309BB2023B9AB2FB68A3F81E
:10A6C0006A2038E0FB685B6EBA69128892B21A8021
:10A6D000FB685B6E9A1CFB685A66FB68B3F86A30CD
:10A6E0009BB2013B9AB2FB68A3F86A2023E0FAF719
:10A6F00031FB02467B69D31A3A689A4203D83B6819
:10A70000B3F1FF3F02D13B68002B14D1F86800F091
:10A71000A1FBFB68002283F88020FB68D3F884301B
:10A7200043F48072FB68C3F88420FB68012283F83D
:10A73000812003239EE0FB68B3F86A309BB2002BB4
:10A740009DD184E0FB681B685B6903F46043002BC8
:10A7500052D0FB681B685B6903F40043002B14D0E4
:10A76000FB681A68FB685B6E126B1A60FB685B6EB5
:10A770001A1DFB685A66FB68B3F86A309BB2043B4B
:10A780009AB2FB68A3F86A205AE0FB681B685B6911
:10A7900003F4C043B3F5005F14D9FB685B6EBA697C
:10A7A000128892B21A80FB685B6E9A1CFB685A662C
:10A7B000FB68B3F86A309BB2023B9AB2FB68A3F81D
:10A7C0006A203DE0FB681B6803F13002FB685B6EAA
:10A7D0001278D2B21A70FB685B6E5A1CFB685A661C
:10A7E000FB68B3F86A309BB2013B9AB2FB68A3F8EE
:10A7F0006A2025E00000FFFFFAF7ACFA02467B6909
:10A80000D31A3A689A4203D83B68B3F1FF3F02D1AA
:10A810003B68002B14D1F86800F01CFBFB68002299
:10A8200083F88020FB68D3F8843043F48072FB689F
:10A83000C3F88420FB68012283F88120032319E0F8
:10A84000FB68B3F86A309BB2002B7FF47BAFF868EB
:10A8500000F000FBFB68002283F88020FB680122E7
:10A8600083F88120FB68D3F88430002B01D00123CA
:10A8700000E0FB7F18462037BD4680BD80B58EB016
:10A8800002AFF860B9607A607B80002387F82B30D4
:10A89000FB681B6820337B62FB681B6830333B62BC
:10A8A000FB6893F88030012B01D10223CEE2FB68D4
:10A8B000012283F88020FAF74DFAF8617B88FB8546
:10A8C0007B88BB85FB6893F88130FB76FB685B680F
:10A8D0007B61FB7E012B14D07B69B3F5800F06D121
:10A8E000FB689B68002B02D1FB7E042B09D002235E
:10A8F00087F82B30FB68002283F8802097F82B30F4
:10A90000A4E2BB68002B05D07B68002B02D07B88BB
:10A91000002B09D1012387F82B30FB68002283F834
:10A92000802097F82B3091E2FB6893F88130DBB2FE
:10A93000042B03D0FB68052283F88120FB680022EA
:10A94000C3F88420FB687A685A66FB687A88A3F8A3
:10A950006A20FB687A88A3F86820FB68BA68DA6521
:10A96000FB687A88A3F86220FB687A88A3F86020E5
:10A97000FB6800221A67FB6800225A67FB681B68A5
:10A980005A68814B13407988FA6812680B43536008
:10A99000FB681B681A68FB681B6842F001021A60BA
:10A9A000FB685B68B3F5800F07D1FB681B681A680A
:10A9B000FB681B6842F400721A60FB68DB680F2BAF
:10A9C00070D968E0FB681B685B6903F00203022B27
:10A9D0001AD1FB8D002B17D0FB68DA6DFB681B6862
:10A9E00012681A62FB68DB6D1A1DFB68DA65FB688A
:10A9F000B3F862309BB2013B9AB2FB68A3F86220C5
:10AA0000FB68B3F86230FB85FB681B685A6948F243
:10AA100008031340002B1AD0BB8D002B17D0FB6806
:10AA20001A68FB685B6E126B1A60FB685B6E1A1D1E
:10AA3000FB685A66FB68B3F86A309BB2013B9AB276
:10AA4000FB68A3F86A20FB68B3F86A30BB85FAF7A5
:10AA500081F90246FB69D31ABA6B9A4203D8BB6BE1
:10AA6000B3F1FF3F02D1BB6B002B14D1F86800F0AB
:10AA7000F1F9FB68002283F88020FB68D3F884306A
:10AA800043F48072FB68C3F88420FB68012283F8DA
:10AA900081200323DAE1FB8D002B93D1BB8D002BAA
:10AAA00090D1ACE1FB68DB68072B40F2A081A9E004
:10AAB000FB681B685B6903F00203022B39D1FB8D35
:10AAC000002B36D0FB8D012B1CD9FB68DB6B002BD8
:10AAD00018D0FB68DA6DFB681B6812681A62FB68A5
:10AAE000DB6D1A1DFB68DA65FB68B3F862309BB258
:10AAF000023B9AB2FB68A3F86220FB68B3F86230AD
:10AB0000FB8516E0FB68DB6D1A887B6A1A80FB68A0
:10AB1000DB6D9A1CFB68DA65FB68B3F862309BB2A8
:10AB2000013B9AB2FB68A3F86220FB68B3F862307D
:10AB3000FB85FB681B685B6903F46043002B3DD019
:10AB4000BB8D002B3AD0FB681B685B6903F40043A4
:10AB5000002B1BD0FB681A68FB685B6E126B1A60D7
:10AB6000FB685B6E1A1DFB685A66FB68B3F86A30B7
:10AB70009BB2023B9AB2FB68A3F86A20FB68B3F869
:10AB80006A30BB851AE000BF0000FFFFFB685B6E08
:10AB90003A6A128892B21A80FB685B6E9A1CFB6854
:10ABA0005A66FB68B3F86A309BB2013B9AB2FB6805
:10ABB000A3F86A20FB68B3F86A30BB85FAF7CAF8D5
:10ABC0000246FB69D31ABA6B9A4203D8BB6BB3F146
:10ABD000FF3F02D1BB6B002B14D1F86800F03AF9AB
:10ABE000FB68002283F88020FB68D3F8843043F4AC
:10ABF0008072FB68C3F88420FB68012283F88120FF
:10AC0000032323E1FB8D002B7FF452AFBB8D002B80
:10AC10007FF44EAFF3E0FB681B685B6903F002034F
:10AC2000022B5AD1FB8D002B57D0FB8D032B1CD947
:10AC3000FB68DB6B402B18D9FB68DA6DFB681B687F
:10AC400012681A62FB68DB6D1A1DFB68DA65FB6827
:10AC5000B3F862309BB2043B9AB2FB68A3F862205F
:10AC6000FB68B3F86230FB8537E0FB8D012B1BD905
:10AC7000FB68DB6B002B17D0FB68DB6D1A887B6AE7
:10AC80001A80FB68DB6D9A1CFB68DA65FB68B3F819
:10AC900062309BB2023B9AB2FB68A3F86220FB6869
:10ACA000B3F86230FB8518E0FB68DA6DFB681B685F
:10ACB000203312781A70FB68DB6D5A1CFB68DA656A
:10ACC000FB68B3F862309BB2013B9AB2FB68A3F811
:10ACD0006220FB68B3F86230FB85FB681B685B6928
:10ACE00003F46043002B5ED0BB8D002B5BD0FB6870
:10ACF0001B685B6903F40043002B18D0FB681A68DB
:10AD0000FB685B6E126B1A60FB685B6E1A1DFB685A
:10AD10005A66FB68B3F86A309BB2043B9AB2FB6890
:10AD2000A3F86A20FB68B3F86A30BB853BE0FB6898
:10AD30001B685B6903F4C043B3F5005F18D9FB6877
:10AD40005B6E3A6A128892B21A80FB685B6E9A1C3C
:10AD5000FB685A66FB68B3F86A309BB2023B9AB252
:10AD6000FB68A3F86A20FB68B3F86A30BB851AE079
:10AD7000FB681B6803F13002FB685B6E1278D2B28D
:10AD80001A70FB685B6E5A1CFB685A66FB68B3F866
:10AD90006A309BB2013B9AB2FB68A3F86A20FB6859
:10ADA000B3F86A30BB85F9F7D5FF0246FB69D31AC1
:10ADB000BA6B9A4203D8BB6BB3F1FF3F02D1BB6BB6
:10ADC000002B14D1F86800F045F8FB68002283F8E6
:10ADD0008020FB68D3F8843043F48072FB68C3F8AA
:10ADE0008420FB68012283F8812003232EE0FB8D61
:10ADF000002B7FF410AFBB8D002B7FF40CAFBB6B2F
:10AE00000093FB6900220821F86800F0C3F80346AC
:10AE1000002B07D0FB68D3F8843043F02002FB6896
:10AE2000C3F88420F86800F015F8FB68002283F866
:10AE30008020FB68012283F88120FB68D3F88430EE
:10AE4000002B01D0012301E097F82B301846303752
:10AE5000BD4680BD80B485B000AF78607B681B685C
:10AE60005B69FB607B681B689A697B681B6842F0C2
:10AE700008029A617B681B689A697B681B6842F0CC
:10AE800010029A617B681B681A687B681B6822F055
:10AE900001021A607B681B6819697B681A683C4B61
:10AEA0000B4013617B681B689A687B681B6822F4FF
:10AEB00040429A607B6893F88130DBB2042B14D057
:10AEC000FB6803F02003002B0FD07B68D3F884309D
:10AED00043F080027B68C3F884207B681B689A6912
:10AEE0007B681B6842F020029A617B6893F881308E
:10AEF000DBB2032B14D0FB6803F04003002B0FD010
:10AF00007B68D3F8843043F004027B68C3F8842064
:10AF10007B681B689A697B681B6842F040029A61F3
:10AF2000FB6803F40073002B0FD07B68D3F88430E8
:10AF300043F001027B68C3F884207B681B689A6930
:10AF40007B681B6842F400729A61FB6803F48073AB
:10AF5000002B0FD07B68D3F8843043F008027B6865
:10AF6000C3F884207B681B689A697B681B6842F47D
:10AF700080729A617B680022A3F862207B680022BD
:10AF8000A3F86A2000BF1437BD465DF8047B704704
:10AF900090FCFFFF80B584B000AFF860B9603B6003
:10AFA0001346FB7110E0F9F7D5FE02463B68D31A51
:10AFB000BA699A4203D8BB69B3F1FF3F02D1BB69BA
:10AFC000002B01D103230FE0FB681B685A69BB68A3
:10AFD0001340BA689A420CBF01230023DBB21A4621
:10AFE000FB799A42DFD0002318461037BD4680BD5A
:10AFF00080B485B000AF78607B68DB6B5B090133A0
:10B00000FB607B68DB680133BB60BB680733DB0830
:10B01000BB60BB68FA6802FB03F318461437BD46F1
:10B020005DF8047B704780B582B000AF78607B68C4
:10B03000002B01D1012349E07B6893F83D30DBB25E
:10B04000002B06D17B68002283F83C207868F8F753
:10B050009BFF7B68022283F83D207B681A687B682F
:10B0600004331946104600F0F5F97B68012283F895
:10B0700048207B68012283F83E207B68012283F808
:10B080003F207B68012283F840207B68012283F8FF
:10B0900041207B68012283F842207B68012283F8EB
:10B0A00043207B68012283F844207B68012283F8D7
:10B0B00045207B68012283F846207B68012283F8C3
:10B0C00047207B68012283F83D200023184608377B
:10B0D000BD4680BD80B485B000AF78607B6893F8D2
:10B0E0003D30DBB2012B01D0012354E07B6802220A
:10B0F00083F83D207B681B68DA687B681B6842F038
:10B100000102DA607B681B68264A934222D07B6882
:10B110001B68B3F1804F1DD07B681B68224A9342A5
:10B1200018D07B681B68214A934213D07B681B6848
:10B130001F4A93420ED07B681B681E4A934209D077
:10B140007B681B681C4A934204D07B681B681B4ABF
:10B15000934215D17B681B689A68194B1340FB60BA
:10B16000FB68062B15D0FB68B3F5803F11D07B68D8
:10B170001B681A687B681B6842F001021A6008E0CD
:10B180007B681B681A687B681B6842F001021A60C2
:10B1900000E000BF002318461437BD465DF8047B6D
:10B1A000704700BF0000014000040040000800405C
:10B1B000000C004000040140001800400040014025
:10B1C0000700010080B582B000AF78607B681B6823
:10B1D0001B6903F00203022B22D17B681B68DB682A
:10B1E00003F00203022B1BD17B681B686FF0020285
:10B1F0001A617B6801221A777B681B689B6903F0E0
:10B200000303002B03D0786800F005F905E07868A7
:10B2100000F0F7F8786800F008F97B6800221A77E8
:10B220007B681B681B6903F00403042B22D17B6835
:10B230001B68DB6803F00403042B1BD17B681B68CD
:10B240006FF004021A617B6802221A777B681B6820
:10B250009B6903F44073002B03D0786800F0DBF89F
:10B2600005E0786800F0CDF8786800F0DEF87B68DB
:10B2700000221A777B681B681B6903F00803082B00
:10B2800022D17B681B68DB6803F00803082B1BD105
:10B290007B681B686FF008021A617B6804221A77CA
:10B2A0007B681B68DB6903F00303002B03D078681D
:10B2B00000F0B1F805E0786800F0A3F8786800F0D5
:10B2C000B4F87B6800221A777B681B681B6903F05F
:10B2D0001003102B22D17B681B68DB6803F010037E
:10B2E000102B1BD17B681B686FF010021A617B6802
:10B2F00008221A777B681B68DB6903F44073002B14
:10B3000003D0786800F087F805E0786800F079F8F5
:10B31000786800F08AF87B6800221A777B681B68DF
:10B320001B6903F00103012B0ED17B681B68DB68EE
:10B3300003F00103012B07D17B681B686FF001024A
:10B340001A617868F7F7C8FF7B681B681B6903F010
:10B350008003802B0ED17B681B68DB6803F08003C1
:10B36000802B07D17B681B686FF080021A617868B8
:10B3700000F0A2F97B681B681B6903F48073B3F5C6
:10B38000807F0ED17B681B68DB6803F08003802B15
:10B3900007D17B681B686FF480721A61786800F0CF
:10B3A00095F97B681B681B6903F04003402B0ED1A5
:10B3B0007B681B68DB6803F04003402B07D17B6888
:10B3C0001B686FF040021A61786800F038F87B68FB
:10B3D0001B681B6903F02003202B0ED17B681B68C0
:10B3E000DB6803F02003202B07D17B681B686FF01C
:10B3F00020021A61786800F055F900BF0837BD4691
:10B4000080BD80B483B000AF786000BF0C37BD460C
:10B410005DF8047B704780B483B000AF786000BFF4
:10B420000C37BD465DF8047B704780B483B000AF35
:10B43000786000BF0C37BD465DF8047B704780B470
:10B4400083B000AF786000BF0C37BD465DF8047B69
:10B450007047000080B485B000AF786039607B68C9
:10B460001B68FB607B68404A934213D07B68B3F152
:10B47000804F0FD07B683D4A93420BD07B683C4A9B
:10B48000934207D07B683B4A934203D07B683A4A99
:10B49000934208D1FB6823F07003FB603B685B6854
:10B4A000FA681343FB607B682F4A93421FD07B6886
:10B4B000B3F1804F1BD07B682C4A934217D07B6836
:10B4C0002B4A934213D07B682A4A93420FD07B6861
:10B4D000294A93420BD07B68284A934207D07B6865
:10B4E000274A934203D07B68264A934208D1FB68DF
:10B4F00023F44073FB603B68DB68FA681343FB602E
:10B50000FB6823F080023B685B691343FB607B6848
:10B51000FA681A603B689A687B68DA623B681A6866
:10B520007B689A627B68104A93420FD07B68124A0C
:10B5300093420BD07B68114A934207D07B68104A34
:10B54000934203D07B680F4A934203D13B681A6948
:10B550007B681A637B6801225A6100BF1437BD46BD
:10B560005DF8047B704700BF00000140000400400C
:10B5700000080040000C0040000401400040014071
:10B58000004401400048014080B485B000AF7860BD
:10B5900039607B6893F83C30012B01D102236DE0C8
:10B5A0007B68012283F83C207B68022283F83D20DF
:10B5B0007B681B685B68FB607B681B689B68BB6083
:10B5C0007B681B68304A934204D07B681B682F4A13
:10B5D000934208D1FB6823F47003FB603B685B680F
:10B5E000FA681343FB60FB6823F07003FB603B6861
:10B5F0001B68FA681343FB607B681B68FA685A6033
:10B600007B681B68204A934222D07B681B68B3F199
:10B61000804F1DD07B681B681D4A934218D07B6801
:10B620001B681C4A934213D07B681B681A4A9342DA
:10B630000ED07B681B68154A934209D07B681B6853
:10B64000164A934204D07B681B68154A93420CD17A
:10B65000BB6823F08003BB603B689B68BA681343F8
:10B66000BB607B681B68BA689A607B68012283F8BC
:10B670003D207B68002283F83C20002318461437C5
:10B68000BD465DF8047B70470000014000040140A6
:10B690000004004000080040000C0040001800407A
:10B6A0000040014080B483B000AF786000BF0C3729
:10B6B000BD465DF8047B704780B483B000AF78600E
:10B6C00000BF0C37BD465DF8047B704780B483B083
:10B6D00000AF786000BF0C37BD465DF8047B704753
:10B6E00080B582B000AF78607B68002B01D1012368
:10B6F00042E07B68D3F88430002B06D17B680022BF
:10B7000083F880207868F8F767FC7B682422C3F808
:10B7100084207B681B681A687B681B6822F0010222
:10B720001A60786800F02CF80346012B01D1012340
:10B7300022E07B689B6A002B02D0786800F088FDCD
:10B740007B681B685A687B681B6822F490425A60C9
:10B750007B681B689A687B681B6822F02A029A60E3
:10B760007B681B681A687B681B6842F001021A60DC
:10B77000786800F00FFE034618460837BD4680BDC6
:10B780002DE9B04F92B000AF7861002387F84230C6
:10B790007B699A687B691B691A437B695B691A43F9
:10B7A0007B69DB6913437B647B691B681A68BE4B4A
:10B7B00013407A691268796C0B4313607B691B68CC
:10B7C0005B6823F440517B69DA687B691B680A4334
:10B7D0005A607B699B697B647B691B68B34A9342AF
:10B7E00004D07B691B6A7A6C13437B647B691B689A
:10B7F0009A68AF4B13407A691268796C0B43936077
:10B800007B691B68DB6A23F00F017B695A6A7B69DD
:10B810001B680A43DA627B691B68A64A934277D1A8
:10B82000A54B5B6D03F03803282B6DD801A252F8AD
:10B8300023F000BFD9B8000809B9000809B9000809
:10B8400009B9000809B9000809B9000809B90008D0
:10B8500009B90008E1B8000809B9000809B90008E9
:10B8600009B9000809B9000809B9000809B90008B0
:10B8700009B90008E9B8000809B9000809B90008C1
:10B8800009B9000809B9000809B9000809B9000890
:10B8900009B90008F1B8000809B9000809B9000899
:10B8A00009B9000809B9000809B9000809B9000870
:10B8B00009B90008F9B8000809B9000809B9000871
:10B8C00009B9000809B9000809B9000809B9000850
:10B8D00009B9000801B90008012387F8433022E2C2
:10B8E000042387F843301EE2082387F843301AE226
:10B8F000102387F8433016E2202387F8433012E202
:10B90000402387F843300EE2802387F843300AE271
:10B910007B691B68694A934230D1674B5B6D03F0CA
:10B920000703052B26D801A252F823F045B90008D9
:10B930004DB9000855B900085DB9000865B900089F
:10B940006DB90008002387F84330ECE1042387F841
:10B950004330E8E1082387F84330E4E1102387F817
:10B960004330E0E1202387F84330DCE1402387F8CF
:10B970004330D8E1802387F84330D4E17B691B68EA
:10B980004F4A934230D14C4B5B6D03F00703052BBC
:10B9900026D801A252F823F0B1B90008B9B90008BD
:10B9A000C1B90008C9B90008D1B90008D9B900085F
:10B9B000002387F84330B6E1042387F84330B2E12F
:10B9C000082387F84330AEE1102387F84330AAE11B
:10B9D000202387F84330A6E1402387F84330A2E1D3
:10B9E000802387F843309EE17B691B68354A934288
:10B9F00030D1314B5B6D03F00703052B26D801A234
:10BA000052F823F01DBA000825BA00082DBA000824
:10BA100035BA00083DBA000845BA0008002387F887
:10BA2000433080E1042387F843307CE1082387F822
:10BA3000433078E1102387F8433074E1202387F8FE
:10BA4000433070E1402387F843306CE1802387F86E
:10BA5000433068E17B691B681B4A934242D1164B15
:10BA60005B6D03F00703052B38D801A252F823F0D1
:10BA700089BA000891BA000899BA0008A1BA00086A
:10BA8000CDBA0008D5BA0008002387F843304AE150
:10BA9000042387F8433046E1082387F8433042E126
:10BAA000102387F843303EE1F369FFCF000C0058C4
:10BAB000FFF4FF1100100140004402580044004010
:10BAC00000480040004C004000500040202387F810
:10BAD000433028E1402387F8433024E1802387F86E
:10BAE000433020E17B691B68CB4A934276D1CB4B34
:10BAF0005B6D03F03803282B6CD801A252F823F0B9
:10BB0000A5BB0008D5BB0008D5BB0008D5BB000805
:10BB1000D5BB0008D5BB0008D5BB0008D5BB0008C5
:10BB2000ADBB0008D5BB0008D5BB0008D5BB0008DD
:10BB3000D5BB0008D5BB0008D5BB0008D5BB0008A5
:10BB4000B5BB0008D5BB0008D5BB0008D5BB0008B5
:10BB5000D5BB0008D5BB0008D5BB0008D5BB000885
:10BB6000BDBB0008D5BB0008D5BB0008D5BB00088D
:10BB7000D5BB0008D5BB0008D5BB0008D5BB000865
:10BB8000C5BB0008D5BB0008D5BB0008D5BB000865
:10BB9000D5BB0008D5BB0008D5BB0008D5BB000845
:10BBA000CDBB0008012387F84330BCE0042387F8AD
:10BBB0004330B8E0082387F84330B4E0102387F817
:10BBC0004330B0E0202387F84330ACE0402387F8CF
:10BBD0004330A8E0802387F84330A4E07B691B68EA
:10BBE0008F4A934230D18D4B5B6D03F00703052BD9
:10BBF00026D801A252F823F011BC000819BC000895
:10BC000021BC000829BC000831BC000839BC000870
:10BC1000002387F8433086E0042387F8433082E02E
:10BC2000082387F843307EE0102387F843307AE01A
:10BC3000202387F8433076E0402387F8433072E0D2
:10BC4000802387F843306EE07B691B68754A934216
:10BC500030D1724B5B6D03F00703052B26D801A290
:10BC600052F823F07DBC000885BC00088DBC00089C
:10BC700095BC00089DBC0008A5BC0008002387F8FF
:10BC8000433050E0042387F843304CE0082387F822
:10BC9000433048E0102387F8433044E0202387F8FE
:10BCA000433040E0402387F843303CE0802387F86E
:10BCB000433038E07B691B685B4A934230D1574B75
:10BCC0009B6D03F00703052B26D801A252F823F041
:10BCD000E9BC0008F1BC0008F9BC000801BD00087F
:10BCE00009BD000811BD0008022387F843301AE09F
:10BCF000042387F8433016E0082387F8433012E026
:10BD0000102387F843300EE0202387F843300AE001
:10BD1000402387F8433006E0802387F8433002E071
:10BD2000802387F843307B691B683F4A934240F089
:10BD3000F88097F84330202B46DC022BC0F282803B
:10BD4000023B1E2B7ED801A252F823F0CFBD000883
:10BD500045BE0008D7BD000845BE000845BE000826
:10BD600045BE0008E7BD000845BE000845BE000806
:10BD700045BE000845BE000845BE000845BE000897
:10BD800045BE0008F7BD000845BE000845BE0008D6
:10BD900045BE000845BE000845BE000845BE000877
:10BDA00045BE000845BE000845BE000845BE000867
:10BDB00045BE000845BE000845BE000845BE000857
:10BDC00045BE000837BE0008402B37D03AE0FDF7EB
:10BDD00049FCF8633CE007F124031846FDF758FCE2
:10BDE000BB6AFB6334E007F118031846FDF7A4FDB6
:10BDF000FB69FB632CE0094B1B6803F02003002B5D
:10BE000016D0064B1B68DB0803F00303074A22FA2F
:10BE100003F3FB631CE000BF001401400044025820
:10BE200000780040007C0040000C00580090D003D7
:10BE30009D4BFB630CE09D4BFB6309E04FF400431B
:10BE4000FB6305E00023FB63012387F8423000BF5A
:10BE5000FB6B002B00F0DE817B695B6A944A32F851
:10BE600013301A46FB6BB3FBF2F33B637B695A68F2
:10BE700013465B0013443A6B9A4205D37B695B68B7
:10BE80001B033A6B9A4203D9012387F84230C1E180
:10BE9000FB6B0022BB60FA607B695B6A844A32F804
:10BEA00013309BB200223B607A60D7E90023D7E9C8
:10BEB0000201F4F77DFA02460B46104619464FF090
:10BEC00000024FF000030B0243EA1063020279699B
:10BED0004968490800200C46054612EB040843EB6C
:10BEE00005097B695B6800229A46934652465B4689
:10BEF00040464946F4F75CFA02460B461346BB63DC
:10BF0000BB6BB3F5407F08D3BB6BB3F5801F04D286
:10BF10007B691B68BA6BDA607CE1012387F84230E9
:10BF200078E17B69DB69B3F5004F40F0C58097F895
:10BF30004330202B48DC002B7BDB202B79D801A25F
:10BF400052F823F0CFBF0008D7BF000833C0000865
:10BF500033C00008DFBF000833C0000833C000084A
:10BF600033C00008EFBF000833C0000833C000082A
:10BF700033C0000833C0000833C0000833C00008D5
:10BF800033C00008FFBF000833C0000833C00008FA
:10BF900033C0000833C0000833C0000833C00008B5
:10BFA00033C0000833C0000833C0000833C00008A5
:10BFB00033C0000833C0000833C0000833C0000895
:10BFC00033C0000825C00008402B2ED031E0FCF71C
:10BFD00095FBF86333E0FCF7A7FBF8632FE007F16C
:10BFE00024031846FDF754FBBB6AFB6327E007F107
:10BFF00018031846FDF7A0FCFB69FB631FE02D4BFF
:10C000001B6803F02003002B09D02A4B1B68DB08B8
:10C0100003F00303244A22FA03F3FB630FE0224BED
:10C02000FB630CE0214BFB6309E04FF40043FB632F
:10C0300005E00023FB63012387F8423000BFFB6B60
:10C04000002B00F0E7807B695B6A194A32F81330F5
:10C050001A46FB6BB3FBF2F35A007B695B685B0823
:10C060001A447B695B68B2FBF3F3BB63BB6B0F2BBA
:10C0700016D9BB6BB3F5803F12D2BB6B9BB223F0DA
:10C080000F03FB86BB6B5B089BB203F007039AB2FE
:10C09000FB8E1343FB867B691B68FA8EDA60B9E07E
:10C0A000012387F84230B5E00090D00300093D003D
:10C0B00088C301080044025897F84330202B49DC1C
:10C0C000002B7CDB202B7AD801A252F823F000BF92
:10C0D0005BC1000863C10008BFC10008BFC1000800
:10C0E0006BC10008BFC10008BFC10008BFC1000884
:10C0F0007BC10008BFC10008BFC10008BFC1000864
:10C10000BFC10008BFC10008BFC10008BFC100080F
:10C110008BC10008BFC10008BFC10008BFC1000833
:10C12000BFC10008BFC10008BFC10008BFC10008EF
:10C13000BFC10008BFC10008BFC10008BFC10008DF
:10C14000BFC10008BFC10008BFC10008BFC10008CF
:10C15000B1C10008402B2ED031E0FCF7CFFAF863D4
:10C1600033E0FCF7E1FAF8632FE007F12403184607
:10C17000FDF78EFABB6AFB6327E007F11803184648
:10C18000FDF7DAFBFB69FB631FE02D4B1B6803F037
:10C190002003002B09D02A4B1B68DB0803F00303A4
:10C1A000284A22FA03F3FB630FE0264BFB630CE003
:10C1B000254BFB6309E04FF40043FB6305E00023DC
:10C1C000FB63012387F8423000BFFB6B002B21D0BB
:10C1D0007B695B6A1D4A32F813301A46FB6BB3FB6E
:10C1E000F2F27B695B685B081A447B695B68B2FBAF
:10C1F000F3F3BB63BB6B0F2B09D9BB6BB3F5803F6C
:10C2000005D2BB6B9AB27B691B68DA6002E001233E
:10C2100087F842307B690122A3F86A207B690122FA
:10C22000A3F868207B6900221A677B6900225A679D
:10C2300097F8423018464837BD46BDE8B08F00BF7A
:10C24000004402580090D00300093D0088C3010853
:10C2500080B483B000AF78607B689B6A03F0010311
:10C26000002B0AD07B681B685B6823F400317B6875
:10C27000DA6A7B681B680A435A607B689B6A03F032
:10C280000203002B0AD07B681B685B6823F48031B3
:10C290007B681A6B7B681B680A435A607B689B6AE1
:10C2A00003F00403002B0AD07B681B685B6823F44F
:10C2B00080217B685A6B7B681B680A435A607B68E5
:10C2C0009B6A03F00803002B0AD07B681B685B683D
:10C2D00023F400417B689A6B7B681B680A435A60B1
:10C2E0007B689B6A03F01003002B0AD07B681B68F5
:10C2F0009B6823F480517B68DA6B7B681B680A4378
:10C300009A607B689B6A03F02003002B0AD07B684D
:10C310001B689B6823F400517B681A6C7B681B6860
:10C320000A439A607B689B6A03F04003002B1AD093
:10C330007B681B685B6823F480117B685A6C7B68A0
:10C340001B680A435A607B685B6CB3F5801F0AD197
:10C350007B681B685B6823F4C0017B689A6C7B6810
:10C360001B680A435A607B689B6A03F08003002BBA
:10C370000AD07B681B685B6823F400217B68DA6C59
:10C380007B681B680A435A6000BF0C37BD465DF8E6
:10C39000047B704780B586B002AF78607B6800226E
:10C3A000C3F88C20F8F7D6FCF8607B681B681B6824
:10C3B00003F00803082B0ED16FF07E430093FB6857
:10C3C00000224FF40011786800F02FF80346002B8C
:10C3D00001D0032325E07B681B681B6803F004037E
:10C3E000042B0ED16FF07E430093FB6800224FF4C4
:10C3F0008001786800F019F80346002B01D0032370
:10C400000FE07B682022C3F884207B682022C3F8D9
:10C4100088207B680022DA667B68002283F880200F
:10C42000002318461037BD4680BD80B59CB000AFD4
:10C43000F860B9603B601346FB71A9E0BB6FB3F1D4
:10C44000FF3F00F0A580F8F785FC02463B68D31A51
:10C45000BA6F9A4202D3BB6F002B40D1FB681B68B6
:10C460003B653B6D53E8003FFB64FB6C23F4D073EA
:10C470007B66FB681B681A467B6EFB65BA65B96D07
:10C48000FA6D41E800237B657B6D002BE6D1FB68EC
:10C490001B680833FB63FB6B53E8003FBB63BB6B5C
:10C4A00023F001033B66FB681B6808333A6EBA64ED
:10C4B0007B64796CBA6C41E800233B643B6C002BD5
:10C4C000E5D1FB682022C3F88420FB682022C3F852
:10C4D0008820FB68002283F88020032369E0FB6842
:10C4E0001B681B6803F00403002B51D0FB681B681A
:10C4F000DB6903F40063B3F5006F49D1FB681B6887
:10C500004FF400621A62FB681B68BB62BB6A53E8A7
:10C51000003F7B627B6A23F4D073FB66FB681B6879
:10C520001A46FB6E7B633A63396B7A6B41E80023F2
:10C53000FB62FB6A002BE6D1FB681B6808337B615A
:10C540007B6953E8003F3B613B6923F00103BB6615
:10C55000FB681B680833BA6E3A62FB61F9693A6A94
:10C5600041E80023BB61BB69002BE5D1FB682022B9
:10C57000C3F88420FB682022C3F88820FB682022AF
:10C58000C3F88C20FB68002283F88020032310E08E
:10C59000FB681B68DA69BB681340BA689A420CBF33
:10C5A00001230023DBB21A46FB799A423FF446AFDF
:10C5B000002318467037BD4680BD80B485B000AFFB
:10C5C00078607B6893F88030012B01D1022327E04B
:10C5D0007B68012283F880207B682422C3F88420B2
:10C5E0007B681B681B68FB607B681B681A687B683C
:10C5F0001B6822F001021A60FB6823F00053FB6005
:10C600007B6800225A667B681B68FA681A607B6840
:10C610002022C3F884207B68002283F88020002336
:10C6200018461437BD465DF8047B704780B584B06A
:10C6300000AF786039607B6893F88030012B01D1BE
:10C6400002232DE07B68012283F880207B6824226E
:10C65000C3F884207B681B681B68FB607B681B68D1
:10C660001A687B681B6822F001021A607B681B68ED
:10C670009B6823F060417B681B683A680A439A60B4
:10C68000786800F04FF87B681B68FA681A607B686E
:10C690002022C3F884207B68002283F880200023B6
:10C6A00018461037BD4680BD80B584B000AF7860B5
:10C6B00039607B6893F88030012B01D102232DE093
:10C6C0007B68012283F880207B682422C3F88420C1
:10C6D0007B681B681B68FB607B681B681A687B684B
:10C6E0001B6822F001021A607B681B689B6823F0BC
:10C6F00060617B681B683A680A439A60786800F05A
:10C7000011F87B681B68FA681A607B682022C3F8FE
:10C7100084207B68002283F880200023184610378D
:10C72000BD4680BD80B485B000AF78607B685B6E2D
:10C73000002B08D17B680122A3F86A207B680122C4
:10C74000A3F8682031E01023FB731023BB737B68D0
:10C750001B689B685B0EDBB203F007037B737B688F
:10C760001B689B685B0FDBB203F007033B73BB7B6B
:10C770003A7B11498A5C02FB03F33A7B0F498A5CDE
:10C7800093FBF2F39AB27B68A3F86A20FB7B7A7B77
:10C7900009498A5C02FB03F37A7B08498A5C93FBB4
:10C7A000F2F39AB27B68A3F8682000BF1437BD4645
:10C7B0005DF8047B704700BFA0C30108A8C301084F
:10C7C00080B584B004AF8F4BC0221A708D4BA82265
:10C7D0005A708C4B01229A708A4B1422DA708A4B61
:10C7E000FF221A70884BFF225A70874BFF229A70E3
:10C7F000854B0022DA70854B00221A70834B002291
:10C800005A70824B00229A70804B0022DA7000F03E
:10C81000E1FD7C4B1B781A067A4B5B781B041A43AC
:10C82000784B9B781B021343764AD27813431A063F
:10C83000744B1B781906734B5B781B041943714BBF
:10C840009B781B020B436F49C9780B431B0203F40F
:10C850007F031A436B4B1B7819066A4B5B781B04EA
:10C860001943684B9B781B020B436649C9780B43FD
:10C870001B0A03F47F431A43624B1B781906614B72
:10C880005B781B0419435F4B9B781B020B435D498C
:10C89000C9780B431B0E13435D4A13605A4B1B7838
:10C8A0001A06594B5B781B041A43574B9B781B02A3
:10C8B0001343554AD27813431A06534B1B78190673
:10C8C000514B5B781B0419434F4B9B781B020B4366
:10C8D0004D49C9780B431B0203F47F031A434A4BAB
:10C8E0001B781906484B5B781B041943464B9B7811
:10C8F0001B020B434449C9780B431B0A03F47F43D3
:10C900001A43414B1B7819063F4B5B781B041943B4
:10C910003D4B9B781B020B433B49C9780B431B0ED5
:10C9200013433C4A1360394B1B781A06374B5B782C
:10C930001B041A43354B9B781B021343334AD278AE
:10C9400013431A06314B1B781906304B5B781B04D6
:10C9500019432E4B9B781B020B432C49C9780B4380
:10C960001B0203F47F031A43284B1B781906274B3D
:10C970005B781B041943254B9B781B020B4323490F
:10C98000C9780B431B0A03F47F431A431F4B1B78E0
:10C9900019061E4B5B781B0419431C4B9B781B022A
:10C9A0000B431A49C9780B431B0E13431A4A1360F1
:10C9B0001A4B02931A4B019300230093164B154A0E
:10C9C0001349184801F0EEF9164801F09DFB154B8C
:10C9D00093F82D309B0803F00103DBB2002B03D04A
:10C9E000104801F0A1FB02E00E4801F009FC0E49DD
:10C9F0000C4801F09BFC0B4800F018F800BFBD4646
:10CA000080BD00BF802D0024842D0024882D0024AB
:10CA1000742D0024782D00247C2D00243D7A0108FB
:10CA2000D1CF0008402D00242DCA000880B582B067
:10CA300000AF78607B6893F82D3003F00103DBB220
:10CA4000002B0BD0012202210C48FAF775FE0022C0
:10CA50004FF480410A48FAF76FFE0AE000220221F3
:10CA60000648FAF769FE01224FF480410448FAF7BC
:10CA700063FE00BF0837BD4680BD00BF00100258EE
:10CA80000004025880B58EB000AF786007F124032F
:10CA900000221A605A609A60DA601A617B681B682B
:10CAA0005D4A934240F0B3805C4BD3F8D8305B4A88
:10CAB00043F40043C2F8D830584BD3F8D83003F4CD
:10CAC00000433B623B6A554BD3F8D830534A43F49A
:10CAD0008033C2F8D830514BD3F8D83003F48033C8
:10CAE000FB61FB694D4BD3F8D8304C4A43F400331B
:10CAF000C2F8D830494BD3F8D83003F40033BB61C7
:10CB0000BB69464BD3F8E030444A43F00403C2F813
:10CB1000E030424BD3F8E03003F004037B617B69E3
:10CB20003E4BD3F8E0303D4A43F00103C2F8E03019
:10CB30003A4BD3F8E03003F001033B613B69374BDC
:10CB4000D3F8E030354A43F00203C2F8E030334B0B
:10CB5000D3F8E03003F00203FB60FB682F4BD3F8FF
:10CB6000E0302E4A43F04003C2F8E0302B4BD3F8BC
:10CB7000E03003F04003BB60BB6832237B620223DA
:10CB8000BB620023FB6202233B630B237B6307F141
:10CB9000240319462248FAF707FC86237B62022306
:10CBA000BB620023FB6202233B630B237B6307F121
:10CBB000240319461B48FAF7F7FB4FF400537B6236
:10CBC0000223BB620023FB6202233B630B237B63D4
:10CBD00007F1240319461448FAF7E6FB4FF42053F3
:10CBE0007B620223BB620023FB6202233B630B23B5
:10CBF0007B6307F1240319460C48FAF7D5FB0022A2
:10CC000005213D20F8F7AEF93D20F8F7C5F900BF42
:10CC10003837BD4680BD00BF008002400044025846
:10CC20000008025800000258000402580018025878
:10CC300080B586B000AF78600023FB7400237B6171
:10CC40004A4B4B4A1A6002233B7300237B73002339
:10CC5000BB730023FB7303233B7422237B74434A7F
:10CC600007F10C035360414B01221A723F4B414ABA
:10CC7000DA603E4B404A1A613C4B4FF4C0625A6145
:10CC80003A48F8F713FA0346FB74342200213B4874
:10CC90000BF071FA394B21221A60384B4FF44032B5
:10CCA0005A61364B00221A61354800F043FF7B6819
:10CCB000062283F82C202D4B5B681A787B6883F85A
:10CCC00026202A4B5B685A787B6883F82720274BFD
:10CCD0005B689A787B6883F82820244B5B68DA7855
:10CCE0007B6883F82920214B5B681A797B6883F87D
:10CCF0002A201E4B5B685A797B6883F82B207B685F
:10CD000040F2DC529A847B6893F82D3043F00A039A
:10CD1000DAB27B6883F82D2000237B610EE07A690C
:10CD200013465B0013445B02164A1A4400237969D8
:10CD30000E48F8F797FA7B6901337B617B69032B17
:10CD4000EDD911491148F7F754FE1048F7F783FE63
:10CD5000FB7C002B03D1786800F0CEF901E0F6F7F8
:10CD6000CBFF00BF1837BD4680BD00BF8C2D00240F
:10CD7000008002406000043000000430142E0024C3
:10CD8000B0C30108000204302C000024182F002436
:10CD900080B592B000AF7860396000237B640023D7
:10CDA00087F83F3007F10C033022002118460BF0C2
:10CDB000E2F93B683B6445E07B6C032B02D96FF0E2
:10CDC0000B0352E03B6C59687A6C13465B001344CA
:10CDD0009B0048333B443C3B19603B6C5B891946E4
:10CDE0007A6C13465B0013449B0048333B44383B4A
:10CDF00019607B6C002B11D07B6C5A1E07F10C0064
:10CE0000796C0B465B000B449B00C11813465B001A
:10CE100013449B0048333B44343B19603B6C1B6814
:10CE2000002B09D17A6C13465B0013449B004833F6
:10CE30003B44343B00221A607B6C01337B643B6CC7
:10CE40001B683B643B6C002BB6D13B681B891A46C0
:10CE5000084B5A60074A07F10C03936014220549F6
:10CE60000548F8F7EEFA97F93F3018464837BD46BF
:10CE700080BD00BF142E00248C2D002480B598B0F6
:10CE800002AF786000233B650023BB6000237B6515
:10CE900007F10C033022002118460BF06CF9002337
:10CEA0007B6514E07B6D5A1C07F10C0113465B0097
:10CEB00013449B0019447A6D13465B0013449B0096
:10CEC00058333B44443B19607B6D01337B657B6D7C
:10CED000022BE7D92A48F8F740FB0346002B4AD03B
:10CEE00007F10C0319462648F8F727FC07F1080359
:10CEF00019462348F8F7BFFC2148F8F7EFFCFB6818
:10CF0000BA68BB647A647B6C002B1DDDBB6C03F0DC
:10CF10001F027B6C13443B64BB6CFB63BFF34F8FFE
:10CF200000BF184AFB6BC2F85C32FB6B2033FB631B
:10CF30003B6C203B3B643B6C002BF2DCBFF34F8F20
:10CF400000BFBFF36F8F00BF00BF0F4800F066FE49
:10CF5000F864FB6C0D4A1A61BB6899B2FB68BA6849
:10CF600092B201920093FB6C4122002001F0A4FBDD
:10CF700038653B6D00E0002318465837BD4680BD3C
:10CF80008C2D002400ED00E0B0C301082DD0000876
:10CF900080B584B000AF78607868FFF76FFFF86005
:10CFA000FB68002B10D07B681B697968F86898478C
:10CFB0000346FB7297F90B30002B06D0F86801F09E
:10CFC00035FD0023FB6000E000BF1037BD4680BD8B
:10CFD00080B582B000AF78607B68002B06D10E4B25
:10CFE0004FF4FF720D490E480BF060F87B68732216
:10CFF00083F82E207B68742283F82F207B68094AEF
:10D000005A617B68084A9A617868FFF711FE00232D
:10D0100018460837BD4680BD98990108B4990108A3
:10D02000C4990108A95E010891CD000880B584B0BB
:10D0300000AF78607B68FB60F968034800F05CFE35
:10D0400000BF1037BD4680BDB0C3010880B500AF3A
:10D05000F7F780FE0346184680BD000080B500AF9C
:10D060000248F9F787F80023184680BD8C2D00246C
:10D0700080B400AF00231846BD465DF8047B7047BE
:10D0800080B584B000AFF860B9607A607B68BA6838
:10D09000F9680748F8F7D8FD0346002B02D04FF097
:10D0A000FF3300E0002318461037BD4680BD00BFA7
:10D0B0008C2D002480B584B000AFF860B9607A6030
:10D0C0007B68BA68F9680748F8F712FE0346002B38
:10D0D00002D04FF0FF3300E0002318461037BD4662
:10D0E00080BD00BF8C2D002480B500AFF7F732FE65
:10D0F0000346184680BD000080B5A0B000AF786040
:10D100000023FB670023BB6700237B673A48F7F7E0
:10D110004AFD38677B6893F82D309B0803F00103C4
:10D12000DBB2002B0CD03B6F012B09DC3348F8F746
:10D1300038F9786801F064F8786801F0C7F856E0CB
:10D140007B6893F82D3003F00403002B4FD13B6F25
:10D15000012B4CDD3B6F023B032B2BD801A252F875
:10D1600023F000BF75D1000887D1000897D10008CF
:10D17000A7D100084FF400537B674FF48043BB678F
:10D180000123FB6717E000237B674FF48043BB67F5
:10D190000123FB670FE04FF400537B670023BB675D
:10D1A0000123FB6707E000237B670023BB670123A4
:10D1B000FB6700E000BFFB6F002B18D007F10C03EA
:10D1C00019460E48F8F7E8FD7B6F7B62BB6F3B6248
:10D1D00007F10C0319460948F8F7B2FF0748F8F7BA
:10D1E00082F8786800F0A0FF786801F03BF800BF93
:10D1F0008037BD4680BD00BF182F00248C2D002431
:10D2000080B483B000AF0346FB80FB881B021AB2D8
:10D21000FB881B0A9BB21BB213431BB29BB218467E
:10D220000C37BD465DF8047B704780B483B000AF17
:10D2300078607B681A067B681B0203F47F031A433D
:10D240007B681B0A03F47F431A437B681B0E13435E
:10D2500018460C37BD465DF8047B704780B489B032
:10D2600000AF786039607B68FB610023FB8100239D
:10D270007B61FB6903F001033B613B69002B0DD02F
:10D280003B68002B0ADDFA69531CFB6107F10E03B2
:10D29000013312781A703B68013B3B60FB69BB614C
:10D2A0000AE0BB699A1CBA611B881A467B69134461
:10D2B0007B613B68023B3B603B68012BF1DC3B68D8
:10D2C000002B04DD07F10E03BA6912781A70FB898E
:10D2D0001A467B6913447B617B691A0C7B699BB29C
:10D2E00013447B617B691A0C7B699BB213447B619D
:10D2F0003B69002B07D07B691B029AB27B691B0A32
:10D30000DBB213437B617B699BB218462437BD4671
:10D310005DF8047B704780B582B000AF78600B4643
:10D320007B807B8819467868FFF798FF0346DB43CC
:10D330009BB218460837BD4680BD80B586B000AFA9
:10D3400078600023FB6000237B617B683B612BE0FE
:10D350003B695A683B695B8919461046FFF77EFFB7
:10D3600003461A467B6913447B617B691A0C7B690F
:10D370009BB213447B613B695B8903F001039BB261
:10D38000002B0ED0FB68002B0CBF01230023DBB267
:10D39000FB607B691B029AB27B691B0ADBB21343F9
:10D3A0007B613B691B683B613B69002BD0D1FB680B
:10D3B000002B07D07B691B029AB27B691B0ADBB288
:10D3C00013437B617B699BB2DB439BB218461837E2
:10D3D000BD4680BD80B582B000AF00237B6000F009
:10D3E000D5F800F0D7FB00F0D5FC07F057FF01F0AF
:10D3F000BBFD07F0C9FE00BF0837BD4680BD000079
:10D4000080B483B000AF0346FB80054B1A68FB88ED
:10D41000134418460C37BD465DF8047B704700BFC7
:10D42000502F002480B483B000AF7860054B1B6898
:10D430007A68D31A9BB218460C37BD465DF8047B58
:10D44000704700BF502F002490B585B000AF7860C2
:10D45000454B1B687A689A4206D2444B40F2DF1271
:10D46000434944480AF022FE434B1B687A689A42BB
:10D4700006D33E4B4FF4F07240493E480AF016FE88
:10D480007B681B79002B06D0384B40F2E1123C49F7
:10D4900038480AF00BFE7B681B88B3F5C86F06D9C5
:10D4A000324B4FF4F272374932480AF0FFFD7B6885
:10D4B0001B881846FFF7A4FFF8607A68FB689A4259
:10D4C00024D0FB681B79002B20D12B4B1B68FA68FA
:10D4D0009A421BD02C4B1B68FA689A4202D12A4A06
:10D4E0007B681360FB681A887B681A80FB681B885E
:10D4F000B3F5C86F0AD0FB681B881846FFF780FF9A
:10D5000004467868FFF78EFF034663807B685B887C
:10D510001846FFF775FFB860BA687B689A421FD05B
:10D52000BB681B79002B1BD1174B1B687A689A428A
:10D5300002D1154ABB6813607B681A88BB681A80E1
:10D540007B681B88B3F5C86F0AD07B681B881846B8
:10D55000FFF756FF0446B868FFF764FF0346638091
:10D5600000BF1437BD4690BD502F0024EC99010830
:10D570001C9A0108349A0108542F00245C9A01086F
:10D58000789A0108949A0108582F002480B582B037
:10D5900000AF164B164A1A60144B1B687B607B6801
:10D5A0004FF4C8621A807B6800225A807B68002290
:10D5B0001A714FF4C860FFF723FF03460D4A13604A
:10D5C0000C4B1B6801221A710A4B1B684FF4C8628E
:10D5D0001A80084B1B684FF4C8625A80034B1B68C3
:10D5E000054A136000BF0837BD4680BD502F002498
:10D5F00000400430542F0024582F002480B586B0FA
:10D6000000AF78607868FFF70DFF0346FB827B6808
:10D610001B881846FFF7F4FE38617B685B88184664
:10D62000FFF7EEFEF8607B681B88B3F5C86F18D86B
:10D630007B685B88B3F5C86F13D87B685B88FA8A10
:10D640009A4204D0FB681B88FA8A9A4209D1084B97
:10D650001B683A699A4206D03B695B88FA8A9A420B
:10D6600001D0002300E0012318461837BD4680BDD5
:10D67000542F002480B584B000AF78607B68002B05
:10D680004CD07B6803F00303002B07D0254B40F2FE
:10D690007322254925480AF009FD40E07B68083BD4
:10D6A000FB60234B1B68FA689A4206D37B6803F140
:10D6B0000C02204B1B689A4207D91A4B40F27F227A
:10D6C0001D491A480AF0F2FC29E0FB681B79002B7F
:10D6D00007D1144B4FF42372184914480AF0E6FCA2
:10D6E0001DE0F868FFF78AFF0346002B07D10D4BBA
:10D6F00040F2952212490D480AF0D8FC0FE0FB6871
:10D7000000221A710F4B1B68FA689A4202D20D4A26
:10D71000FB681360F868FFF797FE00E000BF103762
:10D72000BD4680BDEC990108C09A0108349A0108F1
:10D73000502F0024542F0024E49A0108009B010874
:10D74000289B0108582F002480B588B000AF78606E
:10D750000B467B807B8803339BB223F00303FB8360
:10D76000FB8B0B2B01D80C23FB83FB8BB3F5C86F12
:10D7700003D8FA8B7B889A4201D20023CCE0684B15
:10D780001B687A689A4204D3664B1B687A689A428F
:10D7900006D3654B40F2D122644965480AF086FC05
:10D7A0005F4B1B687A689A4204D35E4B1B687A68A9
:10D7B0009A4201D37B68AFE07B68083BBB61B869E4
:10D7C000FFF730FE0346FB82BB691A88FB8AD31A37
:10D7D0009BB2083BBB82FA8BBB8A9A4206D9524B5A
:10D7E0004FF43972534952480AF060FCFA8BBB8AF5
:10D7F0009A4201D900238FE0FA8BBB8A9A4201D169
:10D800007B6889E0BB691B881846FFF7F9FD386122
:10D810003B691B79002B3FD1BB691B88B3F5C86FEF
:10D8200006D1414B40F2F522434941480AF03EFC03
:10D830003B691B88BB81FA8AFB8B13449BB208337C
:10D84000FB813E4B1B683A699A4206D1FB89184618
:10D85000FFF7D6FD0346394A1360FB891846FFF7E8
:10D86000CFFD38613B6900221A713B69BA891A8081
:10D870003B69FA8A5A80BB69FA891A803B691B881E
:10D88000B3F5C86F47D03B691B881846FFF7B8FD52
:10D890000246FB8953803EE0FB8B03F11402BB8AF6
:10D8A0009A4238D8FA8AFB8B13449BB20833FB8127
:10D8B000BB691B88B3F5C86F06D11B4B40F216320B
:10D8C0001D491B480AF0F2FBFB891846FFF798FD3B
:10D8D00038611A4B1B683A699A4202D2174A3B696F
:10D8E00013603B6900221A71BB691A883B691A8070
:10D8F0003B69FA8A5A80BB69FA891A803B691B889E
:10D90000B3F5C86F07D03B691B881846FFF778FD51
:10D910000246FB8953807B6818462037BD4680BD90
:10D92000502F0024542F0024EC9901085C9B01081F
:10D93000349A0108749B0108949B0108582F002415
:10D9400080B588B000AF0346FB80FB88002B01D177
:10D950000023D9E0FB8803339BB223F00303BB838E
:10D96000BB8B0B2B01D80C23BB83BB8BB3F5C86FD0
:10D9700003D8BA8BFB889A4201D20023C4E0644BDF
:10D980001B681846FFF74EFD0346FB83B4E0FB8B94
:10D990001846FFF735FD78617B691B79002B40F055
:10D9A000A4807B691B881A46FB8BD31AA3F108025B
:10D9B000BB8B9A42C0F099807B691B881A46FB8B0F
:10D9C000D31AA3F10802BB8B14339A4233D3FA8BD8
:10D9D000BB8B13449BB208337B827B8AB3F5C86F41
:10D9E00006D14C4B40F287324B494C480AF05EFB63
:10D9F0007B8A1846FFF704FDF860FB6800221A7165
:10DA00007B691A88FB681A80FB68FA8B5A807B69ED
:10DA10007A8A1A807B6901221A71FB681B88B3F528
:10DA2000C86F0BD0FB681B881846FFF7E9FC02465D
:10DA30007B8A538002E07B6901221A71344B1B6898
:10DA40007A699A4227D1324B1B68BB6105E0BB69FA
:10DA50001B881846FFF7D4FCB861BB691B79002B03
:10DA600004D02F4B1B68BA699A42F0D1284ABB698F
:10DA70001360274B1A682A4B1B689A420BD0244B21
:10DA80001B681B79002B06D0224B40F2B53225498A
:10DA900022480AF00BFBBA8B7B6913440833204AF7
:10DAA0001268934206D91B4B40F2B9321E491B48FB
:10DAB0000AF0FCFA7B6903F00303002B06D0154B38
:10DAC00040F2BB32194915480AF0F0FA7B6903F0BD
:10DAD0000303002B06D00F4B40F2BD3214490F4810
:10DAE0000AF0E4FA7B6908330EE0FB8B1846FFF777
:10DAF00087FC03461B88FB83FA8BBB8BC3F5C8638B
:10DB00009A42FFF444AF002318462037BD4680BD3B
:10DB1000582F0024EC990108949B0108349A0108BD
:10DB2000542F0024A89B0108C49B0108F49B010802
:10DB3000249C010880B485B000AF78607B689B6846
:10DB400000221A607B685B68033323F00303BB6029
:10DB50000023FB6011E07B689B681A68BB681A6051
:10DB60007B689B68BA681A607B681B881A46BB682A
:10DB70001344BB60FB680133FB607B685B881A461B
:10DB8000FB689342E7DB00BF00BF1437BD465DF87A
:10DB9000047B704780B582B000AF0023FB8009E0B2
:10DBA000FB88084A52F823301846FFF7C3FFFB886A
:10DBB0000133FB80FB88082BF2D900BF00BF083778
:10DBC000BD4680BD28C4010880B584B000AF786030
:10DBD0007B689B681B68FB60FB68002B12D07B682E
:10DBE0009B68FA6812681A60FB6803F00303002B55
:10DBF00006D0074B4FF48C72064907480AF056FAD4
:10DC0000FB6800E0002318461037BD4680BD00BF0A
:10DC1000489C0108789C01089C9C010880B582B052
:10DC200000AF78607B68002B06D10A4B4FF49E72E0
:10DC300009490A480AF03AFA7B68002B01D100230F
:10DC400003E07868FFF7C0FF034618460837BD4673
:10DC500080BD00BF489C0108C49C01089C9C010831
:10DC600080B584B000AF0346FB71FB79082B08D95F
:10DC70000A4B40F257120A490A480AF017FA0023E1
:10DC800008E0FB79084A52F823301846FFF79CFF5A
:10DC9000F860FB6818461037BD4680BD489C0108F7
:10DCA000D89C01089C9C010828C4010880B584B058
:10DCB00000AF786039603B6803F00303002B06D0A7
:10DCC0000A4B4FF4B6720A490A480AF0EFF93B686A
:10DCD000FB607B689B681A68FB681A607B689B68BE
:10DCE000FA681A6000BF1037BD4680BD489C010825
:10DCF000F89C01089C9C010880B582B000AF786058
:10DD000039607B68002B06D10A4B40F295120A4914
:10DD10000A480AF0CBF97B68002B07D03B68002B40
:10DD200004D039687868FFF7C1FF00E000BF08370A
:10DD3000BD4680BD489C0108C49C01089C9C01080C
:10DD400080B582B000AF03463960FB71FB79082BC8
:10DD500007D90C4B4FF4D5720B490C480AF0A6F9C1
:10DD60000CE03B68002B08D0FB79094A52F82330BD
:10DD700039681846FFF79AFF00E000BF0837BD4634
:10DD800080BD00BF489C0108189D01089C9C0108AB
:10DD900028C4010880B400AF00BFBD465DF8047B15
:10DDA0007047000080B586B000AFF860B9607A6057
:10DDB0003B60FB68002B08D1574B40F227125749B4
:10DDC00057480AF073F90023A2E07B6A002B08D1C0
:10DDD000514B4FF49472534951480AF067F90023AC
:10DDE00096E0BB68002B01D14F4BBB607B68002BDA
:10DDF00001D14D4B7B603B68002B01D14A4B3B600E
:10DE0000FB6800225A60FB6800229A60FB680022CF
:10DE1000DA60FB68454A5A61FB6800229A84FB6815
:10DE2000002283F82D20FB680022DA61FB683A6A41
:10DE30001A623F4B1A78FB6883F83020FB68BA6A95
:10DE40001A613B687A68B968F86800F013F97B6A70
:10DE5000F86898470346002B01D0002358E0FB6880
:10DE600093F83030FF2B03D1FB68002283F8302079
:10DE700000233B612F4B1B687B612BE07A69FB68B9
:10DE80009A4206D1244B40F28B122B4924480AF0C7
:10DE90000DF93B6901333B613B69FF2B06DD1E4BEE
:10DEA00040F28D1225491E480AF000F97B6993F86B
:10DEB0003020FB6893F830309A4208D1FB6893F821
:10DEC00030300133DAB2FB6883F8302005E07B693B
:10DED0001B687B617B69002BD0D17B69002BBED195
:10DEE000FB6893F83030FE2B03D1114B00221A70DF
:10DEF00006E0FB6893F830300133DAB20C4B1A704D
:10DF00000C4B1A68FB681A600A4AFB681360FB68CE
:10DF100018461837BD4680BD349D0108C89D0108CC
:10DF2000849D0108E49D01088CC401084FE30008AA
:10DF3000505E0024485E0024089E01081C9E0108D3
:10DF400080B582B000AF786039603968786802F0D7
:10DF5000F5FD3968786807F02BFB00BF0837BD4630
:10DF600080BD000080B586B000AFF860B9607A600F
:10DF7000BB68002B06D11D4B40F2CB121C491D483B
:10DF80000AF094F87B68002B06D1184B4FF4E67228
:10DF9000174918480AF08AF8BB681A68FB68043306
:10DFA0001B689A421CD0BB681B687B61FB6804330A
:10DFB0001A687B681A6007F1140319467868FFF73E
:10DFC000BFFFBB68002B02D0BB681B6800E00023CA
:10DFD000FA6853600121F86800F0D2F8012300E0EC
:10DFE000002318461837BD4680BD00BF349D010888
:10DFF0004C9E0108849D010880B485B000AFF86094
:10E00000B9607A60BB681A68FB6808331B689A427B
:10E010000AD0BB68002B02D0BB681B6800E000235D
:10E02000FA689360012300E0002318461437BD46C8
:10E030005DF8047B704780B485B000AFF860B960CC
:10E040007A60BB681A68FB680C331B689A420AD076
:10E05000BB68002B02D0BB681B6800E00023FA6895
:10E06000D360012300E0002318461437BD465DF855
:10E07000047B704780B588B000AFF860B9607A6003
:10E080003B600023FB610023BB61BB68002B01D117
:10E090001C4BBB607B68002B01D11A4B7B603B683B
:10E0A000002B01D1174B3B60BB68002B03D0BB6832
:10E0B0001B68002B01D1012300E000237B617B69F9
:10E0C000002B06D007F110031A46B968F868FFF76D
:10E0D00049FFFA697968F868FFF78EFFBA6939680D
:10E0E000F868FFF7A8FF7B69002B06D107F1100342
:10E0F0001A46B968F868FFF735FF00BF2037BD46FC
:10E1000080BD00BF8CC4010880B483B000AF7860CC
:10E11000044A7B68136000BF0C37BD465DF8047B82
:10E12000704700BF4C5E002480B582B000AF7860BD
:10E130007B68002B07D10F4B4FF454720E490F48E8
:10E1400009F0B4FF13E07B6893F82D3003F001036E
:10E15000002B0CD17B6893F82D3043F00103DAB229
:10E160007B6883F82D200321786800F009F80837D0
:10E17000BD4680BD349D0108BC9E0108849D0108F8
:10E1800080B582B000AF78600B46FB707B68002BD7
:10E1900006D1184B40F26D321749184809F086FF36
:10E1A0007B6893F82D3003F00403002B1ED07B68AE
:10E1B00093F82D3003F00103002B17D0FB7803F008
:10E1C0000103002B13D07B6804331B68002B0ED097
:10E1D0007B6893F82D3003F00803002B07D07B6891
:10E1E00004331946786808F04DF900E000BF08379D
:10E1F000BD4680BD349D0108D89E0108849D01085C
:10E2000080B582B000AF78607B68002B07D1124BDD
:10E2100040F29B321149124809F048FF19E07B682F
:10E2200093F82D3003F00103002B12D07B6893F894
:10E230002D3023F00103DAB27B6883F82D207B6850
:10E2400093F82D3003F00803002B02D0786807F014
:10E25000D7FC0837BD4680BD349D0108FC9E0108EF
:10E26000849D010880B582B000AF78607B68002B88
:10E2700007D1134B4FF478721249134809F016FF77
:10E280001BE07B6893F82D3003F00403002B14D1BE
:10E290007B6893F82D3043F00403DAB27B6883F88F
:10E2A0002D2003217868FFF76BFF7B68DB69002B6B
:10E2B00003D07B68DB69786898470837BD4680BD26
:10E2C000349D01081C9F0108849D010880B582B01F
:10E2D00000AF78607B68002B07D1114B40F20642FB
:10E2E0001049114809F0E2FE17E07B6893F82D30E1
:10E2F00003F00403002B10D07B6893F82D3023F03B
:10E300000403DAB27B6883F82D207B68DB69002B7D
:10E3100003D07B68DB69786898470837BD4680BDC5
:10E32000349D0108409F0108849D010880B483B09A
:10E3300000AF786039607B68002B02D07B683A6858
:10E34000DA6100BF0C37BD465DF8047B704780B4CE
:10E3500085B000AFF860B9607A606FF00B031846C3
:10E360001437BD465DF8047B7047000080B485B06B
:10E3700000AF0346FB71FB79002B13D00D4B1B68DC
:10E38000FB600CE0FB6893F830300133DBB2FA79C4
:10E390009A4201D1FB6806E0FB681B68FB60FB68E2
:10E3A000002BEFD1002318461437BD465DF8047BDF
:10E3B000704700BF485E002480B582B000AF0C4BB0
:10E3C00000221A700B4B1B687B600AE07B685B6F56
:10E3D000002B03D0786802F0EFFB05E07B68DB6878
:10E3E0007B607B68002BF1D10837BD4680BD00BF44
:10E3F000515E0024605E002480B400AF034B012214
:10E400001A7000BFBD465DF8047B7047515E002462
:10E4100080B485B000AFF860B96011461A460B466B
:10E42000FB801346BB80FB6800221A60FB68BA6859
:10E430005A60FB68FA881A81FB68BA885A813B8B5C
:10E44000DAB2FB681A73FB683A7F5A73FB680122E1
:10E450009A73FB680022DA7300BF1437BD465DF87B
:10E46000047B704780B58CB002AF0346FB710B464E
:10E47000BB8013467B80FB797B847B88B3F5207F50
:10E480007FD0B3F5207F00F3C880B3F5C17F10D0F3
:10E49000B3F5C17F00F3C180012B02D0412B40F0C6
:10E4A000BC807A88BB881946002000F0D1F87862D9
:10E4B000BDE000237B620023FB61BB887B830820D7
:10E4C000FFF7CEFB38613B69002B09D1FFF794FFC2
:10E4D0007B6A002B02D0786A00F0A8FA0023A7E03C
:10E4E0007B8C03339BB223F003039BB2C3F51473FD
:10E4F0009BB27A8B934228BF1346FB817B8C1033EF
:10E500003A691344033323F003031846F9897A8BDD
:10E51000002301937B8800930B4601463869FFF77F
:10E5200077FF3B695B6803F00303002B06D0424B87
:10E530004FF480724149424809F0B8FD7B8C0333A7
:10E5400023F00303B3F5147F06D13B4B4FF48172E4
:10E550003C493B4809F0AAFD7B6A002B02D13B698C
:10E560007B6202E0FB693A691A603B69FB617A8B66
:10E57000FB89D31A7B8300237B847B8B002B9ED16A
:10E5800055E07B8C03339BB223F003039AB2BB8824
:10E5900003339BB223F003039BB213443B833B8BB7
:10E5A0001033FB823A8BBB88033323F003039A4278
:10E5B00006D3FA8ABB88033323F003039A4201D2BD
:10E5C000002335E0FB8A1846FFF7BAF978627B6AC8
:10E5D000002B01D100232BE07B8C10337A6A13448B
:10E5E000033323F003031846B988BA880023019344
:10E5F0007B8800930B460146786AFFF709FF7B6A28
:10E600005B6803F00303002B10D00B4B4FF49172A7
:10E610000D490B4809F04AFD08E0074B40F227126C
:10E620000A49074809F042FD002301E000BF7B6A68
:10E6300018462837BD4680BD649F0108949F010895
:10E64000C49F0108EC9F010820A001084CA001080C
:10E6500080B586B002AF78600B467B8013463B8066
:10E660003B88412B09D03B88012B06D00F4B4FF440
:10E67000A5720F490F4809F019FD0720FFF7F0FABE
:10E68000F860FB68002B01D100230BE079887A88C1
:10E69000002301933B8800930B467968F868FFF7E5
:10E6A000B7FEFB6818461037BD4680BD649F010861
:10E6B00068A00108C49F010880B588B002AF7B60E4
:10E6C0000346FB730B46BB8113467B81FB7B7B823E
:10E6D0007B8A033323F00302BB891A44BB8C9A4222
:10E6E00001D9002318E03B6A002B07D07B8A033353
:10E6F00023F003033A6A13447B6101E000237B614A
:10E700007868B989BA89022301937B8900930B4603
:10E710007969FFF77DFE7B6818461837BD4680BDD6
:10E7200080B584B000AF78600B467B807B68002B9F
:10E7300006D13A4B4FF4CC7239493A4809F0B6FC4D
:10E740007B681B897A889A4263D27B681A897B88A6
:10E75000D31A3B817B887B817B68FB6018E0FB6878
:10E760005B897A89D31A7B81FB681A893B89D31A22
:10E770009AB2FB681A81FB681B68FB60FB68002B80
:10E7800006D1264B40F2AF122749264809F08EFCED
:10E79000FB685B897A899A42E1D8FB681B7B03F0AE
:10E7A0000F03002B21D1FB685B897A899A421CD028
:10E7B000FB685B7B03F00203002B16D1FB685A68F1
:10E7C000FB68D31A9AB27B8913449BB21946F86846
:10E7D000FEF7BAFFF860FB68002B06D10F4B40F242
:10E7E000BD1212490F4809F061FCFB687A895A8111
:10E7F000FB685A89FB681A81FB681B68002B04D0F0
:10E80000FB681B68184600F011F9FB6800221A60CB
:10E8100000E000BF1037BD4680BD00BF649F010807
:10E820007CA00108C49F010894A00108ACA00108C5
:10E8300080B586B000AFF860B9601346FB71FB6825
:10E84000002B06D12B4B40F2DF122B492B4809F04D
:10E850002DFCFB68002B03D0BB68B3F5803F01D3D0
:10E86000012343E0BB68002B01D100233EE0BB68DD
:10E870007B82FB681A897B8A13449BB27A8A9A420C
:10E8800001D9012332E0FB681B7B3B823B8A03F00A
:10E890008003002B0CD0FB685A68BB685B421344B2
:10E8A0007B61FB6810337A699A420DD201231DE027
:10E8B000FB79002B06D0FB685A68BB685B421344A7
:10E8C0007B6101E0012311E0FB687A695A60FB6813
:10E8D0005A897B8A13449AB2FB685A81FB681A8969
:10E8E0007B8A13449AB2FB681A81002318461837B2
:10E8F000BD4680BD649F0108C8A00108C49F0108EF
:10E9000080B582B000AF78603960002239687868DD
:10E91000FFF78EFF034618460837BD4680BD00004E
:10E9200080B584B000AF786039607B68002B06D179
:10E93000204B40F24B222049204809F0B7FB7B686E
:10E94000002B03D03B68B3F5803F01D301232CE0BB
:10E950003B68002B01D1002327E03B68FB817B68EB
:10E960005B89FA899A4208D9124B40F25522144920
:10E97000124809F09BFB012317E07B685B68BB60D2
:10E980007B685A683B681A447B685A607B685A897E
:10E99000FB89D31A9AB27B685A817B681A89FB89F2
:10E9A000D31A9AB27B681A81002318461037BD46E5
:10E9B00080BD00BF649F0108C8A00108C49F010872
:10E9C000D4A0010880B582B000AF78600B467B8090
:10E9D00013467B70B7F90230002B08DAB7F9023022
:10E9E0005B4219467868FFF79BFF034607E0B7F9DB
:10E9F00002307A7819467868FFF71AFF03461846FE
:10EA00000837BD4680BD80B582B000AF78600B4648
:10EA10007B80B7F90230012219467868FFF7D2FFF0
:10EA2000034618460837BD4680BD000080B586B055
:10EA300000AF78607B68002B0BD17B68002B06D180
:10EA4000384B4FF437723849384809F02FFB002310
:10EA500063E00023FB755CE07B689B7B002B06D1A9
:10EA6000304B40F2F1223249304809F01FFB7B68FD
:10EA70009B7B013BDAB27B689A737B689B7BBB759F
:10EA8000BB7D002B43D17B681B683B617B681B7B94
:10EA900003F00F03FB737B685B7B03F00203002B27
:10EAA00011D07B68BB60BB681B69002B06D11D4B76
:10EAB00040F2FF221F491D4809F0F8FABB681B69A4
:10EAC000786898471DE0FB7B022B04D17968082009
:10EAD000FFF736F915E0FB7B012B04D1796807209D
:10EAE000FFF72EF90DE0FB7B002B03D17868FEF7D2
:10EAF000C1FD06E00B4B40F20F320F490B4809F005
:10EB0000D5FAFB7D0133FB753B697B6001E0002397
:10EB10007B607B68002B9FD1FB7D18461837BD4674
:10EB200080BD00BF649F0108C8A00108C49F010800
:10EB3000F4A001080CA1010830A1010880B485B03F
:10EB400000AF78600023FB8105E0FB890133FB8186
:10EB50007B681B687B607B68002BF6D1FB891846BD
:10EB60001437BD465DF8047B7047000080B582B065
:10EB700000AF78607B68002B10D07B689B7B0133F3
:10EB8000DAB27B689A737B689B7B002B06D1054BBE
:10EB900040F242320449054809F088FA00BF0837BC
:10EBA000BD4680BD649F010844A10108C49F0108BF
:10EBB00080B584B000AF786039607B68002B02D0EC
:10EBC0003B68002B07D1204B40F259321F492048A7
:10EBD00009F06CFA34E07B68FB600AE0FB681A8994
:10EBE0003B681B8913449AB2FB681A81FB681B6857
:10EBF000FB60FB681B68002BF0D1FB681A89FB687F
:10EC00005B899A4206D0104B40F26232114910489B
:10EC100009F04CFAFB681B68002B06D00A4B40F247
:10EC200063320D490A4809F041FAFB681A893B68CA
:10EC30001B8913449AB2FB681A81FB683A681A6010
:10EC40001037BD4680BD00BF649F010858A1010870
:10EC5000C49F010890A10108C0A1010880B582B03D
:10EC600000AF7860396039687868FFF7A1FF3868CD
:10EC7000FFF77CFF00BF0837BD4680BD80B586B07A
:10EC800000AF7860396000237B6100233B617B68C3
:10EC9000002B08D03B68002B05D07B681A893B68A5
:10ECA0001B899A4209D2574B40F2C93256495748FC
:10ECB00009F0FCF96FF00F039FE07B685B891A464F
:10ECC0007B69D21A3B685B8919463B69CB1A9A4229
:10ECD00006D33B685B891A463B69D31AFB6005E0A3
:10ECE0007B685B891A467B69D31AFB607B685A682C
:10ECF0007B69D0183B685A683B691344FA68194627
:10ED000009F009FB7A69FB6813447B613A69FB6887
:10ED100013443B617B685B891A467B69934206D941
:10ED2000384B40F2D9323A49384809F0BFF93B68CC
:10ED30005B891A463B69934206D9324B40F2DA327C
:10ED40003449324809F0B2F93B685B891A463B699D
:10ED5000934204D300233B613B681B683B607B68A4
:10ED60005B891A467B69934214D100237B617B68DF
:10ED70001B687B607B68002B0CD13B68002B09D0A3
:10ED8000204B4FF479722449204809F08FF96FF035
:10ED90000F0332E03B68002B13D03B685A893B6875
:10EDA0001B899A420DD13B681B68002B09D0154B7B
:10EDB00040F2E9321949154809F078F96FF0050376
:10EDC0001BE07B68002B13D07B685A897B681B890A
:10EDD0009A420DD17B681B68002B09D0094B40F289
:10EDE000EE320E49094809F061F96FF0050304E0BD
:10EDF0003B68002B7FF461AF002318461837BD46EF
:10EE000080BD00BF649F01080CA20108C49F0108D7
:10EE10003CA2010854A2010870A2010880A20108C6
:10EE200080B588B000AFF860B96011461A460B464D
:10EE3000FB801346BB8000237B830023FB82FB689F
:10EE4000002B08D12B4B40F20A422B492B4809F0EA
:10EE50002DF900234AE0BB68002B08D1254B40F276
:10EE60000B422749254809F021F900233EE0FB68C1
:10EE7000FB6134E0BB88002B0AD0FB695B89BA8850
:10EE80009A4205D3FB695B89BA88D31ABB8023E019
:10EE9000FB695A89BB88D31A3B833A8BFB889A4219
:10EEA00001D9FB883B837B8BBA68D018FB695A6811
:10EEB000BB8813443A8B194609F02DFAFA8A3B8B2A
:10EEC0001344FB827A8B3B8B13447B83FA883B8B06
:10EED000D31AFB800023BB80FB691B68FB61FB88A6
:10EEE000002B02D0FB69002BC4D1FB8A18462037C7
:10EEF000BD4680BD649F0108ACA20108C49F010803
:10EF0000CCA2010880B584B000AF03463A60FB7123
:10EF10000B46BB803B681989BA88FB791846FFF716
:10EF2000A1FAF860FB68002B01D1002311E03968D9
:10EF3000F868FFF7A3FE0346FB7297F90B30002B2E
:10EF400006D0064B40F224520549064809F0AEF8B7
:10EF5000FB6818461037BD4680BD00BF649F01089E
:10EF6000D8A30108C49F010880B500AF08F01AFFBC
:10EF700003469BB2C3F30D039BB2A3F580439AB241
:10EF8000014B1A8000BF80BD4000002480B582B0D4
:10EF900000AF78607B681B7D012B05D1064BD42226
:10EFA0000649074809F082F879680120FEF7C8FE93
:10EFB00000BF0837BD4680BD64A4010894A40108C1
:10EFC000A8A4010880B582B000AF78607B681B7D83
:10EFD000012B05D1064BDF220649074809F066F8E8
:10EFE00079680220FEF7ACFE00BF0837BD4680BD41
:10EFF00064A40108D0A40108A8A4010880B500AF4A
:10F0000001F05EF8074B1B780133DAB2054B1A703A
:10F01000044B1B7803F00103002B01D000F00EFD20
:10F0200000BF80BD695E002480B584B000AF786009
:10F0300039603B68002B05D10D4BFF220D490E486E
:10F0400009F034F87B68FB600AE0FB68DB6F3A6824
:10F050009A4202D1FB680022DA67FB68DB68FB603A
:10F06000FB68002BF1D100BF00BF1037BD4680BD4B
:10F0700064A40108ECA40108A8A4010880B584B028
:10F0800000AF78607B68002B06D1144B40F2111260
:10F090001349144809F00AF87B681B7D012B06D040
:10F0A0000E4B4FF4897210490E4808F0FFFF012300
:10F0B000FB600BE00D4AFB6852F823301B6879684F
:10F0C0001846FFF7B1FFFB680133FB60FB68032BB9
:10F0D000F0D900BF00BF1037BD4680BD64A4010851
:10F0E00014A50108A8A4010820A5010864C401080A
:10F0F000B0B588B004AF78600B46FB707B68002B1E
:10F1000006D1634B4FF4AF726249634808F0CEFFFB
:10F11000FB78002B66D07B681B7D042B03D07B68BB
:10F120001B7D072B5ED17B689B6F002B04D17B6816
:10F130001B8DB3F5066F55D07B685B8B03F0100316
:10F14000002B06D1524B4FF4B2725449524808F08A
:10F15000ADFF7B68186D7B685C6A7D687B680433F3
:10F160007A68D28A7968098B0291019200932B46C2
:10F1700022460146786805F085FD786801F068FB55
:10F18000474B1B687A689A4205D1454B1B68DB6880
:10F19000434A136013E0424B1B68FB600CE0FB68C2
:10F1A000DB687A689A4204D17B68DA68FB68DA60C7
:10F1B00005E0FB68DB68FB60FB68002BEFD17B6838
:10F1C0000022DA60374B01221A70374B1B687A68CD
:10F1D0009A4202D103F0FCFF02E07868FFF7D6FE06
:10F1E000002350E07B681B7D022B3BD0022B44DCCC
:10F1F000002B02D0012B2AD03FE07B68DB8A002B5A
:10F2000021D02A4B1B687A689A4205D1274B1B688C
:10F21000DB68264A136013E0244B1B68BB600CE0DC
:10F22000BB68DB687A689A4204D17B68DA68BB689D
:10F23000DA6005E0BB68DB68BB60BB68002BEFD120
:10F240007B680022DA607868FFF7A0FE1AE0786831
:10F25000FFF714FF7968164801F04AFB7868FFF75A
:10F26000B1FE0FE079680E4801F042FB0D4B012220
:10F270001A707868FFF78AFE04E0786800F01AF8E0
:10F28000034600E0002318461037BD46B0BD00BF5E
:10F2900064A4010838A50108A8A4010858A501081C
:10F2A000605E0024685E0024A05E0024585E002496
:10F2B0005C5E002480B584B000AF78607B68002B72
:10F2C00006D12E4B4FF4CE722D492E4808F0EEFE9B
:10F2D0007B681B7D072B20D0072B2BDC032B02D058
:10F2E000042B0DD026E0786804F0DAFD0346FB73AA
:10F2F00097F90F30002B1FD17B6805221A751BE090
:10F30000786804F0CDFD0346FB7397F90F30002BAE
:10F3100014D17B6805221A7510E0786804F0C0FDEE
:10F320000346FB7397F90F30002B09D17B68092244
:10F330001A7505E000231CE000BF02E000BF00E0FA
:10F3400000BF97F90F30002B03D1786804F0E6FE78
:10F350000DE097F90F30B3F1FF3F08D17B685B8B6D
:10F3600043F008039AB27B685A83002301E097F9BF
:10F370000F3018461037BD4680BD00BF64A4010899
:10F3800014A50108A8A4010880B582B000AF786078
:10F390007B68002B09D10F4B4FF4F4720E490F48D4
:10F3A00008F084FE6FF00F030FE07B681B7D012BDC
:10F3B00006D07B685B8B43F010039AB27B685A835C
:10F3C00001217868FFF794FE034618460837BD46CA
:10F3D00080BD00BF64A4010874A50108A8A40108A9
:10F3E00080B58EB004AF786039607B68002B07D1A0
:10F3F000524B40F23D225249524808F057FE99E0E4
:10F400007B681B7D012B06D14C4B4FF410724E498B
:10F410004C4808F04BFE7B681B7D0A2B07D17968AE
:10F420004A4801F065FA7868FFF7B0FD82E00023F2
:10F430007B6200237B847B681B6DBB617B685B6A9E
:10F440007B617B68D3F890303B617B681B69FB6014
:10F450007B681B7D002B26D17B68DB8A002B2ED09E
:10F460003B4B1B687A689A4205D1394B1B68DB68B5
:10F47000374A136013E0364B1B68FB610CE0FB69F5
:10F48000DB687A689A4204D17B68DA68FB69DA60E3
:10F4900005E0FB69DB68FB61FB69002BEFD17B6852
:10F4A0000022DA600BE03B687B627B68DB8A7B844E
:10F4B0007968284801F01CFA274B01221A707B68F2
:10F4C0001B6F002B04D07B681B6F184600F0D8FE22
:10F4D0007B68DB6E002B04D07B68DB6E184600F087
:10F4E000CFFE7B685B6F002B04D07B685B6F184698
:10F4F00000F0C6FE7B6A002B0ED079687B6804336F
:10F500007A68128B02927A8C019200930B467A6988
:10F51000B969786805F0B6FB7B681B7DFB7278687B
:10F52000FFF734FD3B69002B04D03B696FF00C0101
:10F53000F86898472837BD4680BD00BF64A401081D
:10F54000A8A50108A8A40108C4A50108645E0024B8
:10F55000585E0024605E0024685E002480B582B09E
:10F5600000AF786001217868FFF73AFF00BF0837E5
:10F57000BD4680BD80B588B000AFF860B960134665
:10F58000FB8004237B61BB68002B01D13E4BBB6039
:10F59000FB68002B09D13D4B40F2A9223C493D4874
:10F5A00008F084FD6FF00F036AE0FB681B7D002B01
:10F5B00009D0364B40F2AB223749364808F076FD89
:10F5C0006FF005035CE0FB88002B09D100F0F0F937
:10F5D0000346FB80FB88002B35D16FF001034FE021
:10F5E0000023FB612BE02D4AFB6952F823301B6896
:10F5F000BB611EE0BB69DB8AFA889A4216D1BB69FF
:10F60000002B10D0BB691B68002B0CD0BB68002BF3
:10F6100009D0BB681B68002B05D0BB691A68BB68A2
:10F620001B689A4202D16FF0070329E0BB69DB68CF
:10F63000BB61BB69002BDDD1FB690133FB61FA695A
:10F640007B699A42CFDBBB68002B0CD0BB681B6880
:10F65000002B08D0BB68002B02D0BB681B6800E001
:10F660000023FA681360FB68FA88DA820C4B1A6888
:10F67000FB68DA600A4AFB68136005F0C5FC0023EA
:10F6800018462037BD4680BD8CC4010864A401081B
:10F69000F8A50108A8A4010810A6010864C401087F
:10F6A000585E002480B584B000AFF860B96013469E
:10F6B000FB71BB68002B06D1074B40F20F320749A4
:10F6C000074808F0F3FCB868FFF748FF6FF00C0339
:10F6D00018461037BD4680BD64A4010838A601084D
:10F6E000A8A4010880B582B000AF78600B46FB701B
:10F6F000FB7800221946786800F006F803461846A1
:10F700000837BD4680BD000080B588B000AFF86006
:10F710000B467A60FB720023FB61FB68002B09D16A
:10F72000474B40F259324749474808F0BFFCF023A5
:10F73000FB7679E0FB681B7D002B09D0404B40F243
:10F740005A324249404808F0B1FCF123FB766BE0A5
:10F75000FB681B7D012B04D1FB68FB61F723FB7663
:10F7600062E00220FEF77CFAF861FB69002B02D10F
:10F77000FF23FB7658E0FB681A69FB691A61FB6896
:10F78000DA8AFB69DA82FB6901221A75FB685A7D05
:10F79000FB695A75FB685A7AFB695A72FB69002249
:10F7A0001A72FB68DA7AFB69DA72FB689A7AFB698B
:10F7B0009A72FB681A68FB691A60FB68DB8A002B87
:10F7C00021D0234B1B68FA689A4205D1204B1B6855
:10F7D000DB681F4A136013E01D4B1B687B610CE064
:10F7E0007B69DB68FA689A4204D1FB68DA687B6956
:10F7F000DA6005E07B69DB687B617B69002BEFD118
:10F80000FB680022DA60F868FFF7C0FBFB69114A69
:10F810009A61114B1A68FB69DA600F4AFB69136041
:10F8200005F0F2FB0023FB767B68002B02D07B689F
:10F83000FA7E1A70FB6918462037BD4680BD00BFAE
:10F8400064A4010858A60108A8A4010888A6010814
:10F85000585E0024A5F600085C5E002480B584B0E4
:10F8600000AF78607B68002B06D1254B40F2A632B2
:10F870002449254808F01AFC7B685B6A7A68128D77
:10F880001344FB607B68DB6A7A68528EB2F5866F40
:10F8900028BF4FF4866292B21344FA68D31A002B41
:10F8A00008DB7B681A8D7B685A857B68DB6AFA689F
:10F8B000D31A20E07B685A6A7B68DB6AD31A002B74
:10F8C00003DD7B6800225A8514E07B68DA6A7B6876
:10F8D0005B6AD31ABB60BB68B3F5803F06D3084BA5
:10F8E00040F2B6320949084808F0E0FBBB689AB21A
:10F8F0007B685A85002318461037BD4680BD00BF7F
:10F9000064A40108C0A60108A8A40108E4A601088F
:10F9100080B584B000AF78600B467B807B68002B9D
:10F9200007D11F4B40F2CF321E491F4808F0BEFBE3
:10F9300032E07B681B7D012B06D1194B40F2D2329D
:10F940001A49194808F0B2FB7B681A8D7B8813446A
:10F95000FB81FB89B3F5066F04D87B681B8DFA89A0
:10F960009A4204D27B684FF406621A8502E07B68F3
:10F97000FA891A857868FFF771FFB860BB68B3F53C
:10F98000067F09D37B685B8B43F002039AB27B68E6
:10F990005A83786804F0C2FB1037BD4680BD00BFB3
:10F9A00064A4010800A70108A8A4010818A7010879
:10F9B00080B483B000AF0023BB801E4B1B88013393
:10F9C0009AB21C4B1A801B4B1B884FF6FF72934256
:10F9D00003D1184B4FF440421A800023FB711EE004
:10F9E000FB79154A52F823301B683B6011E03B68F5
:10F9F000DA8A104B1B889A4208D1BB880133BB803E
:10FA0000BB88B3F5804FD8D300230DE03B68DB689B
:10FA10003B603B68002BEAD1FB790133FB71FB793A
:10FA2000032BDDD9034B1B8818460C37BD465DF808
:10FA3000047B70474000002464C40108B0B590B056
:10FA400004AF002387F82530954B1B680133944A97
:10FA50001360944B1B780133DAB2924B1A7000E0BA
:10FA600000BF0023BB62904B1B68FB629DE2FB6AF8
:10FA70001B7D002B06D18D4B40F2BE428C498D4838
:10FA800008F014FBFB6A1B7D012B06D1874B40F26B
:10FA9000BF428949874808F009FBFB6A1B7D0A2B96
:10FAA00006D1824B4FF498628449824808F0FEFAEE
:10FAB000FB6A9A7F7B4B1B789A4205D1FB6ABB623B
:10FAC000FB6ADB68FB6270E2764B1A78FB6A9A7716
:10FAD000002387F82730002387F82630FB6A1B7D38
:10FAE000022B0AD1FB6A93F84230052B05D997F80F
:10FAF0002730013387F827301EE1FB6A93F8423044
:10FB00000B2B05D997F82730013387F8273013E1FD
:10FB1000FB6A93F89930002B75D0FB6A1B6F002BA2
:10FB200006D0624B40F2D4426549624808F0BEFA02
:10FB3000FB6ADB6E002B06D15C4B40F2D54261497B
:10FB40005C4808F0B3FAFB6A93F89A300B2B05D99E
:10FB500097F82730013387F82730EDE0FB6A93F8F8
:10FB60009930013B584AD35C7B74FB6A93F8983018
:10FB70007A7C9A4207D9FB6A93F898300133DAB25B
:10FB8000FB6A83F89820FB6A93F898307A7C9A4253
:10FB900000F2D28001233B62FB6AB3F86030002B95
:10FBA00008D1F86A05F062F90346002B14D000234F
:10FBB0003B6211E0FB6AB3F860301946F86A04F062
:10FBC00027F80346002B07D1F86A04F0A7FA03468A
:10FBD000002B01D100233B623B6A002B00F0AC807C
:10FBE000FB6A002283F89820FB6A93F89930062B71
:10FBF00000F2A280FB6A93F899300133DAB2FB6A13
:10FC000083F8992098E0FB6AB3F93030002B0FDBC2
:10FC1000FB6AB3F9303047F6FF72934208D0FB6AB3
:10FC2000B3F930309BB201339BB21AB2FB6A1A8629
:10FC3000FB6AB3F93020FB6AB3F940309A427BDBB0
:10FC4000F86A04F05FFD0346002B07D0FB6A1B6FC8
:10FC5000002B71D1FB6ADB6E002B6DD0FB6A1B7D24
:10FC6000022B3AD0FB6A93F842300C2B28BF0C23AE
:10FC7000FB76FB6AB3F93C30DB101BB21A46FB6A19
:10FC8000B3F93E301344FA7E10498A5C93407B619D
:10FC90007B6947F6FE7293421ADC7B691AB219E05F
:10FCA000545E00246A5E0024605E002464A401089F
:10FCB000A8A70108A8A40108D4A7010800A8010862
:10FCC00030A8010864A801085CC401084CC40108FC
:10FCD00047F6FF72FB6AA3F84020FB6A00221A86EF
:10FCE000FB6AB3F86020FB6AB3F84830934228BF40
:10FCF00013467B827B8A5B089AB2FB6AA3F84A2090
:10FD0000FB6AB3F84A20FB6A5B8E5B009BB29A42A7
:10FD100006D2FB6A5B8E5B009AB2FB6AA3F84A20AC
:10FD2000FB6A5A8EFB6AA3F84820FB6A0022A3F8FC
:10FD30006A20F86A04F056FDFB6A1B7D062B11D180
:10FD4000FB6A5B8B03F01003002B0BD09C4B1A68F3
:10FD5000FB6A1B6AD31A282B04D997F82730013382
:10FD600087F82730FB6A5B7A03F00803002B4AD040
:10FD7000FB6A1B7D042B03D0FB6A1B7D072B42D142
:10FD80008F4B1A68FB6A1B6AD21AFB6AD3F894106D
:10FD90008C4B0B448C49A1FB03135B099A420AD993
:10FDA00097F82730013387F8273097F8263001334A
:10FDB00087F8263027E0824B1A68FB6A1B6AD21A42
:10FDC000FB6AD3F89410FB6A93F89B3018467F4B7C
:10FDD00000FB03F30B447C49A1FB03135B099A422C
:10FDE00011D9F86A05F002F8034687F8253097F92B
:10FDF0002530002B07D1FB6A93F89B300133DAB230
:10FE0000FB6A83F89B20FB6A5B6F002B11D06C4B65
:10FE10001A68FB6A1B6AD21AFB6AB3F940301946AA
:10FE20000B465B000B445B009A4202D3F86A00F079
:10FE3000C3FEFB6A1B7D032B0BD1614B1A68FB6A67
:10FE40001B6AD31A282B04D997F82730013387F877
:10FE50002730FB6A1B7D092B0BD1594B1A68FB6AB3
:10FE60001B6AD31AF02B04D997F82730013387F88F
:10FE7000273097F82730002B60D0FB6AD3F89030FA
:10FE8000FB60F86A00F0E4FCBB6A002B10D0504B1A
:10FE90001B68FA6A9A4206D14E4B40F26D524E49A7
:10FEA0004E4808F003F9FB6ADA68BB6ADA600FE0D3
:10FEB000474B1B68FA6A9A4206D0464B40F2715291
:10FEC0004749464808F0F2F8FB6ADB68404A13608D
:10FED00097F82630002B13D0FB6A186DFB6A5C6A1A
:10FEE000FD6AFB6A0433FA6AD28AF96A098B0291C5
:10FEF000019200932B4622460146F86A04F0C2FEA6
:10FF0000FB6A1B69BB60FB6A1B7DFB71FB6A3B6084
:10FF1000FB6ADB68FB623868FFF738F8314B002278
:10FF20001A70FB68002B04D0FB686FF00C01B868F6
:10FF300098472C4B1B78002B37D092E5FB6ABB62AD
:10FF4000FB6ADB68FB62BB6A1B7F0133DAB2BB6A08
:10FF50001A77BB6A1A7FBB6A5B7F9A4225D3BB6A5A
:10FF600000221A771F4B00221A70BB6AD3F88C301C
:10FF7000002B0BD0BB6AD3F88C30BA6A1269B96A0D
:10FF800010469847034687F8253002E0002387F89B
:10FF90002530144B1B78002B7FF462AD97F9253088
:10FFA000002B02D1B86A04F0B9F8FB6A002B7FF489
:10FFB0005EAD0023BB620C4B1B68FB6269E000BFB7
:10FFC000545E0024B84C0A00D34D6210F82401009E
:10FFD000605E002464A401089CA80108A8A401088C
:10FFE000C8A80108685E0024645E0024FB6A1B7DCB
:10FFF0000A2B06D02B4B40F2A1522B492B4808F07C
:020000040801F1
:1000000055F8002387F82730294B1A68FB6A1B6ACA
:10001000D31AF02B04D997F82730013387F827300B
:1000200097F82730002B2FD0F86A00F011FCBB6A3C
:10003000002B10D01F4B1B68FA6A9A4206D1194B4D
:1000400040F2AF521C49194808F030F8FB6ADA68F0
:10005000BB6ADA600FE0174B1B68FA6A9A4206D057
:10006000104B40F2B3521549104808F01FF8FB6AD4
:10007000DB68104A1360FB6AFB61FB6ADB68FB62AA
:10008000F869FEF783FF04E0FB6ABB62FB6ADB688A
:10009000FB62FB6A002BA9D100BF00BF3037BD4611
:1000A000B0BD00BF64A40108F4A80108A8A4010819
:1000B000545E0024645E002424A901084CA90108B0
:1000C00080B582B000AF2D4B1B780133DAB22B4BD9
:1000D0001A702B4B1B687B6048E07B689A7F274B2C
:1000E0001B789A423FD0254B1A787B689A777B68B9
:1000F0005B8B03F00103002B10D07B685B8B43F01C
:1001000002039AB27B685A83786804F007F87B6828
:100110005B8B23F003039AB27B685A837B685B8B0B
:1001200003F00803002B09D07B685B8B23F00803E6
:100130009AB27B685A837868FFF7BCF87B68DB6803
:100140003B607B689B6F002B0AD00E4B00221A701D
:10015000786800F019F80B4B1B78002B00D0B8E73B
:100160003B687B6002E07B68DB687B607B68002B20
:10017000B3D100BF00BF0837BD4680BD6A5E002412
:10018000605E0024685E002490B585B000AF7860A2
:100190007B68002B09D1374B40F20962364937485A
:1001A00007F084FF6FF00F0360E07B689B6F5B7B61
:1001B000BB737B689B6FBB607B6800229A677B6820
:1001C000D3F88430002B0BD07B68D3F884407B6855
:1001D00018690023BA687968A0470346FB7307E0F3
:1001E0000023BA687968002000F0C2F80346FB7368
:1001F00097F90F30002B2AD1BB7B03F02003002B93
:1002000033D07B681B8DB3F5066F05D07B681B8DE3
:1002100001339AB27B681A857B68D3F88430002B4F
:100220000BD07B68D3F884407B68186900230022D8
:100230007968A0470346FB7301E00023FB7397F93D
:100240000F3013F10D0F10D16FF00C030EE097F982
:100250000F3013F10D0F02D16FF00C0306E07B6835
:10026000BA689A676FF0040300E000231846143759
:10027000BD4690BD64A4010874A90108A8A40108A2
:1002800080B584B000AF786007E07B681B68FB60D6
:10029000786800F00AF8FB687B607B68002BF4D17B
:1002A00000BF00BF1037BD4680BD80B582B000AF33
:1002B00078607B68002B0CD07B685B68002B04D0D7
:1002C0007B685B681846FEF7B1FB79680320FDF791
:1002D00037FD00BF0837BD4680BD000080B582B045
:1002E00000AF78600B46FB707B68002B07D1074B93
:1002F0004FF4CE620649074807F0D8FE02E07B685B
:10030000FA785A750837BD4680BD00BF64A401085D
:100310009CA90108A8A4010880B584B000AF78604A
:100320007B68002B06D10F4B40F282620E490F48CA
:1003300007F0BCFE0320FDF793FCF860FB68002B80
:1003400001D100230AE010227968F86807F0E3FF82
:10035000FB685B681846FEF709FCFB681846103717
:10036000BD4680BD64A40108B8A90108A8A401087D
:1003700080B584B000AFF860B9607A60FB70BB688C
:10038000002B09D1124B4FF4D3621249124807F0E7
:100390008DFE6FF00F0316E07B68002B09D07B68A1
:1003A0001B891946B868FFF7B3FA7868FEF73EFB79
:1003B00008E097F90330002B04D1B868FEF7E4FF9A
:1003C000034600E0002318461037BD4680BD00BF3D
:1003D00064A40108D4A90108A8A4010880B586B0C6
:1003E00000AF0346FB7197F90730002B01DBFB7967
:1003F00000E07F23FB72FB7A002B34D0FB7A013BB9
:10040000FB720023FB6000233B61194B1B687B617F
:100410001FE07B695B7DFA7A9A420CD87B695B7D31
:10042000FA7A9A4212D1134B1A687B691B6AD31A63
:10043000FA689A420AD80F4B1A687B691B6AD31A6A
:10044000FB607B693B617B695B7DFB727B69DB6881
:100450007B617B69002BDCD13B69002B04D03869C0
:10046000FFF77CF800E000BF1837BD4680BD00BF35
:10047000605E0024545E002480B586B000AF034661
:10048000FB71FB79082B09D0FB79092B06D01A4B9D
:1004900040F2DD6219491A4807F008FE0023FB60AC
:1004A00000233B61174B1B687B6117E07B691B7D59
:1004B000FA799A420FD1144B1A687B691B6AD31AD6
:1004C000FA689A4207D8104B1A687B691B6AD31ADC
:1004D000FB607B693B617B69DB687B617B69002B2F
:1004E000E4D13B69002B03D000213869FEF778FF87
:1004F00000BF1837BD4680BD64A40108F0A90108FB
:10050000A8A40108605E0024545E002480B584B075
:1005100000AF00237B600023BB60124B1B68FB60B5
:1005200012E0114B1A68FB681B6AD31A7A689A4268
:1005300007D80D4B1A68FB681B6AD31A7B60FB68EF
:10054000BB60FB68DB68FB60FB68002BE9D1BB6824
:10055000002B02D0B868FFF701F800BF1037BD4686
:1005600080BD00BF645E0024545E002480B582B06C
:1005700000AF104B1B687B6014E07B68DB683B605E
:100580007B685B8B03F00803002B09D07B685B8BD7
:1005900023F008039AB27B685A837868FEF78AFED4
:1005A0003B687B607B68002BE7D100BF00BF08374A
:1005B000BD4680BD605E002480B584B000AF0346B8
:1005C000FB710120FDF74CFBF860FB68002B26D186
:1005D000FFF7CCFFFFF79AFF0120FDF741FBF86022
:1005E000FB68002B1BD10920FFF746FF0120FDF718
:1005F00037FBF860FB68002B11D10820FFF73CFFA8
:100600000120FDF72DFBF860FB68002B07D1FB797B
:100610001846FFF7E3FE0120FDF722FBF860FB68B8
:10062000002B3FD09C220021F86807F0A4FDFB6856
:10063000FA795A75FB684FF48662A3F86420FB6868
:100640004FF406625A85FB685A8DFB681A85FB6871
:10065000FF22DA72FB684FF406725A86FB680622A4
:10066000A3F84020FB680622DA87FB684FF6FF728A
:100670001A86FB680122A3F848200D4B1A68FB6814
:100680001A620C4B1A78FB689A77FB684FF4866203
:10069000A3F84A20FB68084AC3F88420FB68074A8D
:1006A000C3F89420FB6818461037BD4680BD00BFD4
:1006B000545E00246A5E00247103010800DD6D00B1
:1006C00080B500AF4020FFF777FF0346184680BD96
:1006D00080B483B000AF786039607B68002B02D0B3
:1006E0007B683A681A6100BF0C37BD465DF8047B31
:1006F0007047000080B582B000AF786039607B68D9
:10070000002B0ED07B681B7D012B06D1074B40F2DE
:10071000DF720749074807F0C9FC7B683A68C3F8ED
:10072000842000BF0837BD4680BD00BF64A4010817
:1007300000AA0108A8A4010880B582B000AF7860C3
:1007400039607B68002B0ED07B681B7D012B06D1A6
:10075000074B40F2F3720749074807F0A7FC7B6894
:100760003A68C3F8802000BF0837BD4680BD00BF8F
:1007700064A4010828AA0108A8A4010880B582B0D1
:1007800000AF786039607B68002B0ED07B681B7DE2
:10079000012B06D1074B40F60D020749074807F029
:1007A00085FC7B683A68C3F8902000BF0837BD46D7
:1007B00080BD00BF64A4010850AA0108A8A40108D4
:1007C00080B485B000AF786039607B68002B08D0BA
:1007D0007B681B7D012B04D17B68FB60FB683A685A
:1007E0009A6100BF1437BD465DF8047B7047000076
:1007F00080B584B000AFF860B9601346FB71FB6848
:10080000002B07D10E4B40F63D020E490E4807F073
:100810004DFC11E0FB681B7D012B06D1084B40F617
:100820003E020A49084807F041FCFB68BA68C3F871
:100830008C20FB68FA795A771037BD4680BD00BF1F
:1008400064A4010878AA0108A8A4010890AA0108D4
:1008500080B582B000AF78607B68002B07D1214B58
:1008600040F651022049214807F020FC37E07B6820
:100870001B7D002B33D07B681B7D0A2B2FD07B6820
:100880001B7D012B2BD07B689B6F002B07D07B68D7
:100890009B6F1846FEF7CAF87B6800229A677B6850
:1008A0005B6F002B02D0786800F086F97B684FF60A
:1008B000FF721A867B68DB6E1846FFF7E1FC7B68E7
:1008C0001B6F1846FFF7DCFC7B680022DA667B684A
:1008D000DA6E7B681A677B680022A3F86820083705
:1008E000BD4680BD64A40108B0AA0108A8A40108FF
:1008F00080B584B000AF786039603B68002B06D1CA
:100900003E4B40F683023E493E4807F0CFFB7B68F2
:10091000002B06D1394B40F684023B49394807F099
:10092000C5FB7B681B683A689A4205D17B681B68E7
:10093000DA687B681A6013E07B681B68FB600CE078
:10094000FB68DB683A689A4204D13B68DA68FB6866
:10095000DA6005E0FB68DB68FB60FB68002BEFD129
:100960003B680022DA603868FFF772FF3B681B7D46
:100970000A2B13D03B681B7D012B0FD03B685B8B90
:1009800003F00103002B09D03B685B8B43F00203AB
:100990009AB23B685A83386803F0C0FB3B681B7D02
:1009A000012B20D03B68DB6E002B06D0134B40F6AA
:1009B00093021649134807F079FB3B681B6F002B25
:1009C00006D00E4B40F6940211490E4807F06EFB1C
:1009D0003B685B6F002B06D0084B40F696020D4932
:1009E000084807F063FB3B6800221A753B68002249
:1009F000DA8200BF1037BD4680BD00BF64A4010885
:100A0000CCAA0108A8A40108E8AA010808AB0108BB
:100A100020AB01083CAB010880B582B000AF786024
:100A20007B68002B06D10A4B40F6AF0209490A4801
:100A300007F03CFB094B1A68094B1B681344074A33
:100A40001360064B1B6818460837BD4680BD00BFC3
:100A500064A4010854AB0108A8A4010844000024C0
:100A6000545E002480B586B000AF0346B9607A605A
:100A7000FB817B68002B06D1144B40F6C50214495C
:100A8000144807F013FBBB68002B01D1FB8919E068
:100A9000BB689B8CFB82FB8A002B12D02823BB8275
:100AA000FA8ABB8A9A4204D9FA8ABB8AD31A9BB2C1
:100AB00000E000237B827A8AFB89934228BF134699
:100AC000FB81FB8918461837BD4680BD64A4010828
:100AD00070AB0108A8A4010880B584B000AF7860AD
:100AE00039603B68FB607B68002B19D1104B4FF4D9
:100AF00010621049104807F0D9FA11E0FB681A6833
:100B00007B681B689A4208D1FB68DB68BB60F868A9
:100B1000FEF724FDBB68FB6002E0FB68DB68FB605E
:100B2000FB68002BEAD100BF00BF1037BD4680BD77
:100B300064A4010898AB0108A8A4010880B584B09A
:100B400000AF786039607B68002B2AD07B681B6817
:100B5000002B26D0154B1B6819467868FFF7BCFFA1
:100B6000134B1B6819467868FFF7B6FF3B68002BEC
:100B700017D03B681B68002B13D00E4B1B68FB6023
:100B80000CE0FB681A687B681B689A4203D13B68DB
:100B90001A68FB681A60FB68DB68FB60FB68002B67
:100BA000EFD100BF1037BD4680BD00BF605E00249E
:100BB000585E00245C5E002480B582B000AF78608F
:100BC0007B685B6F002B07D07B685B6F1846FFF775
:100BD00057FB7B6800225A6700BF0837BD4680BDBF
:100BE00090B58DB004AF786039607B68002B05D17B
:100BF0009B4B83229B499C4807F058FA7B685B68B3
:100C00009A4A13607B685B89132B40F2D183984B1F
:100C10005B69974A12681146184606F08FF803463A
:100C2000002B40F0C783924B5B6903F0F003E02B8D
:100C300000F0C0838D4B1B689B899BB21846FCF764
:100C4000DFFA03461B0B9BB2DBB29B00BB74BB7C81
:100C5000132B40F2B183BB7C9AB27B681B899A420A
:100C600000F2AA83BB7C9BB2143B9AB2814B1A80E0
:100C7000814B00221A607B685A89BB7C9BB29A42E6
:100C800009D37C4B1A887D4B1A80BB7C1946786847
:100C9000FDF746FE4EE07B681B68002B05D1704BCC
:100CA000C2227749704807F001FA14217868FDF7ED
:100CB00037FE7B685A89714B1A806E4B1A886F4BCE
:100CC0001B88D31A3B826D4B1B8819467868FDF749
:100CD00027FE7B681B685B893A8A9A4200F26E8322
:100CE0007B681B685B68644A13607B681B683A8A90
:100CF00011461846FDF714FE7B681A893B8AD31A01
:100D00009AB27B681A817B685B89002B05D0544BB3
:100D1000DF225C49544807F0C9F97B681A897B686F
:100D20001B681B899A4205D04D4BE02256494E481C
:100D300007F0BCF94D4B1B681B889BB24B4A1468EB
:100D40001846FCF75DFA03462380484B1B685B8816
:100D50009BB2464A14681846FCF752FA0346638071
:100D6000424B1B685B68414A14681846FCF75DFA01
:100D7000034663606368454A13603C4B1B689B688D
:100D80003A4A14681846FCF750FA0346A360A36871
:100D90003F4A1360354B1B68DB899BB2334A1468AA
:100DA0001846FCF72DFA0346E381304B1B689B89FC
:100DB0009BB21846FCF724FA0346DBB203F03F036C
:100DC000DAB2344B1A707B681A89334B1A80314B74
:100DD0001B7803F00303002B0CD02F4B1B8801332F
:100DE0009AB22D4B1A807B681A892B4B1B889A422A
:100DF00000F2E6820023BB61284B1B68FB619DE08B
:100E0000FB691B7D002B05D1154BFB22244916489D
:100E100007F04CF9FB691B7D0A2B05D1104BFC2216
:100E20002049114807F042F9FB691B7D012B05D1D0
:100E30000B4BFD221C490C4807F038F9FB691B7A63
:100E4000002B33D0FB691A7A094B5B6893F830307A
:100E50000133DBB29A4229D0FB69BB616BE000BF72
:100E6000CCAB010800AC010818AC01087C5E002482
:100E7000382F0024805E0024845E0024825E0024DB
:100E800040AC010850AC01085CAC01088C5E002449
:100E9000905E0024985E0024965E0024605E00242C
:100EA0007CAC0108A4AC0108D0AC0108FB691A8B2A
:100EB000724B1B681B889BB29A423AD1FB69DA8A53
:100EC0006E4B1B685B889BB29A4232D1FB695A68B1
:100ED0006B4B1B699A422CD1FB691A68684B5B69A2
:100EE0009A4226D1FB69DB68FA699A4206D1654BC2
:100EF00040F20D126449654807F0D8F8BB69002B31
:100F00000AD0FB69DA68BB69DA60614B1A68FB6971
:100F1000DA605F4AFB691360FB69DB68FA699A4231
:100F200011D1584B40F215125A49584807F0BEF8F3
:100F300009E0FB69BB61FB69DB68FB61FB69002BB6
:100F40007FF45EAF00E000BFFB69002B40F0AA8099
:100F5000514B1B68FB613FE0FB691B7D0A2B06D0F0
:100F6000484B40F21F124D49484807F09FF8FB6973
:100F70001B7A002B09D0FB691A7A414B5B6893F806
:100F800030300133DBB29A4222D1FB691A8B3B4BE2
:100F90001B681B889BB29A421BD1FB69DA8A374BCC
:100FA0001B685B889BB29A4213D1FB695A68344B29
:100FB0001B699A420DD1FB691A68314B5B699A42F1
:100FC00007D1F86900F056FB7868FDF72FFDFDE1C9
:100FD00000BFFB69DB68FB61FB69002BBCD1002310
:100FE000BB612F4B1B687B612AE07B691B7A002B5E
:100FF0000CD07B691A7A224B5B6893F8303001334E
:10100000DBB29A4202D07B69BB6116E07B69DA8A67
:101010001A4B1B685B889BB29A420CD17B691A6899
:10102000174B5B699A420FD07B69002B0DD07B690F
:101030001B68002B09D07B69BB617B69DB687B6126
:101040007B69002BD1D100E000BF7B69002B29D048
:10105000BB69002B0AD07B69DA68BB69DA60104B88
:101060001A687B69DA600E4A7B691360786900F060
:1010700003FA7868FDF7DAFCA8E100BF7C5E002483
:10108000382F0024CCAB0108F8AC010818AC0108DB
:10109000605E002424AD0108645E002450AD0108A8
:1010A0005C5E0024FB69002B00F05881954B002208
:1010B0001A607B681A89934B1A81924A7B68536045
:1010C000914B1B688F4AD360904B00221A60904B63
:1010D00000221A708F4B00221A808F4B1B7803F06E
:1010E0000803002B06D07B685B7B43F00103DAB278
:1010F0007B685A73FB699B6F002B17D0F869FFF769
:1011000043F8034613F10D0F07D0FB699B6F002BCB
:101110000CD0824B1B88002B08D0FB695B8D002B09
:1011200040F0E380F86903F0FFFDDEE07C4AFB69F4
:101130001360F86900F018FB0346FB7497F913304D
:1011400013F10D0F00F0D380714B1B7803F00803EF
:10115000002B15D0FB69D3F89030002B08D0FB6929
:10116000D3F89030FA6912696FF00D011046984774
:10117000F9696C48FFF7BCFBF869FDF707FFDAE097
:101180000023FB74634B1B88002B1DD0614B1B8815
:10119000FB81FB69D3F88030002B0AD0FB69D3F8C0
:1011A0008030FA691069FA89F96998470346FB7437
:1011B00001E00023FB7497F9133013F10D0F00F0D9
:1011C0009880544B00221A80F86900F015F9034604
:1011D000002B40F090804D4B1B68002B41D0FB69E9
:1011E0009B6F002B06D0504B4FF4F3724F49504881
:1011F00006F05CFFFB695B8B03F01003002B08D04B
:10120000424B1B681846FDF711FCF869FEF7A6F97A
:1012100091E0FB69D3F88430002B0CD0FB69D3F844
:101220008440FB691869394B1A680023F969A047A3
:101230000346FB7408E0354B1A680023F969002067
:10124000FFF796F80346FB7497F9133013F10D0F6F
:1012500053D097F91330002B03D02C4B1A68FB693D
:101260009A672B4B1B7803F02003002B30D0FB69CF
:101270009B6F002B09D0FB699B6F5A7BFB699B6FAF
:1012800042F02002D2B25A7322E0FB691B8DB3F503
:10129000066F05D0FB691B8D01339AB2FB691A8575
:1012A000FB69D3F88430002B0BD0FB69D3F8844062
:1012B000FB69186900230022F969A0470346FB7403
:1012C00001E00023FB7497F9133013F10D0F16D0D2
:1012D000134B00221A60F86900F08EF80346002BC9
:1012E00028D1F86902F01AFF25E000BF23E000BF13
:1012F00021E000BF1FE000BF1DE000BF1BE000BFFA
:1013000019E000BF6C5E00247C5E00249C5E00241B
:10131000995E0024945E0024985E0024965E00246A
:10132000A05E0024605E0024CCAB010880AD010803
:1013300018AC010800BF274B00221A60264B002280
:101340001A60264B5B68002B3FD0244B5B68184625
:10135000FDF76CFB214B00225A6036E0204B1B68E6
:101360009B899BB21846FBF74BFF0346DBB203F0A9
:101370000403002B18D11B4B19681B4B1B881A4602
:101380001A4B1B68D018164B1B685B889BB2144A1B
:101390001268128892B202920193154B0093154B7A
:1013A0000246002003F06EFC7868FDF73FFB0CE07E
:1013B00000BF06E000BF04E000BF02E000BF00E0A5
:1013C00000BF7868FDF732FB00E000BF2437BD4660
:1013D00090BD00BFA05E00249C5E00246C5E0024D3
:1013E0007C5E0024905E0024965E00248C5E0024C7
:1013F000482F00244C2F002480B582B000AF7860C5
:101400007B68002B06D1174B40F25A221649174829
:1014100006F04CFE164B1B7803F01003002B1CD07B
:101420007B685B8B03F01003002B0DD17B68D3F836
:101430009030002B08D07B68D3F890307A6812691E
:101440006FF00E011046984779680A48FFF750FA86
:101450007868FDF79BFD012300E00023184608375C
:10146000BD4680BDCCAB01089CAD010818AC01089D
:10147000995E0024605E002490B58BB004AF786064
:101480006F4B1B7803F00403002B40F0D2807B6885
:10149000002B06D16B4B40F281226B496B4806F062
:1014A00005FE674B1B7803F01003002B19D0684B27
:1014B0001968684B1B881A46674B1B68D018674B26
:1014C0001B685B889BB2654A1268128892B20292CE
:1014D0000193634B0093634B0246786803F0D2FBA1
:1014E000A9E0574B1B7803F00203002B00F0A38008
:1014F0007B685B7D1846FFF75FF878617B69002B9E
:1015000011D17B689B69002B0AD07B689B697A6844
:1015100010694FF0FF32002198470346BB738BE000
:10152000F023BB7388E0504B5A697B691A604E4BBD
:101530001A697B695A607B68DA8A7B69DA82474B71
:101540001B681B889AB27B691A837B6903221A7510
:10155000414B1B685A1C7B695A627B695A6A7B69DA
:10156000DA627869FFF758FA38617B693A699A65F7
:101570007B693A691A657B693A695A647B693A6999
:10158000DA65354B1B685A1E7B695A657B681A6998
:101590007B691A617B697A68DA677B685B7A03F03A
:1015A0000C03DAB27B695A727B681A7A7B691A7209
:1015B0002E4B1A687B69DA602C4A7B69136003F052
:1015C00023FD2B4B01221A70786901F08BFD234B10
:1015D0001B68DB899AB27B69A3F860207B69B3F84A
:1015E00060207B69A3F862207B695C8E7B69043391
:1015F000184605F00DF901467B6904331A4620466A
:10160000FFF730FA03461A467B695A861221786939
:1016100002F096FC0346FB7397F90F30002B04D0C1
:1016200000217869FDF7DCFE06E0786902F076FDBE
:1016300001E000BF00E000BF1C37BD4690BD00BF09
:10164000985E0024CCAB0108C4AD010818AC0108B9
:10165000905E0024965E00248C5E00247C5E002454
:10166000482F00244C2F0024382F0024605E0024D3
:10167000685E002480B586B004AF78602F4B1B787D
:1016800003F00403002B53D17B68002B06D12C4BB5
:1016900040F2EE222B492C4806F008FD274B1B7820
:1016A00003F00203002B2AD0284B1A687B685B6A80
:1016B000D31A002B2DDB254B1A687B685B6A79688F
:1016C000098D0B44D31A002B23DC214B1968214BC5
:1016D0001B881A461D4B1B68D0181F4B1B685B8864
:1016E0009BB21D4A1268128892B2029201931B4B60
:1016F00000931B4B0246786803F0C4FA1BE00F4BC3
:101700001B7803F00103002B03D0164B1A687B688B
:101710001A62104B1B88002B0CD07B685B8B43F04C
:1017200002039AB27B685A83786802F0F7FC01E002
:1017300000BF00E000BF0837BD4680BD985E0024B2
:10174000CCAB0108E4AD010818AC01088C5E0024A4
:10175000905E0024965E00247C5E0024482F0024C6
:101760004C2F0024545E002490B58DB004AF7860F7
:101770000023FB760023BB767B68002B06D19D4BB4
:101780004FF447729C499D4806F090FC9C4B1B7897
:1017900003F00403002B4ED07B681B7D022B08D185
:1017A0007B681A6D974B1B689A4223D10123FB7605
:1017B00020E07B685A6A944B1B689A4202D101234D
:1017C000FB7617E0904B1A687B685B6AD31A002B94
:1017D00010DB8D4B1A687B685B6A7968098D0B4456
:1017E000D31A002B06DC7B685B8B43F002039AB2B2
:1017F0007B685A83FB7E002B1BD07B681B7D002BF4
:1018000006D17C4B4FF44E7280497C4806F04EFC6A
:101810007F4B1B7843F00803DAB27D4B1A707B686C
:101820005B8B23F001039AB27B685A836FF00D0340
:101830007AE3002378E3724B1B7803F00203002B5A
:1018400010D07B681B7D022B0CD07B681B7D032B8B
:1018500008D07B685B8B43F002039AB27B685A83A3
:10186000002361E37B685B8B03F01003002B03D143
:10187000684B1A687B681A627B68002283F89B2099
:101880007B68002283F89A20786801F02BFC7B6843
:101890001B7D023B072B00F2378301A252F823F095
:1018A000C1180108F11A0108691C0108931C0108FC
:1018B000B71D0108691C0108431E0108D31E010859
:1018C0004F4B1B7803F01003002B00F0E4804C4BCF
:1018D0001B7803F00203002B00F0DD807B685B6C5B
:1018E0005A1C484B1B689A4240F0D580464B1B68F7
:1018F0005A1C7B685A627B685A6A7B68DA62414B81
:101900001A687B685A64444B1B68DB899AB27B680F
:10191000A3F860207B68B3F860207B68A3F862209E
:10192000394B1B685A1E7B685A657B6804221A75FE
:101930007B685C8E7B680433184604F069FF0146BF
:101940007B6804331A462046FFF78CF803461A4694
:101950007B685A867B685B8E9A007B685B8E5B0037
:1019600041F21C118B4238BF0B469A4204D27B686D
:101970005B8E9B009BB20DE07B685B8E5B0041F24F
:101980001C12934204D97B685B8E5B009BB201E022
:1019900041F21C137A68A2F848307B68B3F86630CD
:1019A000002B06D1134B4FF45B721C49134806F011
:1019B0007DFB7B68B3F86630013B9AB27B68A3F885
:1019C00066207B681B6FFB61FB69002B2AD17B685B
:1019D000DB6EFB61FB69002B06D1064B4FF45D7299
:1019E0000F49064806F062FBFB691A687B68DA66F5
:1019F0001CE000BFCCAB010804AE010818AC010824
:101A0000985E0024905E00248C5E002420AE0108C5
:101A1000995E0024545E00247C5E002440AE0108E0
:101A200058AE0108FB691A687B681A67F869FEF707
:101A30003CFC7B681B6F002B04D17B684FF6FF7268
:101A40001A8606E07B6800221A867B68002283F8EB
:101A500042207B68D3F88830002B0AD07B68D3F80B
:101A600088307A6810690022796898470346BB7607
:101A700001E00023BB7697F91A3013F10D0F02D164
:101A80006FF00C0350E27B685B8B43F002039AB269
:101A90007B685A833AE2984B1B7803F01003002BC3
:101AA00000F03482954B1968954B1B881A46954B6C
:101AB0001B68D018944B1B685B889BB2924A1268D3
:101AC000128892B202920193904B0093904B02467F
:101AD000786803F0D7F87B6893F84230052B00F262
:101AE00015827B6800221A86786802F0A3FE0DE258
:101AF000814B1B7803F01003002B00F0A1807F4B7B
:101B00001A687B685B6CD31A013B002B7EDB7B4B36
:101B10001A687B681B6DD31A002B77DC7B68042264
:101B20001A757B68DB6F002B02D1FA23BB761DE0B0
:101B30007B68DB6F9B69002B06D1764B4FF46A7292
:101B40007549764806F0B2FA7B68DB6F9B69002B1B
:101B50000AD07B68DB6F9B697A681069002279681C
:101B600098470346BB7601E0F023BB7697F91A301D
:101B7000002B0AD097F91A3013F10D0F02D07868B4
:101B8000FDF7ECFC6FF00C03CEE1786800F0E0FAB2
:101B9000634B1B88002B05D0614B1B88013B9AB21D
:101BA0005F4B1A807B685B8E9A007B685B8E5B0064
:101BB00041F21C118B4238BF0B469A4204D27B681B
:101BC0005B8E9B009BB20DE07B685B8E5B0041F2FD
:101BD0001C12934204D97B685B8E5B009BB201E0D0
:101BE00041F21C137A68A2F848304E4B1B7803F080
:101BF0002003002B37D07B685B8B43F002039AB243
:101C00007B685A837B6807221A752CE03B4B196866
:101C10003B4B1B881A463B4B1B68D0183A4B1B6842
:101C20005B889BB2384A1268128892B20292019382
:101C3000364B0093364B0246786803F023F867E191
:101C40002D4B1B7803F00203002B00F061817B68B1
:101C50005B6A5A1E2B4B1B689A4240F05981786888
:101C600002F00AFE54E153E1786800F071FA2D4B5E
:101C70001B7803F02003002B00F04C817B685B8B0A
:101C800043F002039AB27B685A837B6807221A7575
:101C900040E1786800F05CFA224B1B7803F02003E7
:101CA000002B71D0144B1B7803F01003002B60D075
:101CB0007B681A6D114B1B689A425AD17B68DB6EA8
:101CC000002B56D17B685B8B43F002039AB27B6892
:101CD0005A837868FEF7BCFD134B1B687A689A42FA
:101CE00005D1114B1B68DB680F4A13602EE00E4BC9
:101CF0001B687B6127E000BF985E0024905E002493
:101D0000965E00248C5E00247C5E0024482F002414
:101D10004C2F0024CCAB01086CAE010818AC0108B4
:101D2000945E0024995E0024605E00247B69DB6879
:101D30007A689A4204D17B68DA687B69DA6005E0E8
:101D40007B69DB687B617B69002BEFD17B680022BC
:101D5000DA60774B01221A707B680A221A75754B7C
:101D60001A687B68DA60734A7B68136003F04CF989
:101D7000D2E07B685B8B43F002039AB27B685A83A4
:101D80007B6808221A75C7E06B4B1B7803F01003C1
:101D9000002B00F0C1807B681A6D684B1B689A426B
:101DA00040F0BA807B68DB6E002B40F0B5807B682A
:101DB00006221A75B0E0786800F0CAF9604B1B780B
:101DC00003F02003002B00F0A9807B685B8B43F0BD
:101DD00002039AB27B685A837868FEF739FD594B43
:101DE0001B687A689A4205D1564B1B68DB68554AD6
:101DF000136013E0534B1B683B610CE03B69DB68ED
:101E00007A689A4204D17B68DA683B69DA6005E057
:101E10003B69DB683B613B69002BEFD17B680022AB
:101E2000DA60434B01221A707B680A221A75414B13
:101E30001A687B68DA603F4A7B68136003F0E4F855
:101E40006CE0786800F084F93B4B1B7803F01003DA
:101E5000002B65D07B681A6D384B1B689A425FD1A6
:101E60007B68DB6E002B5BD17868FEF7F1FC354BAD
:101E70001B687A689A4205D1324B1B68DB68314A8D
:101E8000136013E02F4B1B68FB600CE0FB68DB6802
:101E90007A689A4204D17B68DA68FB68DA6005E008
:101EA000FB68DB68FB60FB68002BEFD17B680022DE
:101EB000DA601F4B01221A707B680A221A751D4BCB
:101EC0001A687B68DA601B4A7B68136003F09CF831
:101ED00026E0786800F03CF9174B1B7803F01003FC
:101EE000002B1FD07B681A6D144B1B689A4219D1C6
:101EF0007B68DB6E002B15D1114B1B7843F0100370
:101F0000DAB20F4B1A700DE000BF0CE000BF0AE020
:101F100000BF08E000BF06E000BF04E000BF02E031
:101F200000BF00E000BF002318462437BD4690BD27
:101F3000685E0024645E0024985E0024905E0024A5
:101F4000995E0024605E002490B585B000AF786093
:101F500039607B68002B06D13B4B40F21F423B4966
:101F60003B4806F0A3F87B68DB689B899BB2184668
:101F7000FBF746F90346DBB203F00103002B28D040
:101F80003868FEF77DF900233B6056E03B68DB686C
:101F90009B899BB21846FBF733F90346DBB203F08B
:101FA0000103002B0DD07B68DB689B899CB201206C
:101FB000FBF726F903461A467B68DB68224392B298
:101FC0009A813B68FB603B681B683B60F868FEF7E2
:101FD0006CF93B68002B0ED07B681B891A461D4BA1
:101FE0001B681A443B68DB685B68396809890B44E5
:101FF000D31A002BCADA3B68002B1ED07B681B89E2
:102000001A46144B1B681A443B68DB685B68D31A9A
:10201000002B12DD3B68DB685B689AB20D4B1B68D6
:102020009BB2D31A9AB27B681A817B685A687B6824
:102030001B8919461046FCF773FB7B683A681A60E7
:1020400000BF1437BD4690BDCCAB01088CAE010873
:1020500018AC01088C5E0024B0B586B000AFF86003
:10206000B9607A603B603EE0BB687B61BB681B681F
:10207000BB607B695B681846FCF760FD03467B82AA
:10208000FB68B3F866307A8A9A4206D92A4B40F246
:1020900057422A492A4806F009F8FB68B3F8662037
:1020A0007B8AD31A9AB2FB68A3F866207B691A89E7
:1020B000244B1B8813449AB2224B1A807869FEF78E
:1020C000F4F8FB68B3F86630002B0CD0BB68002B2B
:1020D00009D13B68002B06D1174B40F261421A49E7
:1020E000174805F0E3FFBB68002B20D0BB68DB6816
:1020F0005B681846FBF799F80446BB681B891D46C8
:10210000BB68DB689B899BB21846FBF779F80346EE
:10211000DBB203F00303002B01D0012300E0002316
:102120002B44E218094B1B68D31A002B9CDDBB68BB
:1021300018461837BD46B0BDCCAB0108B4AE010897
:1021400018AC0108945E0024DCAE0108905E002407
:10215000B0B594B000AF78600023BB647B68002BFF
:1021600006D1914B40F27B429049914805F09EFF89
:102170007B681B7D032B06D88B4B40F27C428D493C
:102180008B4805F093FF8C4B1B7803F01003002B5A
:1021900000F064827B68B3F860301A467B689B6D00
:1021A00013443B637B685A6D844B1B68D31A002B26
:1021B0001BDB7B685A6D814B1B689A4206D17B689A
:1021C0009A6D7F4B1B68D31A002B0EDB7B689A6DD0
:1021D0007B4B1B689A4225D17A4B1B68DB899AB2EC
:1021E0007B68B3F860309A421CD9764B1B68DB8958
:1021F0009AB27B68A3F860207B68B3F862207B68A2
:10220000B3F860309A4205D27B68B3F860207B68EF
:10221000A3F86220694B1A687B685A65684B1A6894
:102220007B689A65664B1A687B685B6CD31A002BD7
:1022300058DC654B1B88002B4BD17B689B6D7A6803
:10224000B2F8602013443A6B9A4242D17B68B3F9EA
:102250003030002B3DDB7B685A6C594B1B689A422F
:1022600037D10123BB647B6893F84330FF2B07D041
:102270007B6893F843300133DAB27B6883F84320FC
:102280007B6893F84330032B1BD97B68B3F8482055
:102290007B685B8E13449AB27B68B3F848309A42ED
:1022A0000AD37B68B3F848207B685B8E13449AB2EC
:1022B0007B68A3F8482004E07B684FF6FF72A3F820
:1022C00048207B6893F84330022B02D9786802F0EB
:1022D0003FFBBB6C002B40F061817B68002283F8E0
:1022E00043205BE1364B1A687B685B6CD31A013B79
:1022F000002BC0F24E81324B1A687B681B6DD31ADB
:10230000002B00F346817B685B8B03F00403002BFA
:1023100010D07B685B8B23F004039AB27B685A83EE
:102320007B68B3F84A207B68A3F848207B680022CA
:10233000A3F86A207B68002283F842207B68B3F907
:102340003C30DB101BB29AB27B68B3F93E309BB2D3
:1023500013449BB21AB27B68A3F84020184B1B6849
:102360009AB27B685B6C9BB2D31AFB857B680022B8
:1023700083F84320124B1A687B685A647B681B7D84
:10238000032B40F297807B68B3F848207B68B3F852
:102390004A309A4245D27B685B8B03F40063002B82
:1023A00014D0012313E000BFCCAB0108FCAE010840
:1023B00018AC010818AF0108985E00248C5E002458
:1023C000905E00247C5E0024965E0024022387F841
:1023D0002D3097F82D309AB27B685B8E12FB03F399
:1023E0009BB2FA8D934228BF13467B857B68B3F876
:1023F00048207B8D13449AB27B68B3F848309A42E8
:1024000009D37B68B3F848207B8D13449AB27B686C
:10241000A3F848204EE07B684FF6FF72A3F84820EF
:1024200048E07B68B3F86A20FB8D13449AB27B685E
:10243000B3F86A309A4209D37B68B3F86A20FB8DFF
:1024400013449AB27B68A3F86A2004E07B684FF6D5
:10245000FF72A3F86A207B68B3F86A207B68B3F840
:1024600048309A4226D37B68B3F86A207B68B3F879
:102470004830D31A9AB27B68A3F86A207B68B3F815
:1024800048207B685B8E13449AB27B68B3F848306F
:102490009A420AD37B68B3F848207B685B8E13446A
:1024A0009AB27B68A3F8482004E07B684FF6FF727D
:1024B000A3F848207B68196F7B68DB6E984A7868C0
:1024C000FFF7CAFD02467B681A677B68D96E7B6896
:1024D0001B6F944A7868FFF7BFFD02467B68DA6697
:1024E0007B681B6F002B04D17B684FF6FF721A8646
:1024F00002E07B6800221A867B6800221A777B68DC
:10250000DB6E002B03D17B680022A3F868207B6878
:10251000B3F86420844B1B8813449AB27B68A3F8F9
:1025200064207B685B8B03F40063002B35D07B68F1
:102530001B6F002B18D17B68DB6E002B0CD07B68E7
:10254000DC6C7B68DB6EDB685B681846FAF76DFE57
:102550000346E31A002B20DC7B685B8B23F40063CB
:102560009AB27B685A8318E07B68DC6C7B681B6FCF
:10257000DB685B681846FAF758FE0346E31A002B3F
:102580000BDC7B685B8B23F400639AB27B685A8315
:1025900003E0786802F0C8FB00E000BF7B685B6B7B
:1025A000002B5BD07B689A6B604B1B68D31A002BA7
:1025B00054DA5F4B1B689AB27B685B6B9BB2D31A91
:1025C0009BB2A7F84E30B7F84E207B68B3F93C3089
:1025D000DB101BB29BB2D31A9BB2A7F84E307B68BC
:1025E000B3F93C309AB2B7F84E3013449BB21AB2EA
:1025F0007B689A87B7F94E30002B05DAB7F84E3072
:102600005B429BB2A7F84E30B7F84E207B68B3F917
:102610003E309B101BB29BB2D31A9BB2A7F84E3030
:102620007B68B3F93E309AB2B7F84E3013449BB290
:102630001AB27B68DA877B68B3F93C30DB101BB2D7
:102640009AB27B68B3F93E309BB213449BB21AB284
:102650007B68A3F840207B6800225A63354B1B88B7
:10266000002B00F0DF847B681B7D062B00F2DA84F0
:102670007B685A6A304B1B68D31A013B002BC0F2AF
:102680008F807B685A6A2B4B1B8819462A4B1B6824
:102690000B44D31A0133002B00F38280274B5B6875
:1026A0007B647B685A6A244B1B68D31A7B62234B7A
:1026B0005B68002B06D1224B40F2945221492248FC
:1026C00005F0F4FC7B6A4FF6FE72934206D91C4B70
:1026D00040F295521D491C4805F0E8FC7B6AA7F8BA
:1026E0004230164B5B681B89B7F842209A4206D9E4
:1026F000134B40F297521649134805F0D7FC0F4B85
:102700001A89B7F84230D31A9AB20C4B1A810B4B84
:102710005B681A89B7F84230D31A7B842AE000BF7D
:1027200034AF01083CAF0108945E0024905E0024A1
:10273000545E0024965E00248C5E00246C5E0024AF
:10274000CCAB010844AF010818AC010854AF010834
:1027500064AF01087B6C5B89B7F84220D31AA7F8F5
:1027600042307B6C7A8C1A817B6C00225A817B6CA4
:102770001B687B647B6C5B89B7F842209A42E9D87E
:10278000B7F842301946786CFCF7CAF87B685B6A88
:10279000904A1360904BDB688E4A12685A600DE0D5
:1027A0008C4B1A687B685B6AD31A002B06DA7B684D
:1027B0005B8B43F002039AB27B685A83854B1A689D
:1027C0007B685B6AD31A002BC0F22784814B1A689E
:1027D0007B685B6A7968098D0B44D31A0133002B3F
:1027E00000F31B847B685A6A7A4B1B689A4240F05C
:1027F0009882794B1C89784BDB689B899BB2184681
:10280000FAF7FEFC0346DBB203F00303002B01D012
:10281000012300E0002323449AB2704B1A807B68A6
:102820001A8D6E4B1B889A4274D26B4BDB689B8966
:102830009BB21846FAF7E4FC0346DBB203F001034F
:10284000002B1ED0644BDB689B899BB21BB223F428
:102850007C531CB2604BDB689B899BB21846FAF72D
:10286000CFFC0346DBB203F03E039BB21846FAF7F7
:10287000C7FC03461BB223431AB2574BDB6892B224
:102880009A817B681A8D544B1A81534BDB689B8964
:102890009BB21846FAF7B4FC0346DBB203F002031E
:1028A000002B05D04C4B1B89013B9AB24A4B1A8135
:1028B000494B5B68484A128911461846FBF730FFBE
:1028C000454B1C89444BDB689B899BB21846FAF741
:1028D00097FC0346DBB203F00303002B01D0012376
:1028E00000E0002323449AB23C4B1A803B4B1B88E8
:1028F0001A46384B1B681A447B685B6A7968098DF5
:102900000B449A4206D0364B40F2CB5235493648FA
:1029100005F0CCFB7B685B6F002B00F0E6802E4B54
:10292000DB689B899BB21846FAF76AFC0346DBB268
:1029300003F00103002B10D00AE07B685B6FFB60A3
:102940007B685B6F1A687B685A67F868FDF7ADFCB7
:102950007B685B6F002BF0D1C7E07B685B6FFB632C
:1029600051E0FB6BDB689B899BB21846FAF748FC89
:102970000346DBB203F00103002B3CD0164BDB68AF
:102980009B899BB21846FAF73BFC0346DBB203F087
:102990000203002B2FD1104BDB689B899CB20120D6
:1029A000FAF72EFC03461A460B4BDB68224392B221
:1029B0009A81094B1C89084BDB689B899BB218469E
:1029C000FAF71EFC0346DBB203F00303002B0DD025
:1029D00001230CE08C5E00246C5E0024965E0024D3
:1029E000CCAB010874AF010818AC010800232344E4
:1029F0009AB2984B1A80FB6B3B61FB6B1B68FB63C5
:102A00003869FDF752FCFB6B002B0ED0914B1B88F5
:102A10001A46914B1B681A44FB6BDB685B68F96BC9
:102A200009890B44D31A002B9BDAFB6B002B59D07E
:102A3000884B1B881A46884B1B681A44FB6BDB6863
:102A40005B68D31A002B4DDDFB6BDB685B689AB2C9
:102A5000814B1B689BB2D31A9AB2804B1A817F4B71
:102A6000DB689B899BB21846FAF7CAFB0346DBB2C8
:102A700003F00203002B05D0784B1B89013B9AB26F
:102A8000764B1A81754B5B68744A12891146184659
:102A9000FBF746FE714B1C89704BDB689B899BB230
:102AA0001846FAF7ADFB0346DBB203F00303002B35
:102AB00001D0012300E0002323449AB2654B1A8021
:102AC000644B1B881A46644B1B681A44FB6BDB681B
:102AD0005B689A4206D0624B40F2FC526149624800
:102AE00005F0E4FA7B68FA6B5A675A4B1B881A4662
:102AF000594B1B681A447B685A627B681A8D554B88
:102B00001B889A4206D2564B40F2076257495648F4
:102B100005F0CCFA7B681A8D4E4B1B88D31A9AB2FB
:102B20007B681A857868FCF799FE4C4B5B681B89BB
:102B3000002B06D0494B5B684D4A1360474B00227F
:102B40005A60464BDB689B899BB21846FAF758FBE4
:102B50000346DBB203F00103002B00F0B880454BC5
:102B60001B7843F02003DAB2424B1A70AFE07B6867
:102B70005B6FBB607B685B6FDB685B68364A1360CA
:102B8000BB681B891C46BB68DB689B899BB21846E7
:102B9000FAF736FB0346DBB203F00303002B01D048
:102BA000012300E000231A197B685B6A1A447B68E2
:102BB0005A627B681B8D1C46BB681B891D46BB681F
:102BC000DB689B899BB21846FAF71AFB0346DBB217
:102BD00003F00303002B01D0012300E000232B446A
:102BE0009C4206D21E4B40F22B6223491E4805F040
:102BF0005DFABB681B891C46BB68DB689B899BB27E
:102C00001846FAF7FDFA0346DBB203F00303002B84
:102C100001D0012300E0002319197B681A8D8BB2C3
:102C2000D31A9AB27B681A857868FCF717FEBB68DE
:102C30005B681B89002B28D00D4B1B68002B1DD017
:102C40000B4B1A68BB685B6819461046FBF7B0FF70
:102C500018E000BF965E00248C5E00246C5E0024A9
:102C6000CCAB0108ACAF010818AC0108E8AF010813
:102C70009C5E0024995E002408B00108BB685B6874
:102C8000704A1360BB6800225A60BB68DB689B898E
:102C90009BB21846FAF7B4FA0346DBB203F001031D
:102CA000002B0DD0684B1B7843F02003DAB2664B43
:102CB0001A707B681B7D042B02D17B6807221A7572
:102CC000BB681A687B685A67B868FDF7EEFA7B68DC
:102CD0005B6F002B08D07B685B6FDB685A687B6892
:102CE0005B6A9A423FF443AF7B685B8B03F001035E
:102CF000002B0ED07B685B8B23F001039AB27B68BC
:102D00005A837B685B8B43F002039AB27B685A83D9
:102D100087E17B685B8B43F001039AB27B685A833F
:102D20007FE17B685B6F002B06D14848FDF7F4FA22
:102D300002467B685A676CE100237B637B685B6FAC
:102D4000BB6356E1BB6BDB685A68414B1B689A4218
:102D50001DD13E4B1A89BB6B1B899A4240F24E81B2
:102D60003A48FDF7D9FA78617B69002B00F0488179
:102D70007B6B002B03D07B6B7A691A6002E07B6867
:102D80007A695A67B96B7869FFF7DEF838E17B6BCF
:102D9000002B17D12E4B1A68BB6BDB685B68D31A0C
:102DA000002B57DA2948FDF7B7FAB861BB69002B49
:102DB00000F028817B68BA695A67B96BB869FFF778
:102DC000C3F81FE1224B1A687B6BDB685B68D31A80
:102DD000013B002B3EDB1E4B1A68BB6BDB685B685C
:102DE000D31A0133002B35DC1848FDF795FAF8614A
:102DF000FB69002B00F008817B6BDB685B687A6BFA
:102E000012891A44124B1B68D31A002B12DD104B87
:102E10001B689AB27B6BDB685B689BB2D31A9AB271
:102E20007B6B1A817B6B5A687B6B1B89194610463A
:102E3000FBF776FC7B6BFA691A60B96BF869FFF7F0
:102E400083F8E1E09C5E0024995E00246C5E00241F
:102E50008C5E0024BB6B7B63BB6B1B68002B40F05C
:102E6000C5807F4B1A68BB6BDB685B68D31A002B8D
:102E700040F3BC80BB6BDB689B899BB21846FAF7BA
:102E8000BFF90346DBB203F00103002B40F0BE8024
:102E90007448FDF741FA0246BB6B1A60BB6B1B68B6
:102EA000002B00F0B580BB6BDB685B68BA6B1289E6
:102EB0001A446B4B1B68D31A002B12DD684B1B683E
:102EC0009AB2BB6BDB685B689BB2D31A9AB2BB6BDE
:102ED0001A81BB6B5A68BB6B1B8919461046FBF7FE
:102EE0001FFC614B1B881A465D4B1B681A447B68AC
:102EF0005B6A7968098D0B44D31A002B40F38880F4
:102F0000BB6B1B68DB689B899BB21846FAF778F9A4
:102F10000346DBB203F00103002B21D0BB6B1B681F
:102F2000DB689B899BB21BB223F47C531CB2BB6B46
:102F30001B68DB689B899BB21846FAF761F9034668
:102F4000DBB203F03E039BB21846FAF759F9034689
:102F50001BB223431AB2BB6B1B68DB6892B29A8127
:102F60007B685B6A9AB27B681B8D134499B23C4BB9
:102F70001B689AB2BB6B1B688A1A92B21A81BB6B30
:102F80001B685A68BB6B1B681B8919461046FBF708
:102F9000C7FBBB6B1B681C89BB6B1B68DB689B8911
:102FA0009BB21846FAF72CF90346DBB203F0030391
:102FB000002B01D0012300E0002323449AB22A4BC6
:102FC0001A80294B1B881A46254B1B681A447B68BC
:102FD0005B6A7968098D0B449A4219D0234B4FF4F0
:102FE000DF622349234805F061F811E0BB6B1B68E1
:102FF000BB63BB6B002B7FF4A5AE0AE000BF08E00B
:1030000000BF06E000BF04E000BF02E000BF00E038
:1030100000BF786801F088FE03E0786801F084FE64
:103020001AE019E00E4B1A687B685B6AD31A002B12
:103030000ADB0B4B1A687B685B6A7968098D0B4465
:10304000D31A0133002B07DD7B685B8B43F002034F
:103050009AB27B685A83FFE700BF5037BD46B0BDC8
:103060008C5E00246C5E0024965E0024CCAB0108CC
:1030700074AF010818AC010880B483B000AF154BE1
:103080001B885A1C91B2134A1180FB80124B1B689B
:10309000002B04D0114B1B88FA889A4208D2104B9F
:1030A0001B6814333B60FB883A6813441B780BE0C1
:1030B000FB88DAB2094B1B88DBB2D31A7B71064B53
:1030C0001A687B7913441B7818460C37BD465DF8A7
:1030D000047B7047885E0024845E0024825E0024A6
:1030E0007C5E002480B584B000AF78607B68002BE4
:1030F00006D1324B40F27D723149324804F0D6FF9E
:10310000314B1B88002B56D0304B00221A8046E0F2
:10311000FFF7B2FF0346FB73FB7B022B06D0022BAB
:103120002ADC002B42D0012B38D025E0FFF7A4FF8A
:103130000346042B3CD1254B1B880133224A1288BD
:10314000934235DAFFF798FF03461B02BB81FFF776
:1031500093FF03461A46BB891343BB81BB89B3F572
:10316000067F04D8BB89002B01D0BA8901E04FF457
:1031700006727B685A8612E0FFF77EFF0346FB72F9
:10318000FB7A012B16D9FB7A9AB2104B1B88134499
:103190009BB2023B9AB20D4B1A8000E000BF0B4B72
:1031A0001A88094B1B889A42B2D304E000BF02E0A0
:1031B00000BF00E000BF1037BD4680BDCCAB0108AA
:1031C00030B0010818AC0108805E0024885E00243D
:1031D00080B400AF054B1B7843F01003DAB2034B09
:1031E0001A7000BFBD465DF8047B7047995E0024ED
:1031F00080B584B000AFF860B9607A60FB68002BDE
:103200000AD0FB681B7A002B06D0FB681B7A184695
:10321000FBF7ACF8034603E0786803F0F9FA0346DD
:1032200018461037BD4680BD90B587B000AFF86036
:10323000B9603B601346FB71FB68002B05D1434B23
:10324000A3224349434804F031FFBB68002B05D15A
:103250003E4BA42240493F4804F028FF97F828300D
:103260009B00DBB203F00403FB750320FAF7F8FCC4
:1032700038613B69002B04D1B868FBF7D7FB00230A
:1032800060E03B6997F828209A723B6900221A6037
:103290003B69BA685A60BB681A89FB7D9BB29A4247
:1032A00005D22A4BB0222D492A4804F0FFFEBB6804
:1032B0001A89FB7D9BB2D31A9AB23B691A811421F9
:1032C000B868FBF71DFB0346002B04D03869FCF7F8
:1032D000ECFF002336E03B695B685A683B69DA60C3
:1032E000FB68DA8A3B69DC681046F9F789FF034618
:1032F0002380FB681A8B3B69DC681046F9F780FF76
:10330000034663803B69DC683868F9F78EFF034643
:103310006360FB7D9B08DBB205339BB21B039AB253
:10332000FB799BB213439AB23B69DC681046F9F70C
:1033300067FF0346A3813B69DB6800229A74002281
:10334000DA743B6918461C37BD4690BD4CB0010885
:1033500080B00108A0B00108C8B00108ECB00108B5
:1033600080B586B000AF7B600346FB730B46BB8124
:1033700013467B81BB89FB827B68002B05D1304BD8
:10338000E8223049304804F091FE3B6A002B05D119
:103390002B4BE9222D492C4804F088FEBA897B8901
:1033A0009A4221D297F8243003F00203002B11D166
:1033B0003B6A5B8B03F04003002B15D197F8283054
:1033C000002B07D03B6ADB6E002B03D13B6A1B6FDF
:1033D000002B09D0BB8903F21B2323F003027B8956
:1033E000934228BF1346FB82F98AFB7B4FF420727D
:1033F0001846FBF737F838613B69002B01D10023F1
:1034000019E03B691B68002B06D00D4B40F20B12F4
:103410000F490D4804F04AFE3B695A89BB89D31A0B
:103420009AB27B681A803B69BA891A813B691A890A
:103430003B695A813B6918461837BD4680BD00BFBD
:103440004CB0010804B10108A0B0010828B101087E
:1034500048B1010880B582B000AF78600B467B8030
:103460007B68002B06D1334B40F23312324933488C
:1034700004F01CFE7B681B7D042B0ED07B681B7D3B
:10348000072B0AD07B681B7D022B06D07B681B7D37
:10349000032B02D06FF00A0348E07B88002B01D198
:1034A000002343E07B68B3F864307A889A4209D9F4
:1034B0007B685B8B43F080039AB27B685A834FF042
:1034C000FF3333E07B68B3F86630082B09D97B689B
:1034D0005B8B43F080039AB27B685A834FF0FF33D3
:1034E00024E07B68B3F86630002B0FD07B681B6F3D
:1034F000002B1AD17B68DB6E002B16D10D4B40F2EE
:1035000055120F490D4804F0D1FD0EE07B681B6F8A
:10351000002B03D17B68DB6E002B06D0054B4FF4EC
:10352000AC720849054804F0C1FD0023184608376D
:10353000BD4680BD4CB001085CB10108A0B00108D7
:103540007CB10108B8B1010890B59BB004AFF86038
:10355000B96011461A460B46FB8013467B71002367
:103560007B6500233B650023FB640023BB640023D1
:103570007B640023A7F84230002387F8273000231C
:103580007B820023FB870023BB87FB68002B09D1CC
:10359000A44B4FF4CF72A449A44804F087FD6FF008
:1035A0000F032AE3FB68B3F862305B089AB2FB684A
:1035B0005B8E934228BF1346BB84BB8C002B02D189
:1035C000FB685B8E00E0BB8CBB84BB68002B09D121
:1035D000944B40F2AD129649944804F067FD6FF0A9
:1035E0000F030AE3FB881946F868FFF733FF034629
:1035F00087F8233097F92330002B02D097F9233036
:10360000FBE2FB68B3F86630A7F84030002387F888
:103610002230FB68DB6E002B00F0F680FB68DB6E6F
:103620003B6502E03B6D1B683B653B6D1B68002BF7
:10363000F8D13B6D9B7A9B009BB203F004033B8463
:10364000BA8C3B6D1B8919463B8C0B449A4206DAB7
:10365000744B4FF4F3727749744804F027FD3B6DC7
:103660001A893B8C13449BB2BA8CD31A7B87FB68B4
:10367000B3F868307B827B8A002B26D07B8A7A8FD6
:103680009A4206D2674B4FF4FC726B49674804F0CC
:103690000DFD3B6DFB647B8AFA88934228BF13467D
:1036A0009BB27A8F934228BF1346FB87B7F842201C
:1036B000FB8F1344A7F842307A8AFB8FD31A9BB250
:1036C0007B827A8FFB8FD31A7B877B8A002B0BD070
:1036D000B7F84220FB889A4206D0524B4FF4007252
:1036E0005649524804F0E2FCB7F84220FB889A425F
:1036F00080F067817B8F002B00F063813B6D1B891D
:10370000002B00F05E81FA88B7F84230D21A7B8F26
:103710009342A8BF1346FB833B6DFB647B7903F0A8
:103720000103002B27D007F112007A8FF98B0123B8
:1037300002937B790193FB68009303460020FFF717
:103740000FFE78657B6D002B00F025827B6D58683D
:10375000B7F84230BA681344FA8B194604F0DBFD1F
:10376000786DFBF7EBF903461A46B7F8403013447F
:10377000A7F8403041E03B6D5B687B6302E07B6B08
:103780001B687B637B6B1B68002BF8D17B6B1B7BFF
:1037900003F0C003002B15D17B6B5B687A6B5289F9
:1037A0001344BA689A420DD1B7F84230002B06D0C4
:1037B0001C4B40F2312222491C4804F077FCFB8B61
:1037C000BB871AE0FB8B012219460020FAF74AFE5C
:1037D00078657B6D002B00F0E081B7F84230BA6865
:1037E0001A447B6D5A60786DFBF7A8F903461A46B8
:1037F000B7F840301344A7F84030B7F84220FB8BAD
:103800001344A7F84230DCE0FB68B3F86830002BC3
:1038100000F0D780034B40F24A220A49034804F0E3
:1038200045FCCEE04CB00108ECB10108A0B00108A5
:1038300004B2010838B2010850B2010870B20108A0
:1038400090B20108BCB20108FA88B7F84230D31A26
:10385000BB8397F822309BB2BA8CD31A7B837A8BC6
:10386000BB8B934228BF13463B837B7903F0010354
:10387000002B36D097F822309AB23B8B134499B282
:103880007B6C002B0CBF01230023DBB207F112007D
:10389000BA8C02937B790193FB6800930346362030
:1038A000FFF75EFD38633B6B002B00F078813B6BCC
:1038B0005B893A8B9A4206D98C4B40F266228C493E
:1038C0008C4804F0F3FB3B6B5A6897F82230D01811
:1038D000B7F84230BA6813443A8B194604F01BFD1E
:1038E0002FE07B8A002B06D0804B40F27122824968
:1038F000804804F0DBFB3B8B012219463620FAF7A7
:10390000B1FD78617B69002B00F04B81B7F8423044
:10391000BA681A447B695A6097F822309BB24FF418
:10392000207219463620FAF79DFD38633B6B002B59
:1039300003D17869FBF77AF836E17969386BFBF7E0
:1039400037F9386BFBF7FAF803461A46B7F84030F8
:103950001344A7F84030B7F84030092B03D9386B2F
:10396000FBF764F820E1FB68DA6DB7F842301A44DF
:1039700097F82730009313460022396BF868FFF759
:1039800053FCF864FB6C002B00F00D817B6C002B6A
:1039900002D1FB6C7B640CE0BB6C002B06D1534B5B
:1039A00040F2AB225549534804F080FBBB6CFA6CE3
:1039B0001A60FB6CBB64B7F842203B8B1344A7F83A
:1039C0004230B7F84220FB889A42FFF43DAFFB8FAC
:1039D000002B2CD03B6D5B68FB621EE0FB6A1A89F2
:1039E000FB8F13449AB2FB6A1A81FB6A1B68002B97
:1039F00010D1FB6A5B68FA6A52891344FA8FB9687E
:103A0000184604F088FCFB6A5A89FB8F13449AB26B
:103A1000FB6A5A81FB6A1B68FB62FB6A002BDDD1E3
:103A20003B6D1A89FB8F13449AB23B6D1A817A8AD7
:103A3000FB68A3F868207B6D002B18D03B6D002B32
:103A400006D12A4B4FF438722D492A4804F02EFB38
:103A50003B6D5B68796D1846FBF7AAF83B6D1A89D8
:103A60007B6D1B8913449AB23B6D1A8137E0BB8F83
:103A7000002B34D03B6D002B03D03B6D5B68002BDB
:103A800006D11A4B40F2E6221E491A4804F00EFBFA
:103A90003B6D5B68BB6209E0BB6A1A89BB8F13444C
:103AA0009AB2BB6A1A81BB6A1B68BB62BB6A1B689D
:103AB000002BF1D1BB6A1A89BB8F13449AB2BB6A3F
:103AC0001A81BB6A5A89BB8F13449AB2BB6A5A8166
:103AD0003B6D1A89BB8F13449AB23B6D1A813B6DC3
:103AE000002B11D1FB687A6CDA6610E04CB001084B
:103AF000ECB20108A0B001082CB301083CB30108E6
:103B000050B3010888B301083B6D7A6C1A60FB68FA
:103B1000DA6DFB881A44FB68DA65FB68B3F8642049
:103B2000FB88D31A9AB2FB68A3F86420FB68B7F845
:103B30004020A3F86620FB68B3F86630002B0ED057
:103B4000FB681B6F002B0AD1FB68DB6E002B06D1D4
:103B50002C4B40F212322C492C4804F0A7FAFB6C93
:103B6000002B16D0FB6CDB68002B12D07B7903F0A6
:103B70000203002B0DD1FB6CDB689B899CB20820F3
:103B8000F9F73EFB03461A46FB6CDB68224392B210
:103B90009A81002331E000BF06E000BF04E000BFCF
:103BA00002E000BF00E000BFFB685B8B43F08003D6
:103BB0009AB2FB685A837B6D002B02D0786DFAF7BE
:103BC00035FF7B6C002B02D0786CFCF759FBFB684F
:103BD000B3F86630002B0ED0FB681B6F002B0AD1A8
:103BE000FB68DB6E002B06D1064B40F227320649FC
:103BF000064804F05BFA4FF0FF3318465C37BD46C9
:103C000090BD00BF4CB00108C0B30108A0B00108CE
:103C100090B58BB002AF78600B467B800023FB61D0
:103C200000237B6100233B617B68002B06D1954B11
:103C300040F24B329449954804F038FA7B68DB6EC9
:103C40007B617B69002B02D14FF0FF3316E17B884B
:103C5000002B09D18B4B40F253328D498B4804F035
:103C600025FA6FF0050309E17B691B897A889A427E
:103C700001D3002302E17B685B8E7A889A4206D9E1
:103C8000804B40F25B328349804804F00FFA7B6935
:103C90001B89002B06D17B4B4FF457727E497B4822
:103CA00004F004FA7B699B7AFB73FB7B9B00DBB21D
:103CB00003F00403BB737B691A897B88D31ABB8129
:103CC000BB7B9AB2BB8913449BB24FF42072194656
:103CD0003620FAF7C7FB38613B69002B00F0B7804C
:103CE0007B695B681A897B691B89D31A9AB27B88C6
:103CF00013447B817B6958683B695A68BB7BD11848
:103D00007B89BA89FBF78CF803461A46BB89934234
:103D100040F09F807B69DB689B899BB21846F9F76E
:103D20006FFA0346DBB203F03F03FB760023BB765A
:103D3000FB7E03F00803002B07D0FB7E23F0080373
:103D4000FB76BB7E43F00803BB76FB7E03F00103EA
:103D5000002B07D0FB7E23F00103FB76BB7E43F0F4
:103D60000103BB767B69DB685B681846F9F75DFA8F
:103D700002467B88D118BA7EFB7B00930B463969DB
:103D80007868FFF751FAF861FB69002B63D07B6913
:103D90005B681846FAF7D2FE03461A467B68B3F80A
:103DA00066309B1A9AB27B68A3F866207B695868D4
:103DB0007B695B681A89BB89D31A9BB21946FAF7EB
:103DC000AFFC7B691A89BB89D31A9AB27B691A81C5
:103DD0007B69DB689B899CB2FB7E9BB21846F9F736
:103DE0000FFA03461A467B69DB68224392B29A8136
:103DF0007B695B681846FAF7A1FE03461A467B68A2
:103E0000B3F8663013449AB27B68A3F86620FB6966
:103E10005B681846FAF792FE03461A467B68B3F8C9
:103E2000663013449AB27B68A3F866207B691A68EF
:103E3000FB691A607B69FA691A60FB691B68002BD1
:103E400003D17B680022A3F86820002316E000BF9E
:103E500002E000BF00E000BFFB69002B06D0094B69
:103E60004FF476720D49094804F020F93B69002BA4
:103E700002D03869FAF7DAFD4FF0FF3318462437DD
:103E8000BD4690BD4CB00108E0B30108A0B00108E8
:103E900004B4010828B4010838B4010848B4010882
:103EA00090B585B000AF78607B68002B06D1214BC0
:103EB00040F2EB322049214804F0F8F87B68DB6ED1
:103EC000002B2ED07B68DB6EFB6002E0FB681B687A
:103ED000FB60FB681B68002BF8D1FB68DB689B89E3
:103EE0009BB21846F9F78CF90346DBB203F00703DF
:103EF000002B16D1FB68DB689B899CB20120F9F787
:103F00007FF903461A46FB68DB68224392B29A8126
:103F10007B685B8B43F020039AB27B685A83002353
:103F200004E00121786800F00BF8034618461437C6
:103F3000BD4690BD4CB0010854B40108A0B00108C2
:103F400080B58AB002AF78600B46FB700023FB7728
:103F50000023FB75FB7803F00303002B06D1674BAE
:103F600040F211426649674804F0A0F87B68002BD4
:103F700006D1624B40F213426349624804F096F85E
:103F8000FB7803F00203002B01D00123FB77FB7FBA
:103F90009B00DBB203F00403FB75FB7D9BB24FF487
:103FA000207219463620FAF75DFA38613B69002B1A
:103FB00009D17B685B8B43F080039AB27B685A839C
:103FC0004FF0FF3395E03B695A89FB7D9BB29A42E3
:103FD00006D24A4B40F239424C494A4804F066F84E
:103FE0007B68D96DFA78FB7F00930B463969786856
:103FF000FFF71AF9F860FB68002B09D17B685B8B2F
:1040000043F080039AB27B685A834FF0FF3370E02D
:10401000FB68DB6803F00303002B06D0374B40F24C
:1040200042423B49374804F041F8FB681B89002BAA
:1040300006D0324B40F243423649324804F036F85B
:104040007B68DB6E002B03D17B68FA68DA660DE0D3
:104050007B68DB6EBB6102E0BB691B68BB61BB694F
:104060001B68002BF8D1BB69FA681A607B680022D4
:10407000A3F86820FB7803F00203002B04D1FB783F
:1040800003F00103002B04D07B68DB6D5A1C7B68B6
:10409000DA65FB7803F00103002B06D07B685B8BAD
:1040A00043F020039AB27B685A83FB685B6818462A
:1040B000FAF744FD03461A467B68B3F866301344AA
:1040C0009AB27B68A3F866207B68B3F86630002B51
:1040D0000ED07B681B6F002B0AD17B68DB6E002B38
:1040E00006D1064B40F265420B49064803F0DEFF5D
:1040F000002318462037BD4680BD00BF4CB00108E4
:1041000070B40108A0B00108C8B40108E8B40108FF
:1041100024B501083CB5010868B50108B0B58AB0FE
:1041200000AF78607B68002B06D18A4B40F2E142F9
:1041300089498A4803F0BAFF7B681B7D012B06D1B1
:10414000844B40F2E3428649844803F0AFFF854B3D
:104150001B687A689A4201D10023CEE17B68B3F8EC
:1041600048207B68B3F86030934228BF13469BB267
:10417000BB617B68DB6E7B627B6A002B0BD17B684B
:104180005B8B03F00203002B00F0AA81786800F03B
:10419000CBFD0346B1E179687B6804331A46786841
:1041A000FFF726F878617B69002B02D16FF00303DB
:1041B000A3E17B68002B03D07B681B68002B11D127
:1041C0007B69002B02D07B69043300E000233B6154
:1041D0003B69002B02D16FF003038EE13B691A6843
:1041E0007B681A607B6ADB685B681846F9F71DF824
:1041F00002467B685B6CD31A7A6A12891344BA69E7
:104200009A4227D27B68B3F860301A46BB69934262
:1042100014D17B681B6F002B10D17B6893F8993009
:10422000002B0BD17B68002283F898207B68012249
:1042300083F899207B68002283F89A207B685B8B47
:1042400003F00203002B00F04D81786800F06CFD54
:10425000034652E17B68002283F899207B681B6F3C
:104260003B623B6A002B00F01C8102E03B6A1B684A
:104270003B623B6A1B68002BF8D112E17B6ADB686A
:104280009B899BB21846F8F7BBFF0346DBB203F0ED
:104290000403002B06D02F4B40F2365232492F48F0
:1042A00003F004FF7B681B6F002B1FD07B685B8BC8
:1042B00003F04403002B19D17B68DB6E002B0BD07D
:1042C0007B68DB6E1B68002B10D17B68DB6E1A8964
:1042D0007B685B8E9A4209D27B68B3F86430002B0E
:1042E00004D07B68B3F86630082B01D9012300E0C5
:1042F0000023002B06D17B685B8B03F0A003002B0F
:1043000000F0E4807B681B7D022B0DD07B6ADB68AC
:104310009B899CB21020F8F773FF03461A467B6A0C
:10432000DB68224392B29A817A697968786A00F0F0
:1043300009F90346FB7397F90F30002B16D07B6801
:104340005B8B43F080039AB27B685A8397F90F30F6
:10435000D3E000BF4CB0010890B50108A0B001083F
:10436000A8B50108A05E0024D0B501087B6A1A68D0
:104370007B68DA667B681B7D022B06D07B685B8BD3
:1043800023F003039AB27B685A837B6ADB685B681D
:104390001846F8F74AFF04467B6A1B891D467B6A6C
:1043A000DB689B899BB21846F8F72AFF0346DBB20D
:1043B00003F00303002B01D0012300E000232B4472
:1043C0002344BB607B681A6DBB68D31A002B02DAEA
:1043D0007B68BA681A657B6A1B891C467B6ADB6846
:1043E0009B899BB21846F8F70BFF0346DBB203F03C
:1043F0000303002B01D0012300E000232344002B02
:1044000049D07B6A00221A607B681B6F002B05D1A4
:104410007B687A6A1A677B6A3B623FE07B6ADB688B
:104420005B681846F8F701FF04463B6ADB685B6887
:104430001846F8F7FAFE0346E31A002B24DA7B68E5
:104440007033FB6102E0FB691B68FB61FB691B6861
:10445000002B11D0FB691B68DB685B681846F8F716
:10446000E4FE04467B6ADB685B681846F8F7DDFE0D
:104470000346E31A002BE6DBFB691A687B6A1A60C5
:10448000FB697A6A1A6009E03B6A7A6A1A603B6AD9
:104490001B683B6202E0786AFBF707FF7B68DB6E14
:1044A0007B627B6A002B12D07B6ADB685B681846F4
:1044B000F8F7BBFE02467B685B6CD31A7A6A1289F6
:1044C0001344BA699A42BFF4D9AE00E000BF7B68DA
:1044D000DB6E002B08D17B680022A3F8682004E083
:1044E00000BF02E000BF00E000BF7B685B8B23F0F1
:1044F00080039AB27B685A83002318462837BD464A
:10450000B0BD00BF80B582B000AF78607B68002B83
:1045100006D1094B40F29A520849094803F0C6FDFA
:104520007B685B689B7B012B01D0012300E00023AB
:1045300018460837BD4680BD4CB00108E8B50108F3
:10454000A0B00108B0B58CB004AFF860B9607A6073
:10455000FB68002B06D1644B4FF4B7626349644893
:1045600003F0A4FDBB68002B06D15F4B40F2B952AB
:1045700060495F4803F09AFD7B68002B06D15A4BD7
:1045800040F2BA525C495A4803F090FDF868FFF7D0
:10459000B9FF0346002B01D00023A1E0BB685A6A93
:1045A000FB68DC681046F8F740FE0346A360BB6872
:1045B0005A8DFB68DC681046F8F722FE0346E3815B
:1045C000BB685B6ABA68528D1A44BB68DA62FB68E2
:1045D000DB681433FB61FB689B7A03F00103002B5B
:1045E00015D0BB6804331A4679684FF40670FCF79F
:1045F00039FA03467B837B8B43F001731846F8F747
:1046000014FE0246FB691A60FB690433FB61BB6858
:10461000B3F93030002B02DABB6800221A86BB687F
:104620005B6B002B0CD1354B1A68BB685A63FB6877
:10463000DB685B681846F8F7F8FD0246BB689A63CA
:10464000FB68DA68FB685B685B68D31A3B83FB68CE
:104650005B685989FB685B683A8B8A1A92B25A8107
:10466000FB685B681989FB685B683A8B8A1A92B2AF
:104670001A81FB685B68FA68D2685A60FB68DB687D
:1046800000221A7400225A74FB68DA68FB689B7A6D
:1046900003F00103002B01D0182300E0142313447E
:1046A000FA699A4206D0104B40F21C621449104835
:1046B00003F0FCFCFB685868B968BB681C1DBB684C
:1046C000DD7ABB689B7A7A68029206220192009397
:1046D0002B46224602F05AFA0346FB7597F917302B
:1046E00018462037BD46B0BD4CB0010810B60108D1
:1046F000A0B0010830B6010850B60108545E00248D
:1047000074B60108B0B584B000AF78607B68002B48
:1047100006D1314B40F263623049314803F0C6FCA8
:104720007B681B6F002B02D16FF0050350E07B68A4
:104730001B6FFB600BE0F868FFF7E4FE0346002BFD
:1047400002D06FF0050343E0FB681B68FB60FB6869
:104750001B68002BEFD1F868FFF7D4FE0346002B4F
:1047600002D06FF0050333E07B68DA6EFB681A60F5
:104770007B681A6F7B68DA667B6800221A677B6841
:104780005B8B43F400639AB27B685A83FB68DB68F7
:104790005B681846F8F749FD0446FB681B891D460F
:1047A000FB68DB689B899BB21846F8F729FD034636
:1047B000DBB203F00303002B01D0012300E0002350
:1047C0002B44E2187B68DA647B6800225A6300237A
:1047D00018461037BD46B0BD4CB0010888B6010878
:1047E000A0B0010880B582B000AF78607B68002B74
:1047F00006D10D4B4FF4D3620C490D4803F056FC23
:104800007B6893F84230FF2B07D07B6893F84230E7
:104810000133DAB27B6883F842207868FFF77EFCC8
:1048200000BF0837BD4680BD4CB00108ACB60108DA
:10483000A0B0010880B582B000AF78607B68002B23
:1048400006D10A4B40F2AD6209490A4803F02EFC3A
:104850007868FFF757FF0346002B02D17868FFF70F
:10486000C1FF00BF0837BD4680BD00BF4CB0010886
:10487000D0B60108A0B0010890B585B000AF78604F
:104880007B68002B06D12F4B40F2C1622E492F4886
:1048900003F00CFC7B681B6F002B02D16FF005034B
:1048A0004CE07B681B6FBB60B868FFF72BFE0346CC
:1048B000002B02D06FF0050340E0BB681A687B68EC
:1048C0001A677B686C33FB6002E0FB681B68FB6067
:1048D000FB681B68002B11D0FB681B68DB685B68FA
:1048E0001846F8F7A2FC0446BB68DB685B6818460C
:1048F000F8F79BFC0346E31A002BE6DBFB681A681B
:10490000BB681A60FB68BA681A60BB681B68002B3A
:1049100003D17B680022A3F868207B6893F84230BB
:10492000FF2B07D07B6893F842300133DAB27B6803
:1049300083F842207B6800225A630023184614370C
:10494000BD4690BD4CB00108ECB60108A0B001080E
:1049500080B582B000AF78607B68002B06D12A4B0F
:1049600040F2F96229492A4803F0A0FB7B681B6FDB
:10497000002B45D07B685B8B03F00403002B3FD1F9
:104980007868FFF779FF0346002B39D17B68B3F8CD
:1049900060207B68B3F84830934228BF13469BB22F
:1049A000002B00DA01335B109AB27B68A3F84A202F
:1049B0007B68B3F84A301A467B685B8E5B009A428C
:1049C00006D27B685B8E5B009AB27B68A3F84A20B4
:1049D0007B68B3F84A207B685B8E194649000B441C
:1049E0009BB213449AB27B68A3F848207B685B8B28
:1049F00043F004039AB27B685A837B6800221A86CC
:104A000000BF0837BD4680BD4CB0010804B701089F
:104A1000A0B0010880B586B000AFF8607B600B469F
:104A20007B8113463B817A893B8913449BB21433C3
:104A30009BB24FF4207219462220F9F713FD7861DA
:104A40007B69002B4DD07B8913337A69528993425D
:104A500006DB264B40F223722549264803F026FB4D
:104A60007B695B683B613B8C1846F8F7C9FB0346E2
:104A70001A463B691A80BB8C1846F8F7C1FB0346FF
:104A80001A463B695A803B697A685A60F868F8F7B9
:104A9000CCFB02463B699A607B899B089BB205333D
:104AA0009BB21B039AB297F828309BB213439BB278
:104AB0001846F8F7A5FB03461A463B699A81BB8D59
:104AC0001846F8F79DFB03461A463B69DA813B69B5
:104AD00000221A7400225A743B6900229A74002240
:104AE000DA747B6918461837BD4680BD4CB00108A2
:104AF00024B70108A0B00108B0B58AB004AFF860CF
:104B00007B600B467B8113463B81FB68002B06D103
:104B1000154B40F242721549154803F0C7FAFB687D
:104B2000586AFB68DB8AFA68128BF968498D3D89FF
:104B30007C89039110210291019200937B682A469F
:104B40002146FFF767FF78617B69002B06D0FB6881
:104B50005B6AFA68528D1A44FB68DA627B69184610
:104B60001837BD46B0BD00BF4CB0010854B70108AE
:104B7000A0B0010880B588B000AFF860B9601146F8
:104B80001A460B46FB711346BB710023FB83BB68BF
:104B9000002B06D1124B40F256721249124803F014
:104BA00085FABB685B68BB61BB6914337B61FB8BB7
:104BB0009B001A46FB799B0003F004031344143353
:104BC000BA6913447A699A4206D0054B40F275726D
:104BD0000649054803F06AFA00BF2037BD4680BD8C
:104BE0004CB001087CB70108A0B0010874B60108F8
:104BF00080B58AB004AFF860B9607A603B60BB688A
:104C0000002B06D11C4B40F287721C491C4803F054
:104C10004DFA3A687968F868FEF7EAFA38613B6954
:104C2000002B02D1FC23FB751CE0FB68002B06D097
:104C3000FB68DB7ABB75FB689B7A7B7503E0FF231F
:104C4000BB7500237B75BA7D3B69029306230193F4
:104C50007B7D009313463A687968B86801F096FF47
:104C60000346FB75B868F9F7E1FE97F91730184667
:104C70001837BD4680BD00BF4CB00108A4B701087D
:104C8000A0B0010890B58BB004AFF860B9607A604D
:104C90003B603B68002B06D11F4B40F2C4721F499A
:104CA0001F4803F003FABB6A002B06D11A4B40F2EF
:104CB000C5721C491A4803F0F9F90023FB7546F246
:104CC0000803BB82FB7D9CB2B868F8F7AEFA0246D7
:104CD000BB8A0393142302933B8E0193BB8D0093F5
:104CE0001346002221467868FFF794FE38613B693D
:104CF000002B0CD0FB7D00223969F868FFF73AFFE2
:104D0000BB6A3A683969F868FFF772FF00E000BFD4
:104D10001C37BD4690BD00BF4CB00108D0B701089C
:104D2000A0B00108ECB7010890B587B000AF78607B
:104D30000023FB750023BB757B68002B06D1284B35
:104D400040F2EA722749284803F0B0F9FB7D9B0046
:104D5000DBB203F004037B757B7D9CB27B681B6D2B
:104D60001846F8F762FA0346002221467868FFF7F2
:104D7000C3FE38613B69002B09D17B685B8B43F034
:104D800003039AB27B685A836FF0010323E0BB7D73
:104D9000FA7D39697868FFF7EDFE7A687B6804333D
:104DA00039697868FFF724FF0346FB7397F90F30E2
:104DB000002B07D07B685B8B43F003039AB27B68C0
:104DC0005A8306E07B685B8B23F003039AB27B680F
:104DD0005A8397F90F3018461C37BD4690BD00BF67
:104DE0004CB0010808B80108A0B0010890B587B020
:104DF00000AF78600023FB757B68002B06D1184B51
:104E000040F624021749184803F050F9FB7D9CB284
:104E10007B681B6D013B1846F8F707FA0346002232
:104E200021467868FFF768FE38613B69002B02D1A4
:104E30004FF0FF3310E0FB7D002239697868FFF7FF
:104E400099FE7A687B68043339697868FFF7D0FE89
:104E50000346FB7397F90F3018461C37BD4690BDCB
:104E60004CB0010828B80108A0B0010890B58BB07B
:104E700000AF7860002387F827307B68002B06D1CD
:104E80004C4B40F64F024C494C4803F00FF97B68FD
:104E9000DB6E3B623B6A002B01D1002386E07B681E
:104EA00093F89A30FF2B07D07B6893F89A30013340
:104EB000DAB27B6883F89A203B6ADB689B899BB2F5
:104EC0001846F8F79DF90346DBB203F00103002B07
:104ED00005D03B6A1B89002B01D1012300E0002390
:104EE000FB77FB7F002B0CBF01230023DBB2BB83CE
:104EF00097F8273099B23B6ADB685B68BA8B7868B1
:104F0000FFF7FAFDB861BB69002B02D14FF0FF3308
:104F10004CE0BB695B687B61FB7F002B11D07B6938
:104F20009B899BB21BB223F47C531CB21120F8F76F
:104F300067F903461BB223431BB29AB27B699A817D
:104F400010E0BB695B6814333B613B6A58683B6A9D
:104F50005B681A893B6A1B89D31A9BB201223969A3
:104F6000F9F75EFF3B6ADB685B681846F8F75DF9A6
:104F700003460133FB607B681A6DFB68D31A002B74
:104F800002DA7B68FA681A6597F827300022B96957
:104F90007868FFF7EFFD7A687B680433B969786851
:104FA000FFF726FE0346FB7297F90B3018462C37A5
:104FB000BD4690BD4CB0010844B80108A0B001083E
:104FC00080B582B000AF7860FAF718F80A4B1B681A
:104FD000002B03D1094B1B68002B05D00022084988
:104FE000FA2000F0F3F803E0064B00221A6000BF3D
:104FF00000BF0837BD4680BD605E0024645E0024AB
:10500000C14F0108AC5E002480B500AF0A4B1B689D
:10501000002B0FD1094B1B68002B03D1084B1B68D9
:10502000002B07D0044B01221A6000220549FA2008
:1050300000F0CCF800BF80BDAC5E0024605E0024B0
:10504000645E0024C14F010880B586B000AFF860EF
:10505000B9607A600620F8F703FE38613B69002BDF
:1050600009D13B69002B51D12A4BBE222A492B483A
:1050700003F01CF84AE03B6900221A603B69BA68F9
:105080009A603B697A68DA603B69FA685A60244B37
:105090001B68002B03D1224A3B69136037E03B6950
:1050A0005A681F4B1B685B68D31ADB0F03F00103C0
:1050B000DBB2002B07D01A4B1A683B691A60184AFA
:1050C0003B69136023E0164B1B687B611AE07B6928
:1050D0001B68002B0BD03B695A687B691B685B68B7
:1050E000D31ADB0F03F00103DBB2002B07D07B697F
:1050F0001A683B691A607B693A691A6007E07B6944
:105100001B687B617B69002BE1D100E000BF183791
:10511000BD4680BD68B801089CB80108DCB801082C
:10512000A45E002480B586B000AF78607B687B61A8
:105130007B695B689847F7F789FF38617B691A6874
:105140000F4B1B681344FB60FA683B69D31ADB0FF3
:1051500003F00103DBB2002B09D07B691A683B69BD
:1051600013447A6807491846FFF76EFF04E07A682F
:105170000449F868FFF768FF00BF1837BD4680BDD7
:10518000A85E00242551010880B582B000AF01233C
:105190007B600EE00B4A7B6852F833007B68DB00D3
:1051A000084A13441A46084900F010F87B68013396
:1051B0007B607B68022BEDD900BF00BF0837BD467E
:1051C00080BD00BF74C401082551010880B586B0B8
:1051D00000AFF860B9607A60FB68B3F1804F06D326
:1051E0000A4B40F229120A490A4802F05FFFF7F71A
:1051F0002DFF0246FB6813447B617A68B9687869C1
:10520000FFF722FF00BF1837BD4680BD68B8010810
:1052100004B90108DCB8010880B584B000AFF7F725
:1052200015FFF8601A4B1B78DBB2002B01D0F9F7A1
:10523000C3F8184B1B68BB60BB68002B22D0BB684F
:105240005B68FA68D31ADB0F03F00103DBB2002BB3
:105250001AD1BB681B680F4A1360BB689B687B60F0
:10526000BB68DB683B60BB685B680B4A1360B9686E
:105270000620F8F765FD7B68002BD3D07B68386883
:105280009847CFE700BF00E000BF1037BD4680BDA4
:10529000515E0024A45E0024A85E002480B500AF07
:1052A00002F080FD03469BB2C3F30D039BB2A3F54E
:1052B00080439AB2014B1A8000BF80BD4800002491
:1052C00080B584B000AFF860B9601346FB71FB682D
:1052D000002B05D1274B87222749284802F0E6FEFC
:1052E000BB68002B05D1234B88222549234802F0B7
:1052F000DDFEFB681B7A002B0BD0FB681A7A214B72
:105300005B6893F830300133DBB29A4201D000235E
:105310002BE0FB79002B18D0FB68002B13D0FB6827
:105320001B68002B0FD0174B5B69B3F1FF3F0AD00E
:10533000FB681A68134B5B695A40BB6808331B68EB
:105340001340002B10D101230FE0FB68002B09D084
:10535000FB681B68002B05D0FB681A68094B5B696A
:105360009A4201D1012300E0002318461037BD46C0
:1053700080BD00BF50B9010880B90108A4B9010877
:10538000CCB90108382F002490B58DB002AF7860F9
:1053900039600023FB767B68002B05D17C4BCF2244
:1053A0007C497D4802F082FE3B68002B05D1784B9A
:1053B000D0227A49784802F079FE7B685B89072B16
:1053C00003D87868F9F732FBDEE07B685B687B61C5
:1053D000734B5B69724A12681146184601F0AEFCC5
:1053E0000346FB747B691B889BB21846F7F708FFDE
:1053F00003463B827B695B889BB21846F7F700FF48
:105400000346FB8100237B6200233B620023FB6198
:10541000644B1B687B6254E07B6A5B8AFA899A4220
:105420004AD1FB7C1A463968786AFFF749FF034680
:10543000002B41D07B6A1B7C03F00403002B1DD1A1
:10544000FB69002B02D17B6AFB6117E0FB7C002B20
:1054500014D0534B5B69B3F1FF3F0FD1FB691A685E
:105460003B6804331B689A4208D07B6A1A683B6821
:1054700004331B689A4201D17B6AFB617B6A9B8A79
:105480003A8A9A4218D17B6A5B68002B05D07B6A06
:105490005A68434B1B699A420ED13B6A002B14D0C9
:1054A0007B6ADA683B6ADA603E4B1A687B6ADA60CC
:1054B0003C4A7B6A136008E07B6A3B627B6ADB687C
:1054C0007B627B6A002BA7D100E000BF7B6A002BC8
:1054D00001D1FB697B627B6A002B02D00123FB7642
:1054E0000AE03B6804331A682D4B5B699A420CBF93
:1054F00001230023DBB2FB76FB7E002B41D0082189
:105500007868F9F70DFA0346002B0AD0204B4FF4C8
:10551000B8722549204802F0C9FD7868F9F786FA83
:1055200032E07B6A002B12D07B6A9B69002B0AD089
:105530007B6A9C697B6AD8693B8A00931B4B7A68BB
:10554000796AA04721E07868F9F770FA1CE0FB7CE3
:10555000002B12D1124B5B6903F0F003E02B0CD04F
:105560000F4B9B8908339BB21BB219467868F9F739
:105570004AFA0321786801F0B7F87868F9F756FA23
:1055800003E07868F9F752FA00BF2C37BD4690BDAA
:1055900050B90108F4B90108A4B901080CBA01080E
:1055A000382F0024B05E002428BA0108482F0024B8
:1055B00080B485B000AF786039607B68002B1ED066
:1055C0007B681B68002B1AD03B68002B17D03B6808
:1055D0001B68002B13D00D4B1B68FB600CE0FB68B5
:1055E0001A687B681B689A4203D13B681A68FB689B
:1055F0001A60FB68DB68FB60FB68002BEFD100BF23
:105600001437BD465DF8047B704700BFB05E0024D0
:1056100080B582B000AF786015497A6813465B00A8
:105620001344DB000B441B68002B13D010497A682D
:1056300013465B001344DB000B441B681846F9F764
:10564000F5F90B497A6813465B001344DB000B4401
:1056500000221A6006497A6813465B001344DB0097
:105660000B44143300221A7000BF0837BD4680BDBA
:10567000B45E002480B582B000AF00237B6096E06A
:105680004F497A6813465B001344DB000B44143324
:105690001B78FB70FB78002B00F0868048497A6805
:1056A00013465B001344DB000B4412331B880133A9
:1056B00098B243497A6813465B001344DB000B44FD
:1056C000123302461A803E497A6813465B0013443F
:1056D000DB000B4412331B88B3F5967F15D2384993
:1056E0007A6813465B001344DB000B4414331B78C9
:1056F000012B0ED132497A6813465B001344DB005C
:105700000B4412331B88042B03D97868FFF780FF02
:105710004AE02B497A6813465B001344DB000B44D4
:1057200014331B78032B0AD125497A6813465B0092
:105730001344DB000B44143304221A7034E0204974
:105740007A6813465B001344DB000B4414331B7868
:10575000042B0AD11A497A6813465B001344DB0014
:105760000B44143302221A701EE015497A6813465E
:105770005B001344DB000B4414331B78012B13D163
:105780000F497A6813465B001344DB000B4408336F
:1057900018687A6813465B001344DB00084A134418
:1057A0000433194600F06EFE7B6801337B607B6832
:1057B000092B7FF765AF00BF00BF0837BD4680BD2E
:1057C000B45E002480B58AB000AFF8600B467A6002
:1057D000FB720A23FB840A23BB840A237B840023F5
:1057E0003B840A23FB830023BB8300237B830023AA
:1057F0003B8300233B84AEE0B7F92020A649134643
:105800005B001344DB000B4414331B78FB75B7F9C2
:1058100022300A2B05D1FB7D002B02D13B8C7B84EF
:1058200095E0FB7D002B00F09280FB7D012B09D0E1
:10583000FB7D012B06D8994B40F2231298499948D9
:1058400002F034FCFB68002B20D0FB681968B7F924
:105850002020914813465B001344DB0003440433CB
:105860001B68994212D17B68002B0CD0B7F920201D
:10587000894913465B001344DB000B4408331B6863
:105880007A689A4202D1B7F9203000E1FB7D012B02
:1058900040D1B7F92020804913465B001344DB0058
:1058A0000B441B68002B1AD0B7F920207A49134605
:1058B0005B001344DB000B4412331B88BA8B9A4203
:1058C00045D83B8CFB83B7F92020734913465B0016
:1058D0001344DB000B4412331B88BB8337E0B7F95A
:1058E00020206D4913465B001344DB000B44123348
:1058F0001B887A8B9A422AD83B8CFB84B7F92020EC
:10590000654913465B001344DB000B4412331B88CC
:105910007B831CE0FB7D012B19D9B7F920205E4960
:1059200013465B001344DB000B4412331B883A8B95
:105930009A420CD83B8CBB84B7F9202056491346B9
:105940005B001344DB000B4412331B883B833B8C0E
:1059500001339BB23B84B7F92030092B7FF74CAF62
:10596000FB7A03F00203002B08D1B7F922300A2B8F
:1059700007D1FB7A03F00103002B02D14FF0FF3374
:1059800085E0B7F92230092B02DC7B8C3B8439E0BF
:10599000B7F92430092B14DCBB8C3B84B7F92020E9
:1059A0003D4913465B001344DB000B441B68002B8E
:1059B00018D03A4B40F26D123B493A4802F076FB60
:1059C00010E0B7F92630092B02DCFB8C3B8409E0A0
:1059D000B7F91E30092B02DCFB8B3B8402E04FF051
:1059E000FF3354E0B7F92030092B06DD2B4B40F292
:1059F0007F122E492B4802F059FBB7F92030184688
:105A0000FFF706FEB7F92030092B06DD234B40F2E5
:105A100083122649234802F049FBB7F920201E498A
:105A200013465B001344DB000B4414331B78002B3C
:105A300006D01A4B4FF4C2721D491A4802F036FBC9
:105A4000FB68002B0BD0B7F92020FB6819681248BF
:105A500013465B001344DB00034404331960B7F9B9
:105A600020200D4913465B001344DB000B44123326
:105A700000221A80B7F92020074913465B0013441F
:105A8000DB000B4408337A681A60B7F920301846F7
:105A90002837BD4680BD00BFB45E0024B4BC0108F9
:105AA000ECBC01082CBD010854BD01086CBD010807
:105AB00080BD010880B588B002AFF860B9607A6037
:105AC000FB70FB6893F82C30062B06D0484B40F255
:105AD000A9124849484802F0E9FABB68002B12D0E5
:105AE000BB681B68002B0ED0BB681B68F9681846A2
:105AF00001F024F90346002B05D1BB681B6803F0B5
:105B0000F003E02B02D16FF00F036CE0FB78FA6832
:105B10001946B868FFF756FE0346FB82B7F9163000
:105B2000002B02DAFB8A5BB25DE0B7F9162033493D
:105B300013465B001344DB000B44143302221A703B
:105B4000B7F916202D4913465B001344DB000B44C4
:105B50000833FA681A60B7F9162013465B0013443D
:105B6000DB000833254A13440433062279681846BB
:105B700002F0D1FBB7F91620204913465B0013440D
:105B8000DB000B44123300221A80B7F916201B49A0
:105B900013465B001344DB000B441B68002B21D031
:105BA000B7F91620154913465B001344DB000B447C
:105BB0001B683B61B7F91620104913465B0013447C
:105BC000DB000B4400221A60FB6803F126024FF44D
:105BD000006300937B683969F86801F0BDFF38699C
:105BE000F8F724FF002318461837BD4680BD00BFD4
:105BF000B4BC0108ACBD01082CBD0108B45E002492
:105C000080B584B000AF78600023FB601EE01349CC
:105C1000FA6813465B001344DB000B4414331B7813
:105C2000FB72FB7A002B0ED00C49FA6813465B001E
:105C30001344DB000B4408331B687A689A4202D194
:105C4000F868FFF7E5FCFB680133FB60FB68092B94
:105C5000DDDD00BF00BF1037BD4680BDB45E00244F
:105C6000B0B58AB004AF786039603B68002B07D1CB
:105C70003D4B40F28A223D493D4802F017FA6FE061
:105C80007B685B683B613B691B889BB2B3F5807F97
:105C90000CD13B691B79062B08D13B695B79042B3E
:105CA00004D13B695B889BB2082B03D07868F8F776
:105CB000BDFE55E03B690E331B68FB603B69183342
:105CC0001B68BB603B6804331B68002B02D10023B8
:105CD000FB7509E0BA683B6804331B689A420CBF45
:105CE00001230023DBB2FB753B6903F10802FB7D56
:105CF000002B01D0012300E0022307F10C013868DA
:105D0000FFF7D8FE3B69DB889BB2B3F5807F03D0F9
:105D1000B3F5007F1ED020E0FB7D002B1CD03B683C
:105D200003F126003B6903F108043B6803F12605F3
:105D30003B6804333A6908320221039107F10C01F0
:105D40000291019200932B4622460146386800F0EA
:105D5000EBFA01E000BF00E000BF7868F8F766FEEC
:105D60001837BD46B0BD00BFB4BC010804BE010871
:105D70002CBD010880B586B002AFF860B96013464B
:105D8000FB71FA79444913465B001344DB000B4472
:105D900014331B78012B06D8404B40F2EE224049C9
:105DA000404802F083F9FA793B4913465B001344FB
:105DB000DB000B4414331B78022B53D1FA7936499C
:105DC00013465B001344DB000B4412331B88B3F50E
:105DD0008E7F19D9FA7913465B001344DB002E4AF3
:105DE000134404331946F86800F04CFB0346002BBB
:105DF00038D1FA79284913465B001344DB000B4481
:105E0000143303221A702DE0FA79234913465B00FC
:105E10001344DB000B4412331B88B3F5877F21D377
:105E2000FA7913465B001344DB001B4A1344191D27
:105E3000FA7913465B001344DB000833164A134417
:105E400004331A46F86800F0FBFA0346002B09D128
:105E5000FA79114913465B001344DB000B441433F9
:105E600003221A70FB6803F12601FA7913465B00DE
:105E70001344DB000833084A134404334FF4006230
:105E800000920A46B968F86801F066FE03461846B3
:105E90001037BD4680BD00BFB45E0024B4BC01080D
:105EA00024BE01082CBD010880B58AB002AFF8609D
:105EB000B9607A607B68BB61FB68002B06D1734BCD
:105EC00040F21E327249734802F0F0F8BB68002BB2
:105ED00006D16E4B40F21F326F496E4802F0E6F871
:105EE0007B68002B06D1694B4FF448726B496948B7
:105EF00002F0DCF87B681B68F968184600F01EFFAA
:105F00000346002B02D0664BFB61AFE07B681B6849
:105F100003F0F003E02B18D101233B7400237B74C2
:105F20005E23BB747B6801331B7803F07F03DBB215
:105F3000FB747B6802331B783B757B6803331B78EB
:105F40007B7507F11003FB6190E07B681A68FB68C2
:105F500004331B685A40FB6808331B681340002B4E
:105F600012D07B681B689BB24FF6A96293420BD09C
:105F7000FB680C331B68002B03D0FB680C33BB6140
:105F800002E06FF003037DE0464B1B781946464A5A
:105F90000B465B000B44DB00134414331B78012BCE
:105FA00025D9404B1B7819463F4A0B465B000B44F2
:105FB000DB00134408331B68FA689A4217D1BB69A7
:105FC0001A68384B1B781846374903465B00034470
:105FD000DB000B4404331B689A4208D1314B1B7819
:105FE0001A46B968F868FFF7C5FE03464AE0002381
:105FF000FB7531E0FA7D2C4913465B001344DB004E
:106000000B4414331B78012B23D9FA7D2649134600
:106010005B001344DB000B4408331B68FA689A42A8
:1060200017D1BB691968FA7D1F4813465B001344FA
:10603000DB00034404331B6899420AD1194AFB7DF3
:106040001370FB7D1A46B968F868FFF793FE0346A4
:1060500018E0FB7D0133FB75FB7D092BCAD9BA68BB
:10606000B969F86800F022F803460BE0FB6803F119
:1060700026024FF400630093FB69B968F86801F0E9
:106080006BFD034618462037BD4680BDB4BC0108F1
:1060900004BE01082CBD010854BE0108F4BD01086E
:1060A00090C40108A45F0024B45E002480B58CB0C5
:1060B00002AFF860B9607A60FB6826337B61FF232A
:1060C00087F8273000233B62BB681B68F9681846D5
:1060D00000F034FE0346002B0CD1BB681B6803F0B4
:1060E000F003E02B06D0BB68002B03D0BB681B6815
:1060F000002B02D16FF00F0301E1FA680121B868AB
:10610000FFF760FB03467B82B7F91230002B02DAFF
:106110007B8A5BB2F3E07B8A7E2B06D97A4B40F216
:10612000C1327A497A4801F0C1FF7B8A7B747A7C5C
:10613000784913465B001344DB000B4414331B788F
:10614000002B15D101233B627A7C724913465B0018
:106150001344DB000B44143301221A707A7C6D491E
:1061600013465B001344DB000B440833FA681A60E3
:106170007A7C684913465B001344DB000B441433FC
:106180001B78012B11D07A7C624913465B001344C3
:10619000DB000B4414331B78012B06D85A4B40F21A
:1061A000CD325D495A4801F081FF3B6A002B02D194
:1061B0007B68002B0CD1B968F86800F063F90346DE
:1061C00087F827307B68002B02D197F9273096E0BB
:1061D0007B68002B06D14C4B40F2E1324F494C48D2
:1061E00001F064FF7A7C4B4913465B001344DB00EB
:1061F0000B4414331B78012B17D9494A7B7C13704D
:106200007A7C13465B001344DB000833414A134495
:1062100004334FF4006200927A697968F86801F0FB
:106220009BFC034687F8273067E07A7C39491346A0
:106230005B001344DB000B4414331B78012B5CD14F
:106240000023BB617B68FB611CE0FB695A89FB6929
:106250001B899A420AD1FB691B68002B06D02A4B86
:1062600040F2F1322F492A4801F020FFFB691B7BE5
:1062700003F04003002B02D00123BB6105E0FB6962
:106280001B68FB61FB69002BDFD1BB69002B07D0CA
:106290007A684FF420710E20F8F734FEF86104E0BC
:1062A0007B68FB61F869F8F761FCFB69002B21D082
:1062B0007A7C184913465B001344DB000B441B68CF
:1062C000002B0AD07A7C134913465B001344DB0091
:1062D0000B441B681846F8F7A9FB7A7C0D49134656
:1062E0005B001344DB000B44FA691A60002387F853
:1062F000273002E0FF2387F8273097F92730184628
:106300002837BD4680BD00BFB4BC010860BE01088F
:106310002CBD0108B45E002470BE010854BE010803
:10632000A45F002498BE010880B58AB002AFF8606F
:10633000B9607A603B600023FB77FB68002B06D1D5
:106340003A4B40F257423A493A4801F0AFFE4FF417
:1063500020721C210E20F8F785F8B861BB69002B6C
:1063600002D14FF0FF335DE0BB695B891B2B06D880
:106370002E4B40F2624230492E4801F097FEBB6935
:106380005B687B61BB8E1846F6F73AFF03461A46F8
:106390007B69DA80FB6893F82C30062B06D0234B00
:1063A00040F269422549234801F080FE7B690833A9
:1063B00006223968184601F0AEFF7B6912330622C7
:1063C000F96A184601F0A7FF7B690E33BA6A1268B2
:1063D0001A607B6918333A6B12681A607B69002275
:1063E0001A70002242F001025A707B69002242F0CA
:1063F00008029A700022DA707B6906221A717B69A2
:1064000004225A7140F6060300937B68BA68B969A2
:10641000F86801F0A1FBB869F8F708FB0023BB613D
:1064200097F91F3018462037BD4680BDB4BC01081F
:1064300004BE01082CBD0108B4BE0108E8BE010875
:1064400080B588B004AFF860B9607A60FB6803F18A
:106450002601FB6803F12600FB6804330122039246
:10646000BA680292064A0192009303467A68F86875
:10647000FFF75AFF034618461037BD4680BD00BFE0
:1064800098C4010880B582B000AF78603960054AD1
:1064900039687868FFF7D4FF034618460837BD46C9
:1064A00080BD00BF90C4010880B58EB004AF786095
:1064B0003960874B9B687B627B6A1B7803F00F0314
:1064C000DBB29B00DBB27B847B8C132B40F2E88039
:1064D0007B685B89032B40F2E5807B685B681B78F7
:1064E00087F8213097F82130002B00F0D280082B5C
:1064F00040F0D280774BFB61754B5B6903F0F00392
:10650000E02B00F0D680724B5B69714A126811462D
:10651000184600F013FC0346002B40F0CC807B684B
:106520001B89072B40F2C0807868F6F706FF034608
:10653000002B03D07868F8F779FAC5E07B8C0E332E
:1065400019467868F8F7DCF90346002B4BD07B68D6
:106550001A897B8C13447B837B681B897A8B9A42D4
:10656000C0F0AB807B8B4FF4207219460E20F7F7FA
:1065700079FF78617B69002B00F0A1807B695B89E2
:106580001A467B8C08339A4203D27869F8F74EFAA0
:1065900096E07B695B687A8C796A184601F0BBFEED
:1065A0007B8C19467869F8F7BBF90346002B09D0B4
:1065B000494BB62249494A4801F078FD7869F8F715
:1065C00035FA7DE079687869F8F758FB0346002BC7
:1065D00003D07869F8F72AFA72E07868F8F726FAB3
:1065E0007B697B600FE07B8C0E3319467868F8F787
:1065F00097F90346002B06D0374BC7223949384854
:1066000001F054FD5CE07B685B683B617B8C194664
:106610007868F8F775F90346002B3CD17B685B6816
:10662000FB60FB691A68FB68DA60294B1A69FB6832
:106630001A613B6900221A703B695B889BB24FF676
:10664000F772934207D93B695B889BB209339AB2D0
:106650003B695A8006E03B695B889BB208339AB27B
:106660003B695A80FB68FF221A72FB6800229A720B
:106670000022DA723B680293012301930023009306
:10668000FF230022F969786800F080FA0346FB7264
:1066900001E000BF00E000BF7868F8F7C7F913E039
:1066A00000BF02E000BF00E000BF7868F8F7BEF965
:1066B0000AE000BF04E000BF02E000BF00E000BF4E
:1066C0007868F8F7B3F900BF2837BD4680BD00BF32
:1066D000382F00244C2F00242CBF010864BF010870
:1066E0009CBF0108C4BF010880B582B000AF7860CC
:1066F0000B46FB70FB781A460321786800F014F80B
:1067000000BF0837BD4680BD80B582B000AF78605D
:106710000B46FB70FB781A460B21786800F004F8F2
:1067200000BF0837BD4680BD80B58CB004AF78602F
:106730000B46FB701346BB704FF4207224212220BD
:10674000F7F790FEF861FB69002B56D0FB695B8977
:10675000232B06D82B4B4FF4B4722B492B4801F056
:10676000A5FC7B685B68BB61FB695B687B617B69DF
:10677000FA781A707B69BA785A707B6900221A71AC
:1067800000225A717B6900229A710022DA71FB693A
:106790005B6803F108007B685B681C22194601F006
:1067A000BAFDBB69DB68FB6007F10C03184600F01B
:1067B0002FF838613B69002B1BD07B6900229A704F
:1067C0000022DA70FB695B8919467869F6F7A3FD48
:1067D00003461A467B695A8007F10C023B69029313
:1067E0000123019300230093FF230021F86900F0A7
:1067F000CDF9F869F8F71AF900E000BF2037BD4677
:1068000080BD00BF2CBF0108F8BF01089CBF010874
:1068100080B485B000AF7860334B1B68FB6036E016
:10682000FB6893F82D3003F00103DBB2002B2BD073
:10683000FB6893F82D309B0803F00103DBB2002BBB
:1068400022D0FB6804331B68002B1DD07B681A68BC
:10685000FB6804331B685A40FB6808331B6813400D
:10686000002B01D1FB6838E0FB6893F82D3003F072
:106870000203002B08D17B681A68FB680C331B6885
:106880009A4201D1FB6828E0FB681B68FB60FB684B
:10689000002BC5D1154B1B68002B1AD0134B1B685E
:1068A00093F82D3003F00103002B12D00F4B1B681F
:1068B00093F82D3003F00403002B0AD00B4B1B6818
:1068C00004331B68002B04D07B681B68DBB27F2B72
:1068D00001D1002301E0054B1B6818461437BD4663
:1068E0005DF8047B704700BF485E00244C5E0024C6
:1068F00080B582B000AF78607B6893F82D3003F0EC
:106900000103DBB2002B16D07B6804331B68002B1D
:1069100011D00B4B5A697B6804331B689A4208D02C
:10692000074B5B697968184600F008FA0346002BAC
:1069300001D0012300E0002318460837BD4680BD82
:10694000382F002480B586B000AF786039607B684E
:106950005B687B617B691B781B09DBB2042B04D06D
:106960007868F8F763F8002307E17B691B7803F088
:106970000F03DBB29B00DBB2FB817B695B889BB2C0
:106980001846F6F73DFC0346BB817B681B89BA8934
:106990009A4204D2BB8919467868F7F7C1FE7B6832
:1069A0005B89FA899A4207D87B681B89BA899A421F
:1069B00002D8FB89132B04D87868F8F737F800233E
:1069C000DBE07B691B696F4A53617B69DB686D4A59
:1069D00013616C4B5B6903F0F003E02B12D13B6851
:1069E00093F82D3003F00103DBB2002B07D03B6896
:1069F00004331B68002B02D03B683B612AE0002374
:106A00003B6127E03868FFF773FF0346002B02D095
:106A10003B683B611EE000233B615A4B5B69DBB284
:106A20007F2B17D0584B1B683B610EE03A693B68DF
:106A30009A4206D03869FFF75BFF0346002B08D166
:106A400000E000BF3B691B683B613B69002BEDD157
:106A500000E000BF4B4B1B693968184600F06EF927
:106A60000346002B05D1474B1B6903F0F003E02BD5
:106A700004D17868F7F7DAFF00237EE03B69002B4A
:106A800004D17868F7F7D2FF002376E07B69DB88D2
:106A90009BB21A464FF63F731340002B0BD0786819
:106AA00000F092FC78607B68002B01D1002364E049
:106AB0007B685B687B61334A3B691360314A3B68A2
:106AC0005360304A7B6993607B691B7803F00F0346
:106AD000DBB29B00DBB21A462A4B9A81FB8919462E
:106AE0007868F7F71DFF7B695B7A112B06D0112BB5
:106AF00013DC012B0CD0062B05D00EE0396878682A
:106B0000FEF742FC26E039687868FAF769F821E078
:106B100039687868FFF7C8FC1CE01A4B5B69396973
:106B2000184600F00BF90346002B0FD1154B5B699B
:106B300003F0F003E02B09D0B7F90E30194678685E
:106B4000F7F761FF02217868FFF7CEFD7868F7F765
:106B50006DFF00BF0B4B00221A600A4B00225A60E7
:106B6000084B00229A60074B00229A81054B0022B5
:106B70001A61044B00225A61002318461837BD469B
:106B800080BD00BF382F0024485E002480B58AB045
:106B900004AFF860B9607A60FB70BB687B617B68AA
:106BA000002B09D0BB68002B03D0BB681B68002BEF
:106BB00002D1BB6A04337B61FA78BB6A029397F80F
:106BC0002430019397F82030009313467A6879694E
:106BD000F86800F005F8034618461837BD4680BD32
:106BE00080B588B000AFF860B9607A60FB70FB6870
:106BF0009B7B012B06D04B4B4FF455724A494B48B7
:106C000001F054FA7B68002B60D014237B8314219D
:106C1000F868F7F775FE0346002B02D06FF001030A
:106C20007CE0FB685B68FB61FB685B89132B06D823
:106C30003C4B4FF462723E493C4801F037FAFB6925
:106C4000FA781A72FB6997F82C205A727B681A68D6
:106C5000FB691A617B8B9B089BB2DBB243F040035C
:106C6000DAB2FB691A70FB6997F828205A70FB6842
:106C70001B891846F6F7C4FA03461A46FB695A8080
:106C8000FB6900229A710022DA712A4B1B88184690
:106C9000F6F7B6FA03461A46FB699A80254B1B881D
:106CA00001339AB2234B1A80BB68002B04D1224BCC
:106CB0001A68FB69DA6003E0BB681A68FB69DA608E
:106CC000FB6900229A720022DA720FE0FB685B898E
:106CD000132B02D86FF0010320E0FB685B68FB61B7
:106CE000FB691B697B6107F114037B603B6B9B8C29
:106CF000002B0CD0FB681A893B6B9B8C9A4206D9FF
:106D00007A68396BF86800F053FD034606E03B6B88
:106D10005B697A68F968386B9847034618462037EC
:106D2000BD4680BD24C0010858C0010864C00108E8
:106D30008CC00108A65F00248CC4010880B485B013
:106D400000AF786039607B68FB607B68B3F1FF3F20
:106D500002D07B68002B01D101232AE03B6893F825
:106D60002D3003F00203002B01D1002321E03B680A
:106D700004331B687A689A4201D1002319E0FA684B
:106D80003B6804331B685A403B6808331B68134058
:106D9000002B0DD13B6808331B68DA437B681A402F
:106DA0003B6808331B68DB439A4201D1012300E0B2
:106DB000002318461437BD465DF8047B7047000079
:106DC00080B584B000AF0023BB60124B1B68FB6032
:106DD00018E0FB68DB7F002B0BD0FB68DB7F013BFF
:106DE000DAB2FB68DA77FB68BB60FB681B68FB60A4
:106DF00008E0FB687B60FB681B68FB60B96878682B
:106E000000F00AF8FB68002BE3D100BF00BF103789
:106E1000BD4680BDA85F002480B588B000AF786013
:106E200039600023FB833A687B689A4205D1454B61
:106E3000AB224549454801F039F93B68002B0AD09F
:106E40003B681B687A689A4205D03E4BAD224049A8
:106E50003E4801F02BF97B685B685B687B617B696E
:106E60009B889BB2002B2AD17B685B68BB617B69E6
:106E70001A687B685A60BB6958687B6808331422BB
:106E8000194601F048FA0121B869FFF73DFCB869DD
:106E9000F7F754FE03467B82FA8B7B8A1344B3F5E3
:106EA000803F05DB274BBC222A49284801F0FEF829
:106EB000FA8B7B8A1344FB83B869F7F7B7FD7B68CD
:106EC0005B68BB611FE0BB695B687B61BB69FB60A2
:106ED0007B691B68BB61F868F7F730FE03467B826D
:106EE000FA8B7B8A1344B3F5803F05DB154BCC222C
:106EF0001849164801F0DAF8FA8B7B8A1344FB83B1
:106F0000F868F7F793FDBB69002BDCD13968786826
:106F100000F0C2F8104B1B88FA8B9A4205D9094B36
:106F2000D2220E49094801F0C1F80B4B1A88FB8B9D
:106F3000D31A9AB2084B1A80FB8B18462037BD46ED
:106F400080BD00BFBCC00108F8C0010804C1010831
:106F50002CC1010840C10108AC5F002460C10108D8
:106F600080B58AB000AF7860396000237B61002370
:106F70003B620023FB610023BB6100233B61284B84
:106F80001B687B6230E07B6A5A697B68DB689A42E7
:106F90000CD17B6A9A697B681B699A4206D17B6A2D
:106FA0009A897B689B889BB29A4214D03B690133D3
:106FB0003B613B6A002B04D17B6A3B62FB69BB618E
:106FC00009E07B6ADA7F3B6ADB7F9A4203D87B6AFF
:106FD0003B62FB69BB617B6A1B68002B01D07B6A4B
:106FE000FB617B6A1B687B627B6A002BCBD13B6AAF
:106FF000002B08D0B969386AFFF70EFFF8607A698C
:10700000FB6813447B617A693B689A4202DA3B6908
:10701000012BACDC7B6918462837BD4680BD00BF1C
:10702000A85F002480B584B000AF78603960042088
:10703000F6F716FEF860FB68002B10D13968786807
:10704000FFF78EFF02463B68934203DC0420F6F70D
:1070500007FEF860FB68002B01D1002316E0202218
:107060000021F86801F087F8FB680F22DA77094BF6
:107070001A68FB681A60074AFB681360FB680833EC
:1070800014227968184601F046F9FB681846103753
:10709000BD4680BDA85F002480B582B000AF786097
:1070A0003960104B1B687A689A4204D17B681B6870
:1070B0000C4A13600DE03B68002B06D10A4B40F2EE
:1070C00045120A490A4800F0F1FF7B681A683B68DC
:1070D0001A6079680420F6F733FE00BF0837BD4612
:1070E00080BD00BFA85F0024BCC0010884C10108A6
:1070F00004C1010880B58CB000AFF860B9607A6057
:107100000023BB6201233B62BB685B68FB61FB69D8
:107110005B889BB21846F6F773F803467B83FB69DE
:107120001B7803F00F03DBB29B007B767B7E9BB268
:107130007A8B9A4202D24FF0FF3335E17B7E9BB2CD
:107140007A8BD31A7B83FB69DB889BB21846F6F7F0
:1071500057F80346C3F30C039BB2DB00FB82BB680A
:107160005B68FB62FB6A00221A7000225A700022E0
:107170009A700022DA70FB6AFA8A9A80FA8A7B8B0C
:1071800013449AB2FB6ADA80FB6ADB889BB2FA8A04
:107190009A4202D94FF0FF3306E1FB685B687B62DD
:1071A00068E07B6A5B683B61FB6A9B889AB23B69DB
:1071B0009B889BB29A4235D2FB6A7A6A1A60BB6A94
:1071C000002B20D0FB6A9B889AB2BB6ADB889BB2FB
:1071D0009A4207D3FB6ADB889AB23B699B889BB2D1
:1071E0009A4202D94FF0FF33DEE0BB6ABA681A60F8
:1071F000BB6ADB889AB2FB6A9B889BB29A423DD0FD
:1072000000233B623AE0FB6ADB889AB23B699B88C9
:107210009BB29A4202D94FF0FF33C5E0FB68BA68CF
:107220005A602BE0FB6A9B889AB23B699B889BB2B1
:107230009A4202D14FF0FF33B6E0FB6A9B889AB2C4
:107240003B69DB889BB29A4202D24FF0FF33ABE03E
:10725000BB6A002B09D0BB6ADB889AB23B699B886A
:107260009BB29A4201D000233B623B691B687B6260
:107270003B69BB627B6A002B93D100E000BF7B6A55
:10728000002B2DD1BB6A002B1CD0BB6ADB889AB2C5
:10729000FB6A9B889BB29A4206D9454B4FF4DB723E
:1072A0004449454800F002FFBB6ABA681A60BB6AED
:1072B000DB889AB2FB6A9B889BB29A4210D000236B
:1072C0003B620DE0FB685B68002B06D0384B4FF447
:1072D000DF723A49384800F0E9FEFB68BA685A6044
:1072E0007B68002B05D1FB689B7F03F00103002B1B
:1072F00059D03B6A002B4FD0FB685B68002B06D04F
:10730000FB685B685B689B889BB2002B02D0002304
:107310003B6241E0FB6ABB62FB6A1B687B6212E076
:107320007B6A5B68FB62BB6ADB889AB2FB6A9B88FC
:107330009BB29A4202D000233B6207E0FB6ABB6229
:10734000FB6A1B687B627B6A002BE9D13B6A002BDE
:1073500022D0FB685B68002B06D1154B40F2DF1290
:107360001749154800F0A2FEFB685B685B68FA6A83
:107370009A4206D10E4B4FF4F07211490E4800F0BC
:1073800095FEFB6A1B68002B06D0094B4FF4F17287
:107390000C49094800F08AFE3B6A002B14BF012308
:1073A0000023DBB200E0002318463037BD4680BD25
:1073B000BCC00108A0C1010804C10108C0C1010886
:1073C000F8C1010808C2010880B58EB000AF78602E
:1073D0007B685B68BB62BB6A1B7803F00F03DBB2A0
:1073E0009B00DBB2142B40F07181BB6ADB889BB23F
:1073F0001846F5F705FF0346C3F30C039BB2DB0009
:10740000FB84BB6A5B889BB21846F5F7F9FE03461E
:10741000BB84BB6A1B7803F00F03DBB29B0087F8C9
:10742000233097F823309BB2BA8C9A42C0F0508137
:1074300097F823309BB2BA8CD31ABB847868F7F7DD
:107440007DFB03463B848C4B1B881A463B8C1344C4
:107450000A2B10DD3B8C1946B86AFFF781FD034605
:10746000002B00F03781844B1B881A463B8C134459
:107470000A2B00F32F81814B1B683B6315E03B6BAC
:107480005A69BB6ADB689A420CD13B6B9A69BB6A4A
:107490001B699A4206D13B6B9A89BB6A9B889BB257
:1074A0009A4206D03B6B1B683B633B6B002BE6D1DB
:1074B00000E000BF3B6B002B09D13B8C1946B86A3A
:1074C000FFF7B0FD38633B6B002B1CD105E1BB6AB5
:1074D000DB889BB21846F5F793FE0346C3F30C0313
:1074E000002B10D13B6BDB891846F5F789FE03466C
:1074F000C3F30C03002B06D03B6B08331422B96A8C
:10750000184600F008FFBB6ADB889BB203F020033B
:10751000002B0CBF01230023DBB2FB61FB69002BB6
:107520000ED0FA8CBB8C13447B837A8BFB8C9A42F3
:10753000C0F0A0807B8B4FF6EB72934200F29A80F2
:10754000FA697968386BFFF7D5FD78617B69B3F12B
:10755000FF3F00F09B80484B1A883B8C13449AB243
:10756000454B1A80FB69002B0DD0FA8CBB8C134461
:107570007B823B6B7A8A9A833B6B9B7F43F0010350
:10758000DAB23B6B9A777B69012B71D13B6B9B8B9A
:1075900014333B823B6B5B685B681B687B633B6BB4
:1075A0005B685B68BB623B6B083314221946B86AA0
:1075B00000F0B1FE3B8A1846F5F722FE03461A4654
:1075C000BB6A5A80BB6A00229A710022DA71BB6AD8
:1075D00000229A720022DA723B6B5B687B600DE0DE
:1075E0007B6B5B68FB601421786BF7F799F9796B1B
:1075F0007868F7F7DDFAFB681B687B637B6B002B11
:10760000EED11E4B1B683A6B9A4202D10023FB62FB
:1076100010E01A4B1B68FB6207E0FB6A1B683A6BC1
:107620009A4206D0FB6A1B68FB62FB6A002BF4D10E
:1076300000E000BFF96A386BFFF72EFD7868F7F7B6
:107640007DFA03463B840C4B1B883A8C9A4206D940
:107650000B4B40F29B220B490B4800F027FD064BD9
:107660001A883B8CD31A9AB2034B1A807B6838E095
:10767000002336E000BF0AE0AC5F0024A85F0024CE
:10768000BCC001082CC2010804C1010800BF3B6B4B
:10769000002B06D1154B4FF42A721549154800F0FE
:1076A00005FD3B6B5B68002B16D1134B1B683A6BD7
:1076B0009A4206D00D4B40F2AB2210490D4800F023
:1076C000F5FC0021386BFFF7E7FC06E000BF04E0A3
:1076D00000BF02E000BF00E000BF7868F7F7A6F93E
:1076E000002318463837BD4680BD00BFBCC0010826
:1076F00048C2010804C10108A85F002454C201085F
:1077000080B500AF0520F6F7ABFA0346184680BDFA
:1077100080B582B000AF78607B68002B06D1074B44
:107720004FF431720649074800F0C0FC7968052023
:10773000F6F706FB00BF0837BD4680BDBCC0010898
:1077400074C2010804C1010880B584B000AF78603C
:107750007B68FB60FB68002B06D1114B40F2CE2208
:107760001049114800F0A2FCFA687B689A4206D0E2
:107770000B4B40F2CF220D490B4800F097FCFB6801
:107780005B69002B04D0FB685B691846F7F74EF97C
:10779000F868FFF7BDFF00BF1037BD4680BD00BFD2
:1077A000BCC0010880C2010804C101088CC20108E4
:1077B00080B594B002AFF860B9607A600023A7F892
:1077C0004630BB689B8C143B002B00DA0733DB1080
:1077D0007B871423FB87FB685B687B637B6B3B6366
:1077E0003B6B1B7803F00F03DBB29B00DBB2142B67
:1077F00002D06FF0050310E1FB685B89132B09D8F9
:10780000884B4FF43F728849884800F04FFC6FF076
:10781000050302E13B6BDB889BB21846F5F7F0FCF1
:107820000346BB87BB8FC3F30C03A7F84030BB8F65
:1078300003F40053FB62FB681B89143BA7F842303A
:10784000E1E07B8FDB009BB2B7F84220934228BF78
:1078500013467B854FF4207214210E20F6F702FEAA
:1078600078627B6A002B00F0D5807B6A5B89132BE2
:1078700006D86C4B4FF449726D496C4800F016FC09
:107880007B6A5B681422796B184600F044FD7B6AC2
:107890005B683B637B8DA7F8443064E0FB685A89E2
:1078A000FB8FD31AFB83FB685B89FA8F9A4206D958
:1078B0005C4B40F22D325F495C4800F0F7FBFA8BDD
:1078C000B7F84430934228BF1346A7F84630B7F8BC
:1078D0004630002B05D10023FB87FB681B68FB604B
:1078E00041E0FFF70DFFB861BB69002B03D1786A57
:1078F000F7F79CF88FE0B869FB685A68FB8F134470
:10790000B7F84610B7F8462001920093034641228B
:107910000020F6F7D1FE78617B69002B06D1B869AB
:10792000FFF7F6FE786AF7F781F874E0F868F7F782
:107930001DF9BB69FA685A61BB693F4A1A617969E6
:10794000786AF7F735F9B7F84420B7F84630D31A14
:10795000A7F84430B7F84430002B04D00023FB874D
:10796000FB681B68FB60B7F84430002B96D1FA8F98
:10797000B7F846301344FB87BB689B8CA3F1130216
:10798000B7F842309A42CCBF01230023DBB23B62FE
:10799000B7F84030C3F30C03BB873B6A002B02D01F
:1079A000FB6A002B03D0BB8F43F40053BB87BB8F14
:1079B0001846F5F725FC03461A463B6BDA807B8DAB
:1079C00014339BB21846F5F71BFC03461A463B6B73
:1079D0005A803B6B00229A720022DA72BB685B69A4
:1079E0007A68796AB8689847786AF7F71FF8B7F83D
:1079F00042207B8DD31AA7F84230B7F840207B8F06
:107A00001344A7F84030B7F84230002B7FF419AF89
:107A1000002302E000BF4FF0FF3318464837BD4651
:107A200080BD00BFBCC0010898C2010804C10108A4
:107A3000B4C20108D4C201084977010880B586B0F4
:107A400000AF786039600E23FB827B685B890E2B68
:107A50006ED97B68DB7B002B06D13B6893F8303016
:107A60000133DAB27B68DA737B685B683B613B6940
:107A70001A7B5B7B1B021343FB813B691B7803F082
:107A80000103002B23D03B691B78012B0FD13B69ED
:107A90005B78002B1BD13B699B785E2B17D17B68F1
:107AA0005B7B43F01003DAB27B685A730FE03B69EB
:107AB00006222849184600F04EFB0346002B06D14B
:107AC0007B685B7B43F00803DAB27B685A73FB89FF
:107AD000082B03D0B3F5C16F14D032E03B6893F8A4
:107AE0002D3003F00803002B24D0FB8A1946786858
:107AF000F6F716FF0346002B1ED139687868FEF7AB
:107B000021FF13E03B6893F82D3003F00803002BAE
:107B100014D0FB8A19467868F6F702FF0346002B5B
:107B20000ED139687868FEF79BF800BF00230CE09F
:107B300000BF06E000BF04E000BF02E000BF00E0BD
:107B400000BF7868F6F772FF002318461837BD4665
:107B500080BD00BF90C4010880B586B000AFF8605A
:107B6000B9607A603B603B8C1846F5F749FB0346E9
:107B7000FB820E21B868F6F7C3FE0346002B25D121
:107B8000BB685B683B613B69FA8A9A813B69062264
:107B90003968184600F0BFFB3B6906330622796856
:107BA000184600F0B8FBFB6893F82C30062B06D083
:107BB0000A4B4FF499720A490A4800F077FAFB68B9
:107BC0009B69B968F8689847034602E000BF6FF008
:107BD000010318461837BD4680BD00BFE4C2010846
:107BE0001CC3010850C301080A22002100F092B909
:107BF000024B0A460146186800F002B858000024FB
:107C000070B5A1FB02543CB9294600F03FF8064686
:107C100028B90026304670BD0C220260F9E72A46DA
:107C2000214600F0A8FAF5E7024B0146186800F07B
:107C30002DB800BF58000024024B0146186800F020
:107C400097BB00BF5800002470B50F4E0C4631683A
:107C5000054611B900F008FB30602146284600F0C7
:107C600003FB431C03D14FF0FF34204670BDC41CFE
:107C700024F00304A042F8D0211A284600F0F4FAB8
:107C80000130F2D1EFE700BFB05F00242DE9F843E7
:107C9000CD1C25F0030508350C2D38BF0C25002D13
:107CA000064601DBA94204D90C2333600020BDE85D
:107CB000F883DFF8D48000F069F8D8F800301C466B
:107CC00044BB29463046FFF7BFFF431C044658D14A
:107CD000D8F800402746002F43D1002C4BD0236812
:107CE0003946304604EB030900F0BEFA814542D123
:107CF00021686D1A29463046FFF7A6FF01303AD0B9
:107D000023682B442360D8F800305A6862BBC8F857
:107D100000700FE02268521B20D40B2A17D961197A
:107D2000A342256018BF5960636808BFC8F80010F7
:107D300062514B60304600F02FF804F10B00231D18
:107D400020F00700C21A1CBF1B1AA350AFE76268DD
:107D5000A3420CBFC8F800205A60EBE723466468D2
:107D6000AEE73C467F68B6E71A465B68A342FBD1A4
:107D700000235360DEE70C233360304600F00CF83C
:107D800094E70560D6E700BFB45F0024014800F027
:107D9000B8BA00BFF8600024014800F0B3BA00BFD1
:107DA000F8600024164B10B51C68236BB3B918207B
:107DB000FFF73AFF0246206320B9124B12485221C6
:107DC00000F0B8FA1149124BC0E90013114B83605F
:107DD0000B23838100210120C2E90401216B0E489D
:107DE0000B694C690D4A584302FB0400A3FB0232A5
:107DF000013340EB0200C1E9043020F0004010BD27
:107E0000580000249EC40108B5C401080E33CDAB50
:107E100034126DE6ECDE05002DF451582D7F954CA3
:107E2000242B2DE9F0478646904601D8012B06D138
:107E300000F03CFA162303600020BDE8F0873448C8
:107E40000D462A4615F8014B065D16F00806F8D1D6
:107E50002D2C2DD12C780126951C33F0100209D140
:107E6000302C2AD12A7802F0DF02582A25D16C78EA
:107E70001023023506F1004C0CF1FF3C0022BCFB44
:107E8000F3F9104603FB19CAA4F13007092F1BD8D8
:107E90003C46A34227DD571C07D0814520D301D1A2
:107EA000A2451DDB00FB0340012215F8014BEBE767
:107EB0002B2C04BF2C78951CCFE7002BDAD1302C6B
:107EC0000CBF08230A23D5E7A4F14107192F01D8D5
:107ED000373CDEE7A4F16107192F04D8573CD8E7F7
:107EE0004FF0FF32E1E7531C08D12223CEF80030D7
:107EF0006046B8F1000FA0D0691E06E006B140420E
:107F0000B8F1000F99D0002AF6D1C8F8001094E714
:107F10000EC5010813460A46014602480068FFF7ED
:107F20007FBF00BF58000024002310B50446C0E9FD
:107F30000033C0E90433836081814366C281836179
:107F4000194608225C3000F016F90D4B63620D4BA8
:107F5000A3620D4BE3620D4B23630D4B24629C42E5
:107F600006D003F16802944202D0D0339C4205D17E
:107F700004F15800BDE8104000F0C2B910BD00BFC8
:107F8000D1800108F38001082B8101084F8101088D
:107F9000B85F0024024A0349034800F069B800BFF3
:107FA0004C000024AD8A01085C00002441680C4BA1
:107FB000994210B5044601D000F078FDA168094B44
:107FC000994202D0204600F071FDE168064B9942CB
:107FD00004D02046BDE8104000F068BD10BD00BFD1
:107FE000B85F0024206000248860002410B50B4B8B
:107FF0000B4C0C4A1A60204600220421FFF794FF24
:1080000004F1680001220921FFF78EFF04F1D0007E
:108010000222BDE810401221FFF786BFF060002465
:10802000B85F0024957F0108014800F06AB900BFDD
:10803000F9600024014800F065B900BFF960002430
:1080400010B50446FFF7F0FF236A1BB1BDE81040EE
:10805000FFF7F0BF044B2362044B1B68002BF5D1E4
:10806000FFF7C4FFF2E700BFAD7F0108F060002416
:108070002DE9F8430746884614460026D4E90195C1
:10808000B9F1010905D52468002CF7D13046BDE8C7
:10809000F883AB89012B07D9B5F90E30013303D032
:1080A00029463846C04706436835E9E70FB407B5A7
:1080B000064904AB086853F8042B8168019300F06B
:1080C000CBF903B05DF804EB04B07047580000240E
:1080D00010B50C46B1F90E1000F0B4F80028ABBF93
:1080E000636DA3891B1823F48053ACBF6365A38120
:1080F00010BD2DE9F0411F468B89DB0505460C4676
:10810000164605D5B1F90E100223002200F088F8BA
:10811000A389B4F90E1023F48053A38132463B4661
:108120002846BDE8F04100F0AFB810B50C46B1F9F3
:108130000E1000F075F8431CA38915BF606523F489
:10814000805343F48053A38118BFA38110BDB1F9BC
:108150000E1000F055B810B501390244904201D11B
:10816000002005E0037811F8014FA34201D0181B4D
:1081700010BD0130F2E702440346934200D170473C
:1081800003F8011BF9E7000030B50B4D044614F865
:10819000013BEA5C02F00302012A11F8012BA85C02
:1081A00000F0030008BF2033012808BF2032981ACE
:1081B00001D1002AEBD130BD0EC5010810B5024631
:1081C000147813460132002CFAD1013B11F8012B2F
:1081D00003F8012F002AF9D110BD10B5013903466B
:1081E00032B111F8014F03F8014B013A002CF7D1DD
:1081F0001A440021934200D110BD03F8011BF9E796
:1082000038B5064D0023044608462B60ECF762F8AB
:10821000431C02D12B6803B1236038BDF4600024F5
:1082200038B5074D04460846114600222A601A4612
:10823000ECF777F8431C02D12B6803B1236038BDFB
:10824000F460002438B5074D044608461146002264
:108250002A601A46ECF705F8431C02D12B6803B1DB
:10826000236038BDF460002438B5064D0023044671
:1082700008462B60ECF762F8431C02D12B6803B16F
:10828000236038BDF460002438B5074D0446084625
:10829000114600222A601A46ECF700F8431C02D16E
:1082A0002B6803B1236038BDF4600024014B1868CB
:1082B000704700BF5800002470B50D4D0D4C641B75
:1082C000A4100026A64209D10B4D0C4C01F068FA0F
:1082D000641BA4100026A64205D170BD55F8043BCE
:1082E00098470136EEE755F8043B98470136F2E728
:1082F000D0E70108D0E70108D0E70108D4E701087A
:10830000704770477047034611F8012B03F8012BA3
:10831000002AF9D170470A44914200F1FF3300D19D
:10832000704710B511F8014B03F8014F9142F9D194
:1083300010BD00001FB514461A46094B1B680546C0
:10834000D86854B9074B1C46CDE9013400912B463F
:10835000054900F0D3FB00F077FC044BF4E700BFC5
:108360005800002449C601081BC601080EC60108B2
:1083700038B50546002941D051F8043C0C1F002BAC
:10838000B8BFE418FFF702FD1D4A136833B96360F4
:1083900014602846BDE83840FFF7FEBCA34208D968
:1083A000206821188B4201BF19685B680918216099
:1083B000EDE71A465B680BB1A342FAD91168501871
:1083C000A0420BD120680144501883421160E0D1D3
:1083D00018685B68536008441060DAE702D90C2320
:1083E0002B60D6E7206821188B4204BF19685B68B0
:1083F000636004BF091821605460CAE738BD00BF3C
:10840000B45F00249368013B002B10B4936008DA3A
:108410009469A34201DB0A2903D15DF8044B00F003
:108420007FBB1368581C1060197008465DF8044B38
:108430007047F8B506460F461446D518AC4201D130
:10844000002007E014F8011B3A463046FFF7DAFF38
:10845000431CF3D1F8BD00002DE9F04F0D469DB04F
:1084600014469846064618B1036A0BB9FFF7E8FDB3
:108470006B6ED90705D4AB899A0502D4A86DFFF7B6
:1084800040FFAB891B0701D52B699BB929463046B4
:1084900000F084FB70B16B6EDC0704D54FF0FF3049
:1084A0001DB0BDE8F08FAB899805F7D4A86DFFF734
:1084B00029FFF3E70023099320238DF82930CDF815
:1084C0000C803023DFF8AC818DF82A304FF00109A1
:1084D00023469A4613F8012B0AB1252AF9D1BAEBA3
:1084E000040B0BD05B46224629463046FFF7A1FF1E
:1084F000013000F0A780099A5A4409929AF8003096
:10850000002B00F09F8000234FF0FF32CDE90523C0
:108510000AF1010A049307938DF853301A935446D5
:10852000052214F8011B5348E7F7F2FE049AD8B964
:10853000D10644BF20238DF85330130744BF2B23AB
:108540008DF853309AF800302A2B15D0079A5446EC
:1085500000204FF00A0C214611F8013B303B092B5B
:108560004BD9B0B1079214E0A0EB080309FA03F36A
:1085700013430493A246D2E7039B191D1B68039182
:10858000002BBBBF5B4242F0020207930793B8BFC8
:10859000049223782E2B0AD163782A2B32D1039BA5
:1085A0001A1D1B68039243EAE37302340593DFF854
:1085B000D4A0217803225046E7F7AAFE38B1049BE5
:1085C000A0EB0A004022824013430134049314F8C4
:1085D000011B29488DF828100622E7F799FE00288C
:1085E0003FD0264B1BBB039B073323F00703083305
:1085F0000393099B3B4409936AE70CFB02320C4648
:108600000120A8E700230134059319464FF00A0C16
:10861000204610F8012B303A092A03D9002BC6D086
:108620000591C4E70CFB012104460123F0E703ABED
:1086300000932A46124B04A93046AFF30080074648
:10864000781CD6D16B6ED90705D4AB899A0502D4B4
:10865000A86DFFF757FEAB895B063FF51FAF099882
:108660001EE703AB00932A46054B04A9304600F0F1
:1086700079F8E4E74AC6010854C601080000000082
:108680003384010850C601082DE9F0471646984684
:108690008A680B69DDF820909342B8BF13463360B7
:1086A00091F8432007460C460AB101333360236832
:1086B000990642BF336802333360256815F006051A
:1086C00006D104F1190AE36832689B1AAB4226DC32
:1086D00094F843302268003B18BF012392062BD444
:1086E00004F1430241463846C84701301ED0236892
:1086F000226903F00603042B02BFE5683368ED1A14
:10870000A3680CBF25EAE57500259342C4BF9B1AF8
:10871000ED1800261A34B5421AD1002008E00123D2
:10872000524641463846C847013003D14FF0FF302A
:10873000BDE8F0870135C6E7E1185A1C302081F802
:108740004300224494F8451082F843100233C7E7EF
:108750000123224641463846C8470130E6D001365B
:10876000D9E700002DE9FF470F7E0C9E782F914638
:1087700080460C469A4601F1430207D8622F0AD878
:10878000002F00F0D280582F00F0B98004F142068B
:1087900084F842703AE0A7F16303152BF6D801A1E3
:1087A00051F823F0FD870108118801088D87010821
:1087B0008D8701088D8701088D87010811880108C0
:1087C0008D8701088D8701088D8701088D87010835
:1087D000118901083B880108CB8801088D870108B1
:1087E0008D870108338901088D8701083B880108BE
:1087F0008D8701088D870108D388010833681A1D09
:108800001B68326004F1420684F8423001239DE087
:1088100033682068191D3160060601D51D6803E024
:108820004506FBD5B3F90050002D03DA2D236D4228
:1088300084F8433059480A2311E021683368080658
:1088400053F8045B02D4490648BFADB26F2F5348BA
:10885000336014BF0A230823002184F8431066689C
:10886000A660002EA2BF216821F0040121600DB98D
:10887000002E4BD01646B5FBF3F103FB1157C75D35
:1088800006F8017D2F46BB420D46F4D9082B0BD1CB
:108890002368DF0708D5236961689942DEBF30236A
:1088A00006F8013C06F1FF36921B2261CDF800A0CC
:1088B0004B4603AA21464046FFF7E6FE01304AD167
:1088C0004FF0FF3004B0BDE8F087236843F0200389
:1088D00023603348782784F84570236831681F0681
:1088E00051F8045B02D45F0648BFADB23160D907CE
:1088F00044BF43F0200323601DB11023ACE7274899
:10890000E9E7236823F020032360F6E71646BDE776
:10891000336825686169181D30602E061B6801D513
:10892000196002E06806FBD5198000232361164612
:10893000BCE733681A1D32601E6862680021304649
:10894000E7F7E6FC08B1801B6060636823610023E1
:1089500084F84330AAE72369324649464046D04767
:108960000130ADD023689B0713D4E068039B984285
:10897000B8BF1846A6E70123324649464046D047CD
:1089800001309DD00135E36803995B1AAB42F2DCFC
:10899000EBE7002504F11906F5E700BF5BC6010807
:1089A0006CC60108B1F90C202DE9F0411607054607
:1089B0000C4654D44B68002B02DC0B6C002B48DDBA
:1089C000E66A002E45D0002312F480522F68216AF7
:1089D0002B6030D0626DA389590705D56368D21A20
:1089E000636B0BB1236CD21A0023E66A216A284616
:1089F000B047431CA38906D129681D292BD82A4AD0
:108A00000A41D60727D400226260D9042269226075
:108A100004D5421C01D12B6803B96065616B2F60DE
:108A2000B9B104F14403994202D02846FFF7A0FCF3
:108A3000002363630DE001232846B0470246501C23
:108A4000C9D12B68002BC6D01D2B01D0162B1ED1EF
:108A50002F60002022E043F040031BB21BE00F69AF
:108A6000002FF6D093070E6808BF4B690F6018BF40
:108A70000023A6EB07088B60B8F1000FE9DD216A3F
:108A8000A66A43463A462846B047002808DCB4F9AF
:108A90000C3043F04003A3814FF0FF30BDE8F0817C
:108AA0000744A8EB0008E7E7FEFFBFDF38B50B6916
:108AB00005460C4613B90025284638BD18B1036A8F
:108AC0000BB9FFF7BDFAB4F90C30002BF3D0626E8E
:108AD000D00704D4990502D4A06DFFF712FC2846F4
:108AE0002146FFF75FFF636EDA070546E4D4A389EA
:108AF0009B05E1D4A06DFFF705FCDDE70EB403B5DF
:108B0000014603AB054853F8042B00680193FFF7B7
:108B1000A3FC02B05DF804EB03B0704758000024DA
:108B2000F8B50E461446054618B1036A0BB9FFF7AF
:108B300087FAA369A360A3891A0701D5236943B9FA
:108B40002146284600F02AF818B14FF0FF37384682
:108B5000F8BD23682269981A6369F6B283423746E2
:108B600005DC21462846FFF7A1FF0028EDD1A368C8
:108B7000013BA36023685A1C22601E706269431C7B
:108B80009A4204D0A389DB07E1D50A2EDFD1214622
:108B90002846FFF78BFF0028D9D0D6E738B5294BF8
:108BA000054618680C4618B1036A0BB9FFF748FA76
:108BB000B4F90C30190722D4DA0607D409222A6046
:108BC00043F04003A3814FF0FF3033E0580712D544
:108BD000616B41B104F14403994202D02846FFF78A
:108BE000C7FB00236363A38923F02403A38100232D
:108BF000636023692360A38943F00803A381236989
:108C00004BB9A38903F42073B3F5007F03D0214649
:108C1000284600F046F8B4F90C3013F001020AD0EF
:108C20000022A26062695242A261226942B913F035
:108C30008000C5D138BD990758BF6269A260F4E7CA
:108C40000020F7E75800002408B5062000F08EF851
:108C50000120EBF7FBFA70B50C46B1F90E100029B4
:108C600096B015461E460DDAA38913F0800F4FF01B
:108C7000000114BF40234FF48063002031602B605B
:108C800016B070BD6A4600F079F80028ECDB019957
:108C900001F47041A1F50053594259414FF48063EA
:108CA000EBE78B89F7B59D0706460C4607D504F11F
:108CB0004703236023610123636103B0F0BD01AB6F
:108CC0006A46FFF7C8FF009F054639463046FEF763
:108CD000DDFF48B9B4F90C309A05EED423F0030354
:108CE00043F00203A381E2E7A389206043F08003FD
:108CF000A381019BC4E904075BB1B4F90E103046AF
:108D000000F04EF828B1A38923F0030343F00103D8
:108D1000A381A3891D43A581CFE71F2938B5054647
:108D20000C4604D9162303604FF0FF3038BDC26BE8
:108D300012B152F821304BB9284600F053F82246C0
:108D400001462846BDE8384000F03AB8012B0AD069
:108D5000591C03D1162303600120E7E7002142F8E4
:108D60002410204698470020E0E70000024B01460F
:108D70001868FFF7D2BF00BF5800002438B5074D70
:108D800000230446084611462B60EBF7AFFA431C5C
:108D900002D12B6803B1236038BD00BFF46000240A
:108DA00038B5064D0023044608462B60EBF7AEFAB3
:108DB000431C02D12B6803B1236038BDF46000244A
:108DC00038B5074D00230446084611462B60EBF7E3
:108DD0002BFA431C02D12B6803B1236038BD00BFBE
:108DE000F4600024EBF718BA08B52DED028BB0EE55
:108DF000408B00F0FDFAB4EE488BF1EE10FA0FD67E
:108E0000B5EEC08BF1EE10FA0AD8B5EE408BF1EE5C
:108E100010FA08D1FFF74AFA9FED090B22230360ED
:108E2000BDEC028B08BDFFF741FABDEC028B21239C
:108E30000360BDE80840044800F00AB8AFF30080C2
:108E4000000000000000F0FF49C60108000000001B
:108E50009FED010B704700BF000000000000F87F8D
:108E6000C1F30A5240F2FE339A4270B52ADD40F255
:108E700033439A4224DC9B1AA3F120064FF0FF32C1
:108E800002FA03F402FA06F6C3F1200522FA05F508
:108E900034432C439A4020EA020221EA040422438C
:108EA000A3F12004C3F120020CD1D84001FA02F34F
:108EB0001843E140084300F00100D0F1020070BD0A
:108EC0000220FCE70020FAE72DE9F04F10EE904A6F
:108ED0002DED0A8B4FEA145811EE90AA08F1FF32DB
:108EE00040F2FD739A4210EE105A11EE100A87B04C
:108EF000C4464FEA1A5606D8C6F30A03A3F2BE3395
:108F00007F2B40F2578102184AEB0A016FF0010BE8
:108F1000571E41F1FF336FF4001EBB457EEB030388
:108F200042D252EA01034FF000030CD16D1984F4D0
:108F300000246441AB42A3F58013A341C0F08F80AD
:108F4000B7EE000B2BE0D44EB44208BF9D4209D1CE
:108F500000188AF4002A4AEB0A0A8342CF4B73EBCB
:108F60000A03EBE76D19CE486441AB4270EB04068F
:108F700075D3814208BF9A4271D1CA4A944208BF50
:108F80009D42DDD094426FEA0A0A34BF00240124D6
:108F90004FEADA7A544540F0DC8121EE010B07B04C
:108FA000BDEC0A8BBDE8F08F6F1944EB04097A1E03
:108FB00069F1000393457EEB030325D220EE000BFD
:108FC000002C13DA5146FFF74BFF01280ED1B1EE0A
:108FD000400B57EA09090BD1BAF1000FDFDA07B0ED
:108FE000BDEC0A8BBDE8F04F00F0A2BA0020F0E71C
:108FF000BAF1000FD3DAB7EE006B86EE007B8DED91
:10900000007B9DED000BCAE7002C2BDA5146FFF7E1
:1090100027FF30B907B0BDEC0A8BBDE8F04F00F078
:109020009FBA411E48424841800424F00044C8F3DE
:109030000A0CC6F30A02A2F2BE337F2B2DD9964B3F
:1090400000209C4208BF85423FF47AAF40F2BD3118
:109050008A420CD8B7EE000BA842A34104D231EEED
:10906000000B9CE70020E4E730EE410B97E7012D71
:1090700074EB030340F2FF7234BF012300239642D6
:109080008CBF00260126B34200F09C8007B0BDECE7
:109090000A8BBDE8F04F00F043BABCF1000F0AD1D3
:1090A0009FED797B20EE077B53EC172B23F00044D8
:1090B0001546A4F150747C4ABFEE006B2244131590
:1090C000C2F3463103EE103A120D784B120503EB52
:1090D0004116A71A03EB411292ED125B96ED187B35
:1090E0002E1E47EC146B92ED162BA4EE056B93ED40
:1090F000005BB8EEC33BA3EE052B93ED025B36EEAF
:10910000024B32EE442BA3EE057B93ED045B32EE73
:10911000062B37EE027B26EE055B26EE050B34EEC2
:10912000008BB0EE409B34EE484B96EE059B34EE40
:1091300000AB93ED065B26EE00BB37EE097B93EDAB
:10914000084B37EE0A7B93ED0C3BA6EE045B93EDE8
:109150000A4B93ED10CBA6EE034B93ED0E3BA6EE20
:109160000C3BA0EE034BA0EE045BABEE057B38EEB0
:10917000074B21EE046B16EE903AB0EE465BC3F35C
:109180000A566FF47272B2183E2A91EE045B38EE02
:10919000448B38EE078BA1EE085B1BD9002A0BDA53
:1091A000B7EE000B36EE000B00283FF4F8AEB1EE40
:1091B000400BF4E600207EE7B6F5816F09D9002B5D
:1091C000BFF664AF07B0BDEC0A8BBDE8F04F00F00E
:1091D0009FB90026364991ED024B91ED003BB0EE70
:1091E000447BA6EE037B17EE105A37EE447B91EDDD
:1091F000044B05F07F03A7EE046B91ED064BDC18E2
:1092000004F10F0301EBC404A7EE046B91ED0A3BDC
:1092100035EE065B25EE056B94ED1C7B91ED084B5E
:1092200035EE077B01EBC302A5EE034B91ED0E3B40
:10923000A6EE047B26EE066B91ED0C4B51F833C085
:10924000D2F804E0A5EE034B4019002717EB0C02FF
:109250000EEB4033A6EE047B002E75D1BD4229DB18
:1092600003F1404101F57001104641EC100BA7EEEF
:10927000000B9FED077B20EE070B07B0BDEC0A8BC0
:10928000BDE8F04F00F084B900000000000030435A
:10929000000000000000007F0000F03F0000F0FF31
:1092A0000000E0FF0000E07FAB6A19C080C6010843
:1092B000C8D6010803F17F5101F50011104641ECB9
:1092C000150BB7EE003B27EE056B35EE067BB0EED7
:1092D000C74BB4EEC34BF1EE10FA9FED1F0B2AD52E
:1092E000B5EEC07B35EE475BF1EE10FA35EE065B6E
:1092F000BFEE004B58BFB0EE434B37EE043B34EEAD
:10930000436B36EE076B36EE056B36EE036B36EECF
:10931000447BB5EE407BF1EE10FA04D1324601F009
:10932000004343EC172B8DED020B9DED026B26EEF7
:10933000006B8DED046B27EE000B07B0BDEC0A8BC4
:10934000BDE8F04F00F01BB943EC102BA7EE000B6B
:1093500025E69FED030B22E6000000000000100050
:10936000000000000000000010EE903AC3F30A5124
:10937000A1F2FF32132A10B510EE104A1DDC002AAC
:109380000DDA03F00043013204BF43F07F5343F48E
:10939000401300221946104641EC100B14E013480C
:1093A000104100EA030121430ED04FF4002141FA9D
:1093B00002F2134423EA0003EBE7332A05DDB2F59A
:1093C000806F01D130EE000B10BDA1F213414FF0C0
:1093D000FF30C8402042F7D0C2F1330101228A4059
:1093E000121928BF013322EA0002D3E7FFFF0F0062
:1093F00010B510EE903AB3F5801F2DED028B21DAF7
:1094000010EE101A23F000420A4308D19FED226BA0
:109410009FED237B86EE070BBDEC028B10BD002B6E
:1094200002DA30EE406BF3E79FED1F7B20EE070B77
:1094300010EE903A6FF0350223498B4204DD30EE96
:10944000000BE9E70022F7E71815A0F2FF301044FF
:10945000C3F3130140F2FF3400EBD07308EE103A6F
:10946000A4EBD07053EC102B41EA005343EC102BCB
:1094700000F0A2F89FED0E7B20EE070B9FED0E7B18
:10948000B8EEC88BA8EE070B9FED0D7BA8EE070B7F
:10949000C2E700BFAFF3008000000000000050C32F
:1094A0000000000000000000000000000000504329
:1094B0000EE526157BCBDB3F362BF111F3FE593D34
:1094C00000609F501344D33FFFFFEF7F10B52DED99
:1094D000028BB0EE408B0446FEF7E8FEB0EE480B80
:1094E000BDEC028B046010BD82B058B1B1EE407B80
:1094F0008DED007B9DED007B222020EE070B02B05E
:10950000FFF7E4BFB0EE407BF2E700000000000090
:109510009FED010BFFF7E8BF000000000000001006
:109520009FED010BFFF7E0BF00000000000000709E
:1095300082B00028BFEE006BB7EE007B07FE067B13
:109540008DED007B9DED000B9FED037B222080EED7
:10955000070B02B0FFF7BABF0000000000000000D8
:10956000B0EE407BB4EE477BF1EE10FA30EE406B8C
:1095700086EE060B02D62120FFF7A8BF7047B5EE96
:10958000400BF1EE10FA02D12220FFF79FBF704787
:109590009FED076BB0EEC07BB4EE467BF1EE10FAA8
:1095A00002DD2220FFF792BF704700BFAFF30080BB
:1095B000FFFFFFFFFFFFEF7FF0B410EE900A10EE09
:1095C000103A4FF0FF349C4200F14041704C01F5DD
:1095D00090118C412DED028B4FEA10425AD36D4A07
:1095E000904208BF002B00F0C480B7EE007B30EE45
:1095F000470B694B20EE002B93ED126B20EE024BD4
:1096000093ED107BA6EE007B93ED146B93ED185B4E
:10961000A6EE027B93ED166BA5EE006B93ED1A5B45
:1096200093ED1E3BA5EE026B93ED1C5BA3EE005B7E
:1096300093ED203BA3EE025B93ED223BA3EE045B94
:10964000A5EE046B93ED0E5BA6EE047BB0EE472B0C
:109650009FED497BB0EE406BB0EE403BA0EE076B58
:10966000A0EE476B30EE468B26EE061BA1EE053BC7
:1096700030EE437B30EE060BA1EE057B25EE085B5A
:10968000A5EE007BA2EE047B33EE070BBDEC028B54
:10969000F0BC7047A2F1100447F6DF718C4223D969
:1096A000D91840EB0004214305D1BDEC028B012009
:1096B000F0BCFFF73DBF3949884208BF002BE5D019
:1096C000130403D447F6F073934304D1BDEC028B2B
:1096D000F0BCFFF745BF9FED2A7B20EE077B53ECE4
:1096E000172BA3F15070134600F140422A49BFEEF8
:1096F000005B02F5D012C2F34634150D01EB041CD9
:109700002D059CED247B1E1E471B47EC166B121586
:10971000A7EE065B07EE902A25EE052BB8EEE76B69
:1097200091ED004B25EE021B9CED267BA4EE067B03
:1097300035EE074B37EE440B91ED027B30EE050B17
:10974000A7EE060B91ED047B91ED086BA7EE020BE3
:1097500091ED067B91ED0C3BA6EE057B91ED0A6B3E
:10976000A3EE056BA6EE027BA1EE070B30EE040B19
:109770008CE79FED050B89E7000000000000A04189
:109780000000000000003043000000000000000066
:10979000FF0803000000F03F38DF01080000F07F01
:1097A000F8B500BFF8BC08BC9E467047F8B500BFCE
:0897B000F8BC08BC9E4670479E
:1097B80000000000706172616D657465727300006D
:1097C8005645520076616C756500000041444300BF
:1097D8006164630044414300646163004900000020
:1097E80052490000440000004449520055445400C6
:1097F800434E56530000000056544F4100000000ED
:109808004F4E54544C00000049545241000000008F
:10981800445354004D4F44450000000045524D410B
:10982800580000004145524D41580000474F4646F8
:109838000000000043555200444355520000000008
:1098480053455441000000004C454D4100000000C4
:109858005647000043414C49420000004C454D53D7
:1098680048000000494D41580000000047543000AE
:109878004754310047543500475431300000000048
:1098880053415645000000004C4F41440000000081
:109898005645525245414400434831006164636370
:1098A80068616E6E656C0000434832005241570093
:1098B800564F4C540000000041565200434F524F3F
:1098C8004E000000434F52464143544F520000009F
:1098D8006461636368616E6E656C000056414C009C
:1098E800646F75626C6500004D494E004D4158002B
:1098F8005441424F4E00000069736F6E0000000033
:109908004D4553006D6573746162000053495A45B3
:1099180000000000696E7400434F554E540000006B
:10992800504F5300495300003B0000000A0000005C
:10993800C8000024BC970108300000000A0000009D
:109948002E2E2F436F72652F5372632F74637053DB
:1099580065727665725241572E6300006172672006
:10996800213D204E554C4C00417373657274696FEC
:109978006E2022257322206661696C6564206174FB
:10998800206C696E6520256420696E2025730A00A5
:109998002E2E2F4C5749502F5461726765742F65CE
:1099A800746865726E657469662E63006E657469A5
:1099B8006620213D204E554C4C00000041737365D4
:1099C8007274696F6E2022257322206661696C6546
:1099D80064206174206C696E6520256420696E209E
:1099E80025730A002E2E2F4D6964646C65776172A9
:1099F80065732F54686972645F50617274792F4C73
:109A08007749502F7372632F636F72652F6D656D81
:109A18002E630000706C75675F686F6C65733A2021
:109A28006D656D203E3D2072616D00004173736568
:109A38007274696F6E2022257322206661696C65D5
:109A480064206174206C696E6520256420696E202D
:109A580025730A00706C75675F686F6C65733A20D0
:109A68006D656D203C2072616D5F656E640000005D
:109A7800706C75675F686F6C65733A206D656D2DE6
:109A88003E75736564203D3D20300000706C75673D
:109A98005F686F6C65733A206D656D2D3E6E6578F5
:109AA80074203C3D204D454D5F53495A455F414C1C
:109AB80049474E45440000006D656D5F66726565F7
:109AC8003A2073616E69747920636865636B2061FD
:109AD8006C69676E6D656E74000000006D656D5F82
:109AE800667265653A20696C6C6567616C206D65A6
:109AF8006D6F7279000000006D656D5F6672656557
:109B08003A20696C6C6567616C206D656D6F727960
:109B18003A20646F75626C652066726565000000A6
:109B28006D656D5F667265653A20696C6C65676125
:109B38006C206D656D6F72793A206E6F6E2D6C6951
:109B48006E6B65643A20646F75626C652066726539
:109B5800650000006D656D5F7472696D3A206C6513
:109B680067616C206D656D6F727900006D656D5F62
:109B78007472696D2063616E206F6E6C79207368F2
:109B880072696E6B206D656D6F727900696E7661B2
:109B98006C6964206E65787420707472000000002F
:109BA8006D656D5F6D616C6C6F633A20216C6672D8
:109BB80065652D3E75736564000000006D656D5F19
:109BC8006D616C6C6F633A20616C6C6F6361746576
:109BD80064206D656D6F7279206E6F742061626F9D
:109BE80076652072616D5F656E642E006D656D5FD0
:109BF8006D616C6C6F633A20616C6C6F6361746546
:109C080064206D656D6F72792070726F7065726C0B
:109C18007920616C69676E65642E00006D656D5F03
:109C28006D616C6C6F633A2073616E69747920633F
:109C38006865636B20616C69676E6D656E740000A2
:109C48002E2E2F4D6964646C6577617265732F548D
:109C5800686972645F50617274792F4C7749502F2C
:109C68007372632F636F72652F6D656D702E63005D
:109C78006D656D705F6D616C6C6F633A206D656DBD
:109C8800702070726F7065726C7920616C69676E94
:109C980065640000417373657274696F6E202225D4
:109CA8007322206661696C6564206174206C696E3A
:109CB8006520256420696E2025730A00696E766127
:109CC8006C696420706F6F6C2064657363000000BA
:109CD8006D656D705F6D616C6C6F633A207479703F
:109CE80065203C204D454D505F4D41580000000017
:109CF8006D656D705F667265653A206D656D207083
:109D0800726F7065726C7920616C69676E6564004A
:109D18006D656D705F667265653A2074797065204F
:109D28003C204D454D505F4D415800002E2E2F4D83
:109D38006964646C6577617265732F5468697264CD
:109D48005F50617274792F4C7749502F7372632F6B
:109D5800636F72652F6E657469662E63000000007C
:109D68006E657469665F696E7075743A20696E769F
:109D7800616C6964207062756600000041737365E8
:109D88007274696F6E2022257322206661696C6582
:109D980064206174206C696E6520256420696E20DA
:109DA80025730A006E657469665F696E7075743A2A
:109DB80020696E76616C6964206E6574696600005E
:109DC8006E657469665F6164643A20696E76616C79
:109DD8006964206E65746966000000006E657469C8
:109DE800665F6164643A204E6F20696E697420660C
:109DF800756E6374696F6E20676976656E00000022
:109E08006E6574696620616C72656164792061644D
:109E180064656400746F6F206D616E79206E65747F
:109E28006966732C206D61782E20737570706F725F
:109E3800746564206E756D626572206973203235B1
:109E480035000000696E76616C696420706F696E18
:109E5800746572006E657469665F7365745F6970B6
:109E6800616464723A20696E76616C6964206E651B
:109E7800746966006E657469665F7365745F6E65A4
:109E8800746D61736B3A20696E76616C6964206EDB
:109E980065746966000000006E657469665F7365C5
:109EA800745F67773A20696E76616C6964206E65C5
:109EB800746966006E657469665F7365745F757052
:109EC8003A20696E76616C6964206E657469660013
:109ED8006E657469665F69737375655F7265706FC7
:109EE8007274733A20696E76616C6964206E657469
:109EF800696600006E657469665F7365745F646F98
:109F0800776E3A20696E76616C6964206E65746953
:109F1800660000006E657469665F7365745F6C69DE
:109F28006E6B5F75703A20696E76616C6964206E3D
:109F380065746966000000006E657469665F736524
:109F4800745F6C696E6B5F646F776E3A20696E76CA
:109F5800616C6964206E6574696600002E2E2F4D51
:109F68006964646C6577617265732F54686972649B
:109F78005F50617274792F4C7749502F7372632F39
:109F8800636F72652F706275662E63007062756606
:109F98005F616C6C6F633A207062756620712D3E4C
:109FA8007061796C6F61642070726F7065726C7922
:109FB80020616C69676E6564000000004173736519
:109FC8007274696F6E2022257322206661696C6540
:109FD80064206174206C696E6520256420696E2098
:109FE80025730A00504255465F504F4F4C5F42550B
:109FF8004653495A45206D7573742062652062691D
:10A0080067676572207468616E204D454D5F414CED
:10A0180049474E4D454E5400706275665F616C6CE1
:10A028006F633A20706275662D3E7061796C6F615E
:10A03800642070726F7065726C7920616C69676EEC
:10A0480065640000706275665F616C6C6F633A20CE
:10A058006572726F6E656F75732074797065000034
:10A06800696E76616C696420706275665F74797078
:10A0780065000000706275665F7265616C6C6F6385
:10A088003A207020213D204E554C4C007062756678
:10A098005F7265616C6C6F633A207120213D204EC0
:10A0A800554C4C006D656D5F7472696D20726574F6
:10A0B80075726E65642071203D3D204E554C4C00F4
:10A0C8007020213D204E554C4C000000696E637293
:10A0D800656D656E745F6D61676E69747564652022
:10A0E8003C3D20702D3E6C656E0000007062756608
:10A0F8005F667265653A20702D3E726566203E2067
:10A108003000000070632D3E637573746F6D5F6679
:10A118007265655F66756E6374696F6E20213D2098
:10A128004E554C4C00000000696E76616C696420E5
:10A1380070627566207479706500000070627566DB
:10A1480020726566206F766572666C6F7700000016
:10A15800286820213D204E554C4C292026262028B1
:10A168007420213D204E554C4C29202870726F6771
:10A1780072616D6D65722076696F6C6174657320AC
:10A188004150492900000000702D3E746F745F6CC7
:10A19800656E203D3D20702D3E6C656E20286F66F3
:10A1A800206C617374207062756620696E20636824
:10A1B80061696E2900000000702D3E6E657874207C
:10A1C8003D3D204E554C4C00702D3E746F745F6CB5
:10A1D800656E203D3D20702D3E6C656E202B2071F4
:10A1E8002D3E746F745F6C656E000000702D3E74B8
:10A1F8006F745F6C656E203D3D20702D3E6C656E02
:10A2080000000000706275665F636F70793A2074B1
:10A218006172676574206E6F742062696720656E6D
:10A228006F75676820746F20686F6C6420736F7532
:10A23800726365006F66667365745F746F203C3D7A
:10A2480020705F746F2D3E6C656E00006F666673DC
:10A2580065745F66726F6D203C3D20705F66726F3B
:10A268006D2D3E6C656E0000705F746F20213D207F
:10A278004E554C4C00000000706275665F636F704D
:10A2880079282920646F6573206E6F7420616C6C67
:10A298006F77207061636B65742071756575657380
:10A2A80021000000706275665F636F70795F70618E
:10A2B800727469616C3A20696E76616C69642062B7
:10A2C80075660000706275665F636F70795F7061B4
:10A2D800727469616C3A20696E76616C6964206495
:10A2E8006174617074720000706275665F6765748E
:10A2F8005F636F6E746967756F75733A20696E7600
:10A30800616C6964206275660000000070627566A1
:10A318005F6765745F636F6E746967756F75733AAD
:10A3280020696E76616C696420646174617074720E
:10A3380000000000706275665F74616B653A2069A1
:10A348006E76616C6964206275660000706275667D
:10A358005F74616B653A20696E76616C696420642C
:10A368006174617074720000706275665F74616B0D
:10A37800653A20627566206E6F74206C617267653D
:10A3880020656E6F75676800706275665F74616BD3
:10A39800653A20696E76616C696420706275660042
:10A3A800646964206E6F7420636F707920616C6CCF
:10A3B8002064617461000000636865636B207062EB
:10A3C80075665F736B697020726573756C740000D5
:10A3D800706275665F636F7079206661696C656429
:10A3E80000000000434C4F53454400004C4953546F
:10A3F800454E000053594E5F53454E54000000002F
:10A4080053594E5F5243564400000000455354418F
:10A41800424C49534845440046494E5F57414954C8
:10A428005F31000046494E5F574149545F32000092
:10A43800434C4F53455F574149540000434C4F53D9
:10A44800494E47004C4153545F41434B00000000C4
:10A4580054494D455F574149540000002E2E2F4D59
:10A468006964646C6577617265732F546869726496
:10A478005F50617274792F4C7749502F7372632F34
:10A48800636F72652F7463702E6300007463705F6E
:10A49800667265653A204C495354454E00000000E9
:10A4A800417373657274696F6E202225732220666A
:10A4B80061696C6564206174206C696E652025642F
:10A4C80020696E2025730A007463705F6672656583
:10A4D8005F6C697374656E3A20214C495354454E3C
:10A4E800000000007463705F72656D6F76655F6C65
:10A4F800697374656E65723A20696E76616C696419
:10A50800206C697374656E65720000007063622068
:10A51800213D204E554C4C007063622D3E73746192
:10A528007465203D3D204C495354454E00000000C1
:10A538007463705F636C6F73655F73687574646F61
:10A54800776E3A20696E76616C6964207063620088
:10A558007063622D3E666C61677320262054465FE7
:10A568005258434C4F534544000000007463705FD9
:10A57800636C6F73653A20696E76616C69642070EC
:10A58800636200007463705F73687574646F776EDC
:10A598003A20696E76616C6964207063620000001D
:10A5A8007463705F6162616E646F6E3A20696E7683
:10A5B800616C69642070636200000000646F6E273C
:10A5C800742063616C6C207463705F61626F727475
:10A5D8002F7463705F6162616E646F6E20666F7264
:10A5E800206C697374656E2D7063627300000000DF
:10A5F8007463705F62696E643A20696E76616C6933
:10A6080064207063620000007463705F62696E6446
:10A618003A2063616E206F6E6C792062696E6420E7
:10A62800696E20737461746520434C4F5345440030
:10A638007463705F6163636570745F6E756C6C3AA8
:10A6480020696E76616C69642070636200000000A6
:10A658007463705F6C697374656E5F776974685F43
:10A668006261636B6C6F675F616E645F6572723A9B
:10A6780020696E76616C6964207063620000000076
:10A688007463705F6C697374656E5F776974685F13
:10A698006261636B6C6F675F616E645F6572723A6B
:10A6A8002070636220616C726561647920636F6EEB
:10A6B8006E656374656400007463705F75706461CF
:10A6C80074655F7263765F616E6E5F776E643A2061
:10A6D800696E76616C696420706362006E65775F8D
:10A6E8007263765F616E6E5F776E64203C3D2030EA
:10A6F80078666666660000007463705F72656376EC
:10A7080065643A20696E76616C69642070636200E2
:10A71800646F6E27742063616C6C207463705F7261
:10A72800656376656420666F72206C697374656E04
:10A738002D706362730000007463705F636F6E6EE8
:10A748006563743A20696E76616C6964207063622F
:10A75800000000007463705F636F6E6E6563743A27
:10A7680020696E76616C6964206970616464720046
:10A778007463705F636F6E6E6563743A2063616EB5
:10A78800206F6E6C7920636F6E6E656374206672DD
:10A798006F6D20737461746520434C4F53454400BA
:10A7A8007463705F736C6F77746D723A2061637451
:10A7B800697665207063622D3E737461746520212B
:10A7C8003D20434C4F5345440A0000007463705FBA
:10A7D800736C6F77746D723A206163746976652063
:10A7E8007063622D3E737461746520213D204C496D
:10A7F8005354454E0A0000007463705F736C6F77A2
:10A80800746D723A20616374697665207063622D95
:10A818003E737461746520213D2054494D452D5780
:10A828004149540A000000007463705F736C6F77CD
:10A8380074696D723A2070657273697374207469F3
:10A84800636B696E67207769746820696E2D666C22
:10A858006967687420646174610000007463705FE4
:10A86800736C6F7774696D723A207065727369736F
:10A8780074207469636B696E6720776974682065F2
:10A888006D7074792073656E642062756666657292
:10A89800000000007463705F736C6F77746D723AB8
:10A8A800206D6964646C652074637020213D207498
:10A8B80063705F6163746976655F706362730000DB
:10A8C8007463705F736C6F77746D723A2066697227
:10A8D800737420706362203D3D207463705F616310
:10A8E800746976655F706362730000007463705FFB
:10A8F800736C6F77746D723A2054494D452D5741EA
:10A908004954207063622D3E7374617465203D3D27
:10A918002054494D452D5741495400007463705FD8
:10A92800736C6F77746D723A206D6964646C65201E
:10A9380074637020213D207463705F74775F706367
:10A94800627300007463705F736C6F77746D723A32
:10A9580020666972737420706362203D3D207463C1
:10A96800705F74775F706362730000007463705F78
:10A9780070726F636573735F726566757365645F24
:10A98800646174613A20696E76616C6964207063F1
:10A99800620000007463705F7365747072696F3A67
:10A9A80020696E76616C6964207063620000000043
:10A9B8007463705F7365675F636F70793A20696E5F
:10A9C80076616C6964207365670000007463705F6A
:10A9D800726563765F6E756C6C3A20696E76616C31
:10A9E8006964207063620000696E76616C69642036
:10A9F8007374617465000000696E76616C69642027
:10AA0800736F636B657420737461746520666F720D
:10AA180020726563762063616C6C6261636B000011
:10AA2800696E76616C696420736F636B65742073FB
:10AA38007461746520666F722073656E742063613B
:10AA48006C6C6261636B0000696E76616C6964208E
:10AA5800736F636B657420737461746520666F72BD
:10AA6800206572722063616C6C6261636B00000028
:10AA78007463705F706F6C6C3A20696E76616C6994
:10AA88006420706362000000696E76616C696420FE
:10AA9800736F636B657420737461746520666F727D
:10AAA80020706F6C6C0000007463705F7063625F8D
:10AAB80070757267653A20696E76616C696420709A
:10AAC800636200007463705F7063625F72656D6FCC
:10AAD80076653A20696E76616C69642070636200FD
:10AAE8007463705F7063625F72656D6F76653A203C
:10AAF800696E76616C6964207063626C6973740056
:10AB0800756E73656E74207365676D656E747320FA
:10AB18006C65616B696E6700756E61636B65642057
:10AB28007365676D656E7473206C65616B696E67BC
:10AB3800000000006F6F736571207365676D656E47
:10AB48007473206C65616B696E6700007463705F75
:10AB58006E6578745F6973733A20696E76616C69A3
:10AB680064207063620000007463705F6566665FEE
:10AB780073656E645F6D73735F6E657469663A20A2
:10AB8800696E76616C6964206473745F6970000033
:10AB98007463705F6E657469665F69705F61646431
:10ABA800725F6368616E6765645F7063626C697326
:10ABB800743A20696E76616C6964206F6C645F61B9
:10ABC800646472002E2E2F4D6964646C657761721F
:10ABD80065732F54686972645F50617274792F4C81
:10ABE8007749502F7372632F636F72652F74637088
:10ABF8005F696E2E630000007463705F696E707524
:10AC0800743A20696E76616C6964207062756600BA
:10AC1800417373657274696F6E20222573222066F2
:10AC280061696C6564206174206C696E65202564B7
:10AC380020696E2025730A00702D3E6E6578742099
:10AC4800213D204E554C4C00702D3E6C656E203DCC
:10AC58003D203000702D3E746F745F6C656E203D32
:10AC68003D20702D3E6E6578742D3E746F745F6C58
:10AC7800656E00007463705F696E7075743A206168
:10AC88006374697665207063622D3E7374617465C0
:10AC980020213D20434C4F53454400007463705FAE
:10ACA800696E7075743A20616374697665207063A3
:10ACB800622D3E737461746520213D2054494D45D1
:10ACC8002D574149540000007463705F696E7075B8
:10ACD800743A20616374697665207063622D3E73EF
:10ACE8007461746520213D204C495354454E000041
:10ACF8007463705F696E7075743A207063622D3E7C
:10AD08006E65787420213D20706362202862656634
:10AD18006F72652063616368652900007463705F02
:10AD2800696E7075743A207063622D3E6E65787432
:10AD380020213D207063622028616674657220635B
:10AD480061636865290000007463705F696E7075DF
:10AD5800743A2054494D452D574149542070636237
:10AD68002D3E7374617465203D3D2054494D452D39
:10AD780057414954000000007063622D3E726566B9
:10AD8800757365645F64617461203D3D204E554C68
:10AD98004C0000007463705F696E7075745F646561
:10ADA8006C617965645F636C6F73653A20696E7670
:10ADB800616C696420706362000000007463705FF6
:10ADC8006C697374656E5F696E7075743A20696E2C
:10ADD80076616C6964207063620000007463705F60
:10ADE80074696D65776169745F696E7075743A200E
:10ADF800696E76616C696420706362007463705F69
:10AE080070726F636573733A20696E76616C6964FA
:10AE180020706362000000007463705F696E707573
:10AE2800743A207063622D3E737461746520213D0D
:10AE380020434C4F534544007063622D3E736E644B
:10AE48005F71756575656C656E203E203000000089
:10AE58006E6F207365676D656E7420746F206672FF
:10AE6800656500007063622D3E6C697374656E657C
:10AE7800722D3E61636365707420213D204E554CF0
:10AE88004C0000007463705F6F6F735F696E736569
:10AE980072745F7365676D656E743A20696E76616A
:10AEA8006C69642063736567000000007063622D3D
:10AEB8003E736E645F71756575656C656E203E3DA9
:10AEC80020706275665F636C656E286E6578742D98
:10AED8003E7029007463705F726563656976653AD0
:10AEE8002076616C6964207175657565206C656E86
:10AEF800677468007463705F726563656976653A44
:10AF080020696E76616C69642070636200000000DD
:10AF18007463705F726563656976653A2077726FEE
:10AF28006E6720737461746500000000756E61635C
:10AF38006B656400756E73656E740000696E736589
:10AF4800672E7020213D204E554C4C00696E736170
:10AF58006E65206F666673657421000070627566A1
:10AF680020746F6F2073686F727421007463705F50
:10AF7800726563656976653A207365676D656E7499
:10AF8800206E6F74207472696D6D656420636F72D2
:10AF9800726563746C7920746F207263765F776E64
:10AFA800640A00007463705F726563656976653A68
:10AFB800207365676D656E74206E6F742074726996
:10AFC8006D6D656420636F72726563746C7920744B
:10AFD8006F206F6F7365712071756575650A000064
:10AFE8007463705F726563656976653A207463702F
:10AFF8006C656E203E207263765F776E640A00008F
:10B008007463705F726563656976653A206F6F7304
:10B018006571207463706C656E203E207263765F84
:10B02800776E640A000000007463705F7061727369
:10B03800656F70743A20696E76616C69642070631C
:10B04800620000002E2E2F4D6964646C6577617272
:10B0580065732F54686972645F50617274792F4CFC
:10B068007749502F7372632F636F72652F74637003
:10B078005F6F75742E6300007463705F637265613F
:10B0880074655F7365676D656E743A20696E766185
:10B098006C69642070636200417373657274696FD0
:10B0A8006E2022257322206661696C6564206174B4
:10B0B800206C696E6520256420696E2025730A005E
:10B0C8007463705F6372656174655F7365676D65EE
:10B0D8006E743A20696E76616C6964207062756678
:10B0E80000000000702D3E746F745F6C656E203E2A
:10B0F8003D206F70746C656E000000007463705FB3
:10B10800706275665F707265616C6C6F633A206916
:10B118006E76616C6964206F76657273697A650012
:10B128007463705F706275665F707265616C6C6F76
:10B13800633A20696E76616C69642070636200000E
:10B148006E65656420756E636861696E65642070FC
:10B15800627566007463705F77726974655F6368AF
:10B1680065636B733A20696E76616C6964207063FD
:10B17800620000007463705F77726974653A2070CA
:10B1880062756673206F6E207175657565203D3E2A
:10B19800206174206C65617374206F6E6520717511
:10B1A800657565206E6F6E2D656D70747900000091
:10B1B8007463705F77726974653A206E6F2070628D
:10B1C800756673206F6E207175657565203D3E202C
:10B1D800626F74682071756575657320656D70742C
:10B1E800790000007463705F77726974653A20694A
:10B1F8006E76616C69642070636200007463705FCE
:10B2080077726974653A20617267203D3D204E551A
:10B218004C4C202870726F6772616D6D6572207674
:10B22800696F6C6174657320415049290000000002
:10B238006D73735F6C6F63616C20697320746F6FDB
:10B2480020736D616C6C0000696E636F6E73697357
:10B2580074656E74206F76657273697A652076738B
:10B268002E20737061636500696E636F6E73697316
:10B2780074656E74206F76657273697A652076736B
:10B288002E206C656E0000007463705F77726974BD
:10B29800653A20524F4D2070627566732063616E67
:10B2A8006E6F74206265206F76657273697A656463
:10B2B80000000000756E73656E745F6F766572735B
:10B2C800697A65206D69736D61746368202870639D
:10B2D800622D3E756E73656E74206973204E554CF1
:10B2E8004C2900007463705F77726974653A206353
:10B2F8006865636B20746861742066697273742072
:10B30800706275662063616E20686F6C6420746873
:10B318006520636F6D706C657465207365676C6517
:10B328006E0000006F76657273697A65203D3D2076
:10B3380030000000707265765F73656720213D20DC
:10B348004E554C4C000000007463705F777269744E
:10B35800653A2063616E6E6F7420636F6E6361740B
:10B36800656E617465207768656E207063622D3E36
:10B37800756E73656E7420697320656D70747900DD
:10B388007463705F77726974653A20657874656E66
:10B3980073696F6E206F66207265666572656E638D
:10B3A800652072657175697265732072656665726C
:10B3B800656E6365000000007463705F777269747E
:10B3C800653A2076616C6964207175657565206CD5
:10B3D800656E6774680000007463705F73706C69F1
:10B3E800745F756E73656E745F7365673A20696E16
:10B3F80076616C69642070636200000043616E27A7
:10B40800742073706C6974207365676D656E742041
:10B41800696E746F206C656E677468203000000078
:10B4280073706C6974203C3D206D737300000000DC
:10B43800757365672D3E6C656E203E2030000000F8
:10B44800736567203D3D204E554C4C007463705F1A
:10B4580073656E645F66696E3A20696E76616C69C1
:10B4680064207063620000007463705F656E7175BC
:10B478006575655F666C6167733A206E6565642003
:10B48800656974686572205443505F53594E206F44
:10B4980072205443505F46494E20696E20666C61A5
:10B4A8006773202870726F6772616D6D65722076A0
:10B4B800696F6C6174657320415049290000000070
:10B4C8007463705F656E71756575655F666C6167DD
:10B4D800733A20696E76616C69642070636200005B
:10B4E8007463705F656E71756575655F666C6167BD
:10B4F800733A20636865636B2074686174206669B9
:10B5080072737420706275662063616E20686F6C58
:10B5180064206F70746C656E000000007365672DA1
:10B528003E746370686472206E6F7420616C696722
:10B538006E6564007463705F656E71756575655FCF
:10B54800666C6167733A20696E76616C6964207312
:10B5580065676D656E74206C656E677468000000C1
:10B568007463705F656E71756575655F666C61673C
:10B57800733A20696E76616C6964207175657565CA
:10B58800206C656E677468007463705F6F757470A3
:10B5980075743A20696E76616C6964207063620024
:10B5A800646F6E27742063616C6C207463705F6FC6
:10B5B800757470757420666F72206C697374656E2B
:10B5C8002D70636273000000525354206E6F742014
:10B5D800657870656374656420686572652100002C
:10B5E8007463705F6F75747075745F7365676D658C
:10B5F8006E745F627573793A20696E76616C6964FE
:10B6080020736567000000007463705F6F75747065
:10B6180075745F7365676D656E743A20696E7661DF
:10B628006C696420736567007463705F6F7574700C
:10B6380075745F7365676D656E743A20696E7661BF
:10B648006C696420706362007463705F6F757470F6
:10B6580075745F7365676D656E743A20696E76619F
:10B668006C6964206E657469660000006F707469A7
:10B678006F6E73206E6F742066696C6C6564000071
:10B688007463705F7265786D69745F72746F5F70F0
:10B698007265706172653A20696E76616C696420C2
:10B6A800706362007463705F7265786D69745F724D
:10B6B800746F5F636F6D6D69743A20696E76616C43
:10B6C80069642070636200007463705F7265786DEE
:10B6D80069745F72746F3A20696E76616C69642070
:10B6E800706362007463705F7265786D69743A2084
:10B6F800696E76616C696420706362007463705F60
:10B708007265786D69745F666173743A20696E76E4
:10B71800616C69642070636200000000636865639F
:10B728006B20746861742066697273742070627526
:10B73800662063616E20686F6C6420737472756331
:10B7480074207463705F6864720000007463705FD3
:10B758006F75747075745F616C6C6F635F68656139
:10B768006465723A20696E76616C69642070636200
:10B77800000000007463705F6F75747075745F66A5
:10B78800696C6C5F6F7074696F6E733A20696E765E
:10B79800616C696420706275660000007463705F94
:10B7A8006F75747075745F636F6E74726F6C5F73AE
:10B7B80065676D656E743A20696E76616C696420A0
:10B7C80070627566000000007463705F7273743A8B
:10B7D80020696E76616C6964206C6F63616C5F6967
:10B7E800700000007463705F7273743A20696E763B
:10B7F800616C69642072656D6F74655F69700000C3
:10B808007463705F73656E645F656D7074795F6192
:10B81800636B3A20696E76616C69642070636200BC
:10B828007463705F6B656570616C6976653A2069F1
:10B838006E76616C69642070636200007463705F87
:10B848007A65726F5F77696E646F775F70726F6227
:10B85800653A20696E76616C6964207063620000E5
:10B868002E2E2F4D6964646C6577617265732F5451
:10B87800686972645F50617274792F4C7749502FF0
:10B888007372632F636F72652F74696D656F75745A
:10B89800732E63007379735F74696D656F75743A9D
:10B8A8002074696D656F757420213D204E554C4C90
:10B8B8002C20706F6F6C204D454D505F5359535F6E
:10B8C80054494D454F555420697320656D707479FE
:10B8D80000000000417373657274696F6E20222541
:10B8E8007322206661696C6564206174206C696EDE
:10B8F8006520256420696E2025730A0054696D65EA
:10B908006F75742074696D6520746F6F206C6F6E2D
:10B91800672C206D6178206973204C5749505F551A
:10B92800494E5433325F4D41582F34206D7365634F
:10B9380073000000696E76616C696420736C6565DC
:10B948007074696D650000002E2E2F4D6964646C5B
:10B958006577617265732F54686972645F506172AC
:10B9680074792F4C7749502F7372632F636F726508
:10B978002F7564702E6300007564705F696E707552
:10B98800745F6C6F63616C5F6D617463683A2069A2
:10B998006E76616C69642070636200004173736540
:10B9A8007274696F6E2022257322206661696C6546
:10B9B80064206174206C696E6520256420696E209E
:10B9C80025730A007564705F696E7075745F6C6FBB
:10B9D80063616C5F6D617463683A20696E76616C4F
:10B9E8006964206E65746966000000007564705FA4
:10B9F800696E7075743A20696E76616C696420703E
:10BA0800627566007564705F696E7075743A206956
:10BA18006E76616C6964206E65746966000000006A
:10BA2800706275665F72656D6F76655F6865616483
:10BA38006572206661696C65640A00007564705FF0
:10BA480073656E643A20696E76616C696420706310
:10BA5800620000007564705F73656E643A20696EF9
:10BA680076616C6964207062756600007564705F49
:10BA780073656E64746F3A20696E76616C696420D0
:10BA8800706362007564705F73656E64746F3A20EA
:10BA9800696E76616C6964207062756600000000EA
:10BAA8007564705F73656E64746F3A20696E766151
:10BAB8006C6964206473745F697000007564705FFA
:10BAC80073656E64746F5F69663A20696E76616C3F
:10BAD80069642070636200007564705F73656E64EA
:10BAE800746F5F69663A20696E76616C696420706C
:10BAF800627566007564705F73656E64746F5F6904
:10BB0800663A20696E76616C6964206473745F6953
:10BB1800700000007564705F73656E64746F5F69B0
:10BB2800663A20696E76616C6964206E6574696630
:10BB3800000000007564705F73656E64746F5F6900
:10BB4800665F7372633A20696E76616C696420700F
:10BB5800636200007564705F73656E64746F5F691B
:10BB6800665F7372633A20696E76616C69642070EF
:10BB7800627566007564705F73656E64746F5F6983
:10BB8800665F7372633A20696E76616C69642064DB
:10BB980073745F69700000007564705F73656E642C
:10BBA800746F5F69665F7372633A20696E76616C61
:10BBB8006964207372635F69700000007564705F68
:10BBC80073656E64746F5F69665F7372633A206948
:10BBD8006E76616C6964206E6574696600000000A9
:10BBE800636865636B207468617420666972737436
:10BBF80020706275662063616E20686F6C642073C4
:10BC08007472756374207564705F686472000000F4
:10BC18007564705F62696E643A20696E76616C69FA
:10BC280064207063620000007564705F636F6E6EFD
:10BC38006563743A20696E76616C6964207063622A
:10BC4800000000007564705F636F6E6E6563743A20
:10BC580020696E76616C6964206970616464720041
:10BC68007564705F646973636F6E6E6563743A20A0
:10BC7800696E76616C696420706362007564705FD8
:10BC8800726563763A20696E76616C6964207063C8
:10BC9800620000007564705F72656D6F76653A20AA
:10BCA800696E76616C696420706362002E2E2F4D78
:10BCB8006964646C6577617265732F54686972642E
:10BCC8005F50617274792F4C7749502F7372632FCC
:10BCD800636F72652F697076342F6574686172704E
:10BCE8002E6300007374617465203D3D20455448FF
:10BCF8004152505F53544154455F50454E44494E5C
:10BD080047207C7C207374617465203E3D20455437
:10BD1800484152505F53544154455F535441424C3B
:10BD280045000000417373657274696F6E202225A7
:10BD38007322206661696C6564206174206C696E89
:10BD48006520256420696E2025730A006172705F82
:10BD58007461626C655B695D2E71203D3D204E55B6
:10BD68004C4C000069203C204152505F5441424CE9
:10BD7800455F53495A4500006172705F7461626C97
:10BD8800655B695D2E7374617465203D3D20455483
:10BD9800484152505F53544154455F454D505459A2
:10BDA800000000006E657469662D3E687761646402
:10BDB800725F6C656E203D3D204554485F48574191
:10BDC8004444525F4C454E006574685F7265742048
:10BDD800213D204E554C4C2026262069705F726507
:10BDE8007420213D204E554C4C0000006970616460
:10BDF800647220213D204E554C4C00006E657469DC
:10BE08006620213D204E554C4C0000006574685F4B
:10BE180072657420213D204E554C4C006172705F54
:10BE28007461626C655B6172705F6964785D2E73C2
:10BE380074617465203E3D204554484152505F531B
:10BE4800544154455F535441424C45007120213DB3
:10BE5800204E554C4C00000074797065206F766553
:10BE680072666C6F770000006172705F7461626C5B
:10BE7800655B695D2E7374617465203D3D20504596
:10BE88004E44494E47206F7220535441424C45005E
:10BE98006E6F207061636B6574207175657565736D
:10BEA80020616C6C6F7765642100000063686563CE
:10BEB8006B2074686174206669727374207062758F
:10BEC800662063616E20686F6C642073747275639A
:10BED80074206574686172705F68647200000000A5
:10BEE8006E657469662D3E6877616464725F6C651F
:10BEF8006E206D75737420626520746865207361A7
:10BF08006D65206173204554485F48574144445249
:10BF18005F4C454E20666F722065746861727021AF
:10BF2800000000002E2E2F4D6964646C65776172E5
:10BF380065732F54686972645F50617274792F4C0D
:10BF48007749502F7372632F636F72652F6970760C
:10BF5800342F69636D702E630000000069636D7093
:10BF68005F696E7075743A206D6F76696E672072BE
:10BF78002D3E7061796C6F616420746F2069636D08
:10BF88007020686561646572206661696C65640A21
:10BF980000000000417373657274696F6E2022257A
:10BFA8007322206661696C6564206174206C696E17
:10BFB8006520256420696E2025730A0069636D7009
:10BFC8005F696E7075743A20726573746F72696E0A
:10BFD80067206F726967696E616C20702D3E7061B1
:10BFE800796C6F6164206661696C65640A000000A1
:10BFF800636865636B207468617420666972737422
:10C0080020706275662063616E20686F6C642069B9
:10C01800636D70206D657373616765002E2E2F4DFB
:10C028006964646C6577617265732F5468697264BA
:10C038005F50617274792F4C7749502F7372632F58
:10C04800636F72652F697076342F6970342E6300C0
:10C05800702D3E726566203D3D2031004173736549
:10C068007274696F6E2022257322206661696C657F
:10C0780064206174206C696E6520256420696E20D7
:10C0880025730A00636865636B20746861742066B1
:10C098006972737420706275662063616E20686FC0
:10C0A8006C64207374727563742069705F6864725D
:10C0B800000000002E2E2F4D6964646C6577617254
:10C0C80065732F54686972645F50617274792F4C7C
:10C0D8007749502F7372632F636F72652F6970767B
:10C0E800342F6970345F667261672E630000000048
:10C0F8007072657620213D20697072004173736506
:10C108007274696F6E2022257322206661696C65DE
:10C1180064206174206C696E6520256420696E2036
:10C1280025730A00707265762D3E6E657874203D21
:10C138003D2069707200000070627566735F6672F8
:10C14800656564202B20636C656E203C3D2030784B
:10C15800666666660000000069705F7265617373E9
:10C168005F70627566636F756E74203E3D20706205
:10C178007566735F667265656400000073616E6959
:10C18800747920636865636B206C696E6B656420E5
:10C198006C69737400000000636865636B206672E5
:10C1A80061676D656E747320646F6E2774206F7697
:10C1B80065726C61700000006E6F20707265766940
:10C1C8006F757320667261676D656E742C20746874
:10C1D8006973206D757374206265207468652066C4
:10C1E8006972737420667261676D656E74210000F0
:10C1F80073616E69747920636865636B0000000081
:10C2080076616C69646174655F64617461677261A9
:10C218006D3A6E6578745F70627566213D4E554C57
:10C228004C00000069705F72656173735F706275BE
:10C2380066636F756E74203E3D20636C656E00000A
:10C2480069707220213D204E554C4C006E6F742051
:10C258006669727374616C74686F756768206A7553
:10C26800737420656E717565756564007020213D75
:10C27800204E554C4C00000070637220213D204E2A
:10C28800554C4C00706372203D3D2070000000004A
:10C298006970345F6672616728293A207062756632
:10C2A80020746F6F2073686F72740000746869730C
:10C2B800206E656564732061207062756620696E02
:10C2C800206F6E652070696563652100702D3E6C76
:10C2D800656E203E3D20706F666600002E2E2F4D45
:10C2E8006964646C6577617265732F5468697264F8
:10C2F8005F50617274792F4C7749502F7372632F96
:10C308006E657469662F65746865726E65742E63F0
:10C31800000000006E657469662D3E68776164648C
:10C32800725F6C656E206D757374206265203620AF
:10C33800666F722065746865726E65745F6F757478
:10C348007075742100000000417373657274696F21
:10C358006E2022257322206661696C6564206174F1
:10C36800206C696E6520256420696E2025730A009B
:10C378000000000001020304010203040607080983
:10C38800010002000400060008000A000C0010006A
:10C3980020004000800000010101010307010000A6
:10C3A800080402040801010114000A00482E0024B0
:10C3B800142F0024200004005C2F0024E02F002408
:10C3C8009C000500E42F0024F43200241C0008001F
:10C3D800F8320024DC33002410001000E03300247D
:10C3E800E434002420000500E83400248C350024BF
:10C3F80018000F0090350024FC36002410000300BC
:10C408000037002434370024100010003837002487
:10C418003C3800246002100040380024445E0024A8
:10C42800BCC30108C8C30108D4C30108E0C301089C
:10C43800ECC30108F8C3010804C4010810C40108CA
:10C448001CC40108010203040506070707070707BC
:10C458000700000003060C18306078005C5E0024BA
:10C46800585E0024605E0024645E0024FA00000028
:10C47800FDEF0008E8030000C16D0108E8030000B3
:10C488007556010800000000FFFFFFFFFFFF0000D6
:10C498000000000000005245454E54206D616C6C50
:10C4A8006F6320737563636565646564002F6275E7
:10C4B800696C642F676E752D746F6F6C732D666F62
:10C4C800722D73746D33325F31322E332E72656C78
:10C4D800312E32303234303631322D313331352F3E
:10C4E8007372632F6E65776C69622F6E65776C69FE
:10C4F800622F6C6962632F7374646C69622F726156
:10C508006E642E6300002020202020202020202878
:10C5180028282828202020202020202020202020F3
:10C52800202020202020881010101010101010102B
:10C53800101010101010040404040404040404046B
:10C5480010101010101010414141414141010101EA
:10C5580001010101010101010101010101010101C3
:10C5680001101010101010424242424242020202D0
:10C578000202020202020202020202020202020293
:10C588000210101010200000000000000000000041
:10C598000000000000000000000000000000000093
:10C5A8000000000000000000000000000000000083
:10C5B8000000000000000000000000000000000073
:10C5C8000000000000000000000000000000000063
:10C5D8000000000000000000000000000000000053
:10C5E8000000000000000000000000000000000043
:10C5F8000000000000000000000000000000000033
:10C608000000000000002C2066756E6374696F6E70
:10C618003A2000617373657274696F6E2022257306
:10C6280022206661696C65643A2066696C6520221F
:10C638002573222C206C696E65202564257325736B
:10C648000A00232D302B2000686C4C006566674576
:10C658004647003031323334353637383941424372
:10C668004445460030313233343536373839616223
:10C6780063646566000000000038FAFE422EE63F5B
:10C688003067C79357F32E3D000000000000E0BF5D
:10C69800605555555555E5BF060000000000E03FC0
:10C6A8004E5559999999E93F7AA429555555E5BFA9
:10C6B800E945489B5B49F2BFC33F268B2B00F03FFF
:10C6C8000000000000A0F63F00000000000000008D
:10C6D80000C8B9F2822CD6BF8056372824B4FA3C59
:10C6E800000000000080F63F00000000000000008D
:10C6F800000858BFBDD1D5BF20F7E0D808A51CBD9C
:10C70800000000000060F63F00000000000000008C
:10C71800005845177776D5BF6D50B6D5A46223BDAE
:10C72800000000000040F63F00000000000000008C
:10C7380000F82D87AD1AD5BFD567B09EE484E6BC56
:10C74800000000000020F63F00000000000000008C
:10C75800007877955FBED4BFE03E2993691B04BD7E
:10C76800000000000000F63F00000000000000008C
:10C7780000601CC28B61D4BFCC844C482FD8133DB9
:10C788000000000000E0F53F00000000000000008D
:10C7980000A886863004D4BF3A0B82EDF342DC3C15
:10C7A8000000000000C0F53F00000000000000008D
:10C7B800004869554CA6D3BF60945186C6B1203D48
:10C7C8000000000000A0F53F00000000000000008D
:10C7D8000080989ADD47D3BF9280C5D44D59253D36
:10C7E800000000000080F53F00000000000000008D
:10C7F8000020E1BAE2E8D2BFD82BB7991E7B263DCC
:10C80800000000000060F53F00000000000000008C
:10C818000088DE135A89D2BF3FB0CFB614CA153D7F
:10C82800000000000060F53F00000000000000006C
:10C838000088DE135A89D2BF3FB0CFB614CA153D5F
:10C84800000000000040F53F00000000000000006C
:10C858000078CFFB4129D2BF76DA5328245A16BD77
:10C86800000000000020F53F00000000000000006C
:10C87800009869C198C8D1BF0454E768BCAF1FBD10
:10C88800000000000000F53F00000000000000006C
:10C8980000A8ABAB5C67D1BFF0A88233C61F1F3DB1
:10C8A8000000000000E0F43F00000000000000006D
:10C8B8000048AEF98B05D1BF665A05FDC4A826BD50
:10C8C8000000000000C0F43F00000000000000006D
:10C8D800009073E224A3D0BF0E03F47EEE6B0CBD70
:10C8E8000000000000A0F43F00000000000000006D
:10C8F80000D0B4942540D0BF7F2DF49EB836F0BC4C
:10C908000000000000A0F43F00000000000000004C
:10C9180000D0B4942540D0BF7F2DF49EB836F0BC2B
:10C92800000000000080F43F00000000000000004C
:10C9380000405E6D18B9CFBF873C99AB2A570D3DB3
:10C94800000000000060F43F00000000000000004C
:10C958000060DCCBADF0CEBF24AF869CB7262B3D64
:10C96800000000000040F43F00000000000000004C
:10C9780000F02A6E0727CEBF10FF3F544F2F17BD78
:10C98800000000000020F43F00000000000000004C
:10C9980000C04F6B215CCDBF1B68CABB91BA213D5B
:10C9A800000000000000F43F00000000000000004C
:10C9B80000A09AC7F78FCCBF34849F684F79273D72
:10C9C800000000000000F43F00000000000000002C
:10C9D80000A09AC7F78FCCBF34849F684F79273D52
:10C9E8000000000000E0F33F00000000000000002D
:10C9F80000902D7486C2CBBF8FB78B31B04E193DD6
:10CA08000000000000C0F33F00000000000000002C
:10CA180000C0804EC9F3CABF6690CD3F634EBA3C92
:10CA28000000000000A0F33F00000000000000002C
:10CA380000B0E21FBC23CABFEAC146DC648C25BD36
:10CA48000000000000A0F33F00000000000000000C
:10CA580000B0E21FBC23CABFEAC146DC648C25BD16
:10CA6800000000000080F33F00000000000000000C
:10CA78000050F49C5A52C9BFE3D4C104D9D12ABD8D
:10CA8800000000000060F33F00000000000000000C
:10CA980000D02065A07FC8BF09FADB7FBFBD2B3D52
:10CAA800000000000040F33F00000000000000000C
:10CAB80000E0100289ABC7BF584A537290DB2B3D88
:10CAC800000000000040F33F0000000000000000EC
:10CAD80000E0100289ABC7BF584A537290DB2B3D68
:10CAE800000000000020F33F0000000000000000EC
:10CAF80000D019E70FD6C6BF66E2B2A36AE410BD3C
:10CB0800000000000000F33F0000000000000000EB
:10CB18000090A77030FFC5BF3950109F439E1EBDBF
:10CB2800000000000000F33F0000000000000000CB
:10CB38000090A77030FFC5BF3950109F439E1EBD9F
:10CB48000000000000E0F23F0000000000000000CC
:10CB580000B0A1E3E526C5BF8F5B07908BDE20BD43
:10CB68000000000000C0F23F0000000000000000CC
:10CB78000080CB6C2B4DC4BF3C783561C10C173D90
:10CB88000000000000C0F23F0000000000000000AC
:10CB98000080CB6C2B4DC4BF3C783561C10C173D70
:10CBA8000000000000A0F23F0000000000000000AC
:10CBB80000901E20FC71C3BF3A54274D8678F13C83
:10CBC800000000000080F23F0000000000000000AC
:10CBD80000F01FF85295C2BF08C47117308D24BDEC
:10CBE800000000000060F23F0000000000000000AC
:10CBF80000602FD52AB7C1BF96A31118A4802EBDF7
:10CC0800000000000060F23F00000000000000008B
:10CC180000602FD52AB7C1BF96A31118A4802EBDD6
:10CC2800000000000040F23F00000000000000008B
:10CC38000090D07C7ED7C0BFF45BE88896690A3D37
:10CC4800000000000040F23F00000000000000006B
:10CC58000090D07C7ED7C0BFF45BE88896690A3D17
:10CC6800000000000020F23F00000000000000006B
:10CC780000E0DB3191ECBFBFF233A35C547525BDF6
:10CC8800000000000000F23F00000000000000006B
:10CC980000002B6E0727BEBF3C00F02A2C342A3D2B
:10CCA800000000000000F23F00000000000000004B
:10CCB80000002B6E0727BEBF3C00F02A2C342A3D0B
:10CCC8000000000000E0F13F00000000000000004C
:10CCD80000C05B8F545EBCBF06BE5F58570C1DBDBD
:10CCE8000000000000C0F13F00000000000000004C
:10CCF80000E04A3A6D92BABFC8AA5BE83539253DCB
:10CD08000000000000C0F13F00000000000000002B
:10CD180000E04A3A6D92BABFC8AA5BE83539253DAA
:10CD28000000000000A0F13F00000000000000002B
:10CD380000A031D645C3B8BF68562F4D297C133D96
:10CD48000000000000A0F13F00000000000000000B
:10CD580000A031D645C3B8BF68562F4D297C133D76
:10CD6800000000000080F13F00000000000000000B
:10CD78000060E58AD2F0B6BFDA7333C9379726BDAB
:10CD8800000000000060F13F00000000000000000B
:10CD98000020063F071BB5BF575EC6615B021F3DFB
:10CDA800000000000060F13F0000000000000000EB
:10CDB8000020063F071BB5BF575EC6615B021F3DDB
:10CDC800000000000040F13F0000000000000000EB
:10CDD80000E01B96D741B3BFDF13F9CCDA5E2C3DD8
:10CDE800000000000040F13F0000000000000000CB
:10CDF80000E01B96D741B3BFDF13F9CCDA5E2C3DB8
:10CE0800000000000020F13F0000000000000000CA
:10CE18000080A3EE3665B1BF09A38F765E7C143D12
:10CE2800000000000000F13F0000000000000000CA
:10CE3800008011C0300AAFBF918E36839E592D3DB8
:10CE4800000000000000F13F0000000000000000AA
:10CE5800008011C0300AAFBF918E36839E592D3D98
:10CE68000000000000E0F03F0000000000000000AB
:10CE780000801971DD42ABBF4C70D6E57A821C3D4B
:10CE88000000000000E0F03F00000000000000008B
:10CE980000801971DD42ABBF4C70D6E57A821C3D2B
:10CEA8000000000000C0F03F00000000000000008B
:10CEB80000C032F65874A7BFEEA1F23446FC2CBD70
:10CEC8000000000000C0F03F00000000000000006B
:10CED80000C032F65874A7BFEEA1F23446FC2CBD50
:10CEE8000000000000A0F03F00000000000000006B
:10CEF80000C0FEB9879EA3BFAAFE26F5B702F53C7F
:10CF08000000000000A0F03F00000000000000004A
:10CF180000C0FEB9879EA3BFAAFE26F5B702F53C5E
:10CF2800000000000080F03F00000000000000004A
:10CF38000000780E9B829FBFE4097E7C268029BD75
:10CF4800000000000080F03F00000000000000002A
:10CF58000000780E9B829FBFE4097E7C268029BD55
:10CF6800000000000060F03F00000000000000002A
:10CF78000080D5071BB997BF39A6FA93548D28BDF1
:10CF8800000000000040F03F00000000000000002A
:10CF98000000FCB0A8C08FBF9CA6D3F67C1EDFBCE7
:10CFA800000000000040F03F00000000000000000A
:10CFB8000000FCB0A8C08FBF9CA6D3F67C1EDFBCC7
:10CFC800000000000020F03F00000000000000000A
:10CFD8000000106B2AE07FBFE440DA0D3FE219BD84
:10CFE800000000000020F03F0000000000000000EA
:10CFF8000000106B2AE07FBFE440DA0D3FE219BD64
:10D00800000000000000F03F0000000000000000E9
:10D018000000000000000000000000000000000008
:10D02800000000000000F03F0000000000000000C9
:10D0380000000000000000000000000000000000E8
:10D048000000000000C0EF3F0000000000000000EA
:10D05800000089751510803FE82B9D996BC710BD9E
:10D06800000000000080EF3F00000000000000000A
:10D07800008093585620903FD2F7E2065BDC23BD30
:10D08800000000000040EF3F00000000000000002A
:10D098000000C9282549983F340C5A32BAA02ABD45
:10D0A800000000000000EF3F00000000000000004A
:10D0B8000040E7895D41A03F53D7F15CC011013DB5
:10D0C8000000000000C0EE3F00000000000000006B
:10D0D80000002ED4AE66A43F28FDBD7573162CBD86
:10D0E800000000000080EE3F00000000000000008B
:10D0F80000C09F14AA94A83F7D265AD0957919BDDF
:10D10800000000000040EE3F0000000000000000AA
:10D1180000C0DDCD73CBAC3F0728D847F2681ABDF5
:10D12800000000000020EE3F0000000000000000AA
:10D1380000C006C031EAAE3F7B3BC94F3E110EBD71
:10D148000000000000E0ED3F0000000000000000CB
:10D15800006046D13B97B13F9B9E0D565D3225BD81
:10D168000000000000A0ED3F0000000000000000EB
:10D1780000E0D1A7F5BDB33FD74EDBA55EC82C3D77
:10D18800000000000060ED3F00000000000000000B
:10D1980000A0974D5AE9B53F1E1D5D3C06692CBDA0
:10D1A800000000000040ED3F00000000000000000B
:10D1B80000C0EA0AD300B73F32ED9DA98D1EEC3CB2
:10D1C800000000000000ED3F00000000000000002B
:10D1D8000040595D5E33B93FDA47BD3A5C11233DE3
:10D1E8000000000000C0EC3F00000000000000004C
:10D1F8000060AD8DC86ABB3FE568F72B809013BD12
:10D208000000000000A0EC3F00000000000000004B
:10D218000040BC015888BC3FD3AC5AC6D146263D15
:10D22800000000000060EC3F00000000000000006B
:10D2380000200A8339C7BE3FE045E6AF68C02DBD70
:10D24800000000000040EC3F00000000000000006B
:10D2580000E0DB3991E8BF3FFD0AA14FD63425BD78
:10D26800000000000000EC3F00000000000000008B
:10D2780000E027828E17C13FF2072DCE78EF213DBF
:10D288000000000000E0EB3F00000000000000008C
:10D2980000F0237E2BAAC13F349938448EA72C3D39
:10D2A8000000000000A0EB3F0000000000000000AC
:10D2B8000080860C61D1C23FA1B481CB6C9D033D37
:10D2C800000000000080EB3F0000000000000000AC
:10D2D800009015B0FC65C33F89724B23A82FC63C4C
:10D2E800000000000040EB3F0000000000000000CC
:10D2F80000B033833D91C43F78B6FD547983253D12
:10D30800000000000020EB3F0000000000000000CB
:10D3180000B0A1E4E527C53FC77D69E5E833263DB0
:10D328000000000000E0EA3F0000000000000000EC
:10D3380000108CBE4E57C63F782E3C2C8BCF193D23
:10D348000000000000C0EA3F0000000000000000EC
:10D358000070758B12F0C63FE1219CE58D1125BD4B
:10D368000000000000A0EA3F0000000000000000EC
:10D37800005044858D89C73F0543917010661CBDD8
:10D38800000000000060EA3F00000000000000000C
:10D39800000039EBAFBEC83FD12CE9AA543D07BD08
:10D3A800000000000040EA3F00000000000000000C
:10D3B8000000F7DC5A5AC93F6FFFA05828F2073D12
:10D3C800000000000000EA3F00000000000000002C
:10D3D80000E08A3CED93CA3F69215650437228BD4C
:10D3E8000000000000E0E93F00000000000000002D
:10D3F80000D05B57D831CB3FAAE1AC4E8D350CBD80
:10D408000000000000C0E93F00000000000000002C
:10D4180000E03B3887D0CB3FB6125459C44B2DBDE2
:10D428000000000000A0E93F00000000000000002C
:10D438000010F0C6FB6FCC3FD22B96C572ECF1BC46
:10D44800000000000060E93F00000000000000004C
:10D458000090D4B03DB1CD3F35B015F72AFF2ABDB5
:10D46800000000000040E93F00000000000000004C
:10D478000010E7FF0E53CE3F30F441602712C23C44
:10D48800000000000020E93F00000000000000004C
:10D498000000DDE4ADF5CE3F118EBB651521CABC99
:10D4A800000000000000E93F00000000000000004C
:10D4B80000B0B36C1C99CF3F30DF0CCAECCB1B3DDE
:10D4C8000000000000C0E83F00000000000000006D
:10D4D80000584D603871D03F914EED16DB9CF83CFA
:10D4E8000000000000A0E83F00000000000000006D
:10D4F800006061672DC4D03FE9EA3C168B18273DD0
:10D50800000000000080E83F00000000000000006C
:10D5180000E827828E17D13F1CF0A5630E212CBD91
:10D52800000000000060E83F00000000000000006C
:10D5380000F8ACCB5C6BD13F8116A5F7CD9A2B3D9B
:10D54800000000000040E83F00000000000000006C
:10D5580000685A6399BFD13FB7BD4751EDA62C3D2E
:10D56800000000000020E83F00000000000000006C
:10D5780000B80E6D4514D23FEABA46BADE870A3DB6
:10D588000000000000E0E73F00000000000000008D
:10D598000090DC7CF0BED23FF404504AFA9C2A3D4D
:10D5A8000000000000C0E73F00000000000000008D
:10D5B8000060D3E1F114D33FB83C21D37AE228BD0F
:10D5C8000000000000A0E73F00000000000000008D
:10D5D8000010BE76676BD33FC877F1B0CD6E113DB2
:10D5E800000000000080E73F00000000000000008D
:10D5F8000030337752C2D33F5CBD06B6543B183D6A
:10D60800000000000060E73F00000000000000008C
:10D6180000E8D523B419D43F9DE090EC36E4083DEA
:10D62800000000000040E73F00000000000000008C
:10D6380000C871C28D71D43F75D66709CE272FBD3A
:10D64800000000000020E73F00000000000000008C
:10D658000030179EE0C9D43FA4D80A1B89202EBDEC
:10D66800000000000000E73F00000000000000008C
:10D6780000A03807AE22D53F59C7648170BE2E3D41
:10D688000000000000E0E63F00000000000000008D
:10D6980000D0C853F77BD53FEF405DEEEDAD1F3DA1
:10D6A8000000000000C0E63F00000000000000008D
:10D6B800006059DFBDD5D53FDC65A4082A0B0ABD3B
:10D6C800FE822B65471567400000000000003843C4
:10D6D8000000FAFE422E76BF3A3B9EBC9AF70CBD7C
:10D6E800BDFDFFFFFFFFDF3F3C5455555555C53F76
:10D6F800912B17CF5555A53F17D0A4671111813F1E
:10D70800000000000000C842EF39FAFE422EE63F52
:10D7180024C482FFBDBFCE3FB5F40CD7086BAC3F25
:10D72800CC5046D2ABB2833F843A4E9BE0D7553FAC
:10D738000000000000000000000000000000F03FB2
:10D748006EBF881A4F3B9B3C3533FBA93DF6EF3F34
:10D758005DDCD89C136071BC6180773E9AECEF3F2A
:10D76800D16687107A5E90BC857F6EE815E3EF3F3F
:10D7780013F6673552D28C3C748515D3B0D9EF3F78
:10D78800FA8EF92380CE8BBCDEF6DD296BD0EF3F15
:10D7980061C8E6614EF7603CC89B751845C7EF3F06
:10D7A80099D3335BE4A3903C83F3C6CA3EBEEF3FF4
:10D7B8006D7B835DA69A973C0F89F96C58B5EF3F4E
:10D7C800FCEFFD921AB58E3CF747722B92ACEF3FF7
:10D7D800D19C2F703DBE3E3CA2D1D332ECA3EF3F8B
:10D7E8000B6E908934036ABC1BD3FEAF669BEF3F78
:10D7F8000EBD2F2A525695BC515B12D00193EF3FB4
:10D8080055EA4E8CEF8050BCCC316CC0BD8AEF3FDE
:10D8180016F4D5B923C991BCE02DA9AE9A82EF3F81
:10D82800AF555CE9E3D3803C518EA5C8987AEF3FA9
:10D838004893A5EA151B80BC7B517D3CB872EF3F2D
:10D848003D32DE55F01F8FBCEA8D8C38F96AEF3F08
:10D85800BF53133F8C898B3C75CB6FEB5B63EF3FFA
:10D8680026EB11769CD996BCD45C0484E05BEF3F30
:10D87800602F3A3EF7EC9A3CAAB968318754EF3FDB
:10D888009D3886CB82E78FBC1DD9FC22504DEF3FD7
:10D898008DC3A644416F8A3CD68C62883B46EF3FD5
:10D8A8007D04E4B0057A803C96DC7D91493FEF3FEA
:10D8B80094A8A8E3FD8E963C3862756E7A38EF3FDF
:10D8C8007D4874F2185E873C3FA6B24FCE31EF3FD9
:10D8D800F2E71F982B47803CDD7CE265452BEF3F44
:10D8E8005E08713F7BB896BC8163F5E1DF24EF3FAA
:10D8F80031AB096DE1F7823CE1DE1FF59D1EEF3F7C
:10D90800FABF6F1A9B213DBC90D9DAD07F18EF3F40
:10D91800B40A0C7282378B3C0B03E4A68512EF3FE6
:10D928008FCBCE8992146E3C562F3EA9AF0CEF3F99
:10D93800B6ABB04D754D833C15B7310AFE06EF3FC7
:10D948004C74ACE20142863C31D84CFC7001EF3F8C
:10D958004AF8D35D39DD8F3CFF1664B208FCEE3F10
:10D96800045B8E3B80A386BCF19F925FC5F6EE3FB9
:10D9780068504BCCED4A92BCCBA93A37A7F1EE3FA1
:10D988008E2D511BF80799BC66D8056DAEECEE3F9D
:10D99800D236943EE8D171BCF79FE534DBE7EE3F21
:10D9A800151BCEB3191999BCE5A813C32DE3EE3F97
:10D9B8006D4C2AA7489F853C2234124CA6DEEE3FC8
:10D9C8008A69287A601293BC1C80AC0445DAEE3F61
:10D9D8005B8917488FA758BC2A2EF7210AD6EE3F35
:10D9E8001B9A49679B2C7CBC97A850D9F5D1EE3F70
:10D9F80011ACC260ED63433C2D89616008CEEE3FF7
:10DA0800EF64063B0966963C57001DED41CAEE3FA0
:10DA18007903A1DAE1CC6E3CD03CC1B5A2C6EE3F99
:10DA280030120F3F8EFF933CDED3D7F02AC3EE3F70
:10DA3800B0AF7ABBCE90763C272A36D5DABFEE3F18
:10DA480077E054EBBD1D933C0DDDFD99B2BCEE3F74
:10DA58008EA3710034948FBCA72C9D76B2B9EE3F8B
:10DA680049A393DCCCDE87BC4266CFA2DAB6EE3F90
:10DA78005F380FBDC6DE78BC824F9D562BB4EE3F93
:10DA8800F65C7BEC461286BC0F925DCAA4B1EE3FF1
:10DA98008ED7FD180535933CDA27B53647AFEE3FEC
:10DAA800059B8A2FB7987B3CFDC797D412ADEE3FF4
:10DAB80009541CE2E163903C295448DD07ABEE3F72
:10DAC800EAC6195085C7343CB746598A26A9EE3F9D
:10DAD80035C0642BE632943C4821AD156FA7EE3F64
:10DAE8009F7699614AE48CBC09DC76B9E1A5EE3FE2
:10DAF800A84DEF3BC5338CBC85553AB07EA4EE3FAC
:10DB0800AEE92B89785384BC20C3CC3446A3EE3FBE
:10DB180058585678DDCE93BC2522558238A2EE3F60
:10DB280064197E80AA10573C73A94CD455A1EE3FC6
:10DB380028225EBFEFB393BCCD3B7F669EA0EE3F2D
:10DB480082B93487AD126ABCBFDA0B7512A0EE3FFA
:10DB5800EEA96DB8EF6763BC2F1A653CB29FEE3F24
:10DB68005188E0543DDC80BC849451F97D9FEE3FA0
:10DB7800CF3E5A7E641F78BC745FECE8759FEE3F19
:10DB8800B07D8BC04AEE86BC7481A5489A9FEE3F53
:10DB98008AE6551E321986BCC9674256EB9FEE3F8E
:10DBA800D3D4095ECB9C903C3F5DDE4F69A0EE3F2D
:10DBB8001DA54DB9DC327BBC8701EB7314A1EE3F88
:10DBC8006BC06754FDEC943C32C13001EDA1EE3FCF
:10DBD800556CD6ABE1EB653C624ECF36F3A2EE3F17
:10DBE80042CFB32FC5A188BC121A3E5427A4EE3FDA
:10DBF80034373BF1B66993BC13CE4C9989A5EE3FF7
:10DC08001EFF193A845E80BCADC723461AA7EE3FB3
:10DC18006E5772D850D494BCED92449BD9A8EE3F6D
:10DC2800008A0E5B67AD903C99668AD9C7AAEE3F19
:10DC3800B4EAF0C12FB78D3CDBA02A42E5ACEE3F39
:10DC4800FFE7C59C60B665BC8C44B51632AFEE3FA5
:10DC5800445FF35983F67B3C36771599AEB1EE3FB6
:10DC6800833D1EA71F0993BCC6FF910B5BB4EE3F13
:10DC7800291E6C8BB8A95DBCE5C5CDB037B7EE3FA2
:10DC880059B9907CF9236CBC0F52C8CB44BAEE3F0B
:10DC9800AAF9F422434392BC504EDE9F82BDEE3F68
:10DCA8004B8E66D76CCA85BCBA07CA70F1C0EE3F06
:10DCB80027CE912BFCAF713C90F0A38291C4EE3F2C
:10DCC800BB730AE135D26D3C2323E31963C8EE3FE9
:10DCD8006322622204C587BC65E55D7B66CCEE3FA6
:10DCE800D531E2E3861C8B3C332D4AEC9BD0EE3FCA
:10DCF80015BBBCD3D1BB91BC5D253EB203D5EE3F6D
:10DD0800D231EE9C31CC903C58B330139ED9EE3FC3
:10DD1800B35A736E8469843CBFFD79556BDEEE3F60
:10DD2800B49D8E97CDDF82BC7AF3D3BF6BE3EE3F11
:10DD38008733CB92771A8C3CADD35A999FE8EE3F44
:10DD4800FAD9D14A8F7B90BC66B68D2907EEEE3F93
:10DD5800BAAEDC56D9C355BCFB154FB8A2F3EE3F9B
:10DD680040F6A63D0EA490BC3A59E58D72F9EE3FF7
:10DD78003493AD38F4D668BC475EFBF276FFEE3FCD
:10DD8800358A586BE2EE91BC4A06A130B005EF3FE8
:10DD9800CDDD5F0AD7FF743CD2C14B901E0CEF3F1C
:10DDA800AC9892FAFBBD91BC091ED75BC212EF3F3B
:10DDB800B30CAF30AE6E733C9C5285DD9B19EF3FC0
:10DDC80094FD9F5C32E38E3C7AD0FF5FAB20EF3F3F
:10DDD800AC5909D18FE0843C4BD1572EF127EF3F46
:10DDE800671A4E38AFCD633CB5E706946D2FEF3F09
:10DDF8006819926C2C6B673C6990EFDC2037EF3F19
:10DE0800D2B5CC83188A80BCFAC35D550B3FEF3F6F
:10DE18006FFAFF3F5DAD8FBC7C89074A2D47EF3F06
:10DE280049A97538AE0D90BCF2890D08874FEF3FB0
:10DE3800A7073DA685A3743C87A4FBDC1858EF3FD1
:10DE48000F2240209E9182BC9883C916E360EF3F61
:10DE5800AC92C1D5505A8E3C8532DB03E669EF3F60
:10DE68004B6B01AC593A843C60B401F32173EF3F2A
:10DE78001F3EB40721D582BC5F9B7B33977CEF3F65
:10DE8800C90D473BB92A89BC29A1F5144686EF3F3D
:10DE9800D3883A6004B6743CF63F8BE72E90EF3F88
:10DEA80071729D51ECC5833C834CC7FB519AEF3F7F
:10DEB800F091D38F12F78FBCDA90A4A2AFA4EF3FF2
:10DEC8007D7423E298AE8DBCF1678E2D48AFEF3F8D
:10DED8000820AA41BCC38E3C275A61EE1BBAEF3F0B
:10DEE80032EBA9C3942B843C97BA6B372BC5EF3F11
:10DEF800EE85D131A9648A3C40456E5B76D0EF3F10
:10DF0800EDE33BE4BA378EBC14BE9CADFDDBEF3FBE
:10DF18009DCD914D3B89773CD8909E81C1E7EF3FDD
:10DF280089CC6041C105533CF1718F2BC2F3EF3F9F
:10DF38000038FAFE422EE63F3067C79357F32E3D6E
:10DF4800010000000000E0BF5B3051555555D53F3A
:10DF58009045EBFFFFFFCFBF1101F124B399C93FF3
:10DF68009FC806E57555C5BF000000000000E0BF6A
:10DF7800775555555555D53FCBFDFFFFFFFFCFBF13
:10DF88000CDD95999999C93FA74567555555C5BF62
:10DF980030DE44A32449C23F653D42A4FFFFBFBF12
:10DFA800CAD62A288471BC3FFF68B043EB99B9BF31
:10DFB80085D0AFF78281B73FCD45D1751352B5BF34
:10DFC8009FDEE0C3F034F73F0090E6797FCCD7BFFF
:10DFD8001FE92C6A7813F73F00000DC2EE6FD7BF18
:10DFE800A0B5FA0860F2F63F00E05113E313D7BF7B
:10DFF8007D8C131FA6D1F63F007828385BB8D6BFB2
:10E00800D1B4C50B49B1F63F00788090555DD6BFB5
:10E01800BA0C2F334791F63F00001876D002D6BFCE
:10E02800234222189F71F63F00909086CAA8D5BF58
:10E03800D91EA5994F52F63F00500356434FD5BFFE
:10E04800C4248FAA5633F63F00406BC337F6D4BFBB
:10E0580014DC9D6BB314F63F0050A8FDA79DD4BFF8
:10E068004C5CC65264F6F53F00A889399245D4BF86
:10E078004F2C91B567D8F53F00B8B039F4EDD3BF50
:10E08800DE905BCBBCBAF53F00708F44CE96D3BF11
:10E09800781AD9F2619DF53F00A0BD171E40D3BF85
:10E0A800875646125680F53F008046EFE2E9D2BF18
:10E0B800D36BE7CE9763F53F00E030381B94D2BFAF
:10E0C800937FA7E22547F53F0088DA8CC53ED2BF8B
:10E0D80083450642FF2AF53F00902729E1E9D1BF91
:10E0E800DFBDB2DB220FF53F00F8482B6D95D1BF9D
:10E0F800D7DE34478FF3F43F00F8B99A6741D1BFB0
:10E108004028DECF43D8F43F0098EF94D0EDD0BF3D
:10E11800C8A378C03EBDF43F0010DB18A59AD0BF55
:10E128008A25E0C37FA2F43F00B86352E647D0BF18
:10E138003484D4240588F43F00F0864522EBCFBF11
:10E148000B2D191BCE6DF43F00B017754A47CFBF92
:10E15800541839D3D953F43F0030103D44A4CEBFEE
:10E168005A84B444273AF43F00B0E9440D02CEBFC4
:10E17800FBF81541B520F43F00F07729A260CDBF28
:10E18800B1F43EDA8207F43F0090950401C0CCBF99
:10E198008FFE575D8FEEF33F001089562920CCBFC4
:10E1A800E94C0BA0D9D5F33F0010818D1781CBBF67
:10E1B8002BC110C060BDF33F00D0D3CCC9E2CABFA9
:10E1C800B8DA752B24A5F33F0090122E4045CABF3C
:10E1D80002D09FCD228DF33F00F01D6877A8C9BFFC
:10E1E8001C7A84C55B75F33F003048696D0CC9BF64
:10E1F800E236AD49CE5DF33F00C045A62071C8BFE9
:10E2080040D44D987946F33F003014B48FD6C7BF39
:10E2180024CBFFCE5C2FF33F0070623CB83CC7BFF5
:10E22800490DA1757718F33F0060379B9AA3C6BFC5
:10E2380090393E37C801F33F00A0B754310BC6BF31
:10E2480041F895BB4EEBF23F003024767D73C5BF95
:10E25800D1A919020AD5F23F0030C28F7BDCC4BFB6
:10E268002AFDB7A8F9BEF23F0000D2512C46C4BF20
:10E27800AB1B0C7A1CA9F23F000083BC8AB0C3BF59
:10E2880030B514607293F23F0000496B991BC3BF0D
:10E29800F5A15757FA7DF23F0040A4905487C2BFBA
:10E2A800BF3B1D9BB368F23F00A079F8B9F3C1BF2B
:10E2B800BDF58F839D53F23F00A02C25C860C1BFD8
:10E2C8003B08C9AAB73EF23F0020F7577FCEC0BF30
:10E2D800B640A92B012AF23F00A0FE49DC3CC0BF92
:10E2E8003241CC967915F23F00804BBCBD57BFBF79
:10E2F8009BFCD21D2001F23F004040960837BEBF6C
:10E308000B484D49F4ECF13F0040F93E9817BDBF6A
:10E3180069658F52F5D8F13F00A0D84E67F9BBBFA9
:10E328007C7E571123C5F13F00602F2079DCBABFEE
:10E33800E926CB747CB1F13F008028E7C3C0B9BFA0
:10E34800B61A2C0C019EF13F00C072B346A6B8BFA6
:10E35800BD70B67BB08AF13F0000ACB3018DB7BF8A
:10E36800B6BCEF258A77F13F00003845F174B6BF97
:10E37800DA314C358D64F13F0080876D0E5EB5BF94
:10E38800DD5F2790B951F13F00E0A1DE5C48B4BFE2
:10E398004CD232A40E3FF13F00A06A4DD933B3BF2F
:10E3A800DAF910728B2CF13F0060C5F87920B2BF02
:10E3B80031B5EC28301AF13F00206298460EB1BF03
:10E3C800AF3484DAFB07F13F0000D26A6CFAAFBFC2
:10E3D800B36B4E0FEEF5F03F0040774A8DDAADBFD4
:10E3E800CE9F2A5D06E4F03F000085E4ECBCABBF9D
:10E3F80021A52C6344D2F03F00C0124089A1A9BFD7
:10E408001A98E27CA7C0F03F00C002335888A7BF23
:10E41800D136C6832FAFF03F0080D6675E71A5BFA7
:10E428003913A098DB9DF03F008065498A5CA3BF43
:10E43800DFE752AFAB8CF03F00401564E349A1BF62
:10E44800FB284E2F9F7BF03F0080EB82C0729EBF5F
:10E45800198F358CB56AF03F00805252F1559ABF3A
:10E468002CF9ECA5EE59F03F008081CF623D96BFB4
:10E47800902CD1CD4949F03F0000AA8CFB2892BFCF
:10E48800A9ADF0C6C638F03F0000F9207B318CBF3B
:10E49800A93279136528F03F0000AA5D351984BFB9
:10E4A8004873EA272418F03F0000ECC2031278BF33
:10E4B80095B114060408F03F00002479090460BFF0
:10E4C8001AFA26F71FE0EF3F00009084F3EF6F3F42
:10E4D80074EA61C21CA1EF3F00003D3541DC873F73
:10E4E8002E9981B01063EF3F0080C2C4A3CE933F42
:10E4F800CDADEE3CF625EF3F00008914C19F9B3F50
:10E50800E7139103C8E9EE3F000011CED8B0A13F50
:10E51800ABB1CB7880AEEE3F00C001D05B8AA53F9F
:10E528009B0C9DA21A74EE3F0080D840835CA93FE3
:10E53800B5990A83913AEE3F008057EF6A27AD3FBD
:10E54800569A6009E001EE3F00C098E59875B03F23
:10E5580098BB77E501CAED3F00200DE3F553B23FC4
:10E5680003917C0BF292ED3F0000388BDD2EB43F17
:10E57800CE5CFB66AC5CED3F00C057875906B63FE2
:10E588009DDE5EAA2C27ED3F00006A3576DAB73F9C
:10E59800CD2C6B3E6EF2EC3F00601C4E43ABB93F96
:10E5A8000279A7A26DBEEC3F00600DBBC778BB3FE8
:10E5B8006D08376D268BEC3F0020E7321343BD3FD3
:10E5C80004585DBD9458EC3F0060DE71310ABF3FCE
:10E5D8008C9FBB33B526EC3F0040912B1567C03F9D
:10E5E8003FE7ECEE83F5EB3F00B092828547C13FF1
:10E5F800C196DB75FDC4EB3F0030CACD6E26C23F25
:10E60800284A860C1E95EB3F0050C5A6D703C33F8A
:10E618002C3EEFC5E265EB3F0010333CC3DFC33F40
:10E628008B88C9674837EB3F00807A6B36BAC43F9E
:10E638004A301D214B09EB3F00F0D1283993C53FE3
:10E648007EEFF285E8DBEA3F00F01824CD6AC63F8A
:10E65800A23D60311DAFEA3F009066ECF840C73F2D
:10E66800A758D33FE682EA3F00F01AF5C015C83F25
:10E678008B7309EF4057EA3F0080F65429E9C83FF9
:10E68800274BAB902A2CEA3F0040F80236BBC93F23
:10E69800D1F29313A001EA3F00002C1CED8BCA3F76
:10E6A8001B3CDB249FD7E93F00D0015C515BCB3F8B
:10E6B80090B1C70525AEE93F00C0BCCC6729CC3F67
:10E6C8002FCE97F22E85E93F006048D535F6CC3F2E
:10E6D800754BA4EEBA5CE93F00C04634BDC1CD3FDE
:10E6E8003848E79DC634E93F00E0CFB8018CCE3FFB
:10E6F800E652672F4F0DE93F009017C00955CF3FED
:10E708009DD7FF8E52E6E83F00B81F126C0ED03F2F
:10E718007C00CC9FCEBFE83F00D0930EB871D03FAD
:10E728000EC3BEDAC099E83F0070869E6BD4D03F16
:10E73800FB1723AA2774E83F00D04B338736D13F15
:10E74800089AB3AC004FE83F004823670D98D13FC3
:10E75800553E65E8492AE83F0080CCE0FFF8D13F04
:10E768006002F4950106E83F006863D75F59D23F1D
:10E7780029A3E06325E2E73F00A8140930B9D23F96
:10E78800ADB5DC77B3BEE73F006043107218D33FE6
:10E79800C2259767AA9BE73F0018EC6D2677D33F01
:10E7A800570617F20779E73F0030AFFB4FD5D33F45
:10E7B8000C13D6DBCA56E73F00E02FE3EE32D43F16
:08E7C800181BFE7F0100000098
:04E7D000C502000876
:04E7D400A102000896
:10E7D8000000000000001040000000000000F03FB2
:10E7E800000000000000F03F0090D0030090D0032C
:10E7F8004499010810000000010000005DD00008E5
:10E8080071D00008B5D0000881D00008E9D0000810
:10E8180000C000006E19000000C0000000000000E9
:10E8280003000000B85F00245C0000240000000022
:10E83800B85F0024206000248860002400000000E5
:10E8480000000000000000000000000000000000C0
:10E8580000000000000000000000000000000000B0
:10E8680000000000000000000000000000000000A0
:08E87800000000000000000098
:04000005080049A105
:00000001FF
