:020000040800F2
:100000000000082401550008DD4C0008E54C0008FC
:10001000ED4C0008F54C0008FD4C00080000000005
:10002000000000000000000000000000054D000876
:10003000134D000800000000214D00082F4D00085E
:1000400051550008515500085155000851550008F8
:1000500051550008515500085155000851550008E8
:1000600051550008515500085155000851550008D8
:1000700051550008515500085155000851550008C8
:1000800051550008515500085155000851550008B8
:1000900051550008515500085155000851550008A8
:1000A0005155000851550008515500085155000898
:1000B0005155000851550008515500085155000888
:1000C0005155000851550008515500085155000878
:1000D0005155000851550008515500085155000868
:1000E0005155000851550008000000005155000806
:1000F0005155000851550008515500085155000848
:100100005155000851550008515500085155000837
:1001100051550008515500083D4D0008514D00084B
:100120005155000851550008515500085155000817
:1001300051550008654D00085155000851550008FB
:1001400000000000000000000000000000000000AF
:1001500051550008515500085155000851550008E7
:1001600051550008515500085155000851550008D7
:100170005155000851550008515500080000000075
:1001800051550008515500085155000851550008B7
:1001900051550008515500085155000851550008A7
:1001A0005155000851550008515500085155000897
:1001B0005155000851550008515500085155000887
:1001C0005155000851550008515500085155000877
:1001D0005155000851550008515500085155000867
:1001E0005155000851550008515500085155000857
:1001F0005155000851550008515500085155000847
:100200005155000851550008515500085155000836
:100210005155000851550008515500085155000826
:1002200051550008515500085155000800000000C4
:1002300051550008515500080000000051550008B4
:1002400051550008515500085155000851550008F6
:1002500051550008515500085155000851550008E6
:1002600051550008515500085155000851550008D6
:100270005155000851550008515500080000000074
:100280005155000851550008515500080000000064
:080290000000000051550008B8
:1002A00010B5054C237833B9044B13B10448AFF3B0
:1002B00000800123237010BDB00000240000000066
:1002C00060A3010808B5034B1BB103490348AFF312
:1002D000008008BD00000000B400002460A30108F5
:1002E00010F8012B11F8013B012A28BF9A42F7D0E0
:1002F000D01A7047034613F8012B002AFBD1181AB5
:1003000001387047000000000000000000000000FD
:1003100001F0FF01102A2BDB10F0070F08D010F8B6
:10032000013B013A8B422DD010F0070F42B3F6D1BA
:10033000F0B441EA012141EA014122F007047FF0D3
:1003400000070023F0E80256083C85EA010586EA2A
:10035000010685FA47F5A3FA87F586FA47F6A5FA66
:1003600087F68EB9EED1F0BC01F0FF0102F0070272
:1003700032B110F8013B013A83EA010313B1F8D11D
:100380000020704701387047002D06BF35460338FE
:10039000073815F0010F07D1013015F4807F02BF37
:1003A000013015F4C03F0130F0BC0138704700BF88
:1003B00053B94AB9002908BF00281CBF4FF0FF31CC
:1003C0004FF0FF3000F06AB9ADF1080C6DE904CED2
:1003D00000F006F8DDF804E0DDE9022304B0704720
:1003E0002DE9F047089D0C46002B4ED194468C45D4
:1003F0008646B2FA82F262D94AB1C2F12003914034
:1004000020FA03F30CFA02FC194300FA02FE4FEA49
:100410001C471FFA8CF6B1FBF7F44FEA1E4307FBAB
:10042000141143EA014304FB06F199420AD91CEB7B
:10043000030304F1FF3080F01281994240F20F81F2
:10044000023C6344591A1FFA8EF3B1FBF7F007FB25
:10045000101143EA014300FB06F69E420AD91CEB49
:10046000030300F1FF3180F0FC809E4240F2F980EE
:10047000634402389B1B40EA044000211DB1D34075
:100480000022C5E90032BDE8F0878B4205D90DB1E5
:10049000C5E9000100210846F5E7B3FA83F1002918
:1004A00046D1A34202D39042C0F0F080861A64EB9A
:1004B00003030120002DE6D0C5E90063E3E7002A2D
:1004C00040F09080A1EB0C044FEA1C481FFA8CF717
:1004D0000121B4FBF8F64FEA1E4308FB164443EA39
:1004E000044307FB06F0984208D91CEB030306F10E
:1004F000FF3402D2984200F2CD8026461C1A1FFA21
:100500008EF3B4FBF8F008FB104443EA044300FB0D
:1005100007F79F4208D91CEB030300F1FF3402D216
:100520009F4200F2B0802046DB1B40EA0640A5E770
:10053000C1F120068B4022FA06F71F4320FA06FC81
:1005400004FA01F343EA0C03F44000FA01F8380C12
:100550004FEA1349B4FBF0FE1FFA87FC00FB1E4470
:1005600049EA04440EFB0CF9A14502FA01F20AD94A
:100570003C190EF1FF3A80F08480A14540F2818061
:10058000AEF1020E3C44A4EB09041FFA83F9B4FB5C
:10059000F0F300FB134449EA044403FB0CFCA445BC
:1005A00007D93C1903F1FF3067D2A44565D9023B56
:1005B0003C4443EA0E40A0FB0293A4EB0C049C4293
:1005C000CE469C4651D34ED055B1B8EB0E0364EBEA
:1005D0000C0404FA06F6CB401E43CC40C5E9006487
:1005E000002150E7C2F1200320FA03F10CFA02FCCB
:1005F00024FA03F394400C434FEA1C4800FA02FE2D
:100600001FFA8CF7B3FBF8F008FB1031230C43EA18
:10061000014300FB07F1994208D91CEB030300F1E9
:10062000FF362CD299422AD9023863445B1AA4B20D
:10063000B3FBF8F108FB113344EA034401FB07F371
:10064000A34208D91CEB040401F1FF3613D2A342E4
:1006500011D902396444E41A41EA004139E70446F9
:10066000F0E6084606E7C845AED2B9EB020E63EBEA
:10067000070C0138A8E73146EDE7034699E7304615
:10068000D4E7D6467FE7634402384DE70646234663
:1006900008460FE7023E634430E700BF704700BFE3
:1006A00090B5ADF5057D00AF07F50474A4F50174B0
:1006B000206007F50470A0F5037080E8060007F5D8
:1006C0000472A2F5047213600023C7F8E031C94B2D
:1006D000C7F8E43107F50473A3F503735B68C649F3
:1006E0001846FFF7FDFD0346002B40F08F8207F50B
:1006F0000473A3F503731B68C7F80C3207F5047382
:10070000A3F50473BD49186818F01CFB0346002BC1
:1007100007D1D7F80C320833C7F8E031B84BC7F827
:10072000E43107F50473A3F50473B649186818F0AB
:1007300009FB0346002B08D1D7F80C3203F5C87328
:10074000C7F8E031B04BC7F8E43107F50473A3F5FF
:100750000473AE49186818F0F5FA0346002B08D167
:10076000D7F80C3203F50073C7F8E031A84BC7F88F
:10077000E43107F50473A3F50473A649186818F06B
:10078000E1FA0346002B08D1D7F80C3203F50E73BB
:10079000C7F8E031A04BC7F8E43107F50473A3F5BF
:1007A00004739E49186818F0CDFA0346002B08D14F
:1007B000D7F80C3203F54673C7F8E031904BC7F811
:1007C000E43107F50473A3F504739549186818F02C
:1007D000B9FA0346002B08D1D7F80C3203F554734D
:1007E000C7F8E031864BC7F8E43107F50473A3F589
:1007F00004738C49186818F0A5FA0346002B08D139
:10080000D7F80C3203F57E73C7F8E0317C4BC7F89C
:10081000E43107F50473A3F504738349186818F0ED
:1008200091FA0346002B08D1D7F80C3203F5866302
:10083000C7F8E031724BC7F8E43107F50473A3F54C
:1008400004737A49186818F07DFA0346002B08D122
:10085000D7F80C3203F5E863C7F8E031684BC7F806
:10086000E43107F50473A3F504737149186818F0AF
:1008700069FA0346002B08D1D7F80C3203F5096357
:10088000C7F8E0315E4BC7F8E43107F50473A3F510
:1008900004736849186818F055FA0346002B08D10C
:1008A000D7F80C3203F6C803C7F8E031544BC7F849
:1008B000E43107F50473A3F504735F49186818F071
:1008C00041FA0346002B08D1D7F80C3203F5106328
:1008D000C7F8E0314A4BC7F8E43107F50473A3F5D4
:1008E00004735649186818F02DFA0346002B08D1F6
:1008F000D7F80C3203F65803C7F8E031404BC7F87D
:10090000E43107F50473A3F504734D49186818F032
:1009100019FA0346002B08D1D7F80C3203F58D6382
:10092000C7F8E031364BC7F8E43107F50473A3F597
:1009300004734449186818F005FA0346002B08D1DF
:10094000D7F80C3203F59463C7F8E0312C4BC7F8A5
:10095000E43107F50473A3F504733B49186818F0F4
:10096000F1F90346002B08D1D7F80C3203F59B634D
:10097000C7F8E031224BC7F8E43107F50473A3F55B
:1009800004733249186818F0DDF90346002B08D1CA
:10099000D7F80C3203F5A263C7F8E031184BC7F85B
:1009A000E43107F50473A3F504732949186818F0B6
:1009B000C9F90346002B08D1D7F80C3203F5A96317
:1009C000C7F8E0310E4BC7F8E43107F50473A3F51F
:1009D00004732049186818F0B5F90346002B3BD181
:1009E000D7F80C3203F56273C7F8E031044BC7F84F
:1009F000E43131E078A301087CA3010888A3010851
:100A00008CA3010894A3010898A301089CA30108E2
:100A1000A4A30108ACA30108B0A30108B4A3010872
:100A2000B8A30108BCA30108C0A30108C4A301081E
:100A3000CCA30108D4A30108DCA30108E4A30108A6
:100A4000ECA30108F0A30108F8A3010800A4010821
:100A500008A4010810A4010807F50473A3F50473A2
:100A6000C549186818F06EF90346002B08D1D7F86D
:100A70000C3203F57073C7F8E031C04BC7F8E431AE
:100A800007F50473A3F50473BD49186818F05AF903
:100A90000346002B08D1D7F80C3203F5EF63C7F8F3
:100AA000E031B64BC7F8E43107F50473A3F50473DE
:100AB000B449186818F046F90346002B08D1D7F856
:100AC0000C3203F5F663C7F8E031AC4BC7F8E431FC
:100AD00007F50473A3F50473AB49186818F032F9ED
:100AE0000346002B07D1D7F80C324033C7F8E0316A
:100AF000A64BC7F8E43107F50473A3F50473A449C2
:100B0000186818F01FF90346002B07D1D7F80C32EC
:100B1000E833C7F8E0319D4BC7F8E43107F50473BB
:100B2000A3F504739B49186818F00CF90346002BD1
:100B300008D1D7F80C3203F50263C7F8E0318F4BC8
:100B4000C7F8E43107F50473A3F5047392491868F4
:100B500018F0F8F80346002B08D1D7F80C3203F64A
:100B60003813C7F8E031854BC7F8E43107F5047353
:100B7000A3F504738949186818F0E4F80346002BBC
:100B800008D1D7F80C3203F51763C7F8E0317B4B77
:100B9000C7F8E43107F50473A3F5047380491868B6
:100BA00018F0D0F80346002B08D1D7F80C3203F622
:100BB000A813C7F8E031714BC7F8E43107F50473A7
:100BC000A3F504737749186818F0BCF80346002BA6
:100BD00008D1D7F80C3203F5B063C7F8E031724B97
:100BE000C7F8E43107F50473A3F504736F49186877
:100BF00018F0A8F80346002B08D1D7F80C3203F5FB
:100C0000FD63C7F8E0315D4BC7F8E43107F50473C5
:100C1000A3F503735B685D491846FFF761FB034664
:100C2000002B3ED107F50473A3F503731B68C7F8C7
:100C3000083207F50473A3F504735D49186818F0CA
:100C400081F80346002B06D1D7F80832C7F8E03107
:100C50004A4BC7F8E43107F50473A3F5047355490B
:100C6000186818F06FF80346002B07D1D7F8083240
:100C70003833C7F8E031414BC7F8E43107F5047366
:100C8000A3F504734C49186818F05CF80346002B70
:100C900007D1D7F808327033C7F8E031374BC7F8BF
:100CA000E43107F50473A3F503735B684349184601
:100CB000FFF716FB0346002B18D107F50473A3F5C5
:100CC00003731B68C7F8043207F50473A3F50473B4
:100CD0003B49186818F036F80346002B06D1D7F8C0
:100CE0000432C7F8E031374BC7F8E43107F5047335
:100CF000A3F503735B6833491846FFF7F1FA03461F
:100D0000002B2BD107F50473A3F503731B68C7F8F9
:100D1000003207F50473A3F504732B49186818F023
:100D200011F80346002B06D1D7F80032C7F8E0319E
:100D3000124BC7F8E43107F50473A3F50473234994
:100D4000186817F0FFFF0346002B07D1D7F80032D1
:100D50003833C7F8E031094BC7F8E43107F50473BD
:100D6000A3F503735B681A491846FFF7B9FA0346FF
:100D7000002B48D12EE000BF14A401088CA3010869
:100D80001CA4010820A4010828A401082CA401081F
:100D900030A4010834A401083CA4010844A40108BB
:100DA0004CA4010854A4010858A401085CA401083B
:100DB00064A4010868A4010870A4010898A30108AC
:100DC00074A4010878A4010884A4010888A4010877
:100DD000A4A3010807F50473A3F503731B68C7F800
:100DE000FC3107F50473A3F50473C649186817F0BE
:100DF000A9FF0346002B06D1D7F8FC31C7F8E03134
:100E0000C14BC7F8E43107F50473A3F503735B68BE
:100E1000BE491846FFF764FA0346002B51D107F587
:100E20000473A3F503731B68C7F8F83107F504735F
:100E3000A3F50473B649186817F084FF0346002B26
:100E400006D1D7F8F831C7F8E031AF4BC7F8E43135
:100E500007F50473A3F50473AE49186817F072FF21
:100E60000346002B07D1D7F8F8313833C7F8E03103
:100E7000A54BC7F8E43107F50473A3F50473A6493D
:100E8000186817F05FFF0346002B07D1D7F8F83139
:100E90007033C7F8E0319C4BC7F8E43107F50473B1
:100EA000A3F504739D49186817F04CFF0346002B07
:100EB00007D1D7F8F831A833C7F8E031924BC7F81B
:100EC000E43107F50473A3F503735B68944918468E
:100ED000FFF706FA0346002B40F0A18007F50473E4
:100EE000A3F503731B68C7F8F43107F50473A3F582
:100EF00004738C49186817F025FF0346002B06D1B0
:100F0000D7F8F431C7F8E0317F4BC7F8E43107F583
:100F10000473A3F504738449186817F013FF03469C
:100F2000002B07D1D7F8F4313833C7F8E031764BCE
:100F3000C7F8E43107F50473A3F504737B49186817
:100F400017F000FF0346002B07D1D7F8F4317033B8
:100F5000C7F8E0316C4BC7F8E43107F50473A3F52B
:100F600004737349186817F0EDFE0346002B07D190
:100F7000D7F8F431A833C7F8E031634BC7F8E43150
:100F800007F50473A3F504736A49186817F0DAFECD
:100F90000346002B07D1D7F8F431E033C7F8E0312E
:100FA000594BC7F8E43107F50473A3F5047362499C
:100FB000186817F0C7FE0346002B08D1D7F8F431A4
:100FC00003F58C73C7F8E0314F4BC7F8E43107F5F0
:100FD0000473A3F504735949186817F0B3FE034668
:100FE000002B08D1D7F8F43103F5A873C7F8E03126
:100FF000454BC7F8E43107F50473A3F50473504972
:10100000186817F09FFE0346002B08D1D7F8F4317B
:1010100003F5C473C7F8E0313B4BC7F8E43107F57B
:101020000473A3F503735B6837491846FFF758F953
:101030000346002B40F0968007F50473A3F5037375
:101040001B68C7F8F03107F50473A3F504733D4935
:10105000186817F077FE0346002B06D1D7F8F03159
:10106000C7F8E031384BC7F8E43107F50473A3F54E
:1010700004733649186817F065FE0346002B07D144
:10108000D7F8F0310833C7F8E0312F4BC7F8E43117
:1010900007F50473A3F504732D49186817F052FE81
:1010A0000346002B07D1D7F8F0311033C7F8E031F1
:1010B000254BC7F8E43107F50473A3F504732549FC
:1010C000186817F03FFE0346002B07D1D7F8F03120
:1010D0001C33C7F8E031204BC7F8E43107F504733F
:1010E000A3F504731D49186817F02CFE0346002B66
:1010F00038D1D7F8F0312033C7F8E031184BC7F8B2
:10110000E4312FE090A401088CA30108B0A30108EA
:1011100094A4010898A401089CA40108A0A40108B3
:1011200058A40108A4A40108A8A40108ACA40108BB
:10113000B4A40108BCA40108C4A40108CCA40108FB
:10114000D4A40108DCA40108E0A40108E8A4010873
:10115000ECA40108F0A40108F8A4010800A5010806
:1011600004A5010807F50473A3F503735B68404900
:101170001846FFF7B5F80346002B3ED107F5047378
:10118000A3F503731B68C7F8EC3107F50473A3F5E7
:1011900004733849186817F0D5FD0346002B06D1B3
:1011A000D7F8EC31C7F8E031334BC7F8E43107F535
:1011B0000473A3F504733149186817F0C3FD03469F
:1011C000002B07D1D7F8EC310433C7F8E0312A4BB4
:1011D000C7F8E43107F50473A3F5047328491868C8
:1011E00017F0B0FD0346002B07D1D7F8EC310833D8
:1011F000C7F8E031204BC7F8E43107F50473A3F5D5
:1012000003735B681F491846FFF76AF80346002B13
:1012100018D107F50473A3F503731B68C7F8E83109
:1012200007F50473A3F5047317491868FFF758F816
:101230000346002B06D1D7F8E831C7F8E0310E4B52
:10124000C7F8E43107F50473A3F501731B681A4668
:1012500007F5F07393E8030082E8030007F50473D1
:10126000A3F50173186807F50577BD4690BD00BF6B
:1012700004A501080CA5010814A5010818A501087A
:1012800020A50108F8A401089CA4010880B485B039
:1012900000AFF86087ED000BFB6893ED047B97EDE2
:1012A000006BB4EEC76BF1EE10FA04DDFB68D3E916
:1012B0000423C7E90023FB6893ED027B97ED006BE5
:1012C000B4EEC76BF1EE10FA04D5FB68D3E9022344
:1012D000C7E90023F968D7E90023C1E90023FB68C7
:1012E000DB69012B2ED1FB68DB6A002B2AD0FB685F
:1012F000DB6A002B26D0FB685B6A002B03F001033E
:10130000B8BF5B42FA680A339B0013445A68FB6813
:101310009B6ADB00D118D7E90023C1E90023FB68F1
:101320009B6A5A1CFB689A62FB681A6AFB689B6A94
:101330009A4207DCFB6800229A62FB685B6A5A1CCF
:10134000FB685A6200BF1437BD465DF8047B7047E6
:1013500080B5ADF6681D00AFBB494FF00002BB4B36
:10136000C1E90023B84B083338220021184617F092
:10137000E0FCB5494FF00002B54BC1E90223B24988
:101380004FF00002B34BC1E90623AF4B03F50E73D8
:1013900038220021184617F0CCFCAB49A0A3D3E9B2
:1013A0000023C1E98E23A8494FF00002AA4BC1E9EE
:1013B0009023A54B03F5467338220021184617F0F9
:1013C000B8FCA1494FF00002A44BC1E9C8239E49D3
:1013D0004FF000029F4BC1E9CA239B4B03F57E737C
:1013E00038220021184617F0A4FC97494FF000025C
:1013F000974BC1E9FE23944B03F5806319464FF0E8
:101400000002974BC1E900238F4B03F58263194615
:101410004FF000028E4B41E902238B4B03F58663AC
:1014200038220021184617F084FC874B03F58663A9
:1014300019464FF00002864BC1E90023824B03F5A9
:10144000886319464FF00002814BC1E900237E4BAF
:1014500003F5E86338220021184617F06AFC7A4B3E
:1014600003F5E86319464FF000027E4BC1E9002303
:10147000754B03F5EA6319464FF00002744B41E9DE
:101480000223714B03F5EA6319464FF00002764BD5
:10149000C1E900236C4B03F509633822002118468B
:1014A00017F047FC684B03F5096319464FF000023B
:1014B0004FF08043C1E90023634B03F50A631946EB
:1014C0004FF00002694BC1E900235F4B03F658035C
:1014D00038220021184617F02CFC5B4B03F50763FC
:1014E000194651A3D3E9002341E90223564B03F6E1
:1014F000C80338220021184617F01BFC524B03F595
:101500000E6319464FF00002514B41E902234E4B46
:1015100003F5106338220021184617F00AFC4A4BE5
:1015200003F5116319464FF000024D4B41E90223C8
:10153000454B03F5116319464FF00002444BC1E9D6
:101540000023414B03F58D6338220021184617F024
:10155000F0FB3D4B03F58E63194635A3D3E9002319
:1015600041E90223384B03F59063194632A3D3E9CE
:10157000002341E90223344B03F562733822002132
:10158000184617F0D6FB30494FF00002384BC1E93E
:10159000E6232D4B03F5707338220021184617F00F
:1015A000C8FB29494FF00002314BC1E9F02326491D
:1015B00023A3D3E90023C1E9F22323494FF000021A
:1015C0002B4BC1E9F423204B03F59463382200210F
:1015D000184617F0AEFB1C4B03F5966319464FF007
:1015E0000002244BC1E90023174B03F59B6338220B
:1015F0000021184617F09DFB134B03F59C63194619
:101600004FF000024FF0804341E902230E4B03F5F7
:101610009E6319464FF00002174B2FE0AFF3008096
:10162000FCA9F1D24D6280BF333333333333E33F10
:101630009A9999999999A93F9A9999999999B93F9C
:10164000FCA9F1D24D62503FD00000240000284098
:101650000000F03F000059400000E0BF000059C00A
:101660000000F0BF00003540000039400000244079
:1016700000003440000008400000144041E902230B
:10168000B94B03F5A26338220021184617F051FB2D
:10169000B54B03F5A4631946A3A3D3E9002341E99D
:1016A0000223B14B03F5A46319464FF00002AF4B80
:1016B000C1E90023AC4B03F5A96338220021184689
:1016C00017F037FBA84B03F5AA63194698A3D3E993
:1016D000002341E90223A44B03F5AC6319464FF004
:1016E0000002A34B41E902239F4B03F5E473382228
:1016F0000021184617F01DFB9B494FF000029D4B3F
:10170000C1E97623984B03F502633822002118467D
:1017100017F00FFB944B03F5026319464FF00002DC
:10172000954BC1E90023904B03F5036319464FF035
:101730000002924BC1E900238B4B03F5F66338227C
:101740000021184617F0F5FA874B03F5F8631946A0
:101750004FF00002864BC1E90023834B403338220F
:101760000021184617F0E5FA7F494FF00002844B3C
:10177000C1E914237C4B783338220021184617F036
:10178000D8FA79496CA3D3E90023C1E91E2376492D
:101790004FF000027B4BC1E9202373494FF0000258
:1017A000794BC1E92223704BB0333822002118460F
:1017B00017F0BFFA6C4962A3D3E90023C1E92C23D7
:1017C000694961A3D3E90023C1E92E2366494FF09B
:1017D0000002664BC1E93023634BE8333822002115
:1017E000184617F0A6FA60494FF00002644BC1E9B1
:1017F0003E235D4B03F5907338220021184617F005
:1018000098FA594952A3D3E90023C1E9482356491C
:101810004FF000025B4BC1E94A2353494FF00002ED
:10182000594BC1E94C23504B03F5AC7338220021CE
:10183000184617F07EFA4C4947A3D3E90023C1E9C3
:101840005623494940A3D3E90023C1E95823464917
:101850004FF000024A4BC1E95A23434B03F5EF63B3
:1018600038220021184617F064FA3F4B03F5F26363
:1018700019464FF000023F4B41E902233A4B03F671
:10188000381338220021184617F053FA364B03F567
:10189000156319464FF000023B4B41E90223324BDE
:1018A00003F5176338220021184617F042FA2E4B31
:1018B00003F5186319464FF00002334BC1E90023CA
:1018C000294B03F6A81338220021184617F031FAE5
:1018D000254B03F51C6319464FF000022A4B41E9E2
:1018E0000223214B03F5007338220021184617F01C
:1018F00020FA1D491AA3D3E90023C1E980231A491C
:101900004FF000021E4BC1E9822317494FF000023D
:101910001E4BC1E98423144B03F51C7338220021AC
:10192000184617F006FA33E00000000000408FC0B0
:101930003333333333330F40ACE0B721C66B7EBF54
:101940000000000000C04940F168E388B5F8E43EBB
:10195000FA7E6ABC749368BF9A99999999991040D4
:101960000000000000C06240D000002400408F4012
:1019700000001040000014400000344000003A40D5
:10198000000059400000F0BF0000F03F00407F40E1
:101990008D494FF000024FF08043C1E9A0238A4BEC
:1019A00003F52A7338220021184617F0C2F9864938
:1019B0004FF000024FF04043C1E9AC23824B03F5E6
:1019C000387338220021184617F0B3F97E4970A306
:1019D000D3E90023C1E9B8237B494FF000027B4BD8
:1019E000C1E9BC23784B03F5B063382200211846C7
:1019F00017F09FF9744B03F5B263194666A3D3E958
:101A00000023C1E90023704B03F5B763382200219E
:101A1000184617F08EF96C4B03F5B86319464FF072
:101A200000026B4BC1E90023674B03F5BA6319460B
:101A30004FF00002674B41E90223634B03F5BE639D
:101A400038220021184617F074F95F4B03F5C06384
:101A500019464FF00002604BC1E900235A4B03F5D1
:101A6000C56338220021184617F063F9564B03F579
:101A7000C86319464FF00002574B41E90223524B0D
:101A800003F5CC6338220021184617F052F94E4B6B
:101A900003F5CE6319464FF000024F4BC1E9002316
:101AA000494B03F5D36338220021184617F041F95A
:101AB000454B03F5D463194639A3D3E9002341E923
:101AC0000223414B03F5D663194637A3D3E900231C
:101AD00041E902233C4B03F5DA6338220021184622
:101AE00017F027F9384B03F5DA63194630A3D3E929
:101AF0000023C1E90023344B03F5DC6319464FF0A2
:101B00000002354BC1E900232F4B03F5E163382276
:101B10000021184617F00DF92B4B03F5E263194627
:101B200025A3D3E9002341E90223274B03F5E4630E
:101B300019464FF00002284B41E90223224B03F5DE
:101B4000FD6338220021184617F0F3F81E4B03F509
:101B5000FE6319464FF00002204B41E902231A4B65
:101B600003F5FE6319464FF000021B4BC1E9002349
:101B7000154B03F50063194611A3D3E9002341E98E
:101B8000022300BF07F66817BD4680BDAFF3008093
:101B9000666666666666D63F0000000000388F40C5
:101BA000F168E388B5F8E43E7B14AE47E17A843F00
:101BB0009A9999999999A93F9A9999999999C93F07
:101BC000000000000088C340D0000024000008404E
:101BD000000024C0000024400000F03F00409F406F
:101BE00080B5ADF6781D00AF07F67813A3F6741331
:101BF000186007F67813A3F6781319600023C7F866
:101C000074390023C7F870390023C7F86C3907F618
:101C10007813A3F66C1300221A7007F67813A3F654
:101C200074131868FEF766FB0346C7F86C39D7F8DB
:101C30006C3907F67812A2F67412126813443B222C
:101C40001A700023C7F8743937E0D7F8743907F6EB
:101C50007812A2F67412126813441B783B2B12D12F
:101C600007F60812D7F87039134400221A700023BF
:101C7000C7F8703907F10C0207F608131146184629
:101C800000F032F814E0D7F8743907F67812A2F6AB
:101C9000741212681344197807F60812D7F87039CD
:101CA00013440A461A70D7F870390133C7F87039EF
:101CB000D7F874390133C7F87439D7F87429D7F8CD
:101CC0006C399A42C1DD07F10C0207F67813A3F6CE
:101CD00078131146186817F0F4F80023184607F631
:101CE0007817BD4680BD000090B5DBB000AF07F5AA
:101CF000B473A3F5B273186007F5B473A3F5B473A6
:101D000019600023C7F864310023C7F8603100234D
:101D1000C7F8E43007F1E80360220021184617F005
:101D200008F80023C7F8803007F1840360220021FF
:101D3000184616F0FEFF07F5B473A3F5A67300224C
:101D40001A60043360220021184616F0F2FF07F5EE
:101D5000B473A3F5B273186800F0B6FA07F5B4735C
:101D6000A3F5B2731868FEF7C5FA0346C7F85031F9
:101D700014E0D7F8603107F5B472A2F5B2721268B8
:101D80001344197807F1E402D7F8603113440A4686
:101D90001A70D7F860310133C7F86031D7F8602185
:101DA000D7F850319A420ADAD7F8603107F5B472A1
:101DB000A2F5B272126813441B78202BD9D107F117
:101DC000E402D7F86031134400221A70D7F860316A
:101DD0000133C7F8603119E0D7F8603107F5B47204
:101DE000A2F5B27212681344197807F18002D7F88D
:101DF000643113440A461A70D7F860310133C7F8CA
:101E00006031D7F864310133C7F86431D7F8602105
:101E1000D7F850319A420ADAD7F8603107F5B47230
:101E2000A2F5B272126813441B78202BD4D107F1AB
:101E30008002D7F86431134400221A704FF0FF3348
:101E4000C7F85C310023C7F8583107F5B473A3F520
:101E5000AA73AA4A92E8030083E8030007F5B47363
:101E6000A3F5AE7107F5B473A3F5AA720B4692E819
:101E7000030083E8030054E0D7F85C310133C7F86E
:101E80005C310023C7F8583118E007F1E402D7F8B5
:101E90005C311344197807F5B473A3F5A672D7F82B
:101EA000583113440A461A70D7F858310133C7F82D
:101EB0005831D7F85C310133C7F85C3107F1E402DF
:101EC000D7F85C3113441B783A2B07D007F1E402B2
:101ED000D7F85C3113441B78002BD6D107F5B473C7
:101EE000A3F5A672D7F85831134400221A7007F5EB
:101EF000B473A3F5AE7107F5B473A3F5AA720B46DC
:101F000092E8030083E8030007F5B473A3F5AA7011
:101F100007F11C0307F5B472A2F5AA7206CAFEF710
:101F2000BFFB07F1E402D7F85C3113441B78002BA8
:101F3000A2D1D7F85C31B3F1FF3F9DD097F8803044
:101F40003F2B40F0E98007F5B473A3F5AA735B68F3
:101F50006B491846FEF7C4F90346002B0DD107F56F
:101F6000B473A3F5AA731B6893ED007B07F11C0300
:101F7000B0EE470B184600F07BFA07F5B473A3F5F3
:101F8000AA735B685F491846FEF7AAF90346002B5F
:101F90000DD107F5B473A3F5AA731B6893ED007B0D
:101FA00007F11C03B0EE470B184600F061FA07F585
:101FB000B473A3F5AA735B6853491846FEF790F90A
:101FC0000346002B10D107F5B473A3F5AA731B6861
:101FD0001B6807EE903AB8EEE77B07F11C03B0EE02
:101FE000470B184600F044FA07F5B473A3F5AA733B
:101FF0005B6846491846FEF773F90346002B5ED12D
:1020000007F5B473A3F5AA731B68C7F84831D7F86E
:102010004831DB68002B5CD0D7F848311B69002BB6
:1020200057D00023C7F854310023C7F854313EE09D
:10203000D7F848315B680133002B03F00103B8BFC8
:102040005B42D7F8482102339B0013445A68D7F803
:102050005431DB00134493ED007B07F11C03B0EE19
:10206000470B184600F004FA07F11C0207F5B47399
:10207000A3F5B4731146186816F07EFE07F5B47325
:10208000A3F5B4731868FEF735F903461A4607F549
:10209000B473A3F5B4731B6813441D491A460B4669
:1020A0001B881380D7F854310133C7F85431D7F85F
:1020B00048311B68D7F854219A42B9DB09E007F18F
:1020C0001C0207F5B473A3F5B4731146186816F033
:1020D00053FE07F5B473A3F5B4731868FEF70AF955
:1020E00003461A4607F5B473A3F5B4731B6813448B
:1020F00008491A460B461B881380D7E02CA5010817
:10210000E0A401088CA3010814A5010804A5010896
:1021100024A5010828A5010807F5B473A3F5AA733F
:102120005B6865491846FEF7DBF80346002B0DD1C6
:1021300007F5B473A3F5AA731C6807F1800318466A
:1021400000F029F9B0EE407B84ED007B07F5B47315
:10215000A3F5AA735B6859491846FEF7C1F8034610
:10216000002B10D107F5B473A3F5AA731C6807F10F
:102170008003184600F00FF9B0EE407BB0EE470B3D
:102180002046FFF783F807F5B473A3F5AA735B68DD
:102190004B491846FEF7A4F80346002B10D107F16F
:1021A0008003184600F0F7F8B0EE407B07F5B473F3
:1021B000A3F5AA731B68FDEEC77B17EE902A1A6081
:1021C00007F5B473A3F5AA735B683E491846FEF79A
:1021D00087F80346002B69D107F5B473A3F5AE73F6
:1021E0001B682033C7F84C3107F18003184600F014
:1021F000D2F8B0EE407BB5EEC07BF1EE10FA30DDE8
:1022000007F5B473A3F5AA731B6801221A60D7F807
:102210004C311B68002B03D1D7F84C310A221A60CD
:10222000D7F84C311B680821184616F0BFFA034650
:102230001A46D7F84C31DA60D7F84C311B680821C0
:10224000184616F0B3FA03461A46D7F84C311A610D
:10225000D7F84C3100229A60D7F84C3100225A60EE
:1022600024E007F5B473A3F5AA731B6800221A6073
:10227000D7F84C31DB68002B05D0D7F84C31DB6840
:10228000184616F0B7FAD7F84C311B69002B05D069
:10229000D7F84C311B69184616F0ACFAD7F84C3118
:1022A0000022DA60D7F84C3100221A610023184668
:1022B00007F5B677BD4690BDE0A401088CA30108E0
:1022C00014A50108F8A4010880B586B000AF7860B5
:1022D00000237B6100233B610023FB600023BB6084
:1022E0007868FEF707F803467B617B69642B05DDA0
:1022F00064237B6102E03B6901333B613B697A689F
:1023000013441B78202B38D13A697B699A42F2DB5F
:1023100033E03B697A6813441B78202B05D03B6976
:102320007A6813441B780A2B17D1BB68002B10D195
:102330000123BB603B697A681A44FB6879680B44E7
:1023400012781A70FB680133FB603B6901333B6113
:1023500013E03B6901333B610FE00023BB603B6945
:102360007A681A44FB6879680B4412781A70FB6823
:102370000133FB603B6901333B613A697B699A42F7
:10238000C7DBFB687A68134400221A7000231846E2
:102390001837BD4680BD80B58AB000AF7860002395
:1023A000FB6100233B617868FDF7A4FF03467B6176
:1023B0007B69013B7A6813441B780A2B02D17B6945
:1023C000013B7B610023BB6120E0BB697A68134459
:1023D0001B782E2B0BD1FB69012B04D14FF000028F
:1023E0004FF000033DE00123FB61BB693B61FB69EA
:1023F000012B08D1BB6901337A681A44BB6979683B
:102400000B4412781A70BB690133BB61BA697B69EE
:102410009A42DADB786816F0C5F9F860FB6807EED7
:10242000903AB8EEE77B87ED087BFB69002B16D06E
:102430007A693B69D31AC3F1010307EE903AB8EE0B
:10244000E77BB0EE471BB2EE040B17F01DFBB0EEBE
:10245000406B97ED087B27EE067B87ED087BD7E97D
:10246000082343EC172BB0EE470B2837BD4680BD41
:1024700080B58CB000AFF86087ED000B0023FB62E5
:1024800000233B6297ED007BB5EE407BF1EE10FA46
:1024900007D1FB6880491A460B461B88138000232E
:1024A000EAE097ED007BB5EEC07BF1EE10FA0DD5BA
:1024B000FB6AFA6813442D221A70FB6A0133FB622F
:1024C00097ED007BB1EE477B87ED007B6CA3D3E9F2
:1024D0000023C7E9062307E097ED066BB2EE045B25
:1024E00086EE057B87ED067B97ED067B9FED666BA1
:1024F000B4EEC67BF1EE10FA08DD97ED066B97EDB2
:10250000007BB4EEC76BF1EE10FAE5DC97ED060B3D
:1025100017F04AFAB0EE407BFDEEC77B17EE903A1B
:102520007B617B69002B24DA7B695B427B61FB6A00
:10253000FA68134430221A70FB6A0133FB62FB6AAB
:10254000FA6813442E221A70FB6A0133FB620123DE
:10255000BB620AE0FB6AFA68134430221A70FB6A15
:102560000133FB62BB6A0133BB62BA6A7B699A4280
:10257000F0DB00237B6276E00923BB6220E0BB6ACC
:1025800007EE903AB8EEE76B97ED067B26EE077BF9
:1025900097ED006B36EE477BB5EEC07BF1EE10FA9F
:1025A0000BDBBB6ADAB2FB6AF9680B443032D2B299
:1025B0001A70FB6A0133FB6205E0BB6A013BBB6238
:1025C000BB6A002BDBDABB6A07EE903AB8EEE76B2A
:1025D00097ED067B26EE077B97ED006B36EE477B8B
:1025E00087ED007B97ED066BB2EE045B86EE057B14
:1025F00087ED067B97ED067BB6EE006BB4EEC67BEF
:10260000F1EE10FA12D597ED067B9FED216BB4EE3B
:10261000C67BF1EE10FA09DDFB6AFA6813442E223C
:102620001A70FB6A0133FB6201233B6297ED007B6A
:10263000B5EE407BF1EE10FA12D13B6A002B0FD0C1
:10264000FB6A013BFA6813441B782E2B02D1FB6A0C
:10265000013BFB62FB6AFA68134400221A7005E032
:102660007B6A01337B627B6A092B85DDFB6AFA6832
:10267000134400221A70002318463037BD4680BD2F
:102680000000000084D797413A8C30E28E79453EB5
:102690009A9999999999A93F34A5010880B594B060
:1026A00000AFF860B9607A6005F0BCF90023BB6345
:1026B0000223FB6306233B6401237B642023BB646A
:1026C00007F1340207F138031146184605F0AAFA5B
:1026D0000346002B02D005F0DFF965E00023FB6420
:1026E0005CE0FA6C7B689A4206D2FB6CDB00BA684D
:1026F0001344D3E9002303E04FF0FF324FF0FF33E0
:10270000C7E90423FB6C01337A689A4207D9FB6C52
:102710000133DB00BA681344D3E9002303E04FF030
:10272000FF324FF0FF33C7E90623FB6C02337A68B0
:102730009A4207D9FB6C0233DB00BA681344D3E931
:10274000002303E04FF0FF324FF0FF33C7E90823C7
:10275000FB6C03337A689A4207D9FB6C0333DB00C6
:10276000BA681344D3E9002303E04FF0FF324FF07F
:10277000FF33C7E90A23FB6CDA00FB68134407F157
:1027800010021946012005F0BBF80346002B02D0C9
:1027900005F082F908E0FB6C0433FB64FA6C7B689B
:1027A0009A429ED305F078F95037BD4680BD80B47B
:1027B00087B000AFF860B9607A60FB683B610023C6
:1027C0007B610EE07B69DB003A6913447A69D200D1
:1027D000B9681144D3E90023C1E900237B690133BF
:1027E0007B617A697B689A42ECD300BF00BF1C37DB
:1027F000BD465DF8047B704780B592B000AF78604D
:10280000396005F00FF90023FB6202233B630723C5
:102810007B630123BB632023FB6307F1280207F1DD
:102820002C031146184605F0FDF90346002B02D093
:1028300005F032F967E03B683B6400237B645CE0B1
:102840007B6CB3F59E7F06D27B6CDB003A6C134445
:10285000D3E9002303E04FF0FF324FF0FF33C7E925
:1028600002237B6C0133B3F59E7F07D27B6C01336F
:10287000DB003A6C1344D3E9002303E04FF0FF324E
:102880004FF0FF33C7E904237B6C0233B3F59E7F1F
:1028900007D27B6C0233DB003A6C1344D3E900238C
:1028A00003E04FF0FF324FF0FF33C7E906237B6CA4
:1028B0000333B3F59E7F07D27B6C0333DB003A6CA6
:1028C0001344D3E9002303E04FF0FF324FF0FF330E
:1028D000C7E908237B6CDA007B68134407F1080220
:1028E0001946012005F00CF80346002B02D005F034
:1028F000D3F808E07B6C04337B647B6CB3F59E7F7C
:102900009ED305F0C9F84837BD4680BD80B582B07A
:1029100000AF786039607B684FF41E6219463868F2
:1029200016F0D7FA00BF0837BD4680BD80B483B02B
:1029300000AF78607B6893ED007BFCEEC77B17EE01
:10294000903A18460C37BD465DF8047B704700008E
:1029500080B52DED028B84B000AF01F017F9A74BC5
:102960005B6903F40033002B1BD1BFF34F8F00BF13
:10297000BFF36F8F00BFA14B0022C3F85022BFF3FB
:102980004F8F00BFBFF36F8F00BF9C4B5B699B4AAB
:1029900043F400335361BFF34F8F00BFBFF36F8F1A
:1029A00000E000BF954B5B6903F48033002B38D106
:1029B000924B0022C3F88420BFF34F8F00BF8F4B90
:1029C000D3F88030BB60BB685B0BC3F30E037B6046
:1029D000BB68DB08C3F309033B607B685A0143F61D
:1029E000E07313403A68920784491343C1F8603298
:1029F0003B685A1E3A60002BEFD17B685A1E7A6002
:102A0000002BE5D1BFF34F8F00BF7C4B5B697B4A46
:102A100043F480335361BFF34F8F00BFBFF36F8F19
:102A200000E000BF02F0F6FE00F0FEF84FF4FA708E
:102A300002F04CFF00F0FAFA00F0ACFA0AF09EFC4B
:102A400000F072FA00F06EF900F0C2F900F016FA28
:102A500002F0E4FAFEF77CFC694B93ED008B6948C9
:102A6000FFF764FF07EE900AB8EE677BB4EE478B82
:102A7000F1EE10FA04D062496248FFF7BDFE03E0B0
:102A80005F496048FFF742FF4FF47A725E495F4842
:102A9000FFF78DFE01224FF400615D4805F0FCFB5D
:102AA000002210215B4805F0F7FB002201215A4863
:102AB00005F0F2FB524BD3E980235849C1E90023CA
:102AC0004F4B93ED807B564B1B68FCEEC77B17EE9C
:102AD000902ADA624A4B93ED807BFCEEC77B17EEBF
:102AE000902A4F4BDA604E4B1B6800225A624C48CA
:102AF00009F0A0F84B480BF029F813F06BF9404BA4
:102B000003F5146313ED027BB7EE006BB4EE467B66
:102B1000F1EE10FA0DD13A4B03F5146319464FF05C
:102B200000024FF0000341E9022335493548FFF721
:102B300063FE334B03F5176393ED007BB7EE006B39
:102B4000B4EE467BF1EE10FA0DD12D4B03F5176371
:102B500019464FF000024FF00003C1E90023284955
:102B60002848FFF7D3FE264B03F51B6313ED027BCA
:102B7000B7EE006BB4EE467BF1EE10FA13D1204BAA
:102B800003F51B6319464FF000024FF0000341E9C3
:102B900002231C48FFF7CAFE07EE900AB8EE677BD7
:102BA000174B83ED027B164B93ED806B1B4B93ED24
:102BB000007BB4EE476BF1EE10FA9BD0104B93ED17
:102BC000807BFCEEC77B17EE903AFB60144809F05F
:102BD000A9F8134B1B68FA68DA62114AFB68D360E4
:102BE0000F4B1B6800225A620D4809F023F8044B72
:102BF000D3E980230949C1E900237BE700ED00E028
:102C0000D000002400001E08480E002400001C080C
:102C100000100258000C025800040258180000244A
:102C2000480C0024F82D002480B59CB000AF07F1BB
:102C300024034C220021184616F07BF83B1D20226D
:102C40000021184616F075F8022005F03FFB00231E
:102C50003B60324BDB6A314A23F00103D3622F4BD6
:102C6000DB6A03F001033B602D4B9B6923F4404377
:102C70002B4A43F480439361294B9B6903F44043FF
:102C80003B603B6800BF264B9B6903F40053B3F5E0
:102C9000005FF8D102237B6201233B6340237B6307
:102CA0000223BB640023FB6404233B650A237B658A
:102CB0000223BB650223FB6502233B660C237B6674
:102CC0000223BB660023FB6607F12403184605F0C8
:102CD00037FB0346002B01D001F0BEFD3F237B6094
:102CE0000323BB600023FB6000233B6100237B6167
:102CF0004023BB614FF48063FB6100233B623B1DBB
:102D00000121184605F04AFF0346002B01D001F0CF
:102D1000A3FD00BF7037BD4680BD00BF0004005852
:102D20000048025880B500AF274B284A1A60264B4E
:102D30004FF480025A60244B00229A60224B0722F3
:102D4000DA60214B00221A611F4B00225A611E4B90
:102D50004FF080629A611C4B4FF08052DA611A4B3F
:102D600000221A62184B00225A62174B00229A6204
:102D7000154B0022DA62144B4FF080425A63124B1B
:102D800000229A63104B0022DA630F4B00221A6470
:102D90000D4B00225A640C4B00229A640A4B00220D
:102DA000DA64094B00221A65074B00225A65064B6C
:102DB00000229A65044807F027FE0346002B01D045
:102DC00001F04AFD00BF80BDB00A00240038004079
:102DD00080B500AF274B284A1A60264B4FF480027B
:102DE0005A60244B00229A60224B0722DA60214B62
:102DF00000221A611F4B00225A611E4B4FF0806265
:102E00009A611C4B0022DA611A4B00221A62194B9C
:102E100000225A62174B00229A62164B0022DA6295
:102E2000144B4FF080425A63124B00229A63114BAD
:102E30000022DA630F4B00221A640E4B00225A6400
:102E40000C4B00229A640B4B0022DA64094B0022DF
:102E50001A65084B00225A65064B00229A65054800
:102E600007F0D2FD0346002B01D001F0F5FC00BFB6
:102E700080BD00BF380B00240034014080B500AF96
:102E8000274B284A1A60264B4FF480025A60244B85
:102E90004FF400329A60224B0722DA60204B002266
:102EA0001A611F4B00225A611D4B4FF080629A61DC
:102EB0001B4B0022DA611A4B00221A62184B0022C7
:102EC0005A62174B00229A62154B0022DA62144BA9
:102ED0004FF080425A63124B00229A63104B00223B
:102EE000DA630F4B00221A640D4B00225A640C4B1C
:102EF00000229A640A4B0022DA64094B00221A6508
:102F0000074B00225A65064B00229A65044807F0D9
:102F10007BFD0346002B01D001F09EFC00BF80BD6D
:102F2000C00B00240050014080B584B000AF3B1DB1
:102F300000221A605A609A60144B154A1A60134BAB
:102F40004F225A60114B00229A60104B9622DA6091
:102F50000E4B00229A610D4808F015FE0346002B27
:102F600001D001F079FC00237B600023FB603B1D56
:102F70001946064809F0E6F80346002B01D001F097
:102F80006BFC00BF1037BD4680BD00BF480C00245D
:102F90000014004080B500AF224B234A1A60214B39
:102FA0004FF4E1325A601F4B00229A601D4B002201
:102FB000DA601C4B00221A611A4B0C225A61194B21
:102FC00000229A61174B0022DA61164B00221A6226
:102FD000144B00225A62134B00229A62114809F0E6
:102FE0005DF90346002B01D001F036FC00210D48AD
:102FF0000AF0FAF80346002B01D001F02DFC002165
:1030000008480AF02FF90346002B01D001F024FCF8
:1030100004480AF0B0F80346002B01D001F01CFC74
:1030200000BF80BD940C00240048004080B58EB0E5
:1030300000AF07F1240300221A605A609A60DA6038
:103040001A61A04BD3F8E0309E4A43F01003C2F857
:10305000E0309C4BD3F8E03003F010033B623B6A56
:10306000984BD3F8E030974A43F00403C2F8E030BD
:10307000944BD3F8E03003F00403FB61FB69914B00
:10308000D3F8E0308F4A43F02003C2F8E0308D4B94
:10309000D3F8E03003F02003BB61BB69894BD3F860
:1030A000E030884A43F08003C2F8E030854BD3F823
:1030B000E03003F080037B617B69824BD3F8E03022
:1030C000804A43F00103C2F8E0307E4BD3F8E03091
:1030D00003F001033B613B697A4BD3F8E030794A56
:1030E00043F00203C2F8E030764BD3F8E03003F04F
:1030F0000203FB60FB68734BD3F8E030714A43F086
:103100004003C2F8E0306F4BD3F8E03003F04003E7
:10311000BB60BB686B4BD3F8E0306A4A43F00803EE
:10312000C2F8E030674BD3F8E03003F008037B606F
:103130007B6800224021644805F0AEF8002201219E
:10314000624805F0A9F8002245F20101604805F047
:10315000A3F8002240F602015E4805F09DF8002227
:1031600004215D4805F098F8002250215B4805F0E5
:1031700093F810237B620023BB620023FB6207F1FC
:1031800024031946534804F0BFFE40237B62012309
:10319000BB620023FB6200233B6307F12403194653
:1031A000494804F0B1FE01237B620123BB62002386
:1031B000FB6200233B6307F124031946434804F0F4
:1031C000A3FE44F201037B620123BB620023FB6286
:1031D00003233B6307F1240319463D4804F094FEA2
:1031E00001237B620023BB620223FB6207F12403FD
:1031F0001946394804F088FE4FF400637B620123CE
:10320000BB620023FB6200233B6307F124031946E2
:10321000304804F079FE4FF400637B620023BB6208
:103220000223FB6207F124031946294804F06CFECF
:103230004FF480537B620123BB620023FB620023B7
:103240003B6307F124031946214804F05DFE4FF467
:1032500002537B620023BB620023FB6207F124035D
:1032600019461E4804F050FE04237B620123BB6212
:103270000023FB6200233B6307F124031946164831
:1032800004F042FE50237B620123BB620023FB62F9
:1032900000233B6307F124031946104804F034FE71
:1032A00002237B620123BB620023FB6203233B6397
:1032B00007F124031946074804F026FE00BF3837FB
:1032C000BD4680BD00440258001402580008025850
:1032D000000402580010025800180258000C02584E
:1032E00080B483B000AF786000E000BF7B685A1EF6
:1032F0007A60002BF9D100BF00BF0C37BD465DF8E6
:10330000047B704780B500AF074B10229A61042000
:10331000FFF7E6FF044B4FF480129A611420FFF789
:10332000DFFF00BF80BD00BF000C025880B584B035
:1033300000AF78600023FB6004E0FFF7E3FFFB6869
:103340000133FB60FA687B689A42F6DB00BF00BF7E
:103350001037BD4680BD000080B483B000AF0023AD
:103360007B6009E07B6801337B607B6842F210720E
:10337000934201D9002306E0064B1B6903F080034A
:10338000002BEFD1012318460C37BD465DF8047BB6
:10339000704700BF000C025880B483B000AF002318
:1033A0007B6009E07B6801337B607B6842F21072CE
:1033B000934201D9002306E0064B1B6903F010037A
:1033C000002BEFD1012318460C37BD465DF8047B76
:1033D000704700BF0010025880B584B000AF0023D2
:1033E0007B600520FFF77CFFFFF7B6FF0346002B4D
:1033F00003D12D4BD3E9002348E02C4B4FF0006262
:103400009A61642303222A492A4807F0F5FD0346FE
:10341000002B07D0254B4FF400629A61224BD3E971
:10342000002333E0214B4FF400629A613B1D0233CD
:103430001F4A12781A703B1D01331D4A52781A70C8
:103440003B1D1B4A92781A707B6807EE903AB8EEE3
:10345000677B9FED136B27EE067B87ED027B7B6816
:103460004FF4000293420AD3134B93ED007B37EEE7
:10347000077B97ED026B36EE477B87ED027B0A49AF
:10348000D7E90223C1E90023D7E9022343EC172B34
:10349000B0EE470B1037BD4680BD00BFAFF30080D4
:1034A000000000000000A03E380E0024001002586A
:1034B000580D0024380B00240000002400000000F8
:1034C00080B584B000AF00237B600320FFF708FFC6
:1034D000FFF762FF0346002B03D12D4BD3E90023F6
:1034E00048E02C4B4FF080529A61642303222A4912
:1034F0002A4807F081FD0346002B07D0254B4FF4E7
:1035000080529A61224BD3E9002333E0214B4FF4E0
:1035100080529A613B1D02331F4A12781A703B1D7C
:1035200001331D4A52781A703B1D1B4A92781A705B
:103530007B6807EE903AB8EE677B9FED136B27EE42
:10354000067B87ED027B7B684FF4000293420AD32F
:10355000134B93ED007B37EE077B97ED026B36EE56
:10356000477B87ED027B0A49D7E90223C1E90023A3
:10357000D7E9022343EC172BB0EE470B1037BD46BB
:1035800080BD00BFAFF30080000000000000A03E3F
:10359000400E002400040258240D0024B00A002428
:1035A0000000002480B500AFFFF78AFFB0EE407B3B
:1035B000094B83ED007B094B93ED486B064B93ED74
:1035C000007B36EE076B054B93ED567B26EE077BB3
:1035D000B0EE470B80BD00BFD00D0024D00000240A
:1035E00080B500AFFFF7DEFFB0EE406B044B03F594
:1035F000096393ED007B26EE077BB0EE470B80BDA1
:10360000D000002480B500AFFFF7E6FEB0EE407BAF
:10361000094B83ED007B094B93ED1E6B064B93ED3D
:10362000007B36EE076B054B93ED2C7B26EE077B7C
:10363000B0EE470B80BD00BFC00D0024D0000024B9
:1036400080B584B000AF87ED000B0122042136481D
:1036500004F022FE97ED006BB0EE005B86EE057B7A
:1036600087ED007B314B93ED007B97ED006BB4EE63
:10367000C76BF1EE10FA05DD2C4BD3E90023C7E947
:1036800000230CE097ED007BB5EEC07BF1EE10FA65
:1036900005D54FF000024FF00003C7E900239FED6E
:1036A000205B97ED007B87EE056BB0EE460B16F0C6
:1036B0003BFCB0EE407BFCEEC77B17EE903AFB6024
:1036C000FB681B01FB6007F10C0302331A78184BEF
:1036D0001A7007F10C0301331A78154B5A7007F171
:1036E0000C031A78124B9A7000224021114804F002
:1036F000D3FD642303220E490F4807F08BFA012201
:1037000040210C4804F0C8FD0620FFF7E9FD002227
:103710000421054804F0C0FD00BF1037BD4680BD40
:10372000000000000000D03E0018025800000024F5
:103730008C0D002400140258C00B002480B500AF8B
:103740004FF40061234804F08FFD0346012B03D1A1
:103750004FF00002204B02E04FF000021F4B2049C7
:10376000C1E900231E4B93ED007BB0EE470B1D48D3
:10377000FDF78CFD1C4B03F58E6313ED026B1B4BA9
:1037800093ED007BB4EEC76BF1EE10FA00DC1EE0A7
:10379000134B93ED007BB0EE470B1548FDF776FD1C
:1037A0000F4B93ED007BB5EEC07BF1EE10FA07DD19
:1037B000104B4FF480029A610F4B01229A6106E090
:1037C0000C4B40229A610C4B4FF480329A6100BF3F
:1037D00080BD00BF000402580000F03F0000F0BFB1
:1037E00008000024D0090024D0000024C80D0024C3
:1037F000C8040024000C0258000802580000000011
:1038000080B48BB000AFF86087ED000BFB68002B35
:10381000C0F2B181FB6840F2E632934200F3AB8123
:10382000BD4B03F5D46353E90223C7E9082397EDA1
:10383000086B97ED007B26EE077B87ED067BB74A8A
:10384000FB68DB00134493ED006B97ED067B36EECF
:10385000077BB24AFB68DB00134483ED007BFB6807
:103860000133AE4ADB00134493ED006BFB68013378
:1038700097ED067B36EE077BA84ADB00134483ED09
:10388000007BA64AFB68DB00134493ED007BB5EE9A
:10389000C07BF1EE10FA09D5A04AFB68DB00D11815
:1038A0004FF000024FF00003C1E900239B4AFB6880
:1038B000DB00134493ED007BB1EE046BB4EEC67BEA
:1038C000F1EE10FA08DD954AFB68DB00D1184FF0E5
:1038D0000002934BC1E90023FB6801338F4ADB00F0
:1038E000134493ED007BB5EEC07BF1EE10FA0AD5E0
:1038F000FB680133894ADB00D1184FF000024FF01A
:103900000003C1E90023FB680133844ADB00134450
:1039100093ED007BB1EE046BB4EEC67BF1EE10FAD2
:1039200009DDFB6801337D4ADB00D1184FF000024E
:103930007B4BC1E90023FB680133784ADB00134469
:1039400093ED006B754AFB68DB00134493ED007B3D
:10395000B4EEC76BF1EE10FA25D5704AFB68DB00B8
:10396000134493ED006BFB6801336C4ADB00134496
:1039700093ED007B36EE077BB6EE006B27EE067B01
:1039800087ED047B654AFB68DB00D118D7E9042387
:10399000C1E90023FB680133604ADB00D118D7E995
:1039A0000423C1E90023FB68002B34DDFB68013BE5
:1039B0005A4ADB00134493ED006B584AFB68DB0066
:1039C000134493ED007BB4EEC76BF1EE10FA22DDE9
:1039D000FB68013B514ADB00134493ED006B4F4AF7
:1039E000FB68DB00134493ED005BFB68013B4B4A33
:1039F000DB00134493ED007B35EE477B9FED445B8A
:103A000027EE057BFB68013B36EE077B434ADB0074
:103A1000134483ED007BFB6840F2E532934236DCD1
:103A2000FB6802333D4ADB00134493ED006BFB68F7
:103A300001333A4ADB00134493ED007BB4EEC76BCD
:103A4000F1EE10FA23D5FB680233344ADB0013444D
:103A500093ED006BFB680133304ADB00134493EDB8
:103A6000005BFB6802332D4ADB00134493ED007BBF
:103A700035EE477B9FED265B27EE057BFB68023327
:103A800036EE077B254ADB00134483ED007BFB68A1
:103A9000002B2EDDFB68013B204ADB00134493ED35
:103AA000007BB5EEC07BF1EE10FA0AD5FB68013B56
:103AB0001A4ADB00D1184FF000024FF00003C1E9B1
:103AC0000023FB68013B154ADB00134493ED007BA8
:103AD000B1EE046BB4EEC67BF1EE10FA09DDFB68C3
:103AE000013B0E4ADB00D1184FF000020C4BC1E93C
:103AF0000023FB6840F2E53293423DDCFB68023371
:103B0000064ADB00134493ED007B0BE0AFF300802B
:103B10009A9999999999B93FD0000024480E0024A8
:103B200000001440B5EEC07BF1EE10FA0AD5FB6838
:103B30000233144ADB00D1184FF000024FF00003AB
:103B4000C1E90023FB6802330E4ADB00134493ED06
:103B5000007BB1EE046BB4EEC67BF1EE10FA0BDD28
:103B6000FB680233074ADB00D1184FF00002064B16
:103B7000C1E9002300E000BF2C37BD465DF8047B9F
:103B8000704700BF480E00240000144080B584B088
:103B900000AF3B4600221A605A609A60DA6001F07A
:103BA000B9FF01233B7000237B70164B7B6007231A
:103BB0003B7200237B720023BB720323FB72002342
:103BC0003B7300237B730023BB730123FB733B46D2
:103BD000184601F0D7FF01237B700B4B7B600D2350
:103BE0003B720123BB7201237B730023FB733B46B3
:103BF000184601F0C7FF042001F0A4FF00BF1037F2
:103C0000BD4680BD000004300040043000000000CC
:103C100080B590B000AF78607B681B68B84A93426B
:103C200001D101F033FE7B681B68B64A934240F035
:103C3000DD85B54B01229A61B44B03F5F66393ED34
:103C4000007B9FEDAD6BB4EEC67BF1EE10FA40F356
:103C5000B681AE4B03F5F66393ED007BB7EE086BD0
:103C6000B4EEC67BF1EE10FA24D5A94B00221A60FF
:103C7000A8494FF000024FF00003C1E90023A34917
:103C80004FF000024FF00003C1E9E2239F4B03F520
:103C9000946319464FF000024FF08043C1E90023BE
:103CA0009A4B03F5F66319464FF000024FF080433C
:103CB000C1E90023954B03F5F66393ED007BB7EE66
:103CC000086BB4EEC67BF1EE10FA78DD8F4B03F58E
:103CD000F66393ED007BB0EE046BB4EEC67BF1EEC1
:103CE00010FA6CD58A4B1B6807EE903AB8EEE76B7A
:103CF000864B03F5FE6313ED027BB4EEC76BF1EE6A
:103D000010FA5CDD824B00221A60804B03F5F063F1
:103D100053E90223C7E90E237E4B93ED007BB2EEFD
:103D2000046B27EE067BB0EE470B16F0FDF8B0EE05
:103D3000407BFDEEC77B17EE903A3B62734B03F579
:103D4000AA6313ED027B97ED0E6BB4EEC76BF1EE39
:103D500010FA06D56D4B03F5AA6353E90223C7E9B0
:103D60000E236D4A3B6ADB00D118D7E90E23C1E967
:103D70000023684B93ED007B9FED5F6B37EE067B76
:103D8000644B83ED007B614B93EDE26B5F4B03F57E
:103D9000026393ED007BB4EEC76BF1EE10FA08DD21
:103DA0005A4B03F5F66319464FF000025B4BC1E92D
:103DB0000023584BD3E900235449C1E9E223534B74
:103DC00003F5F66393ED007BB0EE046BB4EEC67BB7
:103DD000F1EE10FA5BDD4D4B03F5F66393ED007BDE
:103DE000B0EE0C6BB4EEC67BF1EE10FA4FD5484B3B
:103DF0001B6807EE903AB8EEE76B444B03F5FE63A1
:103E000013ED025BB0EE004B85EE047BB4EEC76BA6
:103E1000F1EE10FA3BDD3E4B00221A603D4B93ED74
:103E2000007B9FED356B37EE467B3A4B83ED007B95
:103E3000384BD3E900233549C1E9E223334B93EDF5
:103E4000E27BB5EEC07BF1EE10FA20D82F494FF09F
:103E500000024FF00003C1E9E2232C4B03F5946309
:103E600019464FF000024FF00003C1E90023274B31
:103E700003F5F66319464FF000024FF00003C1E965
:103E800000234FF47A7224492548FEF707FC1F4BA4
:103E900003F5F66393ED007BB0EE0C6BB4EEC67BDE
:103EA000F1EE10FA40F38680184B03F5F66393EDBC
:103EB000007BB1EE026BB4EEC67BF1EE10FA79D561
:103EC000124B03F59463D3E900231649C1E900239B
:103ED0000E4B03F5946319464FF000024FF00003B8
:103EE000C1E900234FF000024FF00003C7E90C23A3
:103EF0000023FB6230E000BF9A9999999999B93FE4
:103F0000001000400014004000040258D0000024BB
:103F1000200E0024280E0024480E00240000084033
:103F200000001C08300E0024B54B03F5E86393ED48
:103F3000007BFDEEC77B17EE900AFFF7F7F9FFF75E
:103F400061FBB0EE406B97ED0C7B37EE067B87EDA7
:103F50000C7BFB6A0133FB62FB6A632BE4DD97EDAC
:103F60000C7BB1EE476B9FEDA05B86EE057B87ED8A
:103F70000C7BA34B93ED1E6BA14B93ED2C5B97ED4C
:103F80000C4B84EE057B36EE077B9D4B83ED1E7B51
:103F90009B4B03F5F66319464FF000024FF0000308
:103FA000C1E90023974BD3E90023954901F59461BA
:103FB000C1E90023944B1B680133934A1360904B73
:103FC00003F5B06393ED007BB0EE470B15F0ACFF4B
:103FD000B0EE407BFDEEC77B17EE903ABB62BB6A4A
:103FE000002B01DA0023BB62BB6AB3F57A7F02DBE8
:103FF00040F2E733BB62824B03F5BE6393ED007B77
:104000009FED7B6BB4EEC67BF1EE10FA15DD7C4BB9
:1040100003F5B86353E902237C48B96AC900014437
:10402000C1E90023764B03F5BE6319464FF0000249
:104030004FF00003C1E900230AE0744ABB6ADB00C9
:10404000134493ED007BB0EE470B7148FDF71EF96A
:104050006B4B03F5C66313ED027B9FED656BB4EE0E
:10406000C67BF1EE10FA0FDD4FF47A7267496948AA
:10407000FEF714FB624B03F5C66319464FF00002CE
:104080004FF0000341E902235D4B03F5946393ED88
:10409000007BB5EE407BF1EE10FA31D1584B03F5C1
:1040A000E86393ED007BFDEEC77B17EE900AFFF708
:1040B0003DF9FFF7A7FAB0EE407B574B83ED007B4D
:1040C000554BD3E900234E49C1E91023FFF788FA85
:1040D000B0EE407B4A4B83ED3A7B9FED470BFFF7F9
:1040E000AFFA4E494FF000024FF00003C1E9002340
:1040F0009FED410B4A48FDF7C9F8FFF71FFB71E33D
:104100003F4B03F5946393ED007BB7EE006BB4EE89
:10411000467BF1EE10FA0CD0394B03F5946393ED26
:10412000007BB0EE006BB4EE467BF1EE10FA40F08F
:104130002383334B03F5E86393ED007BFDEEC77BF0
:1041400017EE900AFFF7F2F8FFF75CFAB0EE407B4B
:10415000314B83ED007B2A4B03F5946393ED007B99
:10416000B7EE006BB4EE467BF1EE10FA67D1FFF7C5
:1041700019FAB0EE407B2B4B83ED007B204B03F50F
:10418000096393ED006B274B93ED007B26EE077BD5
:10419000254B83ED007B1A4B03F5066313ED026B91
:1041A000214B93ED007BB4EEC76BF1EE10FA06DD08
:1041B0001D494FF000024FF00003C1E90023012127
:1041C0001A4804F051F80346012B33D116494FF039
:1041D00000024FF00003C1E900239FED070B1448D4
:1041E000FDF754F82BE000BF00000000000059402C
:1041F0009A9999999999B93F000000000000000030
:10420000D0000024300E0024200E0024480E00248C
:104210008806002400001C08C80D0024F80D0024A6
:10422000E0050024D80D0024E00D002400180258F9
:1042300098090024B7EE000BB348FDF727F8B34BFD
:1042400003F5946393ED007BB0EE006BB4EE467B18
:10425000F1EE10FA05D1AD4BD3E9E223AC49C1E947
:104260000023FFF76BFAA94B93EDFE6BA94B93ED7F
:10427000007BB4EE476BF1EE10FA05D1A44B93ED41
:10428000007BB0EEC77B01E09FED9B7BA04B83EDF5
:10429000007B9E4B03F5096393ED006B9E4B93ED02
:1042A000007B26EE077B994B83ED3A7B9B4BD3E952
:1042B00000239649C1E91023994B93ED006B944B71
:1042C00093ED007B36EE477BB0EEC76B8F4B93EDE3
:1042D000B87BB4EEC76BF1EE10FA14DD914B0122FE
:1042E0001A608A4B03F5F66393ED007B9FED846BB8
:1042F000B4EEC67BF1EE10FA08D59FED7F0B8A482D
:10430000FCF7C4FF02E0874B00221A60804BD3E920
:1043100000238349C1E900237C4BD3E98E238349E1
:10432000C1E90023794B03F59C6313ED026B784BD5
:1043300093ED007B36EE076B7D4B93ED007BB4EE87
:10434000C76BF1EE10FA1ED5794B93ED006B6F4BF6
:1043500003F59C6313ED027B36EE477B744B83EDD4
:10436000007B6A4B03F5F66393ED007B9FED646B76
:10437000B4EEC67BF1EE10FA3CD59FED5F0B6A48B8
:10438000FCF784FF36E0624B93ED006B5F4B03F567
:104390009C6313ED027B36EE476B654B93ED007B20
:1043A000B4EEC76BF1EE10FA1EDD584B03F59C63BB
:1043B00013ED026B5E4B93ED007B36EE077B5C4B9F
:1043C00083ED007B514B03F5F66393ED007B9FED8E
:1043D0004C6BB4EEC67BF1EE10FA0BD59FED460B9D
:1043E0005148FCF753FF05E0494BD3E900235049FE
:1043F000C1E90023494B93ED006B4D4B93ED007BDE
:1044000036EE477B4B4B83ED007B494B93ED007BB6
:10441000B2EE046B27EE067BFDEEC77B17EE903AFB
:104420007B627B6A002B01DA00237B627B6A40F2AD
:10443000E632934202DD40F2E6337B623C4B93ED81
:10444000007BB2EE046B27EE066B7B6A07EE903AB8
:10445000B8EEE77B36EE477B87ED067B364A7B6A14
:10446000DB00134493ED007BB5EEC07BF1EE10FA58
:104470006ADD7B6A0133304ADB00134493ED007B35
:10448000B5EEC07BF1EE10FA5EDD7B6A01332A4A9D
:10449000DB00134493ED006B274A7B6ADB00134477
:1044A00093ED007B36EE477B87ED047B97ED040BA5
:1044B0002248FCF7EBFE204A7B6ADB00134493EDB5
:1044C000006B97ED065B97ED047B25EE077B36EEE0
:1044D000077B1B4B83ED007B1A4B1B68012B04D120
:1044E0009FED050B1048FCF7D1FE164B00221A6019
:1044F00042E000BFAFF300800000000000000000B9
:104500009A9999999999B93F98090024D000002463
:10451000E00D002408000024D80D0024C80D00245C
:10452000E80D00241C0E0024E0050024100E0024D9
:10453000F00D0024F80D0024480E00244003002450
:1045400010000024180E0024B34B1B68012B05D16A
:10455000B24BD3E90023B249C1E90023B04BD3E900
:104560000023B049C1E900239FEDA30BAE48FCF73F
:104570008DFEAE4B01221A60AD4B93ED007B9FED9B
:10458000A06BB4EEC67BF1EE10FA14DDA94B03F577
:10459000AA6313ED026BA34B93ED007BB4EEC76BE4
:1045A000F1EE10FA07DDA34B03F5AA6353E90223EA
:1045B0009C49C1E900239F4B93ED8E6B9D4B93ED7E
:1045C000AA5B9C4B93ED9C7B25EE077B36EE077B2D
:1045D000994B83ED007B974B93ED926B964B93ED4C
:1045E000007BB4EEC76BF1EE10FA05D5914BD3E921
:1045F00092239149C1E900238E4B93ED906B8E4B32
:1046000093ED007BB4EEC76BF1EE10FA05DD894B3C
:10461000D3E990238849C1E90023874B93ED007BC0
:10462000B0EE470B8548FCF731FE824B03F5A263E1
:1046300093ED006B804B93ED007B26EE076B794B7F
:1046400093ED007B36EE077B744B83ED007B734B61
:1046500093ED007BB0EE470B7948FCF717FE6F4BEC
:1046600093ED007BB0EE470BFEF7EAFF6B4B93ED4B
:10467000006B6C4B93ED007B36EE477B87ED027B46
:104680006C4B03F5CC6393ED007BB6EE006BB4EEA0
:10469000C67BF1EE10FA5FDD664B03F5F66393ED32
:1046A000007B9FED576BB4EEC67BF1EE10FA53D54D
:1046B0005F4B93ED007B9FED526BB4EEC67BF1EE4A
:1046C00010FA49DD5F4B93ED006B594B93ED007B86
:1046D00036EE477BB0EEC77B9FED4B6BB4EEC67BEF
:1046E000F1EE10FA38D5584B93ED007BB0EEC76B66
:1046F000504B03F5DA6393ED007BB4EEC76BF1EE3C
:1047000010FA29D597ED027BB0EEC76B494B03F544
:10471000E26313ED027BB4EEC76BF1EE10FA1BD52A
:10472000444B03F5AA6313ED026B3C4B93ED007B06
:10473000B4EEC76BF1EE10FA0ED5384B93ED007B5B
:104740009FED336BB4EEC67BF1EE10FA04D597ED16
:10475000020B786AFFF754F8364B03F5A26393ED2A
:10476000006B394B93ED007B36EE077BB0EE470BC9
:104770003648FCF78BFD35E02E4B03F5946393ED43
:10478000007BB0EE086BB4EE467BF1EE10FA29D157
:10479000284B03F5E86393ED007BFDEEC77B17EE36
:1047A000900AFEF7C3FDFEF72DFFB0EE407B284BCD
:1047B00083ED007B264BD3E900231E49C1E910237A
:1047C000FEF70EFFB0EE407B1A4B83ED3A7BFEF70F
:1047D000B5FF184B03F5F06313ED027BB0EE470B0A
:1047E000FEF72EFF1B4B4FF480329A6100BF40371B
:1047F000BD4680BDAFF30080000000000000000057
:104800009A9999999999B93F7B14AE47E17A943F67
:10481000EC51B81E85EB13401C0E0024000E002442
:10482000080E00241000002440030024180E002469
:10483000F00D0024D0000024100E0024E803002412
:1048400048080024E00D0024F80D0024E0050024B1
:10485000C80D00240004025880B400AF72B600BF37
:1048600000BFFDE780B483B000AF0A4BD3F8F4304B
:10487000084A43F00203C2F8F430064BD3F8F43090
:1048800003F002037B607B6800BF0C37BD465DF818
:10489000047B70470044025880B5BEB000AF78601A
:1048A00007F1E40300221A605A609A60DA601A6124
:1048B00007F12803BC220021184614F03AFA7B685D
:1048C0001B68814A934267D14FF48053BB62002337
:1048D000C7F8843007F12803184604F02DFD03467D
:1048E000002B01D0FFF7B8FF784BD3F8E830774AB8
:1048F00043F48043C2F8E830744BD3F8E83003F453
:1049000080437B627B6A714BD3F8E0306F4A43F09F
:104910000403C2F8E0306D4BD3F8E03003F0040339
:104920003B623B6A694BD3F8E030684A43F00803C6
:10493000C2F8E030654BD3F8E03003F00803FB61C8
:10494000FB690C23C7F8E4300223C7F8E8300023E2
:10495000C7F8EC300023C7F8F0300523C7F8F4306F
:1049600007F1E40319465A4803F0CEFA0823C7F8C2
:10497000E4300223C7F8E8300023C7F8EC30002306
:10498000C7F8F0300523C7F8F43007F1E4031946FF
:10499000504803F0B9FA92E07B681B684E4A934294
:1049A00044D14FF40053BB620023C7F8883007F1AD
:1049B0002803184604F0C0FC0346002B01D0FFF783
:1049C0004BFF424BD3F8F030404A43F40053C2F857
:1049D000F0303E4BD3F8F03003F40053BB61BB69B9
:1049E0003A4BD3F8E030394A43F01003C2F8E030D4
:1049F000364BD3F8E03003F010037B617B694FF452
:104A00004153C7F8E4300223C7F8E8300023C7F861
:104A1000EC300023C7F8F0300523C7F8F43007F175
:104A2000E40319462D4803F06FFA48E07B681B68E1
:104A30002B4A934243D14FF40053BB620023C7F883
:104A4000883007F12803184604F076FC0346002B53
:104A500001D0FFF701FF1D4BD3F8F0301B4A43F4A0
:104A60008013C2F8F030194BD3F8F03003F4801300
:104A70003B613B69154BD3F8E030144A43F0200307
:104A8000C2F8E030114BD3F8E03003F02003FB60B4
:104A9000FB684FF42073C7F8E4300223C7F8E8300E
:104AA0000023C7F8EC300023C7F8F0300523C7F81F
:104AB000F43007F1E40319460A4803F025FA00BF71
:104AC000F837BD4680BD00BF0038004000440258A2
:104AD00000080258000C025800340140001002582F
:104AE000005001400014025880B584B000AF7860D7
:104AF0007B681B680E4A934216D10E4BD3F8E83000
:104B00000C4A43F02003C2F8E8300A4BD3F8E830EF
:104B100003F02003FB60FB6800220021372000F037
:104B2000D1FF372000F0E8FF00BF1037BD4680BD41
:104B3000001400400044025880B5B8B000AF78605F
:104B400007F1CC0300221A605A609A60DA601A6199
:104B500007F11003BC220021184614F0EAF87B6824
:104B60001B68254A934242D102233B610023C7F8C8
:104B7000843007F11003184604F0DEFB0346002BD7
:104B800001D0FFF769FE1D4BD3F8E8301B4A43F410
:104B90008023C2F8E830194BD3F8E83003F48023BF
:104BA000FB60FB68154BD3F8E030144A43F0080370
:104BB000C2F8E030114BD3F8E03003F00803BB60DB
:104BC000BB684FF44073C7F8CC300223C7F8D0302D
:104BD0000023C7F8D4300223C7F8D8300723C7F81A
:104BE000DC3007F1CC031946054803F08DF900BF0E
:104BF000E037BD4680BD00BF004800400044025879
:104C0000000C025880B590B000AF78607B680F2B25
:104C100027D800227968362000F054FF362000F0B3
:104C20006BFF294A7B681360284BD3F8E830274A8A
:104C300043F01003C2F8E830244BD3F8E83003F017
:104C40001003FB60FB6807F1100207F11403114623
:104C5000184604F02FFBBB6ABB63BB6B002B06D16D
:104C600001E001232BE004F0F9FAF86304E004F01A
:104C7000F5FA03465B00FB63FB6B154AA2FB0323BB
:104C80009B0C013B7B63134B134A1A60114B40F2A0
:104C9000E732DA600F4A7B6B53600E4B00221A61D9
:104CA0000C4B00229A600B4806F06DFF0346002B68
:104CB00004D1084806F0BEFF034600E00123184671
:104CC0004037BD4680BD00BF2C0000240044025880
:104CD00083DE1B43882D00240010004080B400AF09
:104CE00000BFFDE780B400AF00BFFDE780B400AFB8
:104CF00000BFFDE780B400AF00BFFDE780B400AFA8
:104D000000BFFDE780B400AF00BFBD465DF8047B87
:104D1000704780B400AF00BFBD465DF8047B7047AC
:104D200080B400AF00BFBD465DF8047B704780B41F
:104D300000AF00BFBD465DF8047B704780B500AF93
:104D4000024807F01EF800BF80BD00BF882D002478
:104D500080B500AF024807F014F800BF80BD00BF67
:104D6000480C002480B500AF024801F0DDFB00BF15
:104D700080BD00BF442E002480B400AF012318463C
:104D8000BD465DF8047B704780B483B000AF7860A7
:104D90003960054B16221A604FF0FF3318460C3766
:104DA000BD465DF8047B7047AC61002480B582B0DD
:104DB00000AF78604FF0FF317868FFF7E5FF00BF84
:104DC000FDE780B586B000AFF860B9607A60002377
:104DD0007B610AE0AFF300800146BB685A1CBA60F1
:104DE000CAB21A707B6901337B617A697B689A4227
:104DF000F0DB7B6818461837BD4680BD80B586B0AD
:104E000000AFF860B9607A6000237B6109E0BB689D
:104E10005A1CBA601B781846AFF300807B690133D7
:104E20007B617A697B689A42F1DB7B6818461837A8
:104E3000BD4680BD80B483B000AF78604FF0FF33D3
:104E400018460C37BD465DF8047B704780B483B0CC
:104E500000AF786039603B684FF400525A6000231D
:104E600018460C37BD465DF8047B704780B483B0AC
:104E700000AF7860012318460C37BD465DF8047B0F
:104E8000704780B485B000AFF860B9607A600023E5
:104E900018461437BD465DF8047B704780B487B070
:104EA00000AF7860144A154BD31A7B617B693B6174
:104EB000134B1B68002B02D1114B124A1A60104B86
:104EC0001A687B6813443A699A4205D20E4B0C2249
:104ED0001A604FF0FF3309E0094B1B68FB60084B79
:104EE0001A687B681344064A1360FB6818461C372F
:104EF000BD465DF8047B70470000082400040000F4
:104F0000D42D0024B8610024AC61002480B400AF2B
:104F1000374BD3F88830364A43F47003C2F88830F0
:104F2000344B1B6803F00F03062B07D8314B1B686B
:104F300023F00F032F4A43F0070313602E4B1B6827
:104F40002D4A43F0010313602B4B00221A612A4BB8
:104F50001A682949294B13400B60264B1B6803F044
:104F60000803002B07D0234B1B6823F00F03214AB3
:104F700043F007031360204B00229A611E4B00226E
:104F8000DA611D4B00221A621B4B1D4A9A621A4BB2
:104F90001C4ADA62184B1C4A1A63174B00225A63E8
:104FA000154B194A9A63144B0022DA63124B164AC6
:104FB0001A64114B00225A640F4B1B680E4A23F4EB
:104FC000802313600C4B00221A66104B1A68104B9A
:104FD0001340B3F1005F02D20E4B01221A600E4B58
:104FE00043F2D2021A6000BFBD465DF8047B7047F1
:104FF00000ED00E000200052004402587FEDF6EA88
:10500000000202020000FF01800201010010005CAA
:105010000000FFFF088100510040005280B582B0BF
:1050200000AF0CF02BF978600A220E4978680BF07B
:105030007FF80346FB7097F90330002B09D1FF215D
:1050400078680BF02DF97860074978680CF096F9CC
:1050500003E07968012009F051FC00BF0837BD4624
:1050600080BD00BFFC2D00246D50000890B587B0B6
:1050700000AFF860B9601346FB710121B8680BF00E
:105080000BFF0C2009F03AFA38613B69002B2DD058
:105090003B6901221A703B69BA685A603B69002279
:1050A0005A703B6900229A603969B8680CF0EEF8D2
:1050B0001449B8680CF0FCF81349B8680CF03CF9D6
:1050C00000221249B8680CF071F9114B1C68104BA2
:1050D0001B681846FBF70EF903469AB201232146D6
:1050E000B8680FF00FF80023FB7505E03969B86860
:1050F00000F067F9FF23FB7597F9173018461C3746
:10510000BD4690BD15510008495200086D52000877
:105110002800002480B588B000AFF860B9607A60DC
:10512000FB70FB68002B05D1434BC8224349444820
:1051300013F09AFDFB68BB617B68002B16D1BB693D
:1051400003221A70BB699B68002B04D1B969B86847
:1051500000F037F907E03B49B8680CF0CBF8B969C3
:10516000B86800F0DBF80023FB775FE097F90330C5
:10517000002B0BD07B68002B05D0BB6900229A6006
:1051800078680AF031FAFB78FB774FE0BB691B784F
:10519000012B10D1BB6902221A70BB697A689A6030
:1051A0002849B8680CF0A6F8B969B86800F030F979
:1051B0000023FB773AE0BB691B78022B15D1BB6952
:1051C0009B68002B07D1BB697A689A60B969B86897
:1051D00000F01EF906E0BB699B687B61796878691D
:1051E0000AF01AFB0023FB7720E0BB691B78032B36
:1051F0000ED17B681B891946B8680BF067F9BB694B
:1052000000229A6078680AF0EFF90023FB770DE03E
:105210007B681B891946B8680BF058F9BB690022F6
:105220009A6078680AF0E0F90023FB7797F91F305D
:1052300018462037BD4680BD3CA5010858A5010889
:1052400064A50108CD52000880B584B000AF786035
:105250000B46FB707B68FB60FB68002B02D0F86894
:1052600008F0E6FF00BF1037BD4680BD80B584B0B2
:1052700000AF786039607B68BB60BB68002B17D0DB
:10528000BB689B68002B08D00F4938680CF032F8D7
:10529000B968386800F042F807E0BB681B78032B58
:1052A00003D1B968386800F08CF80023FB7304E080
:1052B00038680AF031FFF323FB7397F90F30184673
:1052C0001037BD4680BD00BFCD52000880B586B006
:1052D00000AFF860B9601346FB80FB687B617B69B7
:1052E00000225A707B699B68002B08D00A49B86875
:1052F0000CF000F87969B86800F010F807E07B69F5
:105300001B78032B03D17969B86800F05AF80023A1
:1053100018461837BD4680BDCD52000880B586B00E
:1053200000AF786039600023FB7536E03B689B680E
:105330003B613B6959683B695A89012378680EF0E3
:10534000E1FE0346FB7597F91730002B1DD13B6931
:105350005B89FB813B691A683B689A603B689B6884
:10536000002B04D03B689B6818460AF0DDF93869C9
:105370000AF03AF903467B737B7B002BF7D0FB895D
:10538000194678680BF0A2F807E097F91730B3F1E7
:10539000FF3F02D13B683A699A6097F91730002BBA
:1053A0000BD13B689B68002B07D03B689B685A89F0
:1053B0007B68B3F864309A42B8D900BF1837BD464D
:1053C00080BD80B582B000AF786039600021786818
:1053D0000BF05CFF002178680BF08CFF00217868EF
:1053E0000BF066FF002178680BF0A6FF0022002179
:1053F00078680BF0DBFF3B68002B02D0386808F0C0
:1054000017FF78680AF09EFD00BF0837BD4680BDD3
:1054100090B5B7B000AF786039600023C7F8D430DA
:105420003B681A78D7F8D4301A703B685A68D7F8B6
:10543000D4305A603B689A68D7F8D4309A6007F144
:10544000700364220021184613F073FC07F10C036B
:1054500064220021184613F06CFC3B689B68596875
:105460003B689B681B891A4607F17003184613F0C6
:1054700092FC07F10C0207F1700311461846FCF785
:10548000AFFB1E4B1A6807F10C031146184613F0C8
:1054900073FCD7F8D4309B6807F10C025A603B6864
:1054A0009B681A893B689B685B89D31A9CB207F199
:1054B0000C031846FAF71EFF03469AB2D7F8D43009
:1054C0009B68224492B21A8107F10C031846FAF73E
:1054D00011FF0246D7F8D4309B6892B25A81D7F8B0
:1054E000D4107868FFF71AFF3B689B6818460AF0EB
:1054F0007BF800BFDC37BD4690BD00BF280000240C
:10550000DFF834D0FFF702FD0C480D490D4A0023A7
:1055100002E0D458C4500433C4188C42F9D30A4A68
:105520000A4C002301E013600432A242FBD313F0C3
:10553000A1FCFDF70DFA70470000082400000024CC
:10554000B0000024D0F30108B0000024B4610024AE
:10555000FEE780B483B000AF786039607B68002BD1
:105560000BD03B68DB68002B07D03B689B68002BA7
:1055700003D03B681B69002B02D14FF0FF3314E0CE
:105580003B681A687B689A603B685A687B68DA6097
:105590003B68DA687B685A613B689A687B681A6185
:1055A0003B681A697B689A61002318460C37BD4630
:1055B0005DF8047B704780B586B000AF786000234B
:1055C000FB600023BB6000237B6100233B617B68A1
:1055D0005B68002B7CD17B689B68002B02D07B68CA
:1055E0009B6898477B6820221A6000237B611CE03F
:1055F0007B685B6907F108021221786998470346C6
:10560000002B03DA6FF004033B610BE0BB6803F08F
:105610001F037A699A4205D17B687A691A60002370
:105620003B6105E07B6901337B617B691F2BDFD91F
:105630007B681B681F2B02D96FF002033B613B693B
:10564000002B45D17B681B697A6810684FF40042D3
:10565000002198470346002B37DB7B685B697A683B
:10566000106807F10802002198470346002B28DB49
:105670007B689B6998470346FB601CE07B689B69DD
:10568000984703461A46FB68D31AB3F5FA7F0ED83B
:105690007B685B697A68106807F108020021984707
:1056A0000346002B07DA6FF004033B6110E06FF054
:1056B00001033B610CE0BB6803F40043002BDDD128
:1056C00006E06FF004033B6102E06FF003033B610F
:1056D0003B69002B12D17B689B6998470346FB60AE
:1056E00000BF7B689B69984703461A46FB68D31A3C
:1056F000B3F5FA6FF5D97B6801225A603B69184609
:105700001837BD4680BD80B584B000AF78600023F7
:10571000FB607B685B697A68106807F10C02012105
:1057200098470346002B02DA6FF004036EE07B68B3
:105730005B697A68106807F10C02012198470346FB
:10574000002B02DA6FF0040360E0FB6803F004034F
:10575000002B01D1012359E07B685B697A681068EE
:1057600007F10C02002198470346002B02DA6FF084
:1057700004034BE0FB6803F48053002B1BD1FB6850
:1057800003F40053002B06D0FB6803F48073002B56
:1057900001D002233AE0FB6803F40053002B01D050
:1057A000032333E0FB6803F48073002B01D0042350
:1057B0002CE005232AE07B685B697A68106807F1B2
:1057C0000C021F2198470346002B02DA6FF00403F6
:1057D0001CE0FB6803F48053002B01D1062315E085
:1057E000FB6803F01C03182B01D102230EE0FB68B9
:1057F00003F01C03082B01D1032307E0FB6803F02F
:105800001C03142B01D1042300E005231846103794
:10581000BD4680BD80B582B000AF032000F047F9DF
:1058200003F072FB0246154B9B691B0A03F00F0342
:105830001349CB5C03F01F0322FA03F37B600F4B89
:105840009B6903F00F030E4AD35C03F01F037A68D1
:1058500022FA03F30B4A13600B4A7B6813600F2094
:10586000FFF7D0F90346002B01D0012302E0FEF739
:10587000F9FF002318460837BD4680BD0044025892
:105880006CCF0108240000242000002480B400AF65
:10589000064B1B781A46064B1B681344044A1360D8
:1058A00000BFBD465DF8047B704700BF3000002498
:1058B000D82D002480B400AF034B1B681846BD46AA
:1058C0005DF8047B704700BFD82D002480B584B0FC
:1058D00000AF7860FFF7EEFFB8607B68FB60FB68A5
:1058E000B3F1FF3F05D00A4B1B781A46FB681344FF
:1058F000FB6000BFFFF7DEFF0246BB68D31AFA6801
:105900009A42F7D800BF00BF1037BD4680BD00BF28
:105910003000002480B400AF034B1B681B0C1846FA
:10592000BD465DF8047B70470010005C80B483B016
:1059300000AF7860064B5B6823F4600204497B6823
:1059400013434B6000BF0C37BD465DF8047B7047C6
:105950000004005880B485B000AF78607B6803F025
:105960000703FB600B4BDB68BB60BA684FF6FF03B5
:105970001340BB60FB681A02BB681A43064B134313
:10598000BB60044ABB68D36000BF1437BD465DF8F6
:10599000047B704700ED00E00000FA0580B400AF22
:1059A000044BDB681B0A03F007031846BD465DF88D
:1059B000047B704700ED00E080B483B000AF034685
:1059C000FB80B7F90630002B0BDBFB8803F01F02CE
:1059D0000749B7F906305B09012000FA02F241F8E5
:1059E000232000BF0C37BD465DF8047B704700BF25
:1059F00000E100E080B483B000AF03463960FB8073
:105A0000B7F90630002B0ADB3B68DAB20C49B7F96C
:105A100006301201D2B20B4483F800230AE03B683F
:105A2000DAB20849FB8803F00F03043B1201D2B23B
:105A30000B441A7600BF0C37BD465DF8047B7047F7
:105A400000E100E000ED00E080B489B000AFF86054
:105A5000B9607A60FB6803F00703FB61FB69C3F17F
:105A60000703042B28BF0423BB61FB690433062B07
:105A700002D9FB69033B00E000237B614FF0FF325A
:105A8000BB6902FA03F3DA43BB681A407B699A40A8
:105A90004FF0FF317B6901FA03F3D9437B680B4078
:105AA000134318462437BD465DF8047B704780B524
:105AB00082B000AF78607868FFF74CFF00BF08370E
:105AC000BD4680BD80B586B000AF0346B9607A6040
:105AD000FB81FFF763FF78617A68B9687869FFF73F
:105AE000B3FF0246B7F90E3011461846FFF782FFA2
:105AF00000BF1837BD4680BD80B582B000AF0346F9
:105B0000FB80B7F906301846FFF756FF00BF08378D
:105B1000BD4680BD80B400AFBFF35F8F00BF074BB1
:105B20005B6A064A23F480335362054B00225A60B5
:105B300000BFBD465DF8047B704700BF00ED00E08C
:105B400090ED00E080B483B000AF78600B4A7B68D2
:105B500043F0010353600A4B5B6A094A43F4803304
:105B60005362BFF34F8F00BFBFF36F8F00BF00BF03
:105B70000C37BD465DF8047B704700BF90ED00E038
:105B800000ED00E080B483B000AF78607B685A78A5
:105B90001D4B9A607B681B78002B29D01A4A7B68C2
:105BA0005B68D3607B681B7B1A077B68DB7A1B060C
:105BB0001A437B689B7ADB041A437B685B7B9B04FC
:105BC0001A437B689B7B5B041A437B68DB7B1B046B
:105BD0001A437B685B7A1B021A437B681B7A5B0063
:105BE00013437A6812781146074A0B43136105E0A4
:105BF000054B0022DA60044B00221A6100BF0C370B
:105C0000BD465DF8047B704790ED00E080B584B040
:105C100000AF78607B68002B01D10123C8E07B686E
:105C2000DB6E002B02D1786807F00AFD7B68232227
:105C3000DA66614BD3F8F4305F4A43F00203C2F8EE
:105C4000F4305D4BD3F8F43003F00203BB60BB6863
:105C50007B681B7A002B03D10020FFF767FE03E06F
:105C60004FF40000FFF762FE7B681B6803F580536A
:105C70001B687A68126843F0010302F580521360D2
:105C8000FFF718FEF8600FE0FFF714FE0246FB680E
:105C9000D31AB3F5FA7F07D97B6804225A677B6869
:105CA000E022DA66012383E07B681B6803F58053FA
:105CB0001B6803F00103002BE6D1786801F0A2FA1B
:105CC00003F09CFA03463D4AA2FB03239A0C7B682F
:105CD0001B68013AC3F8DC20786801F0F5F97B68AD
:105CE0001B6803F58053D3F8003123F4E0137A687E
:105CF000126843F4002302F58052C2F800317B6839
:105D00005B6903F00303002B07D07B6801225A670D
:105D10007B68E022DA6601234AE07B681B6803F5B2
:105D20008053D3F80821264B13407A6852695100FA
:105D30007A6812680B4302F58052C2F8083178681D
:105D400001F0B8FA786801F0FEFA7B685B68053309
:105D50001B781A027B685B6804331B7819467B68E2
:105D60001B680A43C3F800237B685B6803331B7816
:105D70001A067B685B6802331B781B041A437B6836
:105D80005B6801331B781B021A437B685B681B78D6
:105D900019467B681B680A43C3F804237B6800220A
:105DA0005A677B681022DA667B6810221A67002324
:105DB00018461037BD4680BD0044025883DE1B43A1
:105DC0000180FFFF80B487B000AFF860B9607A60EF
:105DD0003B60FA68BB6810339B0013445B687B61CF
:105DE0007B68002B02D0BB68032B04D9FB6801221F
:105DF0005A67012321E07A687B691A607A687B69B7
:105E00001A617B69DB6843F080727B69DA603B680A
:105E1000002B0BD03A687B699A603A687B695A61BB
:105E20007B69DB6843F000727B69DA607B69DB6861
:105E300043F000427B69DA60002318461C37BD46F8
:105E40005DF8047B704780B483B000AF78607B68F6
:105E5000DB6E102B4ED17B682322DA667B681B68D1
:105E60001A687B681B6842F002021A607B681B6834
:105E70001A687B681B6842F001021A607B681B6825
:105E8000D3F8002D7B681B6842F00102C3F8002D97
:105E90007B681B6803F58053D3F804317A68126875
:105EA00043F0010302F58052C2F804317B681B689D
:105EB00003F58053D3F808317A68126843F0010380
:105EC00002F58052C2F808317B681B6803F58053E5
:105ED000D3F860317A68126843F4817302F5805216
:105EE000C2F860317B681022DA667B6822221A676A
:105EF000002300E0012318460C37BD465DF8047B03
:105F0000704780B483B000AF78607B68DB6E002B95
:105F100040D07B682322DA667B681B6803F58053D8
:105F2000D3F804317A68126823F0010302F5805235
:105F3000C2F804317B681B6803F58053D3F808313D
:105F40007A68126823F0010302F58052C2F8083122
:105F50007B681B681A687B681B6822F001021A6064
:105F60007B681B68D3F8002D7B681B6842F0010238
:105F7000C3F8002D7B681B681A687B681B6822F0D9
:105F800002021A607B681022DA667B6810221A67A8
:105F9000002300E0012318460C37BD465DF8047B62
:105FA000704780B586B000AFF860B9607A60BB68B2
:105FB000002B07D1FB685B6F43F00102FB685A6757
:105FC000012376E0FB68DB6E102B71D10022B968EB
:105FD000F86801F017FA0346002B07D0FB685B6FE7
:105FE00043F00202FB685A67012362E0FB689A6A89
:105FF000FB68063253F822307B61FB689B6A5A1CAF
:10600000FB689A62FB689B6A032B04D9FB689B6A56
:106010001A1FFB689A62FB68996AFB681A68FB683A
:10602000063153F8213002F58052C2F82031FFF7D3
:1060300041FC386136E0FB681B6803F58053D3F8F8
:10604000603103F48053002B12D0FB685B6F43F088
:106050000802FB685A67FB681B6803F58053D3F896
:106060006021FB689A67FB68E022DA66012320E082
:106070007B68B3F1FF3F15D0FFF71CFC02463B697C
:10608000D31A7A689A4202D37B68002B0AD1FB6844
:106090005B6F43F00402FB685A67FB68E022DA6634
:1060A000012306E07B69DB68002BC4DB002300E0F2
:1060B000012318461837BD4680BD80B489B000AFB3
:1060C00078607B684433BB60BB681B69FB61BB685D
:1060D000FA6953F82230BB6100237B6100233B61E6
:1060E0000023FB60BB689B69002B6BD00023CEE0D4
:1060F0007B6901337B61BB69DB6803F08053002B54
:1061000036D03B6901333B613B69012B01D1FB690F
:10611000FB60FB690133FB61FB69032B02D9FB695F
:10612000043BFB61BB68FA6953F82230BB61BB6971
:10613000DB68002B11DBBB69DB6803F08043002BBD
:106140000BD0BB680122DA61FB690133FB61FB699B
:10615000032B02D9FB69043BFB61BB68FA691A6136
:10616000BB68FA685A61BB683A699A6101238EE09C
:10617000BB69DB6803F00053002B12D0FB69FB60A6
:1061800001233B61FB690133FB61FB69032B02D9EE
:10619000FB69043BFB61BB68FA6953F82230BB61C1
:1061A00010E03B6901333B61FB690133FB61FB6933
:1061B000032B02D9FB69043BFB61BB68FA6953F806
:1061C0002230BB61BB69DB68002B02DB7B69032BE0
:1061D0008ED93B69002B56D0BB68FA691A61BB683F
:1061E000FA685A61FB68FB61BB68FA6953F82230B0
:1061F000BB6100237B613BE0BB691A69BB691A6024
:10620000BB694FF08072DA60BB695B69002B09D013
:10621000BB695A69BB699A60BB69DB6843F000726D
:10622000BB69DA60BB69DB6843F00042BB69DA60D6
:10623000BB681B6A002B05D0BB69DB6843F080425A
:10624000BB69DA603B69013B7A699A420DD2FB690E
:106250000133FB61FB69032B02D9FB69043BFB6142
:10626000BB68FA6953F82230BB617B6901337B61FB
:106270007A693B699A42BFD37B681A68BB6902F5A9
:106280008052C2F82831BB6800229A610023184668
:106290002437BD465DF8047B704780B58AB000AFF7
:1062A000786039607B6844333B613B695B697B6242
:1062B0000023FB613B697A6A53F82230BB613B687B
:1062C0007B617B69002B04D17B6801225A67012323
:1062D0007DE03B699B69002B0FD17868FFF7EDFEED
:1062E0000346002B01D1012371E03B695B697B62AE
:1062F0003B697A6A53F82230BB6100233B6231E08C
:10630000BB691B691A467B691A607B685A697B699D
:106310005A60BB695B69002B0BD07B699B687B6112
:10632000BB695B691A467B691A607B685A697B693D
:106330005A60BB69DB68C3F30E03FB617B6A013300
:106340007B627B6A032B02D97B6A043B7B623B69DD
:106350007A6A53F82230BB617B699B687B613B6A38
:1063600001333B623B699B69013B3A6A9A42C7D35E
:10637000BB69DB68C3F30E02FB69D31AFB60BB6920
:106380001B691A467B691A607B685B69FA689A42E6
:1063900003D87B69FA685A6018E0BB695B69002B17
:1063A00012D07B685A697B695A607B699B687B6104
:1063B000BB695B691A467B691A607B685B69FA682E
:1063C000D21A7B695A6001E0012300E000231846DD
:1063D0002837BD4680BD80B586B000AF7860396093
:1063E0007B6844333B613B695B697B613B699B69CB
:1063F000002B07D17868FFF760FE0346002B01D120
:10640000012317E03B699A697B691344013B7B6177
:106410007B69032B02D97B69043B7B613B697A6909
:1064200053F82230FB60FB68DB68C3F30E023B6865
:106430001A60002318461837BD4680BD80B489B065
:1064400000AF78607B684433FB60FB685B69FB618D
:10645000FB68FA6953F82230BB61FB689B697B617A
:10646000FB689B69002B01D1012357E0FB68DB69C6
:10647000002B02D07B6901337B6100233B613BE051
:10648000BB691A69BB691A60BB694FF08072DA6038
:10649000BB695B69002B09D0BB695A69BB699A600B
:1064A000BB69DB6843F00072BB69DA60BB69DB681B
:1064B00043F00042BB69DA60FB681B6A002B05D021
:1064C000BB69DB6843F08042BB69DA607B69013BF2
:1064D0003A699A420DD2FB690133FB61FB69032BD8
:1064E00002D9FB69043BFB61FB68FA6953F822306F
:1064F000BB613B6901333B613A697B699A42BFD317
:106500007B681A68BB6902F58052C2F82831FB68C3
:1065100000229A617B6800221A66002318462437FD
:10652000BD465DF8047B704780B582B000AF7860EF
:106530007B681B6803F58053D3F8603103F0400398
:10654000402B15D17B681B6803F58053D3F8343199
:1065500003F04003402B0BD1786800F0E9F87B682A
:106560001B6803F580531A4648F24003C2F86031B5
:106570007B681B6803F58053D3F8603103F0010397
:10658000012B15D17B681B6803F58053D3F8343198
:1065900003F00103012B0BD1786800F0BFF87B6892
:1065A0001B6803F580531A4648F20103C2F86031B4
:1065B0007B681B6803F58053D3F8603103F4804394
:1065C000B3F5804F4ED17B681B6803F58053D3F839
:1065D000343103F48043B3F5804F43D17B685B6F64
:1065E00043F008027B685A677B681B6803F5805399
:1065F000D3F8603103F48053B3F5805F1CD17B681E
:106600001B6803F58053D3F8602141F20213134055
:106610007A6893677B681B6803F58053D3F834313D
:106620007A68126823F4404302F58052C2F834318C
:106630007B68E022DA6612E07B681B6803F5805312
:10664000D3F8603103F4CD427B689A677B681B689E
:1066500003F580531A464FF4CD43C2F86031786891
:1066600000F070F87B681B68D3F8B03003F4C043C7
:10667000B3F5C04F0ED17B681B68D3F8B8207B6898
:10668000DA677B68E022DA66786800F065F87B6894
:106690000022DA677B681B68D3F8B03003F0100380
:1066A000102B0FD17B681B68D3F8C03003F0600259
:1066B0007B68C3F88020786800F058F87B68002277
:1066C000C3F880207B681B68D3F8B03003F0200348
:1066D000202B0FD17B681B68D3F8C03003F00F026A
:1066E0007B68C3F88420786800F04AF87B68002251
:1066F000C3F88420084B9B6A03F48003002B06D068
:10670000054B4FF480029A62786800F043F800BFAE
:106710000837BD4680BD00BF8000005880B483B0FC
:1067200000AF786000BF0C37BD465DF8047B704752
:1067300080B483B000AF786000BF0C37BD465DF811
:10674000047B704780B483B000AF786000BF0C3723
:10675000BD465DF8047B704780B483B000AF7860BD
:1067600000BF0C37BD465DF8047B704780B483B032
:1067700000AF786000BF0C37BD465DF8047B704702
:1067800080B483B000AF786000BF0C37BD465DF8C1
:10679000047B704780B483B000AF786000BF0C37D3
:1067A000BD465DF8047B704780B586B000AFF860E9
:1067B000B9607A603B60FB681B68D3F8003203F075
:1067C0000103002B01D001233EE0FB681B68D3F8D6
:1067D00000327B617B6923F07872BB685B051343F1
:1067E0007B617B6923F4F8127B681B0413437B6194
:1067F0007B6943F00C037B617B6943F001037B61A0
:10680000FB681B687A69C3F80022FFF753F8386108
:1068100009E0FFF74FF802463B69D31AB3F57A7FD8
:1068200001D9012310E0FB681B68D3F8003203F0A4
:106830000103002BEDD1FB681B68D3F804329BB237
:106840001A463B681A60002318461837BD4680BDBB
:1068500080B586B000AFF860B9607A603B60FB68D5
:106860001B68D3F8003203F00103002B01D0012391
:106870003CE0FB681B68D3F800327B617B6923F046
:106880007872BB685B0513437B617B6923F4F81264
:106890007B681B0413437B617B6923F00C0343F08B
:1068A00004037B617B6943F001037B613B689AB21F
:1068B000104BC3F804220F4A7B69C2F80032FEF77E
:1068C000F9FF386109E0FEF7F5FF02463B69D31A8C
:1068D000B3F57A7F01D9012308E0FB681B68D3F880
:1068E000003203F00103002BEDD1002318461837C6
:1068F000BD4680BD0080024080B483B000AF7860A8
:1069000039603B68002B01D10123C3E17B681B6820
:106910001B6803F00C023B68DA627B681B681B682B
:1069200003F01003002B14BF01230023DBB21A462F
:106930003B6883F828207B681B681B6803F06002B3
:106940003B685A627B681B681B6803F48073002BEA
:106950000CBF01230023DBB21A463B6883F82020DA
:106960007B681B681B6803F40073002B14BF0123B2
:106970000023DBB21A463B68DA777B681B681B682A
:1069800003F48063002B0CBF01230023DBB21A4603
:106990003B689A777B681B681B6803F40063002BD5
:1069A00014BF01230023DBB21A463B685A777B6889
:1069B0001B681B6803F48053002B14BF01230023C2
:1069C000DBB21A463B681A777B681B681B6803F4C6
:1069D00000523B689A617B681B681B6803F4804225
:1069E0003B685A617B681B681B6803F48033002B8B
:1069F00014BF01230023DBB21A463B689A747B68FC
:106A00001B681B6803F40033002B0CBF0123002319
:106A1000DBB21A463B685A747B681B681B6803F438
:106A20000023002B0CBF01230023DBB21A463B6876
:106A30001A747B681B681B6803F48013002B14BF57
:106A400001230023DBB21A463B68DA737B681B68BC
:106A50001B6803F40013002B14BF01230023DBB2D7
:106A60001A463B689A737B681B681B6803F48003B3
:106A7000002B14BF01230023DBB21A463B685A7374
:106A80007B681B681B6803F40003002B14BF012301
:106A90000023DBB21A463B681A737B681B681B68CD
:106AA00003F0E0623B689A607B681B681B6803F038
:106AB0000063002B14BF01230023DBB21A463B689E
:106AC0001A717B681B681B6803F0E0423B681A6020
:106AD0007B681B685B68C3F30D023B685A637B6885
:106AE0001B685B6803F48033002B0CBF0123002379
:106AF000DBB21A463B6883F832207B681B685B6810
:106B000003F40033002B14BF01230023DBB21A4629
:106B10003B6883F831207B681B685B6803F4802343
:106B2000002B14BF01230023DBB21A463B6883F815
:106B300030207B681B685B6803F08073002B14BFF8
:106B400001230023DBB21A463B6883F838207B68B8
:106B50001B685B685B0E03F01F023B68DA637B68AF
:106B60001B68DB6803F48073002B14BF0123002330
:106B7000DBB21A463B6883F840207B681B68DB6801
:106B800003F00F023B685A647B681B681B6F03F0BD
:106B90000203002B14BF01230023DBB21A463B681B
:106BA00083F854207B681B681B6F03F08003002B65
:106BB0000CBF01230023DBB21A463B6883F84C204C
:106BC0007B681B681B6F03F070023B681A657B686B
:106BD0001B681B6F1B0C9AB23B689A647B681B682E
:106BE000D3F8903003F00103002B14BF01230023DE
:106BF000DBB21A463B6883F856207B681B68D3F8E3
:106C0000903003F00203002B14BF01230023DBB2FA
:106C10001A463B6883F855207B681B68D3F8003D13
:106C200003F072023B689A657B681B68D3F8303DBD
:106C300003F023023B68DA657B681B68D3F8303DBC
:106C400003F00803002B14BF01230023DBB21A4614
:106C50003B6883F862207B681B68D3F8303D03F003
:106C60001003002B14BF01230023DBB21A463B683C
:106C700083F861207B681B68D3F8303D03F0400344
:106C8000002B0CBF01230023DBB21A463B6883F8BC
:106C90006020002318460C37BD465DF8047B704722
:106CA00080B582B000AF786039603B68002B01D1BD
:106CB00001230AE07B681B6F102B05D139687868C7
:106CC00000F060F8002300E0012318460837BD46B5
:106CD00080BD000080B584B000AF78607B681B6821
:106CE000D3F80032FB60FB6823F47063FB6002F0B2
:106CF00085FAB860BB681E4A934208D9BB681D4A32
:106D0000934204D8FB6843F40073FB6027E0BB6840
:106D1000184A934208D9BB68174A934204D2FB68C9
:106D200043F44073FB601AE0BB68134A934203D3F9
:106D3000BB68124A934211D9BB68104A934208D9E2
:106D4000BB680F4A934204D8FB6843F48073FB602E
:106D500005E0FB6843F48063FB6000E000BF7B68F4
:106D60001B68FA68C3F8002200BF1037BD4680BD1B
:106D7000FF2C3101BF0E160200879303FFE0F505DB
:106D80007FD1F00880B485B000AF786039603B688F
:106D90009A683B681B681A433B681B79DB061A43F9
:106DA0003B681B7BDB051A433B685B7B9B051A43F7
:106DB0003B689B7B5B051A433B68DB7B1B051343EE
:106DC0003A68127C002A02D14FF4002200E000222F
:106DD00013433A68527C002A02D14FF4003200E09B
:106DE00000221A433B689B7C1B041A433B685B6987
:106DF0001A433B689B691A433B681B7F1B031A437A
:106E00003B685B7FDB0213433A68927F002A02D122
:106E10004FF4806200E000221A433B68DB7F5B0294
:106E200013433A6892F82020002A02D14FF480726E
:106E300000E000221A433B685B6A1A433B6893F800
:106E400028301B011A433B68DB6A1343FB607B68F5
:106E50001B681A68564B13407A681268F9680B432E
:106E600013603B68DB6B5A063B6893F838301B06AF
:106E70001A433B6893F830309B041A433B6893F8FD
:106E800031305B0413433A6892F83220002A02D171
:106E90004FF4803200E000221A433B685B6B1343DF
:106EA000FB607B681B685A68424B13407A68126823
:106EB000F9680B4353603B6893F840301A023B6813
:106EC0005B6C1343FB607B681B68DA683A4B1340CA
:106ED0007A681268F9680B43D3603B6893F85430C2
:106EE0005A003B681B6D13433A6892F84C20002A05
:106EF00001D1802200E000221A433B689B6C1B04F6
:106F00001343FB607B681B681A6F4FF60D731340C9
:106F10007A681268F9680B4313673B6893F8563038
:106F20001A463B6893F855305B001343FB607B685F
:106F30001B68D3F8903023F003017B681B68FA6864
:106F40000A43C3F890207B681B68D3F8003D23F008
:106F500072013B689A6D7B681B680A43C3F8002D79
:106F60003B68DB6D3A6892F86020002A01D140222C
:106F700000E000221A433B6893F861301B011A437A
:106F80003B6893F86230DB001343FB607B681B684F
:106F9000D3F8303D23F07B017B681B68FA680A4315
:106FA000C3F8302D00BF1437BD465DF8047B704731
:106FB000838004000080F8C0F0FEFFFF80B485B03D
:106FC00000AF786039607B681B6803F580531A68EE
:106FD000384B13403A6811687A6812680B4302F51F
:106FE000805213603B681B791A033B689B681A4305
:106FF0003B681B7BDB031343FB607B681B6803F56B
:1070000080535A682C4B13407A681268F9680B4316
:1070100002F5805253603B685B7B1A043B681B6A35
:107020001343FB607B681B6803F58053D3F8002192
:10703000224B13407A681268F9680B4302F58052BC
:10704000C2F800313B681A693B681B7D1B011A437B
:107050003B685B7F1B031343FB607B681B6803F586
:107060008053D3F80421164B13407A681268F968EC
:107070000B4302F58052C2F804313B681B7FDA07EC
:107080003B689B691343FB607B681B6803F5805377
:10709000D3F808210B4B13407A681268F9680B4348
:1070A00002F58052C2F8083100BF1437BD465DF8C2
:1070B000047B7047FD87FFFFFE2FFFFF00C0FEFF30
:1070C000EFEFC0FFFFFFC07F80B5A4B000AF7860D6
:1070D000012387F83B3000233B65002387F84930C4
:1070E000002387F84B30012387F83030012387F8DD
:1070F0005E30012387F83A30002387F854300123AB
:1071000087F88C304FF400537B64002387F8643099
:107110000023BB66002387F88D30002387F88E306C
:107120004FF4C3633B66002387F8383000237B634A
:10713000012387F83D30002387F83E30002387F88D
:1071400048300023FB6700237B670023BB650023D7
:1071500087F86C30002387F88230012387F84A30A3
:107160002023C7F88830012387F84C30002387F8A4
:107170005D304FF04053FB624FF480433B6400238B
:1071800087F839300223C7F88430002387F880302D
:10719000002387F88130002387F85C30012387F8CB
:1071A0003C3000233B67012387F8783007F12C033C
:1071B00019467868FFF7E6FD01233B7301233B6125
:1071C0000023BB60002387F8243000237B75002355
:1071D0003B754FF400133B6200233B774FF40013E1
:1071E000BB61002387F825304FF40673BB6207F1BB
:1071F000080319467868FFF7E1FE00BF9037BD46E7
:1072000080BD000080B584B000AF78607B681B68EB
:10721000D3F80032FB60FB6823F47063FB6001F07D
:10722000EDFFB860BB681E4A934208D9BB681D4A8F
:10723000934204D8FB6843F40073FB6027E0BB680B
:10724000184A934208D9BB68174A934204D2FB6894
:1072500043F44073FB601AE0BB68134A934203D3C4
:10726000BB68124A934211D9BB68104A934208D9AD
:10727000BB680F4A934204D8FB6843F48073FB60F9
:1072800005E0FB6843F48063FB6000E000BF7B68BF
:107290001B68FA68C3F8002200BF1037BD4680BDE6
:1072A000FF2C3101BF0E160200879303FFE0F505A6
:1072B0007FD1F00880B485B000AF78600023FB6018
:1072C0001DE07B68D968FA6813465B001344DB0055
:1072D0000B44BB60BB6800221A60BB6800225A6086
:1072E000BB6800229A60BB680022DA60B9687B68DC
:1072F000FA68063243F82210FB680133FB60FB6832
:10730000032BDED97B6800229A627B681B6803F539
:1073100080531A460323C2F82C317B68DA687B68F5
:107320001B6803F58053C3F814217B68DA687B6817
:107330001B6803F58053C3F8202100BF1437BD46F6
:107340005DF8047B704780B485B000AF786000239F
:10735000FB6024E07B681969FA6813465B001344FC
:10736000DB000B44BB60BB6800221A60BB680022D4
:107370005A60BB6800229A60BB680022DA60BB6872
:1073800000221A61BB6800225A61BA687968FB68FA
:1073900010339B000B445A60FB680133FB60FB68B1
:1073A000032BD7D97B6800225A657B6800229A6537
:1073B0007B680022DA657B6800225A667B680022BF
:1073C0001A667B681B6803F580531A460323C2F8CC
:1073D00030317B681A697B681B6803F58053C3F8FA
:1073E0001C217B681B6903F148027B681B6803F55D
:1073F0008053C3F8282100BF1437BD465DF8047BD5
:107400007047000080B48DB000AFF860B9607A605A
:10741000FB6818337B617B691B69FB627B691B69B5
:107420003B610023BB627B69FA6A53F822303B62FE
:10743000BB689B68FB610023BB613B6ADB6803F0B0
:107440000043B3F1004F07D07A69FB6A04339B0015
:1074500013445B68002B01D002234AE2BB681B681F
:1074600003F00403002B44D03B6ADA68724B1340EC
:10747000BA68526A1A433B6ADA603B6ADB6843F4D3
:1074800080323B6ADA60FB681B681A6EFB681B6817
:1074900042F480121A66BB681B6803F00803002BD5
:1074A00027D03B6A9B689AB2BB68DB6A1B041A430D
:1074B0003B6A9A603B6ADB6843F400323B6ADA60FD
:1074C0003B6ADB6823F44022BB681B6B1A433B6AB0
:1074D000DA60FB681B685A6EFB681B6842F4801216
:1074E0005A66FB681B681A6DFB681B6842F0806275
:1074F0001A65BB681B6803F01003002B0ED03B6AB3
:107500009A684E4B1340BA6892691A433B6A9A6074
:107510003B6ADB6843F080623B6ADA60BB681B68E9
:1075200003F00403002B05D1BB681B6803F01003B4
:10753000002B30D03B6ADB6843F080423B6ADA6064
:107540003B6ADB6843F000423B6ADA60FB6A013366
:10755000FB62FB6A032B02D9FB6A043BFB627B697B
:10756000FA6A53F822303B62BB6A0133BB623B6A62
:10757000DB6803F00043B3F1004F0CD17B693A693B
:1075800053F822303B623B6ADB6823F000423B6ADF
:10759000DA600223ADE1BB6A0133BB62FB691B68A1
:1075A0001A463B6A1A603B6A9A68244B1340FA6990
:1075B00052681A433B6A9A60FB699B68002B12D0A1
:1075C000FB699B68FB61FB691B681A463B6A5A6052
:1075D0003B6A9A681A4B1340FA69526812041A43BC
:1075E0003B6A9A6008E03B6A00225A603B6A9A68EC
:1075F000134B13403A6A9360BB681B6803F0100397
:10760000002B21D03B6ADB6823F4F002BB681B6AC5
:10761000DB041A433B6ADA603B6ADA68094B1340C1
:10762000BA68D2691A433B6ADA603B6ADB6843F4A2
:1076300080223B6ADA602EE00000FFFF00C0FFFFFF
:10764000FFFF00C00000FCFF3B6ADA68934B134069
:10765000BA6852681A433B6ADA60BB681B6803F079
:107660000103002B08D03B6ADB6823F44032BB687F
:107670005B691A433B6ADA60BB681B6803F020034E
:10768000002B08D03B6ADB6823F04062BB681B69B3
:107690001A433B6ADA60BB681B6803F00403002BE3
:1076A00008D03B6A9B6823F44042BB689B6A1A433C
:1076B0003B6A9A603B6ADB6843F000523B6ADA60DF
:1076C0003B6ADB6823F080423B6ADA603B6ADB6836
:1076D00043F000423B6ADA60BB681B6803F00203B8
:1076E000002B00F0CB803B6ADB6823F06072BB6844
:1076F000DB681A433B6ADA60C0E03B6ADB6823F070
:1077000080523B6ADA60FB6A0133FB62FB6A032B3F
:1077100002D9FB6A043BFB627B69FA6A53F82230A8
:107720003B623B6ADB6823F000523B6ADA603B6AEB
:10773000DB6803F00043B3F1004F07D07A69FB6ABE
:1077400004339B0013445B68002B26D03B69FB622B
:107750007B69FA6A53F822303B6200237B6216E0B1
:107760003B6ADB6823F000423B6ADA60FB6A013364
:10777000FB62FB6A032B02D9FB6A043BFB627B6959
:10778000FA6A53F822303B627B6A01337B627A6A81
:10779000BB6A9A42E4D30223ABE0BB6A0133BB620B
:1077A000FB699B68FB61FB691B681A463B6A1A60B0
:1077B0003B6A9A683A4B1340FA6952681A433B6A2B
:1077C0009A60FB699B68002B12D0FB699B68FB6188
:1077D000FB691B681A463B6A5A603B6A9A68314BE0
:1077E0001340FA69526812041A433B6A9A6008E02F
:1077F0003B6A00225A603B6A9A682A4B13403A6AF5
:107800009360BB681B6803F01003002B0FD03B6A2A
:10781000DA68254B1340BA68D2691A433B6ADA60CA
:107820003B6ADB6843F480223B6ADA6017E03B6A1C
:10783000DA681A4B1340BA6852681A433B6ADA6036
:10784000BB681B6803F00103002B08D03B6ADB68B0
:1078500023F44032BB685B691A433B6ADA60BB6958
:107860000133BB613B6ADB6843F000423B6ADA608C
:107870003B6ADB6823F080423B6ADA60FB699B6805
:10788000002B7FF43AAF7B68002B0FD03B6A9B68DC
:1078900043F000423B6A9A600EE000BF0080FFFFA9
:1078A00000C0FFFFFFFF00C00000FCFF3B6A9B68B9
:1078B00023F000423B6A9A603B6ADB6843F08052E7
:1078C0003B6ADA607B695A6A7969FB6A04339B0018
:1078D0000B445A607B69FA6A1A6172B600BF7B6911
:1078E0009A6ABB6913445A1C7B699A6262B600BFEC
:1078F000002318463437BD465DF8047B704700BF4F
:1079000080B58AB000AFF860B9607A60BB683B624E
:107910007B68FB610823FB75404B1B7D012B01D16C
:10792000022376E03D4B01221A75BB68B3F1006F6C
:1079300006D3BB68B3F1016F02D20123BB610CE037
:10794000BB68B3F1016F06D3BB68B3F1026F02D21B
:107950000223BB6101E001235BE0304B00229A610E
:10796000B9694CF2503000F0C1F8034687F827306F
:1079700097F82730002B47D1BB69012B06D1284B44
:10798000DB68274A43F00203D36007E0244BD3F8B7
:107990000C31234A43F00203C2F80C31BFF36F8F5E
:1079A00000BFBFF34F8F00BFFB691A683B6A1A60C4
:1079B0003B6A04333B62FB690433FB61FB7D013BA3
:1079C000FB75FB7D002BEFD1BFF36F8F00BFBFF3C3
:1079D0004F8F00BFB9694CF2503000F087F8034672
:1079E00087F82730BB69012B06D10D4BDB680C4AA9
:1079F00023F00203D36007E0094BD3F80C31084AA7
:107A000023F00203C2F80C31044B00221A7597F8D8
:107A1000273018462837BD4680BD00BFDC2D002426
:107A20000020005280B400AF184BDB6803F0010364
:107A3000002B0DD0154B164A5A60144B154A5A604C
:107A4000124BDB6803F00103002B01D0012318E087
:107A50000E4BD3F80C3103F00103002B10D00B4B6D
:107A60000B4AC3F80421094B0A4AC3F80421074B07
:107A7000D3F80C3103F00103002B01D0012300E007
:107A800000231846BD465DF8047B70470020005275
:107A900023016745AB89EFCD80B400AF124BDB68A3
:107AA000114A43F00103D3600F4BDB6803F001037D
:107AB000002B01D1012311E00B4BD3F80C310A4A02
:107AC00043F00103C2F80C31074BD3F80C3103F03B
:107AD0000103002B01D1012300E000231846BD461D
:107AE0005DF8047B704700BF0020005280B586B06F
:107AF00000AF7860396004237B6100233B61FDF7B0
:107B0000D9FEF8603B68022B13D1414B7B6110E03A
:107B10007B68B3F1FF3F0CD0FDF7CCFE0246FB685B
:107B2000D31A7A689A4202D37B68002B01D10323CF
:107B30006AE07A69374B13407A699A420AD1364B28
:107B40001A697B6913407A699A420CBF01230023AA
:107B5000DBB20CE0304BD3F81031DA437B691340D1
:107B600023F00043002B0CBF01230023DBB2002BCA
:107B7000CED13B68012B05D1274B1A69274B134007
:107B80003B6107E0244BD3F81021244B134043F012
:107B900000433B613B6923F00043002B17D0204B8F
:107BA0009A693B6913431E4A93613A69194B134022
:107BB0003A699A4203D1184A3B69536105E0164A73
:107BC0003B6923F00043C2F8143101231CE03B68F9
:107BD000012B0BD1104B1B6903F48033B3F5803FAD
:107BE00011D10D4B4FF480325A610CE00A4BD3F89F
:107BF000103103F48033B3F5803F04D1064B4FF4CA
:107C00008032C3F81421002318461837BD4680BDC2
:107C1000040000800F00EF1F002000520000EE174C
:107C2000DC2D002480B584B000AF7860396000237B
:107C3000FB735E4B1B7D012B01D10223B2E05B4B3A
:107C400001221A75594B00229A617B685B6803F028
:107C50000103002B09D001214CF25030FFF746FF01
:107C60000346002B01D00123FB737B685B6803F0A4
:107C70000203002B09D002214CF25030FFF736FFEF
:107C80000346002B01D00123FB73FB7B002B40F04C
:107C900085807B681B68012B36D17B681A697B68FD
:107CA0005B681946104600F087F87B685B6803F054
:107CB0000103002B0FD001214CF25030FFF716FFCB
:107CC0000346002B01D00123FB73394BDB68384A94
:107CD00023F00803D3607B685B6803F00203002B8A
:107CE0005CD002214CF25030FFF700FF0346002B1E
:107CF00001D00123FB732E4BD3F80C312C4A23F017
:107D00000803C2F80C3149E03B684FF0FF321A60BB
:107D10007B689B68BB6039E07B6859687B681B693E
:107D20001A46B86800F0B2F87B685B6803F001039C
:107D3000002B0CD001214CF25030FFF7D7FE034648
:107D4000FB731B4BDA681A491A4B1340CB607B68F4
:107D50005B6803F00203002B0ED002214CF250307E
:107D6000FFF7C4FE0346FB73114BD3F80C211049F7
:107D7000104B1340C1F80C31FB7B002B03D03B6848
:107D8000BA681A600AE0BB680133BB607B68DA68D6
:107D90007B689B681344BA689A42BDD3034B0022A8
:107DA0001A75FB7B18461037BD4680BDDC2D0024BC
:107DB00000200052FBF8FFFF80B483B000AF786072
:107DC00039603B6803F00303032B22D12E4BDB68A1
:107DD0002D4A23F03003D3602B4BD3F80C312A4AC1
:107DE00023F03003C2F80C31274BDA6826497B6850
:107DF0001343CB60244BD3F80C2123497B681343F6
:107E0000C1F80C31204B9B691F4A43F0100393616A
:107E100033E03B6803F00103002B11D01A4BDB6801
:107E2000194A23F03003D360174BDA6816497B6890
:107E30001343CB60144BDB68134A43F08803D360D1
:107E40003B6803F00203002B17D00F4BD3F80C3123
:107E50000D4A23F03003C2F80C310B4BD3F80C2140
:107E600009497B681343C1F80C31074BD3F80C3137
:107E7000054A43F08803C2F80C3100BF0C37BD46F9
:107E80005DF8047B704700BF0020005280B485B0CD
:107E900000AFF860B9607A60BB6803F00103002BA3
:107EA00010D0184BDB68174A23F4E663D360154BF8
:107EB000DA68FB6819027B680B431343114A43F0ED
:107EC0008403D360BB6803F00203002B14D00D4B76
:107ED000D3F80C310B4A23F4E663C2F80C31094B9A
:107EE000D3F80C21FB6819027B680B431343054A46
:107EF00043F08403C2F80C3100BF1437BD465DF86F
:107F0000047B70470020005280B489B000AF7860D5
:107F100039600023FB61894B7B6194E13B681A68FF
:107F20000121FB6901FA03F313403B613B69002B1C
:107F300000F086813B685B6803F00303012B05D0EA
:107F40003B685B6803F00303022B30D17B689B68BE
:107F5000BB61FB695B00032202FA03F3DB43BA69EE
:107F60001340BB613B68DA68FB695B0002FA03F30C
:107F7000BA691343BB617B68BA699A607B685B68C6
:107F8000BB610122FB6902FA03F3DB43BA691340C8
:107F9000BB613B685B681B0903F00102FB6902FAE5
:107FA00003F3BA691343BB617B68BA695A603B68E3
:107FB0005B6803F00303032B17D07B68DB68BB61AE
:107FC000FB695B00032202FA03F3DB43BA69134047
:107FD000BB613B689A68FB695B0002FA03F3BA690C
:107FE0001343BB617B68BA69DA603B685B6803F086
:107FF0000303022B23D1FB69DA087B68083253F8AC
:108000002230BB61FB6903F007039B000F2202FAD9
:1080100003F3DB43BA691340BB613B681A69FB6930
:1080200003F007039B0002FA03F3BA691343BB6131
:10803000FB69DA087B680832B96943F822107B686B
:108040001B68BB61FB695B00032202FA03F3DB439D
:10805000BA691340BB613B685B6803F00302FB69CC
:108060005B0002FA03F3BA691343BB617B68BA6928
:108070001A603B685B6803F44033002B00F0E0803B
:108080002F4BD3F8F4302E4A43F00203C2F8F430F9
:108090002B4BD3F8F43003F00203FB60FB68294A52
:1080A000FB699B08023352F82330BB61FB6903F084
:1080B00003039B000F2202FA03F3DB43BA69134068
:1080C000BB617B68204A934252D07B681F4A93422F
:1080D00031D07B681E4A93422BD07B681D4A934265
:1080E00025D07B681C4A93421FD07B681B4A934271
:1080F00019D07B681A4A934213D07B68194A93427D
:108100000DD07B68184A934207D07B68174A934288
:1081100001D109232DE00A232BE0082329E00723BE
:1081200027E0062325E0052323E0042321E00323A1
:108130001FE002231DE001231BE000BF8000005868
:10814000004402580004005800000258000402587D
:1081500000080258000C025800100258001402587F
:1081600000180258001C025800200258002402582F
:108170000023FA6902F0030292009340BA691343A4
:10818000BB613849FB699B080233BA6941F8232077
:108190004FF0B0431B68BB613B69DB43BA691340D6
:1081A000BB613B685B6803F48013002B03D0BA69A2
:1081B0003B691343BB614FF0B042BB6913604FF0A2
:1081C000B0435B68BB613B69DB43BA691340BB6189
:1081D0003B685B6803F40013002B03D0BA693B696A
:1081E0001343BB614FF0B042BB6953607B695B686E
:1081F000BB613B69DB43BA691340BB613B685B68A9
:1082000003F40033002B03D0BA693B691343BB610D
:108210007B69BA695A607B691B68BB613B69DB4358
:10822000BA691340BB613B685B6803F48033002B81
:1082300003D0BA693B691343BB617B69BA691A60B1
:10824000FB690133FB613B681A68FB6922FA03F39F
:10825000002B7FF463AE00BF00BF2437BD465DF83E
:10826000047B70470004005880B485B000AF78608C
:108270000B467B807B681A697B881340002B02D0F9
:108280000123FB7301E00023FB73FB7B18461437CB
:10829000BD465DF8047B704780B483B000AF786062
:1082A0000B467B8013467B707B78002B03D07A884B
:1082B0007B689A6103E07B881A047B689A6100BF3F
:1082C0000C37BD465DF8047B7047000080B584B074
:1082D00000AF7860194BDB6803F00403042B0AD06D
:1082E000164BDB6803F007037A689A4201D001233A
:1082F0001FE000231DE0114BDB6823F007020F494C
:108300007B681343CB60FDF7D5FAF86009E0FDF711
:10831000D1FA0246FB68D31AB3F57A7F01D901235B
:1083200007E0064B5B6803F40053B3F5005FEED142
:10833000002318461037BD4680BD00BF00480258D4
:1083400080B58CB000AF78607B68002B02D1012330
:1083500000F01DBC7B681B6803F00103002B00F0DC
:108360008780994B1B6903F03803FB62964B9B6A2D
:10837000BB62FB6A102B07D0FB6A182B10D1BB6ABB
:1083800003F00303022B0BD18F4B1B6803F4003364
:10839000002B6CD07B685B68002B68D10123F6E36F
:1083A0007B685B68B3F5803F06D1874B1B68864AC4
:1083B00043F4803313602EE07B685B68002B0CD1A4
:1083C000814B1B68804A23F4803313607E4B1B680B
:1083D0007D4A23F4802313601DE07B685B68B3F55E
:1083E000A02F0CD1784B1B68774A43F4802313608D
:1083F000754B1B68744A43F4803313600BE0724B77
:108400001B68714A23F4803313606F4B1B686E4AFC
:1084100023F4802313607B685B68002B13D0FDF787
:1084200049FA786208E0FDF745FA02467B6AD31AFA
:10843000642B01D90323AAE3634B1B6803F40033C5
:10844000002BF0D014E0FDF735FA786208E0FDF774
:1084500031FA02467B6AD31A642B01D9032396E3CF
:10846000594B1B6803F40033002BF0D100E000BF30
:108470007B681B6803F00203002B00F0CB80524B9B
:108480001B6903F038033B624F4B9B6AFB613B6AFD
:10849000002B07D03B6A182B56D1FB6903F003036E
:1084A000002B51D1484B1B6803F00403002B05D06F
:1084B0007B68DB68002B01D1012368E3424B1B681A
:1084C00023F019027B68DB683F4913430B60FDF71B
:1084D000F1F9786208E0FDF7EDF902467B6AD31AFC
:1084E000022B01D9032352E3374B1B6803F004032B
:1084F000002BF0D0FDF70EFA034641F2030293423F
:1085000017D87B681B69402B08D12F4B5B6823F47D
:108510007C332D4A43F4003353607BE02A4B5B6885
:1085200023F47C327B681B691B03274913434B6090
:1085300070E0254B5B6823F0FE427B681B691B06DD
:10854000214913434B6065E07B68DB68002B48D012
:108550001D4B1B6823F019027B68DB681A49134323
:108560000B60FDF7A7F9786208E0FDF7A3F9024672
:108570007B6AD31A022B01D9032308E3124B1B6831
:1085800003F00403002BF0D0FDF7C4F9034641F2D9
:10859000030293421AD87B681B69402B08D10A4B0F
:1085A0005B6823F47C33084A43F40033536031E0C2
:1085B000054B5B6823F47C327B681B691B03024913
:1085C00013434B6026E000BF004402589A4B5B689F
:1085D00023F0FE427B681B691B06974913434B60DF
:1085E00018E0954B1B68944A23F001031360FDF7D4
:1085F00061F9786208E0FDF75DF902467B6AD31AFB
:10860000022B01D90323C2E28B4B1B6803F0040346
:10861000002BF0D17B681B6803F01003002B00F0E7
:10862000A980854B1B6903F03803BB61824B9B6AB1
:108630007B61BB69082B07D0BB69182B3AD17B69DA
:1086400003F00303012B35D17B4B1B6803F48073CC
:10865000002B05D07B68DB69802B01D0012396E2DB
:10866000FDF758F9034641F20302934217D87B689D
:108670001B6A202B08D1704B5B6823F0F8436E4ACD
:1086800043F08043536075E06B4B5B6823F0F84226
:108690007B681B6A9B06684913434B606AE0664B24
:1086A000DB6823F07C527B681B6A1B06624913431C
:1086B000CB605FE07B68DB69002B42D05E4B1B68C0
:1086C0005D4A43F080031360FDF7F4F8786208E038
:1086D000FDF7F0F802467B6AD31A022B01D9032377
:1086E00055E2554B1B6803F48073002BF0D0FDF767
:1086F00011F9034641F20302934217D87B681B6AC3
:10870000202B08D14C4B5B6823F0F8434A4A43F0D6
:10871000804353602EE0484B5B6823F0F8427B684F
:108720001B6A9B06444913434B6023E0424BDB68C2
:1087300023F07C527B681B6A1B063F491343CB60C6
:1087400018E03D4B1B683C4A23F080031360FDF7A3
:10875000B1F8786208E0FDF7ADF802467B6AD31AFB
:10876000022B01D9032312E2334B1B6803F48073FD
:10877000002BF0D17B681B6803F00803002B36D078
:108780007B685B69002B19D02B4B5B6F2A4A43F047
:1087900001035367FDF78EF8786208E0FDF78AF869
:1087A00002467B6AD31A022B01D90323EFE1224B45
:1087B0005B6F03F00203002BF0D018E01E4B5B6FE1
:1087C0001D4A23F001035367FDF774F8786208E04F
:1087D000FDF770F802467B6AD31A022B01D90323F6
:1087E000D5E1154B5B6F03F00203002BF0D17B68E2
:1087F0001B6803F02003002B39D07B689B69002B9A
:108800001CD00D4B1B680C4A43F480531360FDF7DA
:1088100051F8786208E0FDF74DF802467B6AD31AFA
:10882000022B01D90323B2E1034B1B6803F400536D
:10883000002BF0D01BE000BF004402589B4B1B688C
:108840009A4A23F480531360FDF734F8786208E005
:10885000FDF730F802467B6AD31A022B01D90323B5
:1088600095E1924B1B6803F40053002BF0D17B6819
:108870001B6803F00403002B00F081808C4B1B6805
:108880008B4A43F480731360FDF714F8786208E0B4
:10889000FDF710F802467B6AD31A642B01D9032333
:1088A00075E1834B1B6803F48073002BF0D07B6869
:1088B0009B68012B06D17D4B1B6F7C4A43F0010363
:1088C00013672DE07B689B68002B0CD1774B1B6FE7
:1088D000764A23F001031367744B1B6F734A23F02E
:1088E000040313671CE07B689B68052B0CD16F4B5E
:1088F0001B6F6E4A43F0040313676C4B1B6F6B4A8C
:1089000043F0010313670BE0684B1B6F674A23F0CA
:1089100001031367654B1B6F644A23F0040313675D
:108920007B689B68002B15D0FCF7C4FF78620AE0D7
:10893000FCF7C0FF02467B6AD31A41F288329342A9
:1089400001D9032323E1594B1B6F03F00203002BD2
:10895000EED014E0FCF7AEFF78620AE0FCF7AAFF65
:1089600002467B6AD31A41F28832934201D903232B
:108970000DE14E4B1B6F03F00203002BEED17B6821
:108980005B6A002B00F00281484B1B6903F038033F
:10899000182B00F0BD807B685B6A022B40F09E8044
:1089A000424B1B68414A23F080731360FCF782FF3F
:1089B000786208E0FCF77EFF02467B6AD31A022B3E
:1089C00001D90323E3E0394B1B6803F00073002B4C
:1089D000F0D1364B9A6A374B13407A68916A7A68BD
:1089E000D26A12010A43314913438B627B681B6BC5
:1089F000013BC3F308027B685B6B013B5B029BB2EC
:108A00001A437B689B6B013B1B0403F4FE031A4370
:108A10007B68DB6B013B1B0603F0FE4323491343DA
:108A20000B63224BDB6A214A23F00103D3621F4B05
:108A30005A6B214B13407A68926CD2001B49134346
:108A40004B631A4BDB6A23F00C027B681B6C1749E3
:108A50001343CB62154BDB6A23F002027B685B6C2D
:108A600012491343CB62114BDB6A104A43F4803343
:108A7000D3620E4BDB6A0D4A43F40033D3620B4BD7
:108A8000DB6A0A4A43F48023D362084BDB6A074A55
:108A900043F00103D362054B1B68044A43F0807323
:108AA0001360FCF707FF786211E000BF0044025832
:108AB000004802580CFCFFFF0700FFFFFCF7FAFE1E
:108AC00002467B6AD31A022B01D903235FE0324BA3
:108AD0001B6803F00073002BF0D057E02E4B1B688F
:108AE0002D4A23F080731360FCF7E4FE786208E0FF
:108AF000FCF7E0FE02467B6AD31A022B01D903235E
:108B000045E0254B1B6803F00073002BF0D13DE0DE
:108B1000214B9B6A3B61204B1B6BFB607B685B6A54
:108B2000012B31D03B6903F003027B689B6A9A42B8
:108B30002AD13B691B0903F03F027B68DB6A9A423A
:108B400022D1FB68C3F308027B681B6B013B9A428E
:108B50001AD1FB685B0A03F07F027B685B6B013B09
:108B60009A4211D1FB681B0C03F07F027B689B6B60
:108B7000013B9A4208D1FB681B0E03F07F027B6821
:108B8000DB6B013B9A4201D0012300E00023184631
:108B90003037BD4680BD00BF0044025880B586B066
:108BA00000AF786039607B68002B01D101239CE124
:108BB0008A4B1B6803F00F033A689A4210D9874B1F
:108BC0001B6823F00F0285493B6813430B60834BFE
:108BD0001B6803F00F033A689A4201D0012384E135
:108BE0007B681B6803F00403002B10D07B681A69B4
:108BF0007B4B9B6903F070039A4208D9784B9B69C1
:108C000023F070027B681B69754913438B617B6895
:108C10001B6803F00803002B10D07B685A69704B67
:108C2000DB6903F070039A4208D96D4BDB6923F0CE
:108C300070027B685B696A491343CB617B681B6880
:108C400003F01003002B10D07B689A69644BDB693A
:108C500003F4E0639A4208D9614BDB6923F4E062D4
:108C60007B689B695E491343CB617B681B6803F09B
:108C70002003002B10D07B68DA69594B1B6A03F084
:108C800070039A4208D9564B1B6A23F070027B6826
:108C9000DB69534913430B627B681B6803F00203D3
:108CA000002B10D07B68DA684D4B9B6903F00F03F3
:108CB0009A4208D94A4B9B6923F00F027B68DB6814
:108CC000474913438B617B681B6803F00103002B4A
:108CD00055D0434B9B6923F470627B689B68404985
:108CE00013438B617B685B68022B07D13C4B1B688D
:108CF00003F40033002B21D10123F6E07B685B688D
:108D0000032B07D1364B1B6803F00073002B15D1E2
:108D10000123EAE07B685B68012B07D1304B1B68BD
:108D200003F48073002B09D10123DEE02C4B1B6878
:108D300003F00403002B01D10123D6E0284B1B696B
:108D400023F007027B685B68254913430B61FCF73E
:108D5000B1FD78610AE0FCF7ADFD02467B69D31AEC
:108D600041F28832934201D90323BEE01C4B1B69B8
:108D700003F038027B685B68DB009A42EBD17B68CA
:108D80001B6803F00203002B10D07B68DA68144BD9
:108D90009B6903F00F039A4208D2114B9B6923F0A1
:108DA0000F027B68DB680E4913438B610B4B1B681A
:108DB00003F00F033A689A4214D2084B1B6823F061
:108DC0000F0206493B6813430B60044B1B6803F01A
:108DD0000F033A689A4205D0012386E00020005232
:108DE000004402587B681B6803F00403002B10D07A
:108DF0007B681A693F4B9B6903F070039A4208D263
:108E00003C4B9B6923F070027B681B693949134313
:108E10008B617B681B6803F00803002B10D07B6814
:108E20005A69344BDB6903F070039A4208D2314B24
:108E3000DB6923F070027B685B692E491343CB61C9
:108E40007B681B6803F01003002B10D07B689A69C5
:108E5000284BDB6903F4E0639A4208D2254BDB69B7
:108E600023F4E0627B689B6922491343CB617B68F2
:108E70001B6803F02003002B10D07B68DA691D4BC0
:108E80001B6A03F070039A4208D21A4B1B6A23F044
:108E900070027B68DB69174913430B6200F034F8FA
:108EA0000246144B9B691B0A03F00F031249CB5C6B
:108EB00003F01F0322FA03F33B610E4B9B6903F09F
:108EC0000F030D4AD35C03F01F033A6922FA03F340
:108ED0000A4A13600A4A3B6913600A4B1B6818462A
:108EE000FBF790FE0346FB73FB7B18461837BD4625
:108EF00080BD00BF004402586CCF0108240000244C
:108F0000200000242C00002480B489B000AFB34BB3
:108F10001B6903F03803182B00F2558101A252F8A7
:108F200023F000BF898F0008C7910008C79100088F
:108F3000C7910008C7910008C7910008C7910008B1
:108F4000C7910008AF8F0008C7910008C7910008BB
:108F5000C7910008C7910008C7910008C791000891
:108F6000C7910008B58F0008C7910008C791000895
:108F7000C7910008C7910008C7910008C791000871
:108F8000C7910008BB8F0008944B1B6803F02003B7
:108F9000002B09D0914B1B68DB0803F00303904AB8
:108FA00022FA03F3BB6111E18D4BBB610EE18D4BE6
:108FB000BB610BE18C4BBB6108E1884B9B6A03F002
:108FC00003037B61854B9B6A1B0903F03F033B61F5
:108FD000824BDB6A03F00103FB60804B5B6BDB08B9
:108FE000C3F30C03FA6802FB03F307EE903AF8EEC2
:108FF000677AC7ED027A3B69002B00F0E1807B695C
:10900000022B00F083807B69022B00F2A1807B6938
:10901000002B03D07B69012B56D099E06F4B1B6866
:1090200003F02003002B2DD06C4B1B68DB0803F0F2
:1090300003036B4A22FA03F37B607B6807EE903AE6
:10904000F8EE676A3B6907EE903AF8EE677A86EECB
:10905000A77A624B1B6BC3F3080307EE903AF8EE56
:10906000676A97ED026ADFED615AC6EE257A76EE01
:10907000A77AF7EE006A77EEA67A67EE277AC7ED51
:10908000077A87E03B6907EE903AF8EE677ADFED02
:10909000586A86EEA77A514B1B6BC3F3080307EEA1
:1090A000903AF8EE676A97ED026ADFED505AC6EE25
:1090B000257A76EEA77AF7EE006A77EEA67A67EE63
:1090C000277AC7ED077A65E03B6907EE903AF8EE3C
:1090D000677ADFED486A86EEA77A404B1B6BC3F3D5
:1090E000080307EE903AF8EE676A97ED026ADFED43
:1090F0003F5AC6EE257A76EEA77AF7EE006A77EE4B
:10910000A67A67EE277AC7ED077A43E03B6907EE58
:10911000903AF8EE677ADFED386A86EEA77A2F4B41
:109120001B6BC3F3080307EE903AF8EE676A97EDFE
:10913000026ADFED2E5AC6EE257A76EEA77AF7EEB2
:10914000006A77EEA67A67EE277AC7ED077A21E004
:109150003B6907EE903AF8EE677ADFED266A86EE15
:10916000A77A1E4B1B6BC3F3080307EE903AF8EE89
:10917000676A97ED026ADFED1D5AC6EE257A76EE34
:10918000A77AF7EE006A77EEA67A67EE277AC7ED40
:10919000077A00BF114B1B6B5B0A03F07F0301339F
:1091A0003B603B6807EE903AB8EE677AD7ED076A06
:1091B000C6EE877AFCEEE77A17EE903ABB6105E0DF
:1091C0000023BB6102E0074BBB6100BFBB691846CF
:1091D0002437BD465DF8047B704700BF0044025849
:1091E0000090D00300093D0000127A000000004604
:1091F0000024744C0024744A0024F44A80B582B0E0
:1092000000AFFFF781FE0246104B9B691B0A03F07B
:109210000F030F49CB5C03F01F0322FA03F37B60BB
:109220000A4B9B6903F00F03094AD35C03F01F0349
:109230007A6822FA03F3074A1360074A7B681360CF
:10924000044B1B6818460837BD4680BD00440258D1
:109250006CCF0108240000242000002480B500AF5A
:10926000FFF7CCFF0246064BDB691B0903F007033F
:109270000449CB5C03F01F0322FA03F3184680BDB8
:10928000004402586CCF010880B500AFFFF7B6FF6D
:109290000246064BDB691B0A03F007030449CB5C5B
:1092A00003F01F0322FA03F3184680BD004402585E
:1092B0006CCF010880B483B000AF786039607B6800
:1092C0003F221A601A4B1B6903F007027B685A6041
:1092D000174B9B6903F470627B689A60144B9B691F
:1092E00003F00F027B68DA60114B9B6903F0700298
:1092F0007B681A610E4BDB6903F070027B685A6170
:109300000B4BDB6903F4E0627B689A61084B1B6AD4
:1093100003F070027B68DA61064B1B6803F00F02F2
:109320003B681A6000BF0C37BD465DF8047B704790
:10933000004402580020005280B586B000AF78602B
:109340000023FB750023BB757B681B6803F000637B
:10935000002B3FD07B685B6EB3F5401F2AD0B3F57E
:10936000401F24D8B3F5001F18D0B3F5001F1ED836
:10937000002B03D0B3F5801F07D018E0A34BDB6AA6
:10938000A24A43F40033D36215E07B680433022120
:10939000184601F0D5F90346FB750CE07B682433D1
:1093A0000221184601F07EFA0346FB7503E0012313
:1093B000FB7500E000BFFB7D002B09D1934B1B6DBB
:1093C00023F440127B685B6E904913430B6501E008
:1093D000FB7DBB757B681B6803F48073002B3DD05D
:1093E0007B685B6D042B26D801A252F823F000BFE6
:1093F0000594000813940008259400083D94000883
:109400003D940008814BDB6A804A43F40033D36209
:1094100015E07B6804330021184601F091F90346FA
:10942000FB750CE07B6824330021184601F03AFA02
:109430000346FB7503E00123FB7500E000BFFB7DE5
:10944000002B09D1714B1B6D23F007027B685B6D0C
:109450006E4913430B6501E0FB7DBB757B681B68A0
:1094600003F40073002B42D07B689B6DB3F5807FC3
:109470002BD0B3F5807F25D8C02B28D0C02B21D886
:10948000802B16D0802B1DD8002B02D0402B07D06C
:1094900018E05E4BDB6A5D4A43F40033D36217E0A9
:1094A0007B6804330021184601F04AF90346FB7536
:1094B0000EE07B6824330021184601F0F3F90346DF
:1094C000FB7505E00123FB7502E000BF00E000BF73
:1094D000FB7D002B09D14D4B1B6D23F4E0727B68A3
:1094E0009B6D4A4913430B6501E0FB7DBB757B68AF
:1094F0001B6803F48063002B49D07B68D3F8A43049
:10950000B3F5000F30D0B3F5000F2AD8B3F5C00F74
:109510002CD0B3F5C00F24D8B3F5800F18D0B3F515
:10952000800F1ED8002B03D0B3F5001F07D018E022
:10953000364BDB6A354A43F40033D36217E07B686D
:1095400004330021184601F0FBF80346FB750EE0DA
:109550007B6824330021184601F0A4F90346FB750B
:1095600005E00123FB7502E000BF00E000BFFB7DCA
:10957000002B0AD1254B9B6D23F460027B68D3F846
:10958000A430224913438B6501E0FB7DBB757B68EA
:109590001B6803F40063002B4BD07B68D3F8A83022
:1095A000B3F1806F30D0B3F1806F2AD8B3F1407F30
:1095B0002ED0B3F1407F24D8B3F1007F18D0B3F19F
:1095C000007F1ED8002B03D0B3F1807F07D018E0B6
:1095D0000E4BDB6A0D4A43F40033D36219E07B681B
:1095E00004330021184601F0ABF80346FB7510E088
:1095F0007B6824330021184601F054F90346FB75BB
:1096000007E00123FB7504E000BF02E000440258BC
:1096100000BFFB7D002B0AD1994B9B6D23F0E062CC
:109620007B68D3F8A830964913438B6501E0FB7D36
:10963000BB757B681B6803F00073002B32D07B681E
:109640009B6C302B1CD0302B17D8202B0CD0202B10
:1096500013D8002B16D0102B0FD1894BDB6A884A08
:1096600043F40033D3620EE07B68043302211846D2
:1096700001F066F80346FB7505E00123FB7502E087
:1096800000BF00E000BFFB7D002B09D17C4BDB6CF1
:1096900023F030027B689B6C79491343CB6401E073
:1096A000FB7DBB757B681B6803F48053002B47D0A0
:1096B0007B68DB6DB3F5804F30D0B3F5804F2AD88F
:1096C000B3F5405F2CD0B3F5405F24D8B3F5005F0D
:1096D00018D0B3F5005F1ED8002B03D0B3F5805F20
:1096E00007D018E0664BDB6A654A43F40033D36267
:1096F00017E07B6804330021184601F021F8034687
:10970000FB750EE07B6824330021184601F0CAF88F
:109710000346FB7505E00123FB7502E000BF00E096
:1097200000BFFB7D002B09D1554B1B6D23F4E0429C
:109730007B68DB6D524913430B6501E0FB7DBB7514
:109740007B681B6803F40053002B49D07B681B6EB9
:10975000B3F5A02F2ED0B3F5A02F28D8B3F5802FC6
:109760002AD0B3F5802F22D8B3F5403F26D0B3F5E9
:10977000403F1CD8B3F5003F10D0B3F5003F16D8DA
:10978000002B1DD0B3F5803F11D17B68043301213C
:10979000184600F0D5FF0346FB7512E07B682433C2
:1097A0000121184601F07EF80346FB7509E001230C
:1097B000FB7506E000BF04E000BF02E000BF00E070
:1097C00000BFFB7D002B09D12D4B1B6D23F4E02244
:1097D0007B681B6E2A4913430B6501E0FB7DBB755B
:1097E0007B681B6803F48043002B4DD07B68D3F863
:1097F000AC30B3F1A04F2ED0B3F1A04F28D8B3F1C5
:10980000804F2AD0B3F1804F22D8B3F1405F26D0E9
:10981000B3F1405F1CD8B3F1005F10D0B3F1005F2B
:1098200016D8002B1DD0B3F1805F11D17B680433B3
:109830000121184600F084FF0346FB7512E07B68A7
:1098400024330121184601F02DF80346FB7509E089
:109850000123FB7506E000BF04E000BF02E000BF8B
:1098600000E000BFFB7D002B0CD1054B9B6D23F06E
:10987000E0427B68D3F8AC30014913438B6503E0C9
:1098800000440258FB7DBB757B681B6803F40043F2
:10989000002B2FD07B68DB6EB3F1005F0ED0B3F1ED
:1098A000005F14D8002B15D0B3F1805F0FD1AF4B00
:1098B000DB6AAE4A43F40033D3620CE07B680433C6
:1098C0000121184600F03CFF0346FB7503E001232D
:1098D000FB7500E000BFFB7D002B09D1A34B1B6D86
:1098E00023F040527B68DB6EA04913430B6501E017
:1098F000FB7DBB757B681B6803F08073002B32D047
:109900007B685B6C032B1BD801A252F823F000BFCD
:1099100047990008219900082F99000847990008E5
:10992000924BDB6A914A43F40033D3620CE07B68CC
:1099300004330221184600F003FF0346FB7503E0E1
:109940000123FB7500E000BFFB7D002B09D1874B95
:10995000DB6C23F003027B685B6C84491343CB64AC
:1099600001E0FB7DBB757B681B6803F48003002B63
:1099700000F086807E4B1B687D4A43F48073136041
:10998000FBF798FF386109E0FBF794FF02463B695B
:10999000D31A642B02D90323FB7505E0744B1B68B3
:1099A00003F48073002BEFD0FB7D002B66D16F4B4F
:1099B0001A6F7B68D3F8B030534003F44073002B28
:1099C00013D06A4B1B6F23F44073FB60674B1B6F14
:1099D000664A43F480331367644B1B6F634A23F476
:1099E00080331367614AFB6813677B68D3F8B03034
:1099F000B3F5807F15D1FBF75DFF38610BE0FBF716
:109A000059FF02463B69D31A41F28832934202D988
:109A10000323FB7505E0554B1B6F03F00203002B7E
:109A2000EDD0FB7D002B26D17B68D3F8B03003F45A
:109A30004073B3F5407F0DD14C4B1B6923F47C522E
:109A40007B68D3F8B03019094A4B0B4047491343A0
:109A50000B6105E0454B1B69444A23F47C531361B9
:109A6000424B1A6F7B68D3F8B030C3F30B033F4906
:109A700013430B6704E0FB7DBB7501E0FB7DBB7509
:109A80007B681B6803F00103002B00F085807B6876
:109A90009B6F282B66D801A252F823F0799B00080F
:109AA000659B0008659B0008659B0008659B000896
:109AB000659B0008659B0008659B0008419B0008AA
:109AC000659B0008659B0008659B0008659B000876
:109AD000659B0008659B0008659B0008539B000878
:109AE000659B0008659B0008659B0008659B000856
:109AF000659B0008659B0008659B0008799B000832
:109B0000659B0008659B0008659B0008659B000835
:109B1000659B0008659B0008659B0008799B000811
:109B2000659B0008659B0008659B0008659B000815
:109B3000659B0008659B0008659B0008799B0008F1
:109B40007B6804330121184600F0FAFD0346FB75DB
:109B500013E07B6824330121184600F0A3FE03467E
:109B6000FB750AE00123FB7507E000BF00440258C3
:109B700000480258CFFFFF0000BFFB7D002B09D13A
:109B8000964B5B6D23F038027B689B6F93491343C0
:109B90004B6501E0FB7DBB757B681B6803F002032E
:109BA000002B38D07B685B6F052B21D801A252F8BF
:109BB00023F000BFF79B0008CD9B0008DF9B000847
:109BC000F79B0008F79B0008F79B00087B680433AD
:109BD0000121184600F0B4FD0346FB750CE07B68DC
:109BE00024330121184600F05DFE0346FB7503E0B7
:109BF0000123FB7500E000BFFB7D002B09D1774BF3
:109C00005B6D23F007027B685B6F744913434B6500
:109C100001E0FB7DBB757B681B6803F00403002B30
:109C20003AD07B68D3F89030052B21D801A252F8A6
:109C300023F000BF779C00084D9C00085F9C000843
:109C4000779C0008779C0008779C00087B680433A9
:109C50000121184600F074FD0346FB750CE07B689B
:109C600024330121184600F01DFE0346FB7503E076
:109C70000123FB7500E000BFFB7D002B0AD1574B91
:109C80009B6D23F007027B68D3F890305349134350
:109C90008B6501E0FB7DBB757B681B6803F02003CF
:109CA000002B4BD07B68D3F88C30B3F1A04F2ED073
:109CB000B3F1A04F28D8B3F1804F2AD0B3F1804F31
:109CC00022D8B3F1405F26D0B3F1405F1CD8B3F186
:109CD000005F10D0B3F1005F16D8002B1DD0B3F198
:109CE000805F11D17B6804330021184600F028FD05
:109CF0000346FB7512E07B6824330221184600F00E
:109D0000D1FD0346FB7509E00123FB7506E000BFAA
:109D100004E000BF02E000BF00E000BFFB7D002BBD
:109D20000AD12E4B5B6D23F0E0427B68D3F88C3078
:109D30002A4913434B6501E0FB7DBB757B681B68BB
:109D400003F04003002B4DD07B68D3F89830B3F577
:109D5000A05F2ED0B3F5A05F28D8B3F5805F2AD0DE
:109D6000B3F5805F22D8B3F5406F26D0B3F5406FCE
:109D70001CD8B3F5006F10D0B3F5006F16D8002BC8
:109D80001DD0B3F5806F11D17B68043300211846D4
:109D900000F0D6FC0346FB7512E07B6824330221F9
:109DA000184600F07FFD0346FB7509E00123FB75B3
:109DB00006E000BF04E000BF02E000BF00E000BF1B
:109DC000FB7D002B0CD1054B9B6D23F4E0527B688F
:109DD000D3F89830014913438B6503E000440258DF
:109DE000FB7DBB757B681B6803F08003002B4BD0A9
:109DF0007B68D3F89C30B3F5204F2ED0B3F5204FBD
:109E000028D8B3F5004F2AD0B3F5004F22D8B3F5C8
:109E1000C04F26D0B3F5C04F1CD8B3F5804F10D03B
:109E2000B3F5804F16D8002B1DD0B3F5005F11D1CC
:109E30007B6804330021184600F082FC0346FB7562
:109E400012E07B6824330221184600F02BFD034604
:109E5000FB7509E00123FB7506E000BF04E000BFCD
:109E600002E000BF00E000BFFB7D002B0AD19D4B4C
:109E70009B6D23F460427B68D3F89C30994913436F
:109E80008B6501E0FB7DBB757B681B6803F00803F5
:109E9000002B1AD07B68D3F88030B3F5805F0AD1ED
:109EA0007B6824330221184600F0FCFC0346002B9B
:109EB00001D00123BB758B4B5B6D23F440527B6853
:109EC000D3F88030874913434B657B681B6803F0E8
:109ED0001003002B1AD07B68D3F89430B3F5807F41
:109EE0000AD17B6824330221184600F0DBFC0346CC
:109EF000002B01D00123BB757A4B9B6D23F440727C
:109F00007B68D3F89430774913438B657B681B6873
:109F100003F40023002B34D07B68D3F8A030B3F5D2
:109F2000003F1DD0B3F5003F17D8002B03D0B3F589
:109F3000803F09D011E07B6804330021184600F00F
:109F4000FFFB0346FB750CE07B68243302211846B7
:109F500000F0A8FC0346FB7503E00123FB7500E05D
:109F600000BFFB7D002B0AD15E4B9B6D23F440327A
:109F70007B68D3F8A0305B4913438B6501E0FB7D20
:109F8000BB757B681B6803F48023002B33D07B6890
:109F9000D3F88430B3F5401F1CD0B3F5401F16D85A
:109FA000B3F5801F03D0B3F5001F07D00FE04D4B72
:109FB000DB6A4C4A43F40033D3620CE07B68243301
:109FC0000121184600F06EFC0346FB7503E00123F7
:109FD000FB7500E000BFFB7D002B0AD1414B5B6DA0
:109FE00023F440127B68D3F884303E4913434B6519
:109FF00001E0FB7DBB757B681B6803F48033002B9D
:10A0000029D07B68DB6C002B03D0B3F5803F07D0F1
:10A010000FE0344BDB6A334A43F40033D3620BE086
:10A020007B6804330221184600F08AFB0346FB7567
:10A0300002E00123FB7500BFFB7D002B09D1294BFA
:10A04000DB6C23F480327B68DB6C26491343CB64E2
:10A0500001E0FB7DBB757B681B6803F00053002BA0
:10A060000AD07B6824330221184600F01BFC03460B
:10A07000002B01D00123BB757B681B6803F4003300
:10A08000002B33D07B68DB6FB3F5407F17D0B3F57F
:10A09000407F11D8B3F5007F13D0B3F5007F0BD804
:10A0A000002B10D0B3F5807F06D10E4BDB6A0D4A32
:10A0B00043F40033D36207E00123FB7504E000BFE3
:10A0C00002E000BF00E000BFFB7D002B0CD1054B80
:10A0D0005B6D23F440727B68DB6F024913434B6571
:10A0E00004E000BF00440258FB7DBB757B681B6821
:10A0F00003F48013002B08D0314B1B6D23F000427A
:10A100007B681B6F2E4913430B657B681B6803F04C
:10A110008053002B09D02A4B1B6923F480427B68B3
:10A12000D3F8B430264913430B617B681B6803F4F2
:10A130000013002B08D0224B1B6D23F080727B682C
:10A140009B6E1F4913430B657B681B6803F08043BC
:10A15000002B0DD01A4B1B69194A23F400431361DD
:10A16000174B1A697B68D3F8B830154913430B6154
:10A170007B681B68002B08DA114BDB6C23F0405224
:10A180007B681B6D0E491343CB647B681B6803F42B
:10A190000003002B09D00A4B5B6D23F440027B685F
:10A1A000D3F88830064913434B65BB7D002B01D1A2
:10A1B000002300E0012318461837BD4680BD00BFCC
:10A1C0000044025880B500AFFFF718F80246064B6E
:10A1D0001B6A1B0903F007030449CB5C03F01F0350
:10A1E00022FA03F3184680BD004402586CCF0108E0
:10A1F00080B489B000AF7860A14B9B6A03F0030381
:10A20000BB619F4B9B6A1B0B03F03F037B619C4B25
:10A21000DB6A1B0903F001033B61994BDB6BDB0835
:10A22000C3F30C033A6902FB03F307EE903AF8EE2E
:10A23000677AC7ED037A7B69002B00F01181BB6957
:10A24000022B00F08380BB69022B00F2A180BB6966
:10A25000002B03D0BB69012B56D099E0884B1B68BB
:10A2600003F02003002B2DD0854B1B68DB0803F087
:10A270000303844A22FA03F3BB60BB6807EE903AFB
:10A28000F8EE676A7B6907EE903AF8EE677A86EE39
:10A29000A77A7B4B9B6BC3F3080307EE903AF8EE6B
:10A2A000676A97ED036ADFED785AC6EE257A76EE97
:10A2B000A77AF7EE006A77EEA67A67EE277AC7EDFF
:10A2C000077A87E07B6907EE903AF8EE677ADFED70
:10A2D0006F6A86EEA77A6A4B9B6BC3F3080307EE9F
:10A2E000903AF8EE676A97ED036ADFED675AC6EEBB
:10A2F000257A76EEA77AF7EE006A77EEA67A67EE11
:10A30000277AC7ED077A65E07B6907EE903AF8EEA9
:10A31000677ADFED5F6A86EEA77A594B9B6BC3F3D2
:10A32000080307EE903AF8EE676A97ED036ADFEDEF
:10A33000565AC6EE257A76EEA77AF7EE006A77EEE1
:10A34000A67A67EE277AC7ED077A43E07B6907EEC6
:10A35000903AF8EE677ADFED4F6A86EEA77A484BBF
:10A360009B6BC3F3080307EE903AF8EE676A97ED2C
:10A37000036ADFED455AC6EE257A76EEA77AF7EE48
:10A38000006A77EEA67A67EE277AC7ED077A21E0B2
:10A390007B6907EE903AF8EE677ADFED3D6A86EE6C
:10A3A000A77A374B9B6BC3F3080307EE903AF8EE9E
:10A3B000676A97ED036ADFED345AC6EE257A76EECA
:10A3C000A77AF7EE006A77EEA67A67EE277AC7EDEE
:10A3D000077A00BF2A4B9B6B5B0A03F07F0307EEF3
:10A3E000903AF8EE677AB7EE007A37EE877AD7EDD3
:10A3F000076AC6EE877AFCEEE77A17EE902A7B684A
:10A400001A601F4B9B6B1B0C03F07F0307EE903A07
:10A41000F8EE677AB7EE007A37EE877AD7ED076AFB
:10A42000C6EE877AFCEEE77A17EE902A7B685A60D0
:10A43000134B9B6B1B0E03F07F0307EE903AF8EE75
:10A44000677AB7EE007A37EE877AD7ED076AC6EEFD
:10A45000877AFCEEE77A17EE902A7B689A6008E02C
:10A460007B6800221A607B6800225A607B680022A9
:10A470009A6000BF2437BD465DF8047B704700BF7B
:10A48000004402580090D003000000460024744CA1
:10A490000024744A0024F44A80B489B000AF786084
:10A4A000A14B9B6A03F00303BB619F4B9B6A1B0D8F
:10A4B00003F03F037B619C4BDB6A1B0A03F0010343
:10A4C0003B61994B5B6CDB08C3F30C033A6902FBFD
:10A4D00003F307EE903AF8EE677AC7ED037A7B69EB
:10A4E000002B00F01181BB69022B00F08380BB6957
:10A4F000022B00F2A180BB69002B03D0BB69012BAA
:10A5000056D099E0884B1B6803F02003002B2DD018
:10A51000854B1B68DB0803F00303844A22FA03F32C
:10A52000BB60BB6807EE903AF8EE676A7B6907EE9E
:10A53000903AF8EE677A86EEA77A7B4B1B6CC3F3F2
:10A54000080307EE903AF8EE676A97ED036ADFEDCD
:10A55000785AC6EE257A76EEA77AF7EE006A77EE9D
:10A56000A67A67EE277AC7ED077A87E07B6907EE60
:10A57000903AF8EE677ADFED6F6A86EEA77A6A4B5B
:10A580001B6CC3F3080307EE903AF8EE676A97ED89
:10A59000036ADFED675AC6EE257A76EEA77AF7EE04
:10A5A000006A77EEA67A67EE277AC7ED077A65E04C
:10A5B0007B6907EE903AF8EE677ADFED5F6A86EE28
:10A5C000A77A594B1B6CC3F3080307EE903AF8EED9
:10A5D000676A97ED036ADFED565AC6EE257A76EE86
:10A5E000A77AF7EE006A77EEA67A67EE277AC7EDCC
:10A5F000077A43E07B6907EE903AF8EE677ADFED81
:10A600004F6A86EEA77A484B1B6CC3F3080307EE2C
:10A61000903AF8EE676A97ED036ADFED455AC6EEA9
:10A62000257A76EEA77AF7EE006A77EEA67A67EEDD
:10A63000277AC7ED077A21E07B6907EE903AF8EEBA
:10A64000677ADFED3D6A86EEA77A374B1B6CC3F362
:10A65000080307EE903AF8EE676A97ED036ADFEDBC
:10A66000345AC6EE257A76EEA77AF7EE006A77EED0
:10A67000A67A67EE277AC7ED077A00BF2A4B1B6CD4
:10A680005B0A03F07F0307EE903AF8EE677AB7EEC5
:10A69000007A37EE877AD7ED076AC6EE877AFCEE46
:10A6A000E77A17EE902A7B681A601F4B1B6C1B0C15
:10A6B00003F07F0307EE903AF8EE677AB7EE007A80
:10A6C00037EE877AD7ED076AC6EE877AFCEEE77A2F
:10A6D00017EE902A7B685A60134B1B6C1B0E03F01D
:10A6E0007F0307EE903AF8EE677AB7EE007A37EE1E
:10A6F000877AD7ED076AC6EE877AFCEEE77A17EE1F
:10A70000902A7B689A6008E07B6800221A607B6868
:10A7100000225A607B6800229A6000BF2437BD4641
:10A720005DF8047B704700BF004402580090D003DE
:10A73000000000460024744C0024744A0024F44AAB
:10A7400080B584B000AF786039600023FB73534B51
:10A750009B6A03F00303032B01D1012399E04F4BC4
:10A760001B684E4A23F080631360FBF7A3F8B860C0
:10A7700008E0FBF79FF80246BB68D31A022B01D909
:10A78000032386E0454B1B6803F00063002BF0D1E8
:10A79000424B9B6A23F47C327B681B681B033F4956
:10A7A00013438B627B685B68013BC3F308027B68E1
:10A7B0009B68013B5B029BB21A437B68DB68013BF1
:10A7C0001B0403F4FE031A437B681B69013B1B0651
:10A7D00003F0FE43314913438B63304BDB6A23F0B4
:10A7E000C0027B685B692D491343CB622B4BDB6A4C
:10A7F00023F020027B689B6928491343CB62274BD7
:10A80000DB6A264A23F01003D362244BDA6B244B15
:10A8100013407A68D269D20020491343CB631F4B9F
:10A82000DB6A1E4A43F01003D3623B68002B06D15B
:10A830001A4BDB6A194A43F40023D3620FE03B68EA
:10A84000012B06D1154BDB6A144A43F48013D36203
:10A8500005E0124BDB6A114A43F40013D3620F4B3D
:10A860001B680E4A43F080631360FBF723F8B8605F
:10A8700008E0FBF71FF80246BB68D31A022B01D988
:10A88000032306E0054B1B6803F00063002BF0D0A8
:10A89000FB7B18461037BD4680BD00BF0044025800
:10A8A0000700FFFF80B584B000AF786039600023F7
:10A8B000FB73534B9B6A03F00303032B01D101236A
:10A8C00099E04F4B1B684E4A23F080531360FAF710
:10A8D000F1FFB86008E0FAF7EDFF0246BB68D31A53
:10A8E000022B01D9032386E0454B1B6803F000537C
:10A8F000002BF0D1424B9B6A23F07C727B681B6873
:10A900001B053F4913438B627B685B68013BC3F3C4
:10A9100008027B689B68013B5B029BB21A437B6821
:10A92000DB68013B1B0403F4FE031A437B681B69CD
:10A93000013B1B0603F0FE43314913430B64304BCC
:10A94000DB6A23F440627B685B692D491343CB6269
:10A950002B4BDB6A23F400727B689B692849134305
:10A96000CB62274BDB6A264A23F48073D362244BE5
:10A970005A6C244B13407A68D269D20020491343A1
:10A980004B641F4BDB6A1E4A43F48073D3623B68FF
:10A99000002B06D11A4BDB6A194A43F48003D362B9
:10A9A0000FE03B68012B06D1154BDB6A144A43F4D8
:10A9B0000003D36205E0124BDB6A114A43F0807357
:10A9C000D3620F4B1B680E4A43F080531360FAF7B3
:10A9D00071FFB86008E0FAF76DFF0246BB68D31A52
:10A9E000022B01D9032306E0054B1B6803F000533B
:10A9F000002BF0D0FB7B18461037BD4680BD00BF52
:10AA0000004402580700FFFF80B584B000AF7860B3
:10AA10007B68002B01D10123F1E07B6800229A6260
:10AA20007B681B68784A93420FD07B681B68774A23
:10AA300093420AD07B681B68754A934205D07B68B5
:10AA4000DB680F2B01D90123D9E0786801F080F889
:10AA5000F8607B681B686C4A93420CD07B681B686B
:10AA60006A4A934207D07B681B68694A934202D0C6
:10AA7000FB68082B11D87B681B68634A934209D096
:10AA80007B681B68614A934204D07B681B68604AFC
:10AA9000934204D1FB68102B01D90123AFE07B68FE
:10AAA00093F88130DBB2002B06D17B68002283F85B
:10AAB00080207868F9F7F0FE7B68022283F8812015
:10AAC0007B681B681A687B681B6822F001021A60A9
:10AAD0007B681B689B6803F4F813BB607B689B6909
:10AAE000B3F1806F19D17B685B68B3F5800F03D138
:10AAF0007B689B6B002B08D07B685B68002B0CD1BC
:10AB00007B689B6BB3F1805F07D17B681B681A6819
:10AB10007B681B6842F480521A607B68DA697B6844
:10AB20009B6A1A43BB681A437B68DB6B42EA0301EA
:10AB30007B68DA687B681B680A439A607B685A6B9B
:10AB40007B685B6A1A437B689B6B1A437B689B69D3
:10AB50001A437B681B691A437B685B691A437B68ED
:10AB60001B6A1A437B685B681A437B68DB6C1A4379
:10AB70007B689B681A437B689B6C42EA03017B6895
:10AB80009A6D7B681B680A43DA607B685B68002B00
:10AB900013D17B681B689B6823F4C0527B681B68D9
:10ABA00042F400629A607B681B689B6823F4C06271
:10ABB0007B681B6842F480629A607B681B681A6D30
:10ABC0007B681B6822F001021A657B685B6803F4EE
:10ABD0008003002B0AD07B681B68DB6823F00041F0
:10ABE0007B685A6D7B681B680A43DA607B680022C9
:10ABF000C3F884207B68012283F881200023184653
:10AC00001037BD4680BD00BF003001400038004015
:10AC1000003C004080B58AB002AFF860B9603B608C
:10AC20001346FB80FB681B682033FB610023FB7627
:10AC3000FB6893F88030012B01D10223D7E1FB6838
:10AC4000012283F88020FAF735FE7861FB6893F8DB
:10AC50008130DBB2012B07D00223FB76FB68002298
:10AC600083F88020FB7EC2E1BB68002B02D0FB880A
:10AC7000002B07D10123FB76FB68002283F880209C
:10AC8000FB7EB4E1FB68032283F88120FB6800228D
:10AC9000C3F88420FB68BA68DA65FB68FA88A3F811
:10ACA0006020FB68FA88A3F86220FB6800225A66DD
:10ACB000FB680022A3F86820FB680022A3F86A2042
:10ACC000FB6800225A67FB6800221A67FB689B68D2
:10ACD000B3F5C02F07D1FB681B681A68FB681B68B7
:10ACE00042F400621A60FB681B685A68964B134076
:10ACF000F988FA6812680B435360FB681B681A688E
:10AD0000FB681B6842F001021A60FB685B68B3F5E0
:10AD1000800F07D1FB681B681A68FB681B6842F448
:10AD200000721A60FB68DB680F2B47D93FE0FB68B5
:10AD30001B685B6903F00203022B14D1FB68DA6D18
:10AD4000FB681B6812681A62FB68DB6D1A1DFB68E2
:10AD5000DA65FB68B3F862309BB2013B9AB2FB68DC
:10AD6000A3F8622023E0FAF7A5FD02467B69D31A17
:10AD70003A689A4203D83B68B3F1FF3F02D13B687F
:10AD8000002B14D1F86800F015FEFB68002283F850
:10AD90008020FB68D3F8843043F48072FB68C3F8EA
:10ADA0008420FB68012283F8812003231FE1FB68D4
:10ADB000B3F862309BB2002BB9D1F2E0FB68DB68DC
:10ADC000072B40F2E7805DE0FB681B685B6903F0DE
:10ADD0000203022B32D1FB68B3F862309BB2012B25
:10ADE00018D9FB68DB6B002B14D0FB68DA6DFB68AD
:10ADF0001B6812681A62FB68DB6D1A1DFB68DA6556
:10AE0000FB68B3F862309BB2023B9AB2FB68A3F8CE
:10AE1000622037E0FB68DB6D1A88FB691A80FB68EB
:10AE2000DB6D9A1CFB68DA65FB68B3F862309BB295
:10AE3000013B9AB2FB68A3F8622023E0FAF73AFDDF
:10AE400002467B69D31A3A689A4203D83B68B3F149
:10AE5000FF3F02D13B68002B14D1F86800F0AAFD37
:10AE6000FB68002283F88020FB68D3F8843043F429
:10AE70008072FB68C3F88420FB68012283F881207C
:10AE80000323B4E0FB68B3F862309BB2002B9BD184
:10AE900087E0FB681B685B6903F00203022B55D156
:10AEA000FB68B3F862309BB2032B18D9FB68DB6BED
:10AEB000402B14D9FB68DA6DFB681B6812681A62B4
:10AEC000FB68DB6D1A1DFB68DA65FB68B3F862305E
:10AED0009BB2043B9AB2FB68A3F862205AE0FB687D
:10AEE000B3F862309BB2012B17D9FB68DB6B002BE8
:10AEF00013D0FB68DB6D1A88FB691A80FB68DB6D79
:10AF00009A1CFB68DA65FB68B3F862309BB2023BBF
:10AF10009AB2FB68A3F862203CE0FB68DA6DFB683C
:10AF20001B68203312781A70FB68DB6D5A1CFB68B3
:10AF3000DA65FB68B3F862309BB2013B9AB2FB68FA
:10AF4000A3F8622026E000BF0000FFFFFAF7B2FC82
:10AF500002467B69D31A3A689A4203D83B68B3F138
:10AF6000FF3F02D13B68002B14D1F86800F022FDAE
:10AF7000FB68002283F88020FB68D3F8843043F418
:10AF80008072FB68C3F88420FB68012283F881206B
:10AF900003232CE0FB68B3F862309BB2002B7FF4F4
:10AFA00078AF3B6800937B6900220821F86800F0C5
:10AFB000A1FD0346002B07D0FB68D3F8843043F093
:10AFC0002002FB68C3F88420F86800F0F3FCFB68FB
:10AFD000002283F88020FB68012283F88120FB682F
:10AFE000D3F88430002B01D0012300E0FB7E18460B
:10AFF0002037BD4680BD00BF80B58AB002AFF86083
:10B00000B9603B601346FB800023FB77FB681B683D
:10B010003033BB61FB685B68B3F5800F12D1FB680E
:10B020009B68002B0ED1FB68042283F88120FA88EC
:10B030003B6800931346BA68B968F86800F0CEF927
:10B040000346C7E1FB6893F88030012B01D102234E
:10B05000C0E1FB68012283F88020FAF72BFC7861BD
:10B06000FB6893F88130DBB2012B07D00223FB771A
:10B07000FB68002283F88020FB7FABE1BB68002BDC
:10B0800002D0FB88002B07D10123FB77FB6800224D
:10B0900083F88020FB7F9DE1FB68042283F88120F8
:10B0A000FB680022C3F88420FB68BA685A66FB6814
:10B0B000FA88A3F86820FB68FA88A3F86A20FB687E
:10B0C0000022DA65FB680022A3F86020FB680022FA
:10B0D000A3F86220FB6800221A67FB6800225A6707
:10B0E000FB689B68B3F5C02F07D1FB681B681A6823
:10B0F000FB681B6822F400621A60FB681B685A68D0
:10B10000944B1340F988FA6812680B435360FB684C
:10B110001B681A68FB681B6842F001021A60FB6832
:10B120005B68B3F5800F07D1FB681B681A68FB6882
:10B130001B6842F400721A60FB68DB680F2B48D969
:10B1400040E0FB681B685A6948F208031340002B73
:10B1500014D0FB681A68FB685B6E126B1A60FB68A0
:10B160005B6E1A1DFB685A66FB68B3F86A309BB2C7
:10B17000013B9AB2FB68A3F86A2023E0FAF79AFB36
:10B1800002467B69D31A3A689A4203D83B68B3F106
:10B19000FF3F02D13B68002B14D1F86800F00AFC95
:10B1A000FB68002283F88020FB68D3F8843043F4E6
:10B1B0008072FB68C3F88420FB68012283F8812039
:10B1C000032307E1FB68B3F86A309BB2002BB8D1C8
:10B1D000EDE0FB68DB68072B40F2E2805BE0FB6898
:10B1E0001B685B6903F46043002B30D0FB681B686D
:10B1F0005B6903F40043002B14D0FB681A68FB68FA
:10B200005B6E126B1A60FB685B6E1A1DFB685A66F8
:10B21000FB68B3F86A309BB2023B9AB2FB68A3F8B2
:10B220006A2038E0FB685B6EBA69128892B21A80B5
:10B23000FB685B6E9A1CFB685A66FB68B3F86A3061
:10B240009BB2013B9AB2FB68A3F86A2023E0FAF7AD
:10B2500031FB02467B69D31A3A689A4203D83B68AD
:10B26000B3F1FF3F02D13B68002B14D1F86800F026
:10B27000A1FBFB68002283F88020FB68D3F88430B0
:10B2800043F48072FB68C3F88420FB68012283F8D2
:10B29000812003239EE0FB68B3F86A309BB2002B49
:10B2A0009DD184E0FB681B685B6903F46043002B5D
:10B2B00052D0FB681B685B6903F40043002B14D079
:10B2C000FB681A68FB685B6E126B1A60FB685B6E4A
:10B2D0001A1DFB685A66FB68B3F86A309BB2043BE0
:10B2E0009AB2FB68A3F86A205AE0FB681B685B69A6
:10B2F00003F4C043B3F5005F14D9FB685B6EBA6911
:10B30000128892B21A80FB685B6E9A1CFB685A66C0
:10B31000FB68B3F86A309BB2023B9AB2FB68A3F8B1
:10B320006A203DE0FB681B6803F13002FB685B6E3E
:10B330001278D2B21A70FB685B6E5A1CFB685A66B0
:10B34000FB68B3F86A309BB2013B9AB2FB68A3F882
:10B350006A2025E00000FFFFFAF7ACFA02467B699D
:10B36000D31A3A689A4203D83B68B3F1FF3F02D13F
:10B370003B68002B14D1F86800F01CFBFB6800222E
:10B3800083F88020FB68D3F8843043F48072FB6834
:10B39000C3F88420FB68012283F88120032319E08D
:10B3A000FB68B3F86A309BB2002B7FF47BAFF86880
:10B3B00000F000FBFB68002283F88020FB6801227C
:10B3C00083F88120FB68D3F88430002B01D001235F
:10B3D00000E0FB7F18462037BD4680BD80B58EB0AB
:10B3E00002AFF860B9607A607B80002387F82B3069
:10B3F000FB681B6820337B62FB681B6830333B6251
:10B40000FB6893F88030012B01D10223CEE2FB6868
:10B41000012283F88020FAF74DFAF8617B88FB85DA
:10B420007B88BB85FB6893F88130FB76FB685B68A3
:10B430007B61FB7E012B14D07B69B3F5800F06D1B5
:10B44000FB689B68002B02D1FB7E042B09D00223F2
:10B4500087F82B30FB68002283F8802097F82B3088
:10B46000A4E2BB68002B05D07B68002B02D07B8850
:10B47000002B09D1012387F82B30FB68002283F8C9
:10B48000802097F82B3091E2FB6893F88130DBB293
:10B49000042B03D0FB68052283F88120FB6800227F
:10B4A000C3F88420FB687A685A66FB687A88A3F838
:10B4B0006A20FB687A88A3F86820FB68BA68DA65B6
:10B4C000FB687A88A3F86220FB687A88A3F860207A
:10B4D000FB6800221A67FB6800225A67FB681B683A
:10B4E0005A68814B13407988FA6812680B4353609D
:10B4F000FB681B681A68FB681B6842F001021A604F
:10B50000FB685B68B3F5800F07D1FB681B681A689E
:10B51000FB681B6842F400721A60FB68DB680F2B43
:10B5200070D968E0FB681B685B6903F00203022BBB
:10B530001AD1FB8D002B17D0FB68DA6DFB681B68F6
:10B5400012681A62FB68DB6D1A1DFB68DA65FB681E
:10B55000B3F862309BB2013B9AB2FB68A3F8622059
:10B56000FB68B3F86230FB85FB681B685A6948F2D8
:10B5700008031340002B1AD0BB8D002B17D0FB689B
:10B580001A68FB685B6E126B1A60FB685B6E1A1DB3
:10B59000FB685A66FB68B3F86A309BB2013B9AB20B
:10B5A000FB68A3F86A20FB68B3F86A30BB85FAF73A
:10B5B00081F90246FB69D31ABA6B9A4203D8BB6B76
:10B5C000B3F1FF3F02D1BB6B002B14D1F86800F040
:10B5D000F1F9FB68002283F88020FB68D3F88430FF
:10B5E00043F48072FB68C3F88420FB68012283F86F
:10B5F00081200323DAE1FB8D002B93D1BB8D002B3F
:10B6000090D1ACE1FB68DB68072B40F2A081A9E098
:10B61000FB681B685B6903F00203022B39D1FB8DC9
:10B62000002B36D0FB8D012B1CD9FB68DB6B002B6C
:10B6300018D0FB68DA6DFB681B6812681A62FB6839
:10B64000DB6D1A1DFB68DA65FB68B3F862309BB2EC
:10B65000023B9AB2FB68A3F86220FB68B3F8623041
:10B66000FB8516E0FB68DB6D1A887B6A1A80FB6835
:10B67000DB6D9A1CFB68DA65FB68B3F862309BB23D
:10B68000013B9AB2FB68A3F86220FB68B3F8623012
:10B69000FB85FB681B685B6903F46043002B3DD0AE
:10B6A000BB8D002B3AD0FB681B685B6903F4004339
:10B6B000002B1BD0FB681A68FB685B6E126B1A606C
:10B6C000FB685B6E1A1DFB685A66FB68B3F86A304C
:10B6D0009BB2023B9AB2FB68A3F86A20FB68B3F8FE
:10B6E0006A30BB851AE000BF0000FFFFFB685B6E9D
:10B6F0003A6A128892B21A80FB685B6E9A1CFB68E9
:10B700005A66FB68B3F86A309BB2013B9AB2FB6899
:10B71000A3F86A20FB68B3F86A30BB85FAF7CAF869
:10B720000246FB69D31ABA6B9A4203D8BB6BB3F1DA
:10B73000FF3F02D1BB6B002B14D1F86800F03AF93F
:10B74000FB68002283F88020FB68D3F8843043F440
:10B750008072FB68C3F88420FB68012283F8812093
:10B76000032323E1FB8D002B7FF452AFBB8D002B15
:10B770007FF44EAFF3E0FB681B685B6903F00203E4
:10B78000022B5AD1FB8D002B57D0FB8D032B1CD9DC
:10B79000FB68DB6B402B18D9FB68DA6DFB681B6814
:10B7A00012681A62FB68DB6D1A1DFB68DA65FB68BC
:10B7B000B3F862309BB2043B9AB2FB68A3F86220F4
:10B7C000FB68B3F86230FB8537E0FB8D012B1BD99A
:10B7D000FB68DB6B002B17D0FB68DB6D1A887B6A7C
:10B7E0001A80FB68DB6D9A1CFB68DA65FB68B3F8AE
:10B7F00062309BB2023B9AB2FB68A3F86220FB68FE
:10B80000B3F86230FB8518E0FB68DA6DFB681B68F3
:10B81000203312781A70FB68DB6D5A1CFB68DA65FE
:10B82000FB68B3F862309BB2013B9AB2FB68A3F8A5
:10B830006220FB68B3F86230FB85FB681B685B69BC
:10B8400003F46043002B5ED0BB8D002B5BD0FB6804
:10B850001B685B6903F40043002B18D0FB681A686F
:10B86000FB685B6E126B1A60FB685B6E1A1DFB68EF
:10B870005A66FB68B3F86A309BB2043B9AB2FB6825
:10B88000A3F86A20FB68B3F86A30BB853BE0FB682D
:10B890001B685B6903F4C043B3F5005F18D9FB680C
:10B8A0005B6E3A6A128892B21A80FB685B6E9A1CD1
:10B8B000FB685A66FB68B3F86A309BB2023B9AB2E7
:10B8C000FB68A3F86A20FB68B3F86A30BB851AE00E
:10B8D000FB681B6803F13002FB685B6E1278D2B222
:10B8E0001A70FB685B6E5A1CFB685A66FB68B3F8FB
:10B8F0006A309BB2013B9AB2FB68A3F86A20FB68EE
:10B90000B3F86A30BB85F9F7D5FF0246FB69D31A55
:10B91000BA6B9A4203D8BB6BB3F1FF3F02D1BB6B4A
:10B92000002B14D1F86800F045F8FB68002283F87A
:10B930008020FB68D3F8843043F48072FB68C3F83E
:10B940008420FB68012283F8812003232EE0FB8DF5
:10B95000002B7FF410AFBB8D002B7FF40CAFBB6BC3
:10B960000093FB6900220821F86800F0C3F8034641
:10B97000002B07D0FB68D3F8843043F02002FB682B
:10B98000C3F88420F86800F015F8FB68002283F8FB
:10B990008020FB68012283F88120FB68D3F8843083
:10B9A000002B01D0012301E097F82B3018463037E7
:10B9B000BD4680BD80B485B000AF78607B681B68F1
:10B9C0005B69FB607B681B689A697B681B6842F057
:10B9D00008029A617B681B689A697B681B6842F061
:10B9E00010029A617B681B681A687B681B6822F0EA
:10B9F00001021A607B681B6819697B681A683C4BF6
:10BA00000B4013617B681B689A687B681B6822F493
:10BA100040429A607B6893F88130DBB2042B14D0EB
:10BA2000FB6803F02003002B0FD07B68D3F8843031
:10BA300043F080027B68C3F884207B681B689A69A6
:10BA40007B681B6842F020029A617B6893F8813022
:10BA5000DBB2032B14D0FB6803F04003002B0FD0A4
:10BA60007B68D3F8843043F004027B68C3F88420F9
:10BA70007B681B689A697B681B6842F040029A6188
:10BA8000FB6803F40073002B0FD07B68D3F884307D
:10BA900043F001027B68C3F884207B681B689A69C5
:10BAA0007B681B6842F400729A61FB6803F4807340
:10BAB000002B0FD07B68D3F8843043F008027B68FA
:10BAC000C3F884207B681B689A697B681B6842F412
:10BAD00080729A617B680022A3F862207B68002252
:10BAE000A3F86A2000BF1437BD465DF8047B704799
:10BAF00090FCFFFF80B584B000AFF860B9603B6098
:10BB00001346FB7110E0F9F7D5FE02463B68D31AE5
:10BB1000BA699A4203D8BB69B3F1FF3F02D1BB694E
:10BB2000002B01D103230FE0FB681B685A69BB6837
:10BB30001340BA689A420CBF01230023DBB21A46B5
:10BB4000FB799A42DFD0002318461037BD4680BDEE
:10BB500080B485B000AF78607B68DB6B5B09013334
:10BB6000FB607B68DB680133BB60BB680733DB08C5
:10BB7000BB60BB68FA6802FB03F318461437BD4686
:10BB80005DF8047B704780B582B000AF78607B6859
:10BB9000002B01D1012349E07B6893F83D30DBB2F3
:10BBA000002B06D17B68002283F83C207868F8F7E8
:10BBB0009BFF7B68022283F83D207B681A687B68C4
:10BBC00004331946104600F023FA7B68012283F8FB
:10BBD00048207B68012283F83E207B68012283F89D
:10BBE0003F207B68012283F840207B68012283F894
:10BBF00041207B68012283F842207B68012283F880
:10BC000043207B68012283F844207B68012283F86B
:10BC100045207B68012283F846207B68012283F857
:10BC200047207B68012283F83D200023184608370F
:10BC3000BD4680BD80B485B000AF78607B6893F866
:10BC40003D30DBB2012B01D0012354E07B6802229E
:10BC500083F83D207B681B68DA687B681B6842F0CC
:10BC60000102DA607B681B68264A934222D07B6817
:10BC70001B68B3F1804F1DD07B681B68224A93423A
:10BC800018D07B681B68214A934213D07B681B68DD
:10BC90001F4A93420ED07B681B681E4A934209D00C
:10BCA0007B681B681C4A934204D07B681B681B4A54
:10BCB000934215D17B681B689A68194B1340FB604F
:10BCC000FB68062B15D0FB68B3F5803F11D07B686D
:10BCD0001B681A687B681B6842F001021A6008E062
:10BCE0007B681B681A687B681B6842F001021A6057
:10BCF00000E000BF002318461437BD465DF8047B02
:10BD0000704700BF000001400004004000080040F0
:10BD1000000C0040000401400018004000400140B9
:10BD20000700010080B483B000AF78607B681B68B7
:10BD3000DA687B681B6822F00102DA607B681B68A6
:10BD40001A6A41F211131340002B0FD17B681B6854
:10BD50001A6A40F244431340002B07D17B681B68EA
:10BD60001A687B681B6822F001021A607B68012256
:10BD700083F83D20002318460C37BD465DF8047B50
:10BD8000704780B582B000AF78607B681B681B6924
:10BD900003F00203022B22D17B681B68DB6803F0EF
:10BDA0000203022B1BD17B681B686FF002021A6131
:10BDB0007B6801221A777B681B689B6903F0030389
:10BDC000002B03D0786800F005F905E0786800F0F2
:10BDD000F7F8786800F008F97B6800221A777B682A
:10BDE0001B681B6903F00403042B22D17B681B68CA
:10BDF000DB6803F00403042B1BD17B681B686FF026
:10BE000004021A617B6802221A777B681B689B69AF
:10BE100003F44073002B03D0786800F0DBF805E0F2
:10BE2000786800F0CDF8786800F0DEF87B680022D2
:10BE30001A777B681B681B6903F00803082B22D163
:10BE40007B681B68DB6803F00803082B1BD17B6849
:10BE50001B686FF008021A617B6804221A777B68FE
:10BE60001B68DB6903F00303002B03D0786800F044
:10BE7000B1F805E0786800F0A3F8786800F0B4F84D
:10BE80007B6800221A777B681B681B6903F010032C
:10BE9000102B22D17B681B68DB6803F01003102B8A
:10BEA0001BD17B681B686FF010021A617B68082247
:10BEB0001A777B681B68DB6903F44073002B03D09F
:10BEC000786800F087F805E0786800F079F878681D
:10BED00000F08AF87B6800221A777B681B681B6970
:10BEE00003F00103012B0ED17B681B68DB6803F0B4
:10BEF0000103012B07D17B681B686FF001021A61F7
:10BF00007868F7F785FE7B681B681B6903F0800380
:10BF1000802B0ED17B681B68DB6803F08003802BCD
:10BF200007D17B681B686FF080021A61786800F0A7
:10BF3000A1F97B681B681B6903F48073B3F5807FEC
:10BF40000ED17B681B68DB6803F08003802B07D170
:10BF50007B681B686FF480721A61786800F094F94E
:10BF60007B681B681B6903F04003402B0ED17B6884
:10BF70001B68DB6803F04003402B07D17B681B681C
:10BF80006FF040021A61786800F038F87B681B682F
:10BF90001B6903F02003202B0ED17B681B68DB6834
:10BFA00003F02003202B07D17B681B686FF0200271
:10BFB0001A61786800F054F900BF0837BD4680BDAB
:10BFC00080B483B000AF786000BF0C37BD465DF829
:10BFD000047B704780B483B000AF786000BF0C373B
:10BFE000BD465DF8047B704780B483B000AF7860D5
:10BFF00000BF0C37BD465DF8047B704780B483B04A
:10C0000000AF786000BF0C37BD465DF8047B704719
:10C0100080B485B000AF786039607B681B68FB60D6
:10C020007B68404A934213D07B68B3F1804F0FD0B6
:10C030007B683D4A93420BD07B683C4A934207D0D1
:10C040007B683B4A934203D07B683A4A934208D1CB
:10C05000FB6823F07003FB603B685B68FA6813437E
:10C06000FB607B682F4A93421FD07B68B3F1804FFF
:10C070001BD07B682C4A934217D07B682B4A934293
:10C0800013D07B682A4A93420FD07B68294A934297
:10C090000BD07B68284A934207D07B68274A93429B
:10C0A00003D07B68264A934208D1FB6823F440738F
:10C0B000FB603B68DB68FA681343FB60FB6823F0B6
:10C0C00080023B685B691343FB607B68FA681A6017
:10C0D0003B689A687B68DA623B681A687B689A6298
:10C0E0007B68104A93420FD07B68124A93420BD070
:10C0F0007B68114A934207D07B68104A934203D071
:10C100007B680F4A934203D13B681A697B681A63C4
:10C110007B6801225A6100BF1437BD465DF8047B7D
:10C12000704700BF000001400004004000080040CC
:10C13000000C004000040140004001400044014068
:10C140000048014080B485B000AF786039607B68FA
:10C1500093F83C30012B01D102236DE07B68012272
:10C1600083F83C207B68022283F83D207B681B68B3
:10C170005B68FB607B681B689B68BB607B681B68B7
:10C18000304A934204D07B681B682F4A934208D1FF
:10C19000FB6823F47003FB603B685B68FA68134339
:10C1A000FB60FB6823F07003FB603B681B68FA6868
:10C1B0001343FB607B681B68FA685A607B681B68E6
:10C1C000204A934222D07B681B68B3F1804F1DD078
:10C1D0007B681B681D4A934218D07B681B681C4A09
:10C1E000934213D07B681B681A4A93420ED07B6837
:10C1F0001B68154A934209D07B681B68164A934214
:10C2000004D07B681B68154A93420CD1BB6823F0AD
:10C210008003BB603B689B68BA681343BB607B6864
:10C220001B68BA689A607B68012283F83D207B68AE
:10C23000002283F83C20002318461437BD465DF8E1
:10C24000047B7047000001400004014000040040EE
:10C2500000080040000C0040001800400040014071
:10C2600080B483B000AF786000BF0C37BD465DF886
:10C27000047B704780B483B000AF786000BF0C3798
:10C28000BD465DF8047B704780B483B000AF786032
:10C2900000BF0C37BD465DF8047B704780B582B0A7
:10C2A00000AF78607B68002B01D1012342E07B68FE
:10C2B000D3F88430002B06D17B68002283F88020DD
:10C2C0007868F8F739FC7B682422C3F884207B68FF
:10C2D0001B681A687B681B6822F001021A60786884
:10C2E00000F02CF80346012B01D1012322E07B68EA
:10C2F0009B6A002B02D0786800F088FD7B681B6881
:10C300005A687B681B6822F490425A607B681B68FD
:10C310009A687B681B6822F02A029A607B681B6817
:10C320001A687B681B6842F001021A60786800F0A6
:10C330000FFE034618460837BD4680BD2DE9B04FB5
:10C3400092B000AF7861002387F842307B699A6829
:10C350007B691B691A437B695B691A437B69DB69EB
:10C3600013437B647B691B681A68BE4B13407A6970
:10C370001268796C0B4313607B691B685B6823F45C
:10C3800040517B69DA687B691B680A435A607B69A4
:10C390009B697B647B691B68B34A934204D07B69C9
:10C3A0001B6A7A6C13437B647B691B689A68AF4B8A
:10C3B00013407A691268796C0B4393607B691B6840
:10C3C000DB6A23F00F017B695A6A7B691B680A43A9
:10C3D000DA627B691B68A64A934277D1A54B5B6DF5
:10C3E00003F03803282B6DD801A252F823F000BFC8
:10C3F00095C40008C5C40008C5C40008C5C4000829
:10C40000C5C40008C5C40008C5C40008C5C40008E8
:10C410009DC40008C5C40008C5C40008C5C4000800
:10C42000C5C40008C5C40008C5C40008C5C40008C8
:10C43000A5C40008C5C40008C5C40008C5C40008D8
:10C44000C5C40008C5C40008C5C40008C5C40008A8
:10C45000ADC40008C5C40008C5C40008C5C40008B0
:10C46000C5C40008C5C40008C5C40008C5C4000888
:10C47000B5C40008C5C40008C5C40008C5C4000888
:10C48000C5C40008C5C40008C5C40008C5C4000868
:10C49000BDC40008012387F8433022E2042387F853
:10C4A00043301EE2082387F843301AE2102387F84E
:10C4B000433016E2202387F8433012E2402387F806
:10C4C00043300EE2802387F843300AE27B691B6821
:10C4D000694A934230D1674B5B6D03F00703052B2C
:10C4E00026D801A252F823F001C5000809C50008AA
:10C4F00011C5000819C5000821C5000829C5000894
:10C50000002387F84330ECE1042387F84330E8E167
:10C51000082387F84330E4E1102387F84330E0E153
:10C52000202387F84330DCE1402387F84330D8E10B
:10C53000802387F84330D4E17B691B684F4A9342DC
:10C5400030D14C4B5B6D03F00703052B26D801A2BD
:10C5500052F823F06DC5000875C500087DC50008B8
:10C5600085C500088DC5000895C50008002387F81B
:10C570004330B6E1042387F84330B2E1082387F85B
:10C580004330AEE1102387F84330AAE1202387F837
:10C590004330A6E1402387F84330A2E1802387F8A7
:10C5A00043309EE17B691B68354A934230D1314B61
:10C5B0005B6D03F00703052B26D801A252F823F088
:10C5C000D9C50008E1C50008E9C50008F1C50008A3
:10C5D000F9C5000801C60008002387F8433080E150
:10C5E000042387F843307CE1082387F8433078E15F
:10C5F000102387F8433074E1202387F8433070E13B
:10C60000402387F843306CE1802387F8433068E1AA
:10C610007B691B681B4A934242D1164B5B6D03F04A
:10C620000703052B38D801A252F823F045C60008AD
:10C630004DC6000855C600085DC6000889C600083A
:10C6400091C60008002387F843304AE1042387F8A5
:10C65000433046E1082387F8433042E1102387F84E
:10C6600043303EE1F369FFCF000C0058FFF4FF11A7
:10C6700000100140004402580044004000480040BF
:10C68000004C004000500040202387F8433028E150
:10C69000402387F8433024E1802387F8433020E1AA
:10C6A0007B691B68CB4A934276D1CB4B5B6D03F021
:10C6B0003803282B6CD801A252F823F061C7000878
:10C6C00091C7000891C7000891C7000891C70008EA
:10C6D00091C7000891C7000891C7000869C7000802
:10C6E00091C7000891C7000891C7000891C70008CA
:10C6F00091C7000891C7000891C7000871C70008DA
:10C7000091C7000891C7000891C7000891C70008A9
:10C7100091C7000891C7000891C7000879C70008B1
:10C7200091C7000891C7000891C7000891C7000889
:10C7300091C7000891C7000891C7000881C7000889
:10C7400091C7000891C7000891C7000891C7000869
:10C7500091C7000891C7000891C7000889C7000861
:10C76000012387F84330BCE0042387F84330B8E066
:10C77000082387F84330B4E0102387F84330B0E053
:10C78000202387F84330ACE0402387F84330A8E00B
:10C79000802387F84330A4E07B691B688F4A93426B
:10C7A00030D18D4B5B6D03F00703052B26D801A21A
:10C7B00052F823F0CDC70008D5C70008DDC7000830
:10C7C000E5C70008EDC70008F5C70008002387F893
:10C7D000433086E0042387F8433082E0082387F85B
:10C7E00043307EE0102387F843307AE0202387F837
:10C7F000433076E0402387F8433072E0802387F8A7
:10C8000043306EE07B691B68754A934230D1724BAE
:10C810005B6D03F00703052B26D801A252F823F025
:10C8200039C8000841C8000849C8000851C80008B4
:10C8300059C8000861C80008002387F8433050E059
:10C84000042387F843304CE0082387F8433048E05E
:10C85000102387F8433044E0202387F8433040E03A
:10C86000402387F843303CE0802387F8433038E0AA
:10C870007B691B685B4A934230D1574B9B6D03F039
:10C880000703052B26D801A252F823F0A5C80008FB
:10C89000ADC80008B5C80008BDC80008C5C8000874
:10C8A000CDC80008022387F843301AE0042387F834
:10C8B000433016E0082387F8433012E0102387F84E
:10C8C00043300EE0202387F843300AE0402387F806
:10C8D000433006E0802387F8433002E0802387F866
:10C8E00043307B691B683F4A934240F0F88097F8D9
:10C8F0004330202B46DC022BC0F28280023B1E2BF1
:10C900007ED801A252F823F08BC9000801CA0008A2
:10C9100093C9000801CA000801CA000801CA00083A
:10C92000A3C9000801CA000801CA000801CA00081A
:10C9300001CA000801CA000801CA000801CA0008AB
:10C94000B3C9000801CA000801CA000801CA0008EA
:10C9500001CA000801CA000801CA000801CA00088B
:10C9600001CA000801CA000801CA000801CA00087B
:10C9700001CA000801CA000801CA000801CA00086B
:10C98000F3C90008402B37D03AE0FDF71BFCF863F1
:10C990003CE007F124031846FDF72AFCBB6AFB6361
:10C9A00034E007F118031846FDF776FDFB69FB63D9
:10C9B0002CE0094B1B6803F02003002B16D0064B1C
:10C9C0001B68DB0803F00303074A22FA03F3FB6347
:10C9D0001CE000BF001401400044025800780040F1
:10C9E000007C0040000C00580090D0039D4BFB637E
:10C9F0000CE09D4BFB6309E04FF40043FB6305E053
:10CA00000023FB63012387F8423000BFFB6B002B40
:10CA100000F0DE817B695B6A944A32F813301A4673
:10CA2000FB6BB3FBF2F33B637B695A6813465B0015
:10CA300013443A6B9A4205D37B695B681B033A6BDC
:10CA40009A4203D9012387F84230C1E1FB6B0022EF
:10CA5000BB60FA607B695B6A844A32F813309BB230
:10CA600000223B607A60D7E90023D7E90201F3F79F
:10CA70009FFC02460B46104619464FF000024FF04D
:10CA800000030B0243EA106302027969496849080E
:10CA900000200C46054612EB040843EB05097B69B0
:10CAA0005B6800229A46934652465B46404649469A
:10CAB000F3F77EFC02460B461346BB63BB6BB3F534
:10CAC000407F08D3BB6BB3F5801F04D27B691B6822
:10CAD000BA6BDA607CE1012387F8423078E17B6948
:10CAE000DB69B3F5004F40F0C58097F84330202B49
:10CAF00048DC002B7BDB202B79D801A252F823F0F5
:10CB00008BCB000893CB0008EFCB0008EFCB0008DD
:10CB10009BCB0008EFCB0008EFCB0008EFCB000861
:10CB2000ABCB0008EFCB0008EFCB0008EFCB000841
:10CB3000EFCB0008EFCB0008EFCB0008EFCB0008ED
:10CB4000BBCB0008EFCB0008EFCB0008EFCB000811
:10CB5000EFCB0008EFCB0008EFCB0008EFCB0008CD
:10CB6000EFCB0008EFCB0008EFCB0008EFCB0008BD
:10CB7000EFCB0008EFCB0008EFCB0008EFCB0008AD
:10CB8000E1CB0008402B2ED031E0FCF767FBF863C7
:10CB900033E0FCF779FBF8632FE007F12403184634
:10CBA000FDF726FBBB6AFB6327E007F11803184675
:10CBB000FDF772FCFB69FB631FE02D4B1B6803F064
:10CBC0002003002B09D02A4B1B68DB0803F003036A
:10CBD000244A22FA03F3FB630FE0224BFB630CE0D1
:10CBE000214BFB6309E04FF40043FB6305E00023A6
:10CBF000FB63012387F8423000BFFB6B002B00F082
:10CC0000E7807B695B6A194A32F813301A46FB6B7E
:10CC1000B3FBF2F35A007B695B685B081A447B69DB
:10CC20005B68B2FBF3F3BB63BB6B0F2B16D9BB6B1B
:10CC3000B3F5803F12D2BB6B9BB223F00F03FB8690
:10CC4000BB6B5B089BB203F007039AB2FB8E1343E6
:10CC5000FB867B691B68FA8EDA60B9E0012387F8EE
:10CC60004230B5E00090D00300093D007CCF0108C0
:10CC70000044025897F84330202B49DC002B7CDB22
:10CC8000202B7AD801A252F823F000BF17CD00085C
:10CC90001FCD00087BCD00087BCD000827CD000804
:10CCA0007BCD00087BCD00087BCD000837CD000888
:10CCB0007BCD00087BCD00087BCD00087BCD000834
:10CCC0007BCD00087BCD00087BCD000847CD000858
:10CCD0007BCD00087BCD00087BCD00087BCD000814
:10CCE0007BCD00087BCD00087BCD00087BCD000804
:10CCF0007BCD00087BCD00087BCD00087BCD0008F4
:10CD00007BCD00087BCD00087BCD00086DCD0008F1
:10CD1000402B2ED031E0FCF7A1FAF86333E0FCF7AA
:10CD2000B3FAF8632FE007F124031846FDF760FA21
:10CD3000BB6AFB6327E007F118031846FDF7ACFB5D
:10CD4000FB69FB631FE02D4B1B6803F02003002BE6
:10CD500009D02A4B1B68DB0803F00303284A22FA98
:10CD600003F3FB630FE0264BFB630CE0254BFB63F7
:10CD700009E04FF40043FB6305E00023FB6301235C
:10CD800087F8423000BFFB6B002B21D07B695B6AC8
:10CD90001D4A32F813301A46FB6BB3FBF2F27B6983
:10CDA0005B685B081A447B695B68B2FBF3F3BB63A7
:10CDB000BB6B0F2B09D9BB6BB3F5803F05D2BB6BA7
:10CDC0009AB27B691B68DA6002E0012387F842307F
:10CDD0007B690122A3F86A207B690122A3F86820FD
:10CDE0007B6900221A677B6900225A6797F84230F4
:10CDF00018464837BD46BDE8B08F00BF0044025812
:10CE00000090D00300093D007CCF010880B483B0BE
:10CE100000AF78607B689B6A03F00103002B0AD0A7
:10CE20007B681B685B6823F400317B68DA6A7B6887
:10CE30001B680A435A607B689B6A03F00203002B5D
:10CE40000AD07B681B685B6823F480317B681A6BAF
:10CE50007B681B680A435A607B689B6A03F0040383
:10CE6000002B0AD07B681B685B6823F480217B68F9
:10CE70005A6B7B681B680A435A607B689B6A03F0A5
:10CE80000803002B0AD07B681B685B6823F4004111
:10CE90007B689A6B7B681B680A435A607B689B6A55
:10CEA00003F01003002B0AD07B681B689B6823F4F7
:10CEB00080517B68DA6B7B681B680A439A607B68E9
:10CEC0009B6A03F02003002B0AD07B681B689B68D9
:10CED00023F400517B681A6C7B681B680A439A60D4
:10CEE0007B689B6A03F04003002B1AD07B681B68A9
:10CEF0005B6823F480117B685A6C7B681B680A436B
:10CF00005A607B685B6CB3F5801F0AD17B681B6835
:10CF10005B6823F4C0017B689A6C7B681B680A43DA
:10CF20005A607B689B6A03F08003002B0AD07B6801
:10CF30001B685B6823F400217B68DA6C7B681B68E4
:10CF40000A435A6000BF0C37BD465DF8047B70474A
:10CF500080B586B002AF78607B680022C3F88C2071
:10CF6000F8F7A8FCF8607B681B681B6803F00803EF
:10CF7000082B0ED16FF07E430093FB6800224FF424
:10CF80000011786800F02FF80346002B01D003232E
:10CF900025E07B681B681B6803F00403042B0ED19B
:10CFA0006FF07E430093FB6800224FF480017868A5
:10CFB00000F019F80346002B01D003230FE07B6833
:10CFC0002022C3F884207B682022C3F888207B6855
:10CFD0000022DA667B68002283F88020002318464E
:10CFE0001037BD4680BD80B59CB000AFF860B96019
:10CFF0003B601346FB71A9E0BB6FB3F1FF3F00F04C
:10D00000A580F8F757FC02463B68D31ABA6F9A42DC
:10D0100002D3BB6F002B40D1FB681B683B653B6DA7
:10D0200053E8003FFB64FB6C23F4D0737B66FB6822
:10D030001B681A467B6EFB65BA65B96DFA6D41E8EF
:10D0400000237B657B6D002BE6D1FB681B680833F2
:10D05000FB63FB6B53E8003FBB63BB6B23F0010337
:10D060003B66FB681B6808333A6EBA647B64796C74
:10D07000BA6C41E800233B643B6C002BE5D1FB68B4
:10D080002022C3F88420FB682022C3F88820FB6894
:10D09000002283F88020032369E0FB681B681B687B
:10D0A00003F00403002B51D0FB681B68DB6903F419
:10D0B0000063B3F5006F49D1FB681B684FF4006251
:10D0C0001A62FB681B68BB62BB6A53E8003F7B6265
:10D0D0007B6A23F4D073FB66FB681B681A46FB6E01
:10D0E0007B633A63396B7A6B41E80023FB62FB6A2E
:10D0F000002BE6D1FB681B6808337B617B6953E832
:10D10000003F3B613B6923F00103BB66FB681B6882
:10D110000833BA6E3A62FB61F9693A6A41E8002362
:10D12000BB61BB69002BE5D1FB682022C3F88420DA
:10D13000FB682022C3F88820FB682022C3F88C20DB
:10D14000FB68002283F88020032310E0FB681B6843
:10D15000DA69BB681340BA689A420CBF0123002306
:10D16000DBB21A46FB799A423FF446AF00231846D9
:10D170007037BD4680BD80B485B000AF78607B68F5
:10D1800093F88030012B01D1022327E07B68012234
:10D1900083F880207B682422C3F884207B681B6886
:10D1A0001B68FB607B681B681A687B681B6822F041
:10D1B00001021A60FB6823F00053FB607B680022C9
:10D1C0005A667B681B68FA681A607B682022C3F87D
:10D1D00084207B68002283F88020002318461437BF
:10D1E000BD465DF8047B704780B584B000AF7860C1
:10D1F00039607B6893F88030012B01D102232DE048
:10D200007B68012283F880207B682422C3F8842075
:10D210007B681B681B68FB607B681B681A687B68FF
:10D220001B6822F001021A607B681B689B6823F070
:10D2300060417B681B683A680A439A60786800F02E
:10D240004FF87B681B68FA681A607B682022C3F875
:10D2500084207B68002283F8802000231846103742
:10D26000BD4680BD80B584B000AF786039607B6812
:10D2700093F88030012B01D102232DE07B6801223D
:10D2800083F880207B682422C3F884207B681B6895
:10D290001B68FB607B681B681A687B681B6822F050
:10D2A00001021A607B681B689B6823F060617B68E1
:10D2B0001B683A680A439A60786800F011F87B6846
:10D2C0001B68FA681A607B682022C3F884207B6898
:10D2D000002283F88020002318461037BD4680BD09
:10D2E00080B485B000AF78607B685B6E002B08D19E
:10D2F0007B680122A3F86A207B680122A3F86820DA
:10D3000031E01023FB731023BB737B681B689B68A1
:10D310005B0EDBB203F007037B737B681B689B68C3
:10D320005B0FDBB203F007033B73BB7B3A7B114916
:10D330008A5C02FB03F33A7B0F498A5C93FBF2F3AE
:10D340009AB27B68A3F86A20FB7B7A7B09498A5CE6
:10D3500002FB03F37A7B08498A5C93FBF2F39AB2EF
:10D360007B68A3F8682000BF1437BD465DF8047BD6
:10D37000704700BF94CF01089CCF010880B584B0EE
:10D3800004AF8F4BC0221A708D4BA8225A708C4B61
:10D3900001229A708A4B1422DA708A4BFF221A708B
:10D3A000884BFF225A70874BFF229A70854B0022D0
:10D3B000DA70854B00221A70834B00225A70824B20
:10D3C00000229A70804B0022DA7000F0E1FD7C4B65
:10D3D0001B781A067A4B5B781B041A43784B9B78B0
:10D3E0001B021343764AD27813431A06744B1B78F8
:10D3F0001906734B5B781B041943714B9B781B0216
:10D400000B436F49C9780B431B0203F47F031A4394
:10D410006B4B1B7819066A4B5B781B041943684BEE
:10D420009B781B020B436649C9780B431B0A03F424
:10D430007F431A43624B1B781906614B5B781B04D0
:10D4400019435F4B9B781B020B435D49C9780B4323
:10D450001B0E13435D4A13605A4B1B781A06594B37
:10D460005B781B041A43574B9B781B021343554AA6
:10D47000D27813431A06534B1B781906514B5B782D
:10D480001B0419434F4B9B781B020B434D49C97832
:10D490000B431B0203F47F031A434A4B1B78190604
:10D4A000484B5B781B041943464B9B781B020B438C
:10D4B0004449C9780B431B0A03F47F431A43414B89
:10D4C0001B7819063F4B5B781B0419433D4B9B7837
:10D4D0001B020B433B49C9780B431B0E13433C4AC9
:10D4E0001360394B1B781A06374B5B781B041A43C1
:10D4F000354B9B781B021343334AD27813431A06E9
:10D50000314B1B781906304B5B781B0419432E4BAB
:10D510009B781B020B432C49C9780B431B0203F475
:10D520007F031A43284B1B781906274B5B781B0493
:10D530001943254B9B781B020B432349C9780B43A6
:10D540001B0A03F47F431A431F4B1B7819061E4B1B
:10D550005B781B0419431C4B9B781B020B431A4935
:10D56000C9780B431B0E13431A4A13601A4B0293DC
:10D570001A4B019300230093164B154A1349184880
:10D5800001F0EEF9164801F09DFB154B93F82D3094
:10D590009B0803F00103DBB2002B03D0104801F01D
:10D5A000A1FB02E00E4801F009FC0E490C4801F015
:10D5B0009BFC0B4800F018F800BFBD4680BD00BFC3
:10D5C000382E00243C2E0024402E00242C2E002433
:10D5D000302E0024342E0024F98501088DDB00084C
:10D5E000F82D0024E9D5000880B582B000AF78603E
:10D5F0007B6893F82D3003F00103DBB2002B0BD0D6
:10D60000012202210C48FAF747FE00224FF4804124
:10D610000A48FAF741FE0AE0002202210648FAF71A
:10D620003BFE01224FF480410448FAF735FE00BF6B
:10D630000837BD4680BD00BF0010025800040258E4
:10D6400080B58EB000AF786007F1240300221A6025
:10D650005A609A60DA601A617B681B685D4A93427F
:10D6600040F0B3805C4BD3F8D8305B4A43F40043BE
:10D67000C2F8D830584BD3F8D83003F400433B629B
:10D680003B6A554BD3F8D830534A43F48033C2F841
:10D69000D830514BD3F8D83003F48033FB61FB69A9
:10D6A0004D4BD3F8D8304C4A43F40033C2F8D8304D
:10D6B000494BD3F8D83003F40033BB61BB69464B08
:10D6C000D3F8E030444A43F00403C2F8E030424B60
:10D6D000D3F8E03003F004037B617B693E4BD3F861
:10D6E000E0303D4A43F00103C2F8E0303A4BD3F852
:10D6F000E03003F001033B613B69374BD3F8E03086
:10D70000354A43F00203C2F8E030334BD3F8E0303F
:10D7100003F00203FB60FB682F4BD3F8E0302E4A86
:10D7200043F04003C2F8E0302B4BD3F8E03003F075
:10D730004003BB60BB6832237B620223BB620023D1
:10D74000FB6202233B630B237B6307F1240319462F
:10D750002248FAF7D9FB86237B620223BB620023AF
:10D76000FB6202233B630B237B6307F1240319460F
:10D770001B48FAF7C9FB4FF400537B620223BB62DC
:10D780000023FB6202233B630B237B6307F124032B
:10D7900019461448FAF7B8FB4FF420537B62022372
:10D7A000BB620023FB6202233B630B237B6307F115
:10D7B000240319460C48FAF7A7FB002205213D2057
:10D7C000F8F780F93D20F8F797F900BF3837BD46E4
:10D7D00080BD00BF0080024000440258000802588B
:10D7E00000000258000402580018025880B586B0A4
:10D7F00000AF78600023FB7400237B614A4B4B4AE7
:10D800001A6002233B7300237B730023BB73032343
:10D81000FB7300233B7488237B74434A07F10C039A
:10D820005360414B01221A723F4B414ADA603E4B32
:10D83000404A1A613C4B4FF4C0625A613A48F8F7CB
:10D84000E5F90346FB74342200213B480BF071FAE2
:10D85000394B21221A60384B4FF440325A61364B13
:10D8600000221A61354800F043FF7B68062283F8E6
:10D870002C202D4B5B681A787B6883F826202A4B76
:10D880005B685A787B6883F82720274B5B689A7817
:10D890007B6883F82820244B5B68DA787B6883F800
:10D8A0002920214B5B681A797B6883F82A201E4B5C
:10D8B0005B685A797B6883F82B207B6840F2DC52E6
:10D8C0009A847B6893F82D3043F00A03DAB27B68C0
:10D8D00083F82D2000237B610EE07A6913465B00FC
:10D8E00013445B02164A1A44002379690E48F8F77C
:10D8F00069FA7B6901337B617B69032BEDD911499F
:10D900001148F7F726FE1048F7F755FEFB7C002B71
:10D9100003D1786800F0CEF901E0F6F79DFF00BF73
:10D920001837BD4680BD00BF442E00240080024051
:10D930006000043000000430CC2E0024A4CF010885
:10D940000002043034000024D02F002480B592B0AF
:10D9500000AF7860396000237B64002387F83F3094
:10D9600007F10C033022002118460BF0E2F93B6866
:10D970003B6445E07B6C032B02D96FF00B0352E054
:10D980003B6C59687A6C13465B0013449B00483328
:10D990003B443C3B19603B6C5B8919467A6C1346EF
:10D9A0005B0013449B0048333B44383B19607B6C5D
:10D9B000002B11D07B6C5A1E07F10C00796C0B46C2
:10D9C0005B000B449B00C11813465B0013449B0093
:10D9D00048333B44343B19603B6C1B68002B09D136
:10D9E0007A6C13465B0013449B0048333B44343B42
:10D9F00000221A607B6C01337B643B6C1B683B64C8
:10DA00003B6C002BB6D13B681B891A46084B5A6009
:10DA1000074A07F10C039360142205490548F8F7FB
:10DA2000C0FA97F93F3018464837BD4680BD00BF61
:10DA3000CC2E0024442E002480B598B002AF78602C
:10DA400000233B650023BB6000237B6507F10C03CB
:10DA50003022002118460BF06CF900237B6514E09E
:10DA60007B6D5A1C07F10C0113465B0013449B00AD
:10DA700019447A6D13465B0013449B0058333B44B2
:10DA8000443B19607B6D01337B657B6D022BE7D9CD
:10DA90002A48F8F712FB0346002B4AD007F10C0383
:10DAA00019462648F8F7F9FB07F1080319462348F9
:10DAB000F8F791FC2148F8F7C1FCFB68BA68BB6431
:10DAC0007A647B6C002B1DDDBB6C03F01F027B6C4A
:10DAD00013443B64BB6CFB63BFF34F8F00BF184A1A
:10DAE000FB6BC2F85C32FB6B2033FB633B6C203B6F
:10DAF0003B643B6C002BF2DCBFF34F8F00BFBFF3E6
:10DB00006F8F00BF00BF0F4800F066FEF864FB6C2B
:10DB10000D4A1A61BB6899B2FB68BA6892B2019269
:10DB20000093FB6C4122002001F0A4FB38653B6DA3
:10DB300000E0002318465837BD4680BD442E00241F
:10DB400000ED00E0A4CF0108E9DB000880B584B057
:10DB500000AF78607868FFF76FFFF860FB68002B14
:10DB600010D07B681B697968F86898470346FB7298
:10DB700097F90B30002B06D0F86801F035FD002333
:10DB8000FB6000E000BF1037BD4680BD80B582B0AD
:10DB900000AF78607B68002B06D10E4B4FF4FF720C
:10DBA0000D490E480BF060F87B68732283F82E2035
:10DBB0007B68742283F82F207B68094A5A617B684E
:10DBC000084A9A617868FFF711FE00231846083763
:10DBD000BD4680BD8CA50108A8A50108B8A501080F
:10DBE000656A01084DD9000880B584B000AF78603F
:10DBF0007B68FB60F968034800F05CFE00BF1037EB
:10DC0000BD4680BDA4CF010880B500AFF7F752FE36
:10DC10000346184680BD000080B500AF0248F9F702
:10DC200059F80023184680BD442E002480B400AF6C
:10DC300000231846BD465DF8047B704780B584B06C
:10DC400000AFF860B9607A607B68BA68F968074825
:10DC5000F8F7AAFD0346002B02D04FF0FF3300E097
:10DC6000002318461037BD4680BD00BF442E002457
:10DC700080B584B000AFF860B9607A607B68BA683C
:10DC8000F9680748F8F7E4FD0346002B02D04FF08F
:10DC9000FF3300E0002318461037BD4680BD00BFAB
:10DCA000442E002480B500AFF7F704FE0346184663
:10DCB00080BD000080B5A0B000AF78600023FB6796
:10DCC0000023BB6700237B673A48F7F71CFD3867E2
:10DCD0007B6893F82D309B0803F00103DBB2002B27
:10DCE0000CD03B6F012B09DC3348F8F70AF9786850
:10DCF00001F064F8786801F0C7F856E07B6893F8A3
:10DD00002D3003F00403002B4FD13B6F012B4CDD72
:10DD10003B6F023B032B2BD801A252F823F000BF2C
:10DD200031DD000843DD000853DD000863DD000835
:10DD30004FF400537B674FF48043BB670123FB67BD
:10DD400017E000237B674FF48043BB670123FB6729
:10DD50000FE04FF400537B670023BB670123FB6791
:10DD600007E000237B670023BB670123FB6700E01C
:10DD700000BFFB6F002B18D007F10C0319460E48AB
:10DD8000F8F7BAFD7B6F7B62BB6F3B6207F10C0358
:10DD900019460948F8F784FF0748F8F754F87868F7
:10DDA00000F0A0FF786801F03BF800BF8037BD4667
:10DDB00080BD00BFD02F0024442E002480B483B047
:10DDC00000AF0346FB80FB881B021AB2FB881B0ACC
:10DDD0009BB21BB213431BB29BB218460C37BD4615
:10DDE0005DF8047B704780B483B000AF78607B68D7
:10DDF0001A067B681B0203F47F031A437B681B0A25
:10DE000003F47F431A437B681B0E134318460C37F9
:10DE1000BD465DF8047B704780B489B000AF786080
:10DE200039607B68FB610023FB8100237B61FB6918
:10DE300003F001033B613B69002B0DD03B68002BD5
:10DE40000ADDFA69531CFB6107F10E0301331278F6
:10DE50001A703B68013B3B60FB69BB610AE0BB6930
:10DE60009A1CBA611B881A467B6913447B613B6824
:10DE7000023B3B603B68012BF1DC3B68002B04DD7F
:10DE800007F10E03BA6912781A70FB891A467B698A
:10DE900013447B617B691A0C7B699BB213447B61E1
:10DEA0007B691A0C7B699BB213447B613B69002B35
:10DEB00007D07B691B029AB27B691B0ADBB2134352
:10DEC0007B617B699BB218462437BD465DF8047BB5
:10DED000704780B582B000AF78600B467B807B884E
:10DEE00019467868FFF798FF0346DB439BB2184654
:10DEF0000837BD4680BD80B586B000AF786000238E
:10DF0000FB6000237B617B683B612BE03B695A68C7
:10DF10003B695B8919461046FFF77EFF03461A46A8
:10DF20007B6913447B617B691A0C7B699BB2134448
:10DF30007B613B695B8903F001039BB2002B0ED030
:10DF4000FB68002B0CBF01230023DBB2FB607B6965
:10DF50001B029AB27B691B0ADBB213437B613B69EC
:10DF60001B683B613B69002BD0D1FB68002B07D0BD
:10DF70007B691B029AB27B691B0ADBB213437B618C
:10DF80007B699BB2DB439BB218461837BD4680BD08
:10DF900080B582B000AF00237B6000F0D5F800F0C0
:10DFA000D7FB00F0D5FC07F057FF01F0BBFD07F0F1
:10DFB000C9FE00BF0837BD4680BD000080B483B0F5
:10DFC00000AF0346FB80054B1A68FB8813441846D4
:10DFD0000C37BD465DF8047B704700BF0830002455
:10DFE00080B483B000AF7860054B1B687A68D31AA1
:10DFF0009BB218460C37BD465DF8047B704700BFE6
:10E000000830002490B585B000AF7860454B1B68A0
:10E010007A689A4206D2444B40F2DF1243494448A0
:10E020000AF022FE434B1B687A689A4206D33E4BA5
:10E030004FF4F07240493E480AF016FE7B681B79A7
:10E04000002B06D0384B40F2E1123C4938480AF028
:10E050000BFE7B681B88B3F5C86F06D9324B4FF4B3
:10E06000F272374932480AF0FFFD7B681B88184678
:10E07000FFF7A4FFF8607A68FB689A4224D0FB6837
:10E080001B79002B20D12B4B1B68FA689A421BD0BE
:10E090002C4B1B68FA689A4202D12A4A7B681360AB
:10E0A000FB681A887B681A80FB681B88B3F5C86F09
:10E0B0000AD0FB681B881846FFF780FF0446786883
:10E0C000FFF78EFF034663807B685B881846FFF787
:10E0D00075FFB860BA687B689A421FD0BB681B792D
:10E0E000002B1BD1174B1B687A689A4202D1154A44
:10E0F000BB6813607B681A88BB681A807B681B88C2
:10E10000B3F5C86F0AD07B681B881846FFF756FF27
:10E110000446B868FFF764FF0346638000BF143706
:10E12000BD4690BD08300024E0A5010810A60108F6
:10E1300028A601080C30002450A601086CA601088E
:10E1400088A601081030002480B582B000AF164BBD
:10E15000164A1A60144B1B687B607B684FF4C862D8
:10E160001A807B6800225A807B6800221A714FF463
:10E17000C860FFF723FF03460D4A13600C4B1B6872
:10E1800001221A710A4B1B684FF4C8621A80084BAF
:10E190001B684FF4C8625A80034B1B68054A136022
:10E1A00000BF0837BD4680BD083000240040043061
:10E1B0000C3000241030002480B586B000AF7860A9
:10E1C0007868FFF70DFF0346FB827B681B881846C3
:10E1D000FFF7F4FE38617B685B881846FFF7EEFEB8
:10E1E000F8607B681B88B3F5C86F18D87B685B88BC
:10E1F000B3F5C86F13D87B685B88FA8A9A4204D05B
:10E20000FB681B88FA8A9A4209D1084B1B683A6955
:10E210009A4206D03B695B88FA8A9A4201D0002371
:10E2200000E0012318461837BD4680BD0C3000249D
:10E2300080B584B000AF78607B68002B4CD07B68E1
:10E2400003F00303002B07D0254B40F2732225492E
:10E2500025480AF009FD40E07B68083BFB60234B42
:10E260001B68FA689A4206D37B6803F10C02204BC4
:10E270001B689A4207D91A4B40F27F221D491A485F
:10E280000AF0F2FC29E0FB681B79002B07D1144B44
:10E290004FF42372184914480AF0E6FC1DE0F868B0
:10E2A000FFF78AFF0346002B07D10D4B40F2952262
:10E2B00012490D480AF0D8FC0FE0FB6800221A71E1
:10E2C0000F4B1B68FA689A4202D20D4AFB68136032
:10E2D000F868FFF797FE00E000BF1037BD4680BD2D
:10E2E000E0A50108B4A6010828A60108083000240A
:10E2F0000C300024D8A60108F4A601081CA70108C8
:10E300001030002480B588B000AF78600B467B8069
:10E310007B8803339BB223F00303FB83FB8B0B2B24
:10E3200001D80C23FB83FB8BB3F5C86F03D8FA8BA2
:10E330007B889A4201D20023CCE0684B1B687A6844
:10E340009A4204D3664B1B687A689A4206D3654B9F
:10E3500040F2D122644965480AF086FC5F4B1B6895
:10E360007A689A4204D35E4B1B687A689A4201D35A
:10E370007B68AFE07B68083BBB61B869FFF730FEA4
:10E380000346FB82BB691A88FB8AD31A9BB2083BFF
:10E39000BB82FA8BBB8A9A4206D9524B4FF4397230
:10E3A000534952480AF060FCFA8BBB8A9A4201D961
:10E3B00000238FE0FA8BBB8A9A4201D17B6889E007
:10E3C000BB691B881846FFF7F9FD38613B691B796B
:10E3D000002B3FD1BB691B88B3F5C86F06D1414BF9
:10E3E00040F2F522434941480AF03EFC3B691B8854
:10E3F000BB81FA8AFB8B13449BB20833FB813E4BF3
:10E400001B683A699A4206D1FB891846FFF7D6FD88
:10E410000346394A1360FB891846FFF7CFFD386180
:10E420003B6900221A713B69BA891A803B69FA8AF2
:10E430005A80BB69FA891A803B691B88B3F5C86F9B
:10E4400047D03B691B881846FFF7B8FD0246FB8999
:10E4500053803EE0FB8B03F11402BB8A9A4238D80A
:10E46000FA8AFB8B13449BB20833FB81BB691B8880
:10E47000B3F5C86F06D11B4B40F216321D491B483D
:10E480000AF0F2FBFB891846FFF798FD38611A4B3A
:10E490001B683A699A4202D2174A3B6913603B698A
:10E4A00000221A71BB691A883B691A803B69FA8A93
:10E4B0005A80BB69FA891A803B691B88B3F5C86F1B
:10E4C00007D03B691B881846FFF778FD0246FB8999
:10E4D00053807B6818462037BD4680BD0830002435
:10E4E0000C300024E0A5010850A7010828A6010867
:10E4F00068A7010888A701081030002480B588B0FB
:10E5000000AF0346FB80FB88002B01D10023D9E03C
:10E51000FB8803339BB223F00303BB83BB8B0B2B22
:10E5200001D80C23BB83BB8BB3F5C86F03D8BA8B60
:10E53000FB889A4201D20023C4E0644B1B68184652
:10E54000FFF74EFD0346FB83B4E0FB8B1846FFF755
:10E5500035FD78617B691B79002B40F0A4807B69D5
:10E560001B881A46FB8BD31AA3F10802BB8B9A4275
:10E57000C0F099807B691B881A46FB8BD31AA3F1E4
:10E580000802BB8B14339A4233D3FA8BBB8B1344F0
:10E590009BB208337B827B8AB3F5C86F06D14C4BA4
:10E5A00040F287324B494C480AF05EFB7B8A1846A2
:10E5B000FFF704FDF860FB6800221A717B691A8876
:10E5C000FB681A80FB68FA8B5A807B697A8A1A800A
:10E5D0007B6901221A71FB681B88B3F5C86F0BD0E9
:10E5E000FB681B881846FFF7E9FC02467B8A5380CC
:10E5F00002E07B6901221A71344B1B687A699A42E6
:10E6000027D1324B1B68BB6105E0BB691B881846EC
:10E61000FFF7D4FCB861BB691B79002B04D02F4BEA
:10E620001B68BA699A42F0D1284ABB691360274B2C
:10E630001A682A4B1B689A420BD0244B1B681B7923
:10E64000002B06D0224B40F2B532254922480AF071
:10E650000BFBBA8B7B6913440833204A1268934240
:10E6600006D91B4B40F2B9321E491B480AF0FCFA8E
:10E670007B6903F00303002B06D0154B40F2BB323D
:10E68000194915480AF0F0FA7B6903F00303002BDF
:10E6900006D00F4B40F2BD3214490F480AF0E4FA9D
:10E6A0007B6908330EE0FB8B1846FFF787FC0346B7
:10E6B0001B88FB83FA8BBB8BC3F5C8639A42FFF4BC
:10E6C00044AF002318462037BD4680BD10300024DB
:10E6D000E0A5010888A7010828A601080C3000243D
:10E6E0009CA70108B8A70108E8A7010818A8010815
:10E6F00080B485B000AF78607B689B6800221A60A8
:10E700007B685B68033323F00303BB600023FB607B
:10E7100011E07B689B681A68BB681A607B689B681D
:10E72000BA681A607B681B881A46BB681344BB60D2
:10E73000FB680133FB607B685B881A46FB68934289
:10E74000E7DB00BF00BF1437BD465DF8047B7047B0
:10E7500080B582B000AF0023FB8009E0FB88084A47
:10E7600052F823301846FFF7C3FFFB880133FB80C4
:10E77000FB88082BF2D900BF00BF0837BD4680BD1B
:10E780001CD0010880B584B000AF78607B689B68BE
:10E790001B68FB60FB68002B12D07B689B68FA68E3
:10E7A00012681A60FB6803F00303002B06D0074BC6
:10E7B0004FF48C72064907480AF056FAFB6800E0ED
:10E7C000002318461037BD4680BD00BF3CA8010895
:10E7D0006CA8010890A8010880B582B000AF7860ED
:10E7E0007B68002B06D10A4B4FF49E7209490A48F8
:10E7F0000AF03AFA7B68002B01D1002303E0786825
:10E80000FFF7C0FF034618460837BD4680BD00BF6E
:10E810003CA80108B8A8010890A8010880B584B0F8
:10E8200000AF0346FB71FB79082B08D90A4B40F275
:10E8300057120A490A480AF017FA002308E0FB7940
:10E84000084A52F823301846FFF79CFFF860FB682F
:10E8500018461037BD4680BD3CA80108CCA8010869
:10E8600090A801081CD0010880B584B000AF786082
:10E8700039603B6803F00303002B06D00A4B4FF4CA
:10E88000B6720A490A480AF0EFF93B68FB607B68F8
:10E890009B681A68FB681A607B689B68FA681A6054
:10E8A00000BF1037BD4680BD3CA80108ECA8010898
:10E8B00090A8010880B582B000AF786039607B68AD
:10E8C000002B06D10A4B40F295120A490A480AF079
:10E8D000CBF97B68002B07D03B68002B04D039684C
:10E8E0007868FFF7C1FF00E000BF0837BD4680BD74
:10E8F0003CA80108B8A8010890A8010880B582B01A
:10E9000000AF03463960FB71FB79082B07D90C4B2C
:10E910004FF4D5720B490C480AF0A6F90CE03B689D
:10E92000002B08D0FB79094A52F823303968184681
:10E93000FFF79AFF00E000BF0837BD4680BD00BF6B
:10E940003CA801080CA9010890A801081CD00108E6
:10E9500080B400AF00BFBD465DF8047B7047000087
:10E9600080B586B000AFF860B9607A603B60FB6844
:10E97000002B08D1574B40F22712574957480AF04D
:10E9800073F90023A2E07B6A002B08D1514B4FF4AE
:10E990009472534951480AF067F9002396E0BB6826
:10E9A000002B01D14F4BBB607B68002B01D14D4B3D
:10E9B0007B603B68002B01D14A4B3B60FB68002227
:10E9C0005A60FB6800229A60FB680022DA60FB68EC
:10E9D000454A5A61FB6800229A84FB68002283F84A
:10E9E0002D20FB680022DA61FB683A6A1A623F4B0D
:10E9F0001A78FB6883F83020FB68BA6A1A613B68B2
:10EA00007A68B968F86800F013F97B6AF868984783
:10EA10000346002B01D0002358E0FB6893F8303008
:10EA2000FF2B03D1FB68002283F8302000233B61D9
:10EA30002F4B1B687B612BE07A69FB689A4206D1F9
:10EA4000244B40F28B122B4924480AF00DF93B6904
:10EA500001333B613B69FF2B06DD1E4B40F28D12FB
:10EA600025491E480AF000F97B6993F83020FB68BD
:10EA700093F830309A4208D1FB6893F83030013374
:10EA8000DAB2FB6883F8302005E07B691B687B61A4
:10EA90007B69002BD0D17B69002BBED1FB6893F83A
:10EAA0003030FE2B03D1114B00221A7006E0FB68B8
:10EAB00093F830300133DAB20C4B1A700C4B1A68F1
:10EAC000FB681A600A4AFB681360FB68184618372F
:10EAD000BD4680BD28A90108BCA9010878A9010884
:10EAE000D8A9010880D001080BEF0008085F0024B6
:10EAF000005F0024FCA9010810AA010880B582B0BB
:10EB000000AF786039603968786802F0F5FD3968DF
:10EB1000786807F02BFB00BF0837BD4680BD0000BA
:10EB200080B586B000AFF860B9607A60BB68002B32
:10EB300006D11D4B40F2CB121C491D480AF094F837
:10EB40007B68002B06D1184B4FF4E6721749184822
:10EB50000AF08AF8BB681A68FB6804331B689A429B
:10EB60001CD0BB681B687B61FB6804331A687B6838
:10EB70001A6007F1140319467868FFF7BFFFBB68F6
:10EB8000002B02D0BB681B6800E00023FA685360CA
:10EB90000121F86800F0D2F8012300E000231846B4
:10EBA0001837BD4680BD00BF28A9010840AA01084A
:10EBB00078A9010880B485B000AFF860B9607A60C8
:10EBC000BB681A68FB6808331B689A420AD0BB68A6
:10EBD000002B02D0BB681B6800E00023FA6893603A
:10EBE000012300E0002318461437BD465DF8047B7E
:10EBF000704780B485B000AFF860B9607A60BB68D8
:10EC00001A68FB680C331B689A420AD0BB68002B59
:10EC100002D0BB681B6800E00023FA68D3600123C0
:10EC200000E0002318461437BD465DF8047B7047AA
:10EC300080B588B000AFF860B9607A603B600023AF
:10EC4000FB610023BB61BB68002B01D11C4BBB6087
:10EC50007B68002B01D11A4B7B603B68002B01D1F4
:10EC6000174B3B60BB68002B03D0BB681B68002BB5
:10EC700001D1012300E000237B617B69002B06D0DA
:10EC800007F110031A46B968F868FFF749FFFA69F7
:10EC90007968F868FFF78EFFBA693968F868FFF796
:10ECA000A8FF7B69002B06D107F110031A46B9684B
:10ECB000F868FFF735FF00BF2037BD4680BD00BFB5
:10ECC00080D0010880B483B000AF7860044A7B68CC
:10ECD000136000BF0C37BD465DF8047B704700BF72
:10ECE000045F002480B582B000AF78607B68002BA1
:10ECF00007D10F4B4FF454720E490F4809F0B4FF7F
:10ED000013E07B6893F82D3003F00103002B0CD146
:10ED10007B6893F82D3043F00103DAB27B6883F807
:10ED20002D200321786800F009F80837BD4680BD22
:10ED300028A90108B0AA010878A9010880B582B005
:10ED400000AF78600B46FB707B68002B06D1184B38
:10ED500040F26D321749184809F086FF7B6893F836
:10ED60002D3003F00403002B1ED07B6893F82D3068
:10ED700003F00103002B17D0FB7803F00103002BF5
:10ED800013D07B6804331B68002B0ED07B6893F88C
:10ED90002D3003F00803002B07D07B68043319469D
:10EDA000786808F04DF900E000BF0837BD4680BD27
:10EDB00028A90108CCAA010878A9010880B582B069
:10EDC00000AF78607B68002B07D1124B40F29B327A
:10EDD0001149124809F048FF19E07B6893F82D307B
:10EDE00003F00103002B12D07B6893F82D3023F041
:10EDF0000103DAB27B6883F82D207B6893F82D300D
:10EE000003F00803002B02D0786807F0D7FC08371E
:10EE1000BD4680BD28A90108F0AA010878A901080B
:10EE200080B582B000AF78607B68002B07D1134BB0
:10EE30004FF478721249134809F016FF1BE07B6803
:10EE400093F82D3003F00403002B14D17B6893F862
:10EE50002D3043F00403DAB27B6883F82D200321C0
:10EE60007868FFF76BFF7B68DB69002B03D07B685A
:10EE7000DB69786898470837BD4680BD28A9010836
:10EE800010AB010878A9010880B582B000AF7860A6
:10EE90007B68002B07D1114B40F206421049114804
:10EEA00009F0E2FE17E07B6893F82D3003F00403CD
:10EEB000002B10D07B6893F82D3023F00403DAB2D6
:10EEC0007B6883F82D207B68DB69002B03D07B688F
:10EED000DB69786898470837BD4680BD28A90108D6
:10EEE00034AB010878A9010880B483B000AF786022
:10EEF00039607B68002B02D07B683A68DA6100BF1A
:10EF00000C37BD465DF8047B704780B485B000AF18
:10EF1000F860B9607A606FF00B0318461437BD468D
:10EF20005DF8047B7047000080B485B000AF0346F5
:10EF3000FB71FB79002B13D00D4B1B68FB600CE0C1
:10EF4000FB6893F830300133DBB2FA799A4201D191
:10EF5000FB6806E0FB681B68FB60FB68002BEFD1D9
:10EF6000002318461437BD465DF8047B704700BF88
:10EF7000005F002480B582B000AF0C4B00221A70F5
:10EF80000B4B1B687B600AE07B685B6F002B03D038
:10EF9000786802F0EFFB05E07B68DB687B607B68EC
:10EFA000002BF1D10837BD4680BD00BF095F0024AA
:10EFB000185F002480B400AF034B01221A7000BF19
:10EFC000BD465DF8047B7047095F002480B485B0BE
:10EFD00000AFF860B96011461A460B46FB80134635
:10EFE000BB80FB6800221A60FB68BA685A60FB6845
:10EFF000FA881A81FB68BA885A813B8BDAB2FB68BF
:10F000001A73FB683A7F5A73FB6801229A73FB6894
:10F010000022DA7300BF1437BD465DF8047B7047E9
:10F0200080B58CB002AF0346FB710B46BB80134624
:10F030007B80FB797B847B88B3F5207F7FD0B3F521
:10F04000207F00F3C880B3F5C17F10D0B3F5C17F36
:10F0500000F3C180012B02D0412B40F0BC807A88A4
:10F06000BB881946002000F0D1F87862BDE000238B
:10F070007B620023FB61BB887B830820FFF7CEFB0C
:10F0800038613B69002B09D1FFF794FF7B6A002BA5
:10F0900002D0786A00F0A8FA0023A7E07B8C033343
:10F0A0009BB223F003039BB2C3F514739BB27A8B1C
:10F0B000934228BF1346FB817B8C10333A6913447B
:10F0C000033323F003031846F9897A8B0023019355
:10F0D0007B8800930B4601463869FFF777FF3B6951
:10F0E0005B6803F00303002B06D0424B4FF48072A1
:10F0F0004149424809F0B8FD7B8C033323F00303F8
:10F10000B3F5147F06D13B4B4FF481723C493B4829
:10F1100009F0AAFD7B6A002B02D13B697B6202E009
:10F12000FB693A691A603B69FB617A8BFB89D31AE8
:10F130007B8300237B847B8B002B9ED155E07B8CD3
:10F1400003339BB223F003039AB2BB8803339BB211
:10F1500023F003039BB213443B833B8B1033FB82AE
:10F160003A8BBB88033323F003039A4206D3FA8A0F
:10F17000BB88033323F003039A4201D2002335E016
:10F18000FB8A1846FFF7BAF978627B6A002B01D137
:10F1900000232BE07B8C10337A6A1344033323F073
:10F1A00003031846B988BA88002301937B8800932B
:10F1B0000B460146786AFFF709FF7B6A5B6803F03C
:10F1C0000303002B10D00B4B4FF491720D490B48E9
:10F1D00009F04AFD08E0074B40F227120A490748A8
:10F1E00009F042FD002301E000BF7B6A1846283782
:10F1F000BD4680BD58AB010888AB0108B8AB01081B
:10F20000E0AB010814AC010840AC010880B586B041
:10F2100002AF78600B467B8013463B803B88412BD6
:10F2200009D03B88012B06D00F4B4FF4A5720F4934
:10F230000F4809F019FD0720FFF7F0FAF860FB68A6
:10F24000002B01D100230BE079887A8800230193F9
:10F250003B8800930B467968F868FFF7B7FEFB68B8
:10F2600018461037BD4680BD58AB01085CAC01089C
:10F27000B8AB010880B588B002AF7B600346FB7372
:10F280000B46BB8113467B81FB7B7B827B8A0333EE
:10F2900023F00302BB891A44BB8C9A4201D9002394
:10F2A00018E03B6A002B07D07B8A033323F003036B
:10F2B0003A6A13447B6101E000237B617868B98975
:10F2C000BA89022301937B8900930B467969FFF782
:10F2D0007DFE7B6818461837BD4680BD80B584B07A
:10F2E00000AF78600B467B807B68002B06D13A4BE1
:10F2F0004FF4CC7239493A4809F0B6FC7B681B8957
:10F300007A889A4263D27B681A897B88D31A3B81B8
:10F310007B887B817B68FB6018E0FB685B897A896E
:10F32000D31A7B81FB681A893B89D31A9AB2FB688E
:10F330001A81FB681B68FB60FB68002B06D1264B1B
:10F3400040F2AF122749264809F08EFCFB685B8922
:10F350007A899A42E1D8FB681B7B03F00F03002BEC
:10F3600021D1FB685B897A899A421CD0FB685B7B60
:10F3700003F00203002B16D1FB685A68FB68D31A0E
:10F380009AB27B8913449BB21946F868FEF7BAFF1C
:10F39000F860FB68002B06D10F4B40F2BD121249FA
:10F3A0000F4809F061FCFB687A895A81FB685A8929
:10F3B000FB681A81FB681B68002B04D0FB681B6884
:10F3C000184600F011F9FB6800221A6000E000BF47
:10F3D0001037BD4680BD00BF58AB010870AC0108B6
:10F3E000B8AB010888AC0108A0AC010880B586B0B4
:10F3F00000AFF860B9601346FB71FB68002B06D1C3
:10F400002B4B40F2DF122B492B4809F02DFCFB68F7
:10F41000002B03D0BB68B3F5803F01D3012343E049
:10F42000BB68002B01D100233EE0BB687B82FB68F8
:10F430001A897B8A13449BB27A8A9A4201D90123A2
:10F4400032E0FB681B7B3B823B8A03F08003002B8E
:10F450000CD0FB685A68BB685B4213447B61FB6855
:10F4600010337A699A420DD201231DE0FB79002BFB
:10F4700006D0FB685A68BB685B4213447B6101E0BD
:10F48000012311E0FB687A695A60FB685A897B8A1C
:10F4900013449AB2FB685A81FB681A897B8A134429
:10F4A0009AB2FB681A81002318461837BD4680BD02
:10F4B00058AB0108BCAC0108B8AB010880B582B0FC
:10F4C00000AF78603960002239687868FFF78EFFF6
:10F4D000034618460837BD4680BD000080B584B09D
:10F4E00000AF786039607B68002B06D1204B40F27A
:10F4F0004B222049204809F0B7FB7B68002B03D042
:10F500003B68B3F5803F01D301232CE03B68002B1F
:10F5100001D1002327E03B68FB817B685B89FA8986
:10F520009A4208D9124B40F255221449124809F068
:10F530009BFB012317E07B685B68BB607B685A68B4
:10F540003B681A447B685A607B685A89FB89D31AE6
:10F550009AB27B685A817B681A89FB89D31A9AB25E
:10F560007B681A81002318461037BD4680BD00BF56
:10F5700058AB0108BCAC0108B8AB0108C8AC010825
:10F5800080B582B000AF78600B467B8013467B70FD
:10F59000B7F90230002B08DAB7F902305B4219469E
:10F5A0007868FFF79BFF034607E0B7F902307A78E7
:10F5B00019467868FFF71AFF034618460837BD4614
:10F5C00080BD80B582B000AF78600B467B80B7F914
:10F5D0000230012219467868FFF7D2FF0346184629
:10F5E0000837BD4680BD000080B586B000AF7860AA
:10F5F0007B68002B0BD17B68002B06D1384B4FF476
:10F6000037723849384809F02FFB002363E00023A4
:10F61000FB755CE07B689B7B002B06D1304B40F296
:10F62000F1223249304809F01FFB7B689B7B013B8C
:10F63000DAB27B689A737B689B7BBB75BB7D002BC2
:10F6400043D17B681B683B617B681B7B03F00F0326
:10F65000FB737B685B7B03F00203002B11D07B689C
:10F66000BB60BB681B69002B06D11D4B40F2FF221B
:10F670001F491D4809F0F8FABB681B69786898476C
:10F680001DE0FB7B022B04D179680820FFF736F9D7
:10F6900015E0FB7B012B04D179680720FFF72EF9D9
:10F6A0000DE0FB7B002B03D17868FEF7C1FD06E07F
:10F6B0000B4B40F20F320F490B4809F0D5FAFB7D96
:10F6C0000133FB753B697B6001E000237B607B6855
:10F6D000002B9FD1FB7D18461837BD4680BD00BF6B
:10F6E00058AB0108BCAC0108B8AB0108E8AC010894
:10F6F00000AD010824AD010880B485B000AF78608A
:10F700000023FB8105E0FB890133FB817B681B68DB
:10F710007B607B68002BF6D1FB8918461437BD4609
:10F720005DF8047B7047000080B582B000AF786060
:10F730007B68002B10D07B689B7B0133DAB27B683F
:10F740009A737B689B7B002B06D1054B40F24232BB
:10F750000449054809F088FA00BF0837BD4680BD56
:10F7600058AB010838AD0108B8AB010880B584B0CA
:10F7700000AF786039607B68002B02D03B68002BBB
:10F7800007D1204B40F259321F49204809F06CFA4A
:10F7900034E07B68FB600AE0FB681A893B681B89E0
:10F7A00013449AB2FB681A81FB681B68FB60FB6814
:10F7B0001B68002BF0D1FB681A89FB685B899A42B1
:10F7C00006D0104B40F262321149104809F04CFA51
:10F7D000FB681B68002B06D00A4B40F263320D49D0
:10F7E0000A4809F041FAFB681A893B681B891344EF
:10F7F0009AB2FB681A81FB683A681A601037BD46F6
:10F8000080BD00BF58AB01084CAD0108B8AB010882
:10F8100084AD0108B4AD010880B582B000AF786056
:10F82000396039687868FFF7A1FF3868FFF77CFF17
:10F8300000BF0837BD4680BD80B586B000AF786098
:10F84000396000237B6100233B617B68002B08D07B
:10F850003B68002B05D07B681A893B681B899A425C
:10F8600009D2574B40F2C9325649574809F0FCF9C2
:10F870006FF00F039FE07B685B891A467B69D21AA1
:10F880003B685B8919463B69CB1A9A4206D33B68B1
:10F890005B891A463B69D31AFB6005E07B685B898C
:10F8A0001A467B69D31AFB607B685A687B69D0185B
:10F8B0003B685A683B691344FA68194609F009FB2A
:10F8C0007A69FB6813447B613A69FB6813443B61C6
:10F8D0007B685B891A467B69934206D9384B40F2B4
:10F8E000D9323A49384809F0BFF93B685B891A4672
:10F8F0003B69934206D9324B40F2DA3234493248FE
:10F9000009F0B2F93B685B891A463B69934204D31C
:10F9100000233B613B681B683B607B685B891A4640
:10F920007B69934214D100237B617B681B687B60F9
:10F930007B68002B0CD13B68002B09D0204B4FF487
:10F9400079722449204809F08FF96FF00F0332E0F3
:10F950003B68002B13D03B685A893B681B899A424D
:10F960000DD13B681B68002B09D0154B40F2E932E2
:10F970001949154809F078F96FF005031BE07B6819
:10F98000002B13D07B685A897B681B899A420DD162
:10F990007B681B68002B09D0094B40F2EE320E4900
:10F9A000094809F061F96FF0050304E03B68002B9A
:10F9B0007FF461AF002318461837BD4680BD00BFF5
:10F9C00058AB010800AE0108B8AB010830AE010821
:10F9D00048AE010864AE010874AE010880B588B075
:10F9E00000AFF860B96011461A460B46FB8013461B
:10F9F000BB8000237B830023FB82FB68002B08D1A4
:10FA00002B4B40F20A422B492B4809F02DF90023D9
:10FA10004AE0BB68002B08D1254B40F20B42274936
:10FA2000254809F021F900233EE0FB68FB6134E042
:10FA3000BB88002B0AD0FB695B89BA889A4205D340
:10FA4000FB695B89BA88D31ABB8023E0FB695A89BA
:10FA5000BB88D31A3B833A8BFB889A4201D9FB8837
:10FA60003B837B8BBA68D018FB695A68BB88134408
:10FA70003A8B194609F02DFAFA8A3B8B1344FB8224
:10FA80007A8B3B8B13447B83FA883B8BD31AFB80A6
:10FA90000023BB80FB691B68FB61FB88002B02D045
:10FAA000FB69002BC4D1FB8A18462037BD4680BDB8
:10FAB00058AB0108A0AE0108B8AB0108C0AE010800
:10FAC00080B584B000AF03463A60FB710B46BB8043
:10FAD0003B681989BA88FB791846FFF7A1FAF860E4
:10FAE000FB68002B01D1002311E03968F868FFF7AB
:10FAF000A3FE0346FB7297F90B30002B06D0064B92
:10FB000040F224520549064809F0AEF8FB68184651
:10FB10001037BD4680BD00BF58AB0108CCAF01080F
:10FB2000B8AB010880B500AF08F01AFF03469BB2DE
:10FB3000C3F30D039BB2A3F580439AB2014B1A8025
:10FB400000BF80BD4800002480B582B000AF78605F
:10FB50007B681B7D012B05D1064BD4220649074843
:10FB600009F082F879680120FEF7C8FE00BF083767
:10FB7000BD4680BD58B0010888B001089CB001089E
:10FB800080B582B000AF78607B681B7D012B05D10A
:10FB9000064BDF220649074809F066F8796802201B
:10FBA000FEF7ACFE00BF0837BD4680BD58B0010867
:10FBB000C4B001089CB0010880B500AF01F05EF848
:10FBC000074B1B780133DAB2054B1A70044B1B78D4
:10FBD00003F00103002B01D000F00EFD00BF80BD3B
:10FBE000215F002480B584B000AF786039603B6845
:10FBF000002B05D10D4BFF220D490E4809F034F8BA
:10FC00007B68FB600AE0FB68DB6F3A689A4202D1CE
:10FC1000FB680022DA67FB68DB68FB60FB68002B8F
:10FC2000F1D100BF00BF1037BD4680BD58B00108FC
:10FC3000E0B001089CB0010880B584B000AF7860E6
:10FC40007B68002B06D1144B40F211121349144863
:10FC500009F00AF87B681B7D012B06D00E4B4FF490
:10FC6000897210490E4808F0FFFF0123FB600BE08A
:10FC70000D4AFB6852F823301B6879681846FFF775
:10FC8000B1FFFB680133FB60FB68032BF0D900BFB9
:10FC900000BF1037BD4680BD58B0010808B101084B
:10FCA0009CB0010814B1010858D00108B0B588B063
:10FCB00004AF78600B46FB707B68002B06D1634B6A
:10FCC0004FF4AF726249634808F0CEFFFB78002B17
:10FCD00066D07B681B7D042B03D07B681B7D072BC4
:10FCE0005ED17B689B6F002B04D17B681B8DB3F5C5
:10FCF000066F55D07B685B8B03F01003002B06D199
:10FD0000524B4FF4B2725449524808F0ADFF7B6831
:10FD1000186D7B685C6A7D687B6804337A68D28A78
:10FD20007968098B0291019200932B462246014685
:10FD3000786805F085FD786801F068FB474B1B6823
:10FD40007A689A4205D1454B1B68DB68434A1360C9
:10FD500013E0424B1B68FB600CE0FB68DB687A68D1
:10FD60009A4204D17B68DA68FB68DA6005E0FB68D8
:10FD7000DB68FB60FB68002BEFD17B680022DA6058
:10FD8000374B01221A70374B1B687A689A4202D1AE
:10FD900003F0FCFF02E07868FFF7D6FE002350E096
:10FDA0007B681B7D022B3BD0022B44DC002B02D056
:10FDB000012B2AD03FE07B68DB8A002B21D02A4B25
:10FDC0001B687A689A4205D1274B1B68DB68264A74
:10FDD000136013E0244B1B68BB600CE0BB68DB685E
:10FDE0007A689A4204D17B68DA68BB68DA6005E019
:10FDF000BB68DB68BB60BB68002BEFD17B6800226F
:10FE0000DA607868FFF7A0FE1AE07868FFF714FF61
:10FE10007968164801F04AFB7868FFF7B1FE0FE0F9
:10FE200079680E4801F042FB0D4B01221A70786888
:10FE3000FFF78AFE04E0786800F01AF8034600E055
:10FE4000002318461037BD46B0BD00BF58B00108AA
:10FE50002CB101089CB001084CB10108185F0024C6
:10FE6000205F0024585F0024105F0024145F0024EA
:10FE700080B584B000AF78607B68002B06D12E4B34
:10FE80004FF4CE722D492E4808F0EEFE7B681B7DA4
:10FE9000072B20D0072B2BDC032B02D0042B0DD0FB
:10FEA00026E0786804F0DAFD0346FB7397F90F301B
:10FEB000002B1FD17B6805221A751BE0786804F0BF
:10FEC000CDFD0346FB7397F90F30002B14D17B68EF
:10FED00005221A7510E0786804F0C0FD0346FB7334
:10FEE00097F90F30002B09D17B6809221A7505E0BC
:10FEF00000231CE000BF02E000BF00E000BF97F954
:10FF00000F30002B03D1786804F0E6FE0DE097F97E
:10FF10000F30B3F1FF3F08D17B685B8B43F00803E0
:10FF20009AB27B685A83002301E097F90F30184694
:10FF30001037BD4680BD00BF58B0010808B10108A8
:10FF40009CB0010880B582B000AF78607B68002B60
:10FF500009D10F4B4FF4F4720E490F4808F084FE9C
:10FF60006FF00F030FE07B681B7D012B06D07B68D1
:10FF70005B8B43F010039AB27B685A830121786847
:10FF8000FFF794FE034618460837BD4680BD00BF04
:10FF900058B0010868B101089CB0010880B58EB066
:10FFA00004AF786039607B68002B07D1524B40F278
:10FFB0003D225249524808F057FE99E07B681B7D6C
:10FFC000012B06D14C4B4FF410724E494C4808F0AF
:10FFD0004BFE7B681B7D0A2B07D179684A4801F0EC
:10FFE00065FA7868FFF7B0FD82E000237B620023AA
:10FFF0007B847B681B6DBB617B685B6A7B617B6814
:020000040801F1
:10000000D3F890303B617B681B69FB607B681B7D8C
:10001000002B26D17B68DB8A002B2ED03B4B1B6844
:100020007A689A4205D1394B1B68DB68374A1360FE
:1000300013E0364B1B68FB610CE0FB69DB687A68F8
:100040009A4204D17B68DA68FB69DA6005E0FB69F3
:10005000DB68FB61FB69002BEFD17B680022DA6073
:100060000BE03B687B627B68DB8A7B84796828488D
:1000700001F01CFA274B01221A707B681B6F002BC2
:1000800004D07B681B6F184600F0D8FE7B68DB6EDF
:10009000002B04D07B68DB6E184600F0CFFE7B6837
:1000A0005B6F002B04D07B685B6F184600F0C6FEC8
:1000B0007B6A002B0ED079687B6804337A68128BD8
:1000C00002927A8C019200930B467A69B96978683A
:1000D00005F0B6FB7B681B7DFB727868FFF734FD8B
:1000E0003B69002B04D03B696FF00C01F86898471E
:1000F0002837BD4680BD00BF58B001089CB101083B
:100100009CB00108B8B101081C5F0024105F0024F6
:10011000185F0024205F002480B582B000AF7860B3
:1001200001217868FFF73AFF00BF0837BD4680BD60
:1001300080B588B000AFF860B9601346FB80042337
:100140007B61BB68002B01D13E4BBB60FB68002B81
:1001500009D13D4B40F2A9223C493D4808F084FDBD
:100160006FF00F036AE0FB681B7D002B09D0364B54
:1001700040F2AB223749364808F076FD6FF00503B0
:100180005CE0FB88002B09D100F0F0F90346FB800E
:10019000FB88002B35D16FF001034FE00023FB619A
:1001A0002BE02D4AFB6952F823301B68BB611EE02F
:1001B000BB69DB8AFA889A4216D1BB69002B10D042
:1001C000BB691B68002B0CD0BB68002B09D0BB6837
:1001D0001B68002B05D0BB691A68BB681B689A4274
:1001E00002D16FF0070329E0BB69DB68BB61BB6923
:1001F000002BDDD1FB690133FB61FA697B699A420F
:10020000CFDBBB68002B0CD0BB681B68002B08D071
:10021000BB68002B02D0BB681B6800E00023FA68B3
:100220001360FB68FA88DA820C4B1A68FB68DA60A4
:100230000A4AFB68136005F0C5FC00231846203706
:10024000BD4680BD80D0010858B00108ECB101085E
:100250009CB0010804B2010858D00108105F0024C6
:1002600080B584B000AFF860B9601346FB71BB681D
:10027000002B06D1074B40F20F320749074808F020
:10028000F3FCB868FFF748FF6FF00C03184610370F
:10029000BD4680BD58B001082CB201089CB00108D1
:1002A00080B582B000AF78600B46FB70FB7800220F
:1002B0001946786800F006F8034618460837BD4628
:1002C00080BD000080B588B000AFF8600B467A6052
:1002D000FB720023FB61FB68002B09D1474B40F206
:1002E00059324749474808F0BFFCF023FB7679E0D4
:1002F000FB681B7D002B09D0404B40F25A3242492B
:10030000404808F0B1FCF123FB766BE0FB681B7DF5
:10031000012B04D1FB68FB61F723FB7662E002202E
:10032000FEF77CFAF861FB69002B02D1FF23FB7614
:1003300058E0FB681A69FB691A61FB68DA8AFB6995
:10034000DA82FB6901221A75FB685A7DFB695A75CE
:10035000FB685A7AFB695A72FB6900221A72FB68C1
:10036000DA7AFB69DA72FB689A7AFB699A72FB683F
:100370001A68FB691A60FB68DB8A002B21D0234BCB
:100380001B68FA689A4205D1204B1B68DB681F4A3C
:10039000136013E01D4B1B687B610CE07B69DB681D
:1003A000FA689A4204D1FB68DA687B69DA6005E092
:1003B0007B69DB687B617B69002BEFD1FB680022E6
:1003C000DA60F868FFF7C0FBFB69114A9A61114BCC
:1003D0001A68FB69DA600F4AFB69136005F0F2FBEB
:1003E0000023FB767B68002B02D07B68FA7E1A70B4
:1003F000FB6918462037BD4680BD00BF58B00108D4
:100400004CB201089CB001087CB20108105F0024C6
:1004100061020108145F002480B584B000AF7860E9
:100420007B68002B06D1254B40F2A6322449254893
:1004300008F01AFC7B685B6A7A68128D1344FB60D3
:100440007B68DB6A7A68528EB2F5866F28BF4FF4FC
:10045000866292B21344FA68D31A002B08DB7B68D9
:100460001A8D7B685A857B68DB6AFA68D31A20E0AC
:100470007B685A6A7B68DB6AD31A002B03DD7B68D2
:1004800000225A8514E07B68DA6A7B685B6AD31ABB
:10049000BB60BB68B3F5803F06D3084B40F2B63271
:1004A0000949084808F0E0FBBB689AB27B685A85A6
:1004B000002318461037BD4680BD00BF58B0010864
:1004C000B4B201089CB00108D8B2010880B584B06C
:1004D00000AF78600B467B807B68002B07D11F4BF9
:1004E00040F2CF321E491F4808F0BEFB32E07B6865
:1004F0001B7D012B06D1194B40F2D2321A49194803
:1005000008F0B2FB7B681A8D7B881344FB81FB8962
:10051000B3F5066F04D87B681B8DFA899A4204D222
:100520007B684FF406621A8502E07B68FA891A85B7
:100530007868FFF771FFB860BB68B3F5067F09D331
:100540007B685B8B43F002039AB27B685A837868BE
:1005500004F0C2FB1037BD4680BD00BF58B0010893
:10056000F4B201089CB001080CB3010880B483B058
:1005700000AF0023BB801E4B1B8801339AB21C4B7B
:100580001A801B4B1B884FF6FF72934203D1184B06
:100590004FF440421A800023FB711EE0FB79154A9C
:1005A00052F823301B683B6011E03B68DA8A104B3D
:1005B0001B889A4208D1BB880133BB80BB88B3F546
:1005C000804FD8D300230DE03B68DB683B603B687D
:1005D000002BEAD1FB790133FB71FB79032BDDD9C9
:1005E000034B1B8818460C37BD465DF8047B7047EB
:1005F0004800002458D00108B0B590B004AF0023E3
:1006000087F82530954B1B680133944A1360944B4F
:100610001B780133DAB2924B1A7000E000BF00235E
:10062000BB62904B1B68FB629DE2FB6A1B7D002B4B
:1006300006D18D4B40F2BE428C498D4808F014FB28
:10064000FB6A1B7D012B06D1874B40F2BF428949D3
:10065000874808F009FBFB6A1B7D0A2B06D1824BF9
:100660004FF498628449824808F0FEFAFB6A9A7F48
:100670007B4B1B789A4205D1FB6ABB62FB6ADB6845
:10068000FB6270E2764B1A78FB6A9A77002387F850
:100690002730002387F82630FB6A1B7D022B0AD106
:1006A000FB6A93F84230052B05D997F827300133C0
:1006B00087F827301EE1FB6A93F842300B2B05D9EF
:1006C00097F82730013387F8273013E1FB6A93F856
:1006D0009930002B75D0FB6A1B6F002B06D0624B44
:1006E00040F2D4426549624808F0BEFAFB6ADB6E0C
:1006F000002B06D15C4B40F2D54261495C4808F0C2
:10070000B3FAFB6A93F89A300B2B05D997F8273088
:10071000013387F82730EDE0FB6A93F89930013B0D
:10072000584AD35C7B74FB6A93F898307A7C9A427F
:1007300007D9FB6A93F898300133DAB2FB6A83F881
:100740009820FB6A93F898307A7C9A4200F2D28023
:1007500001233B62FB6AB3F86030002B08D1F86AD2
:1007600005F062F90346002B14D000233B6211E030
:10077000FB6AB3F860301946F86A04F027F80346BC
:10078000002B07D1F86A04F0A7FA0346002B01D129
:1007900000233B623B6A002B00F0AC80FB6A002226
:1007A00083F89820FB6A93F89930062B00F2A28018
:1007B000FB6A93F899300133DAB2FB6A83F8992027
:1007C00098E0FB6AB3F93030002B0FDBFB6AB3F91A
:1007D000303047F6FF72934208D0FB6AB3F93030ED
:1007E0009BB201339BB21AB2FB6A1A86FB6AB3F959
:1007F0003020FB6AB3F940309A427BDBF86A04F0A0
:100800005FFD0346002B07D0FB6A1B6F002B71D1E5
:10081000FB6ADB6E002B6DD0FB6A1B7D022B3AD08E
:10082000FB6A93F842300C2B28BF0C23FB76FB6A43
:10083000B3F93C30DB101BB21A46FB6AB3F93E3009
:100840001344FA7E10498A5C93407B617B6947F6CA
:10085000FE7293421ADC7B691AB219E00C5F002425
:10086000225F0024185F002458B001089CB30108DF
:100870009CB00108C8B30108F4B3010824B401080E
:1008800058B4010850D0010840D0010847F6FF7263
:10089000FB6AA3F84020FB6A00221A86FB6AB3F8C1
:1008A0006020FB6AB3F84830934228BF13467B822E
:1008B0007B8A5B089AB2FB6AA3F84A20FB6AB3F80A
:1008C0004A20FB6A5B8E5B009BB29A4206D2FB6AAF
:1008D0005B8E5B009AB2FB6AA3F84A20FB6A5A8ED1
:1008E000FB6AA3F84820FB6A0022A3F86A20F86A92
:1008F00004F056FDFB6A1B7D062B11D1FB6A5B8B56
:1009000003F01003002B0BD09C4B1A68FB6A1B6A88
:10091000D31A282B04D997F82730013387F82730CA
:10092000FB6A5B7A03F00803002B4AD0FB6A1B7D4D
:10093000042B03D0FB6A1B7D072B42D18F4B1A6817
:10094000FB6A1B6AD21AFB6AD3F894108C4B0B44D7
:100950008C49A1FB03135B099A420AD997F8273007
:10096000013387F8273097F82630013387F826308F
:1009700027E0824B1A68FB6A1B6AD21AFB6AD3F81B
:100980009410FB6A93F89B3018467F4B00FB03F3EF
:100990000B447C49A1FB03135B099A4211D9F86A05
:1009A00005F002F8034687F8253097F92530002B2B
:1009B00007D1FB6A93F89B300133DAB2FB6A83F804
:1009C0009B20FB6A5B6F002B11D06C4B1A68FB6A93
:1009D0001B6AD21AFB6AB3F9403019460B465B001A
:1009E0000B445B009A4202D3F86A00F0C3FEFB6A34
:1009F0001B7D032B0BD1614B1A68FB6A1B6AD31A50
:100A0000282B04D997F82730013387F82730FB6A61
:100A10001B7D092B0BD1594B1A68FB6A1B6AD31A31
:100A2000F02B04D997F82730013387F8273097F84F
:100A30002730002B60D0FB6AD3F89030FB60F86A57
:100A400000F0E4FCBB6A002B10D0504B1B68FA6A24
:100A50009A4206D14E4B40F26D524E494E4808F034
:100A600003F9FB6ADA68BB6ADA600FE0474B1B6880
:100A7000FA6A9A4206D0464B40F2715247494648BC
:100A800008F0F2F8FB6ADB68404A136097F82630FA
:100A9000002B13D0FB6A186DFB6A5C6AFD6AFB6A67
:100AA0000433FA6AD28AF96A098B0291019200939F
:100AB0002B4622460146F86A04F0C2FEFB6A1B6917
:100AC000BB60FB6A1B7DFB71FB6A3B60FB6ADB68FA
:100AD000FB623868FFF738F8314B00221A70FB6868
:100AE000002B04D0FB686FF00C01B86898472C4BC2
:100AF0001B78002B37D092E5FB6ABB62FB6ADB6890
:100B0000FB62BB6A1B7F0133DAB2BB6A1A77BB6A2E
:100B10001A7FBB6A5B7F9A4225D3BB6A00221A7791
:100B20001F4B00221A70BB6AD3F88C30002B0BD0FD
:100B3000BB6AD3F88C30BA6A1269B96A1046984712
:100B4000034687F8253002E0002387F82530144B50
:100B50001B78002B7FF462AD97F92530002B02D172
:100B6000B86A04F0B9F8FB6A002B7FF45EAD00238D
:100B7000BB620C4B1B68FB6269E000BF0C5F00248A
:100B8000B84C0A00D34D6210F8240100185F00240D
:100B900058B0010890B401089CB00108BCB4010829
:100BA000205F00241C5F0024FB6A1B7D0A2B06D0FB
:100BB0002B4B40F2A1522B492B4808F055F800234B
:100BC00087F82730294B1A68FB6A1B6AD31AF02B67
:100BD00004D997F82730013387F8273097F8273062
:100BE000002B2FD0F86A00F011FCBB6A002B10D04C
:100BF0001F4B1B68FA6A9A4206D1194B40F2AF525A
:100C00001C49194808F030F8FB6ADA68BB6ADA60F8
:100C10000FE0174B1B68FA6A9A4206D0104B40F25D
:100C2000B3521549104808F01FF8FB6ADB68104AF8
:100C30001360FB6AFB61FB6ADB68FB62F869FEF725
:100C400083FF04E0FB6ABB62FB6ADB68FB62FB6A52
:100C5000002BA9D100BF00BF3037BD46B0BD00BFDB
:100C600058B00108E8B401089CB001080C5F0024EA
:100C70001C5F002418B5010840B5010880B582B09A
:100C800000AF2D4B1B780133DAB22B4B1A702B4B74
:100C90001B687B6048E07B689A7F274B1B789A42F1
:100CA0003FD0254B1A787B689A777B685B8B03F083
:100CB0000103002B10D07B685B8B43F002039AB2D8
:100CC0007B685A83786804F007F87B685B8B23F0B5
:100CD00003039AB27B685A837B685B8B03F008033B
:100CE000002B09D07B685B8B23F008039AB27B68EA
:100CF0005A837868FFF7BCF87B68DB683B607B68E9
:100D00009B6F002B0AD00E4B00221A70786800F0FF
:100D100019F80B4B1B78002B00D0B8E73B687B60C1
:100D200002E07B68DB687B607B68002BB3D100BF8F
:100D300000BF0837BD4680BD225F0024185F002435
:100D4000205F002490B585B000AF78607B68002BF1
:100D500009D1374B40F209623649374807F084FF22
:100D60006FF00F0360E07B689B6F5B7BBB737B68FE
:100D70009B6FBB607B6800229A677B68D3F88430E6
:100D8000002B0BD07B68D3F884407B681869002364
:100D9000BA687968A0470346FB7307E00023BA6886
:100DA0007968002000F0C2F80346FB7397F90F3012
:100DB000002B2AD1BB7B03F02003002B33D07B68B0
:100DC0001B8DB3F5066F05D07B681B8D01339AB27E
:100DD0007B681A857B68D3F88430002B0BD07B6846
:100DE000D3F884407B681869002300227968A04703
:100DF0000346FB7301E00023FB7397F90F3013F1F7
:100E00000D0F10D16FF00C030EE097F90F3013F1B6
:100E10000D0F02D16FF00C0306E07B68BA689A6789
:100E20006FF0040300E0002318461437BD4690BD60
:100E300058B0010868B501089CB0010880B584B0BD
:100E400000AF786007E07B681B68FB60786800F0A3
:100E50000AF8FB687B607B68002BF4D100BF00BF01
:100E60001037BD4680BD80B582B000AF78607B682A
:100E7000002B0CD07B685B68002B04D07B685B6820
:100E80001846FEF7B1FB79680320FDF737FD00BF78
:100E90000837BD4680BD000080B582B000AF7860E5
:100EA0000B46FB707B68002B07D1074B4FF4CE62DB
:100EB0000649074807F0D8FE02E07B68FA785A75C1
:100EC0000837BD4680BD00BF58B0010890B5010885
:100ED0009CB0010880B584B000AF78607B68002BBF
:100EE00006D10F4B40F282620E490F4807F0BCFE5C
:100EF0000320FDF793FCF860FB68002B01D1002371
:100F00000AE010227968F86807F0E3FFFB685B6885
:100F10001846FEF709FCFB6818461037BD4680BD31
:100F200058B00108ACB501089CB0010880B584B088
:100F300000AFF860B9607A60FB70BB68002B09D124
:100F4000124B4FF4D3621249124807F08DFE6FF036
:100F50000F0316E07B68002B09D07B681B891946BC
:100F6000B868FFF7B3FA7868FEF73EFB08E097F938
:100F70000330002B04D1B868FEF7E4FF034600E01D
:100F8000002318461037BD4680BD00BF58B0010889
:100F9000C8B501089CB0010880B586B000AF034613
:100FA000FB7197F90730002B01DBFB7900E07F2311
:100FB000FB72FB7A002B34D0FB7A013BFB720023DF
:100FC000FB6000233B61194B1B687B611FE07B6961
:100FD0005B7DFA7A9A420CD87B695B7DFA7A9A42F9
:100FE00012D1134B1A687B691B6AD31AFA689A42AA
:100FF0000AD80F4B1A687B691B6AD31AFB607B699E
:101000003B617B695B7DFB727B69DB687B617B6934
:10101000002BDCD13B69002B04D03869FFF77CF84A
:1010200000E000BF1837BD4680BD00BF185F002438
:101030000C5F002480B586B000AF0346FB71FB79DE
:10104000082B09D0FB79092B06D01A4B40F2DD6240
:1010500019491A4807F008FE0023FB6000233B6192
:10106000174B1B687B6117E07B691B7DFA799A42FD
:101070000FD1144B1A687B691B6AD31AFA689A421B
:1010800007D8104B1A687B691B6AD31AFB607B690F
:101090003B617B69DB687B617B69002BE4D13B6949
:1010A000002B03D000213869FEF778FF00BF183706
:1010B000BD4680BD58B00108E4B501089CB00108E8
:1010C000185F00240C5F002480B584B000AF0023BB
:1010D0007B600023BB60124B1B68FB6012E0114B6E
:1010E0001A68FB681B6AD31A7A689A4207D80D4BB4
:1010F0001A68FB681B6AD31A7B60FB68BB60FB68DD
:10110000DB68FB60FB68002BE9D1BB68002B02D0D9
:10111000B868FFF701F800BF1037BD4680BD00BFBB
:101120001C5F00240C5F002480B582B000AF104B20
:101130001B687B6014E07B68DB683B607B685B8BD3
:1011400003F00803002B09D07B685B8B23F00803B6
:101150009AB27B685A837868FEF78AFE3B687B60A8
:101160007B68002BE7D100BF00BF0837BD4680BDBC
:10117000185F002480B584B000AF0346FB710120E6
:10118000FDF74CFBF860FB68002B26D1FFF7CCFF86
:10119000FFF79AFF0120FDF741FBF860FB68002B89
:1011A0001BD10920FFF746FF0120FDF737FBF86050
:1011B000FB68002B11D10820FFF73CFF0120FDF751
:1011C0002DFBF860FB68002B07D1FB791846FFF771
:1011D000E3FE0120FDF722FBF860FB68002B3FD007
:1011E0009C220021F86807F0A4FDFB68FA795A7583
:1011F000FB684FF48662A3F86420FB684FF4066234
:101200005A85FB685A8DFB681A85FB68FF22DA72E3
:10121000FB684FF406725A86FB680622A3F840204A
:10122000FB680622DA87FB684FF6FF721A86FB68B6
:101230000122A3F848200D4B1A68FB681A620C4B78
:101240001A78FB689A77FB684FF48662A3F84A2005
:10125000FB68084AC3F88420FB68074AC3F8942057
:10126000FB6818461037BD4680BD00BF0C5F0024E8
:10127000225F00242D0F010800DD6D0080B500AF56
:101280004020FFF777FF0346184680BD80B483B047
:1012900000AF786039607B68002B02D07B683A68C9
:1012A0001A6100BF0C37BD465DF8047B7047000033
:1012B00080B582B000AF786039607B68002B0ED0BB
:1012C0007B681B7D012B06D1074B40F2DF7207497B
:1012D000074807F0C9FC7B683A68C3F8842000BF60
:1012E0000837BD4680BD00BF58B00108F4B50108FD
:1012F0009CB0010880B582B000AF786039607B682F
:10130000002B0ED07B681B7D012B06D1074B40F2D2
:10131000F3720749074807F0A7FC7B683A68C3F8EF
:10132000802000BF0837BD4680BD00BF58B001080F
:101330001CB601089CB0010880B582B000AF78608F
:1013400039607B68002B0ED07B681B7D012B06D19A
:10135000074B40F60D020749074807F085FC7B68FC
:101360003A68C3F8902000BF0837BD4680BD00BF73
:1013700058B0010844B601089CB0010880B485B09B
:1013800000AF786039607B68002B08D07B681B7DDC
:10139000012B04D17B68FB60FB683A689A6100BF4F
:1013A0001437BD465DF8047B7047000080B584B0FB
:1013B00000AFF860B9601346FB71FB68002B07D1E2
:1013C0000E4B40F63D020E490E4807F04DFC11E071
:1013D000FB681B7D012B06D1084B40F63E020A49F3
:1013E000084807F041FCFB68BA68C3F88C20FB682A
:1013F000FA795A771037BD4680BD00BF58B0010852
:101400006CB601089CB0010884B6010880B582B0B2
:1014100000AF78607B68002B07D1214B40F651026A
:101420002049214807F020FC37E07B681B7D002B1A
:1014300033D07B681B7D0A2B2FD07B681B7D012B53
:101440002BD07B689B6F002B07D07B689B6F184667
:10145000FEF7CAF87B6800229A677B685B6F002BF7
:1014600002D0786800F086F97B684FF6FF721A8622
:101470007B68DB6E1846FFF7E1FC7B681B6F184644
:10148000FFF7DCFC7B680022DA667B68DA6E7B683B
:101490001A677B680022A3F868200837BD4680BD24
:1014A00058B00108A4B601089CB0010880B584B00A
:1014B00000AF786039603B68002B06D13E4B40F6A8
:1014C00083023E493E4807F0CFFB7B68002B06D1E4
:1014D000394B40F684023B49394807F0C5FB7B682D
:1014E0001B683A689A4205D17B681B68DA687B689A
:1014F0001A6013E07B681B68FB600CE0FB68DB682C
:101500003A689A4204D13B68DA68FB68DA6005E021
:10151000FB68DB68FB60FB68002BEFD13B680022B7
:10152000DA603868FFF772FF3B681B7D0A2B13D027
:101530003B681B7D012B0FD03B685B8B03F00103E5
:10154000002B09D03B685B8B43F002039AB23B68E7
:101550005A83386803F0C0FB3B681B7D012B20D009
:101560003B68DB6E002B06D0134B40F69302164906
:10157000134807F079FB3B681B6F002B06D00E4B1E
:1015800040F6940211490E4807F06EFB3B685B6F12
:10159000002B06D0084B40F696020D49084807F08C
:1015A00063FB3B6800221A753B680022DA8200BFA9
:1015B0001037BD4680BD00BF58B00108C0B6010855
:1015C0009CB00108DCB60108FCB6010814B701089C
:1015D00030B7010880B582B000AF78607B68002B1F
:1015E00006D10A4B40F6AF0209490A4807F03CFB16
:1015F000094B1A68094B1B681344074A1360064BD2
:101600001B6818460837BD4680BD00BF58B00108AA
:1016100048B701089CB001084C0000240C5F00246E
:1016200080B586B000AF0346B9607A60FB817B6805
:10163000002B06D1144B40F6C5021449144807F09C
:1016400013FBBB68002B01D1FB8919E0BB689B8CA5
:10165000FB82FB8A002B12D02823BB82FA8ABB8A2A
:101660009A4204D9FA8ABB8AD31A9BB200E00023BB
:101670007B827A8AFB89934228BF1346FB81FB89D0
:1016800018461837BD4680BD58B0010864B7010838
:101690009CB0010880B584B000AF786039603B68C9
:1016A000FB607B68002B19D1104B4FF4106210497E
:1016B000104807F0D9FA11E0FB681A687B681B68CC
:1016C0009A4208D1FB68DB68BB60F868FEF724FD2E
:1016D000BB68FB6002E0FB68DB68FB60FB68002B1B
:1016E000EAD100BF00BF1037BD4680BD58B0010829
:1016F0008CB701089CB0010880B584B000AF786059
:1017000039607B68002B2AD07B681B68002B26D0B1
:10171000154B1B6819467868FFF7BCFF134B1B6815
:1017200019467868FFF7B6FF3B68002B17D03B6877
:101730001B68002B13D00E4B1B68FB600CE0FB6892
:101740001A687B681B689A4203D13B681A68FB6879
:101750001A60FB68DB68FB60FB68002BEFD100BF01
:101760001037BD4680BD00BF185F0024105F002405
:10177000145F002480B582B000AF78607B685B6F37
:10178000002B07D07B685B6F1846FFF757FB7B6821
:1017900000225A6700BF0837BD4680BD90B58DB0A6
:1017A00004AF786039607B68002B05D19B4B8322A6
:1017B0009B499C4807F058FA7B685B689A4A13601B
:1017C0007B685B89132B40F2D183984B5B69974A06
:1017D00012681146184606F08FF80346002B40F0B9
:1017E000C783924B5B6903F0F003E02B00F0C083EA
:1017F0008D4B1B689B899BB21846FCF7DFFA0346AA
:101800001B0B9BB2DBB29B00BB74BB7C132B40F267
:10181000B183BB7C9AB27B681B899A4200F2AA838F
:10182000BB7C9BB2143B9AB2814B1A80814B002245
:101830001A607B685A89BB7C9BB29A4209D37C4B65
:101840001A887D4B1A80BB7C19467868FDF746FEE6
:101850004EE07B681B68002B05D1704BC222774994
:10186000704807F001FA14217868FDF737FE7B68AD
:101870005A89714B1A806E4B1A886F4B1B88D31A8A
:101880003B826D4B1B8819467868FDF727FE7B6805
:101890001B685B893A8A9A4200F26E837B681B68F8
:1018A0005B68644A13607B681B683A8A1146184675
:1018B000FDF714FE7B681A893B8AD31A9AB27B68BB
:1018C0001A817B685B89002B05D0544BDF225C4971
:1018D000544807F0C9F97B681A897B681B681B8923
:1018E0009A4205D04D4BE02256494E4807F0BCF9CC
:1018F0004D4B1B681B889BB24B4A14681846FCF77B
:101900005DFA03462380484B1B685B889BB2464ABE
:1019100014681846FCF752FA03466380424B1B6872
:101920005B68414A14681846FCF75DFA0346636039
:101930006368454A13603C4B1B689B683A4A1468CD
:101940001846FCF750FA0346A360A3683F4A1360A9
:10195000354B1B68DB899BB2334A14681846FCF789
:101960002DFA0346E381304B1B689B899BB21846D6
:10197000FCF724FA0346DBB203F03F03DAB2344B40
:101980001A707B681A89334B1A80314B1B7803F02D
:101990000303002B0CD02F4B1B8801339AB22D4B25
:1019A0001A807B681A892B4B1B889A4200F2E682C8
:1019B0000023BB61284B1B68FB619DE0FB691B7D1D
:1019C000002B05D1154BFB222449164807F04CF992
:1019D000FB691B7D0A2B05D1104BFC2220491148C5
:1019E00007F042F9FB691B7D012B05D10B4BFD2252
:1019F0001C490C4807F038F9FB691B7A002B33D0DF
:101A0000FB691A7A094B5B6893F830300133DBB21B
:101A10009A4229D0FB69BB616BE000BFC0B70108E7
:101A2000F4B701080CB80108345F0024F02F00243B
:101A3000385F00243C5F00243A5F002434B801087A
:101A400044B8010850B80108445F0024485F0024EE
:101A5000505F00244E5F0024185F002470B8010816
:101A600098B80108C4B80108FB691A8B724B1B684F
:101A70001B889BB29A423AD1FB69DA8A6E4B1B688B
:101A80005B889BB29A4232D1FB695A686B4B1B69E7
:101A90009A422CD1FB691A68684B5B699A4226D13D
:101AA000FB69DB68FA699A4206D1654B40F20D1278
:101AB0006449654807F0D8F8BB69002B0AD0FB6978
:101AC000DA68BB69DA60614B1A68FB69DA605F4A01
:101AD000FB691360FB69DB68FA699A4211D1584BC4
:101AE00040F215125A49584807F0BEF809E0FB6960
:101AF000BB61FB69DB68FB61FB69002B7FF45EAFB8
:101B000000E000BFFB69002B40F0AA80514B1B682E
:101B1000FB613FE0FB691B7D0A2B06D0484B40F27E
:101B20001F124D49484807F09FF8FB691B7A002BAC
:101B300009D0FB691A7A414B5B6893F83030013366
:101B4000DBB29A4222D1FB691A8B3B4B1B681B8884
:101B50009BB29A421BD1FB69DA8A374B1B685B88C0
:101B60009BB29A4213D1FB695A68344B1B699A4263
:101B70000DD1FB691A68314B5B699A4207D1F8694C
:101B800000F056FB7868FDF72FFDFDE100BFFB6913
:101B9000DB68FB61FB69002BBCD10023BB612F4BD1
:101BA0001B687B612AE07B691B7A002B0CD07B6968
:101BB0001A7A224B5B6893F830300133DBB29A42D9
:101BC00002D07B69BB6116E07B69DA8A1A4B1B681D
:101BD0005B889BB29A420CD17B691A68174B5B6990
:101BE0009A420FD07B69002B0DD07B691B68002BBC
:101BF00009D07B69BB617B69DB687B617B69002BFA
:101C0000D1D100E000BF7B69002B29D0BB69002B3C
:101C10000AD07B69DA68BB69DA60104B1A687B69A5
:101C2000DA600E4A7B691360786900F003FA78681D
:101C3000FDF7DAFCA8E100BF345F0024F02F002498
:101C4000C0B70108ECB801080CB80108185F0024FF
:101C500018B901081C5F002444B90108145F00246E
:101C6000FB69002B00F05881954B00221A607B68BD
:101C70001A89934B1A81924A7B685360914B1B6877
:101C80008F4AD360904B00221A60904B00221A704A
:101C90008F4B00221A808F4B1B7803F00803002B18
:101CA00006D07B685B7B43F00103DAB27B685A7332
:101CB000FB699B6F002B17D0F869FFF743F80346C9
:101CC00013F10D0F07D0FB699B6F002B0CD0824BDB
:101CD0001B88002B08D0FB695B8D002B40F0E38054
:101CE000F86903F0FFFDDEE07C4AFB691360F869E8
:101CF00000F018FB0346FB7497F9133013F10D0F36
:101D000000F0D380714B1B7803F00803002B15D033
:101D1000FB69D3F89030002B08D0FB69D3F89030E2
:101D2000FA6912696FF00D0110469847F9696C481D
:101D3000FFF7BCFBF869FDF707FFDAE00023FB744F
:101D4000634B1B88002B1DD0614B1B88FB81FB69FB
:101D5000D3F88030002B0AD0FB69D3F88030FA69C1
:101D60001069FA89F96998470346FB7401E000237A
:101D7000FB7497F9133013F10D0F00F09880544B5A
:101D800000221A80F86900F015F90346002B40F094
:101D900090804D4B1B68002B41D0FB699B6F002B43
:101DA00006D0504B4FF4F3724F49504806F05CFF99
:101DB000FB695B8B03F01003002B08D0424B1B68C0
:101DC0001846FDF711FCF869FEF7A6F991E0FB69EA
:101DD000D3F88430002B0CD0FB69D3F88440FB6926
:101DE0001869394B1A680023F969A0470346FB7448
:101DF00008E0354B1A680023F9690020FFF796F8D0
:101E00000346FB7497F9133013F10D0F53D097F974
:101E10001330002B03D02C4B1A68FB699A672B4BAD
:101E20001B7803F02003002B30D0FB699B6F002B45
:101E300009D0FB699B6F5A7BFB699B6F42F02002C4
:101E4000D2B25A7322E0FB691B8DB3F5066F05D041
:101E5000FB691B8D01339AB2FB691A85FB69D3F8C4
:101E60008430002B0BD0FB69D3F88440FB691869E0
:101E700000230022F969A0470346FB7401E0002318
:101E8000FB7497F9133013F10D0F16D0134B00228A
:101E90001A60F86900F08EF80346002B28D1F86923
:101EA00002F01AFF25E000BF23E000BF21E000BFE1
:101EB0001FE000BF1DE000BF1BE000BF19E000BF36
:101EC000245F0024345F0024545F0024515F002409
:101ED0004C5F0024505F00244E5F0024585F0024B4
:101EE000185F0024C0B7010874B901080CB80108D4
:101EF00000BF274B00221A60264B00221A60264B97
:101F00005B68002B3FD0244B5B681846FDF76CFBE9
:101F1000214B00225A6036E0204B1B689B899BB204
:101F20001846FBF74BFF0346DBB203F00403002B1C
:101F300018D11B4B19681B4B1B881A461A4B1B6880
:101F4000D018164B1B685B889BB2144A1268128823
:101F500092B202920193154B0093154B024600205A
:101F600003F06EFC7868FDF73FFB0CE000BF06E075
:101F700000BF04E000BF02E000BF00E000BF7868DF
:101F8000FDF732FB00E000BF2437BD4690BD00BF27
:101F9000585F0024545F0024245F0024345F002431
:101FA000485F00244E5F0024445F0024003000247A
:101FB0000430002480B582B000AF78607B68002BCD
:101FC00006D1174B40F25A221649174806F04CFE2C
:101FD000164B1B7803F01003002B1CD07B685B8B27
:101FE00003F01003002B0DD17B68D3F89030002B49
:101FF00008D07B68D3F890307A6812696FF00E01D0
:102000001046984779680A48FFF750FA7868FDF754
:102010009BFD012300E0002318460837BD4680BD24
:10202000C0B7010890B901080CB80108515F00243D
:10203000185F002490B58BB004AF78606F4B1B78AD
:1020400003F00403002B40F0D2807B68002B06D104
:102050006B4B40F281226B496B4806F005FE674BE3
:102060001B7803F01003002B19D0684B1968684BDC
:102070001B881A46674B1B68D018674B1B685B8828
:102080009BB2654A1268128892B202920193634B26
:102090000093634B0246786803F0D2FBA9E0574BEC
:1020A0001B7803F00203002B00F0A3807B685B7DAC
:1020B0001846FFF75FF878617B69002B11D17B68C8
:1020C0009B69002B0AD07B689B697A6810694FF086
:1020D000FF32002198470346BB738BE0F023BB73AC
:1020E00088E0504B5A697B691A604E4B1A697B69CC
:1020F0005A607B68DA8A7B69DA82474B1B681B88E7
:102100009AB27B691A837B6903221A75414B1B685B
:102110005A1C7B695A627B695A6A7B69DA62786900
:10212000FFF758FA38617B693A699A657B693A69C1
:102130001A657B693A695A647B693A69DA65354B95
:102140001B685A1E7B695A657B681A697B691A612C
:102150007B697A68DA677B685B7A03F00C03DAB232
:102160007B695A727B681A7A7B691A722E4B1A68DD
:102170007B69DA602C4A7B69136003F023FD2B4BEB
:1021800001221A70786901F08BFD234B1B68DB89F3
:102190009AB27B69A3F860207B69B3F860207B6901
:1021A000A3F862207B695C8E7B690433184605F0D6
:1021B0000DF901467B6904331A462046FFF730FAD1
:1021C00003461A467B695A861221786902F096FC0A
:1021D0000346FB7397F90F30002B04D00021786978
:1021E000FDF7DCFE06E0786902F076FD01E000BF55
:1021F00000E000BF1C37BD4690BD00BF505F00240B
:10220000C0B70108B8B901080CB80108485F00243C
:102210004E5F0024445F0024345F0024003000241B
:1022200004300024F02F0024185F0024205F0024D5
:1022300080B586B004AF78602F4B1B7803F00403A1
:10224000002B53D17B68002B06D12C4B40F2EE22A1
:102250002B492C4806F008FD274B1B7803F002039E
:10226000002B2AD0284B1A687B685B6AD31A002B94
:102270002DDB254B1A687B685B6A7968098D0B44F6
:10228000D31A002B23DC214B1968214B1B881A46DB
:102290001D4B1B68D0181F4B1B685B889BB21D4AE7
:1022A0001268128892B2029201931B4B00931B4B4F
:1022B0000246786803F0C4FA1BE00F4B1B7803F06A
:1022C0000103002B03D0164B1A687B681A62104B6F
:1022D0001B88002B0CD07B685B8B43F002039AB207
:1022E0007B685A83786802F0F7FC01E000BF00E0E9
:1022F00000BF0837BD4680BD505F0024C0B701084D
:10230000D8B901080CB80108445F0024485F0024D4
:102310004E5F0024345F0024003000240430002489
:102320000C5F002490B58DB004AF78600023FB767D
:102330000023BB767B68002B06D19D4B4FF4477280
:102340009C499D4806F090FC9C4B1B7803F00403CD
:10235000002B4ED07B681B7D022B08D17B681A6D49
:10236000974B1B689A4223D10123FB7620E07B68C0
:102370005A6A944B1B689A4202D10123FB7617E0FC
:10238000904B1A687B685B6AD31A002B10DB8D4B6D
:102390001A687B685B6A7968098D0B44D31A002B35
:1023A00006DC7B685B8B43F002039AB27B685A833E
:1023B000FB7E002B1BD07B681B7D002B06D17C4B4A
:1023C0004FF44E7280497C4806F04EFC7F4B1B78E0
:1023D00043F00803DAB27D4B1A707B685B8B23F005
:1023E00001039AB27B685A836FF00D037AE30023EE
:1023F00078E3724B1B7803F00203002B10D07B684C
:102400001B7D022B0CD07B681B7D032B08D07B68C7
:102410005B8B43F002039AB27B685A83002361E32B
:102420007B685B8B03F01003002B03D1684B1A68A9
:102430007B681A627B68002283F89B207B680022FD
:1024400083F89A20786801F02BFC7B681B7D023BA7
:10245000072B00F2378301A252F823F07D240108F4
:10246000AD260108252801084F2801087329010815
:1024700025280108FF2901088F2A01084F4B1B78E6
:1024800003F01003002B00F0E4804C4B1B7803F0AA
:102490000203002B00F0DD807B685B6C5A1C484B0C
:1024A0001B689A4240F0D580464B1B685A1C7B68DB
:1024B0005A627B685A6A7B68DA62414B1A687B68A9
:1024C0005A64444B1B68DB899AB27B68A3F860208E
:1024D0007B68B3F860207B68A3F86220394B1B68E7
:1024E0005A1E7B685A657B6804221A757B685C8E6D
:1024F0007B680433184604F069FF01467B680433A7
:102500001A462046FFF78CF803461A467B685A861F
:102510007B685B8E9A007B685B8E5B0041F21C11CE
:102520008B4238BF0B469A4204D27B685B8E9B007D
:102530009BB20DE07B685B8E5B0041F21C12934204
:1025400004D97B685B8E5B009BB201E041F21C13F7
:102550007A68A2F848307B68B3F86630002B06D161
:10256000134B4FF45B721C49134806F07DFB7B68EC
:10257000B3F86630013B9AB27B68A3F866207B68AB
:102580001B6FFB61FB69002B2AD17B68DB6EFB6153
:10259000FB69002B06D1064B4FF45D720F490648CC
:1025A00006F062FBFB691A687B68DA661CE000BF14
:1025B000C0B70108F8B901080CB80108505F002441
:1025C000485F0024445F002414BA0108515F0024CE
:1025D0000C5F0024345F002434BA01084CBA0108AF
:1025E000FB691A687B681A67F869FEF73CFC7B6830
:1025F0001B6F002B04D17B684FF6FF721A8606E032
:102600007B6800221A867B68002283F842207B6860
:10261000D3F88830002B0AD07B68D3F888307A68EA
:1026200010690022796898470346BB7601E00023D1
:10263000BB7697F91A3013F10D0F02D16FF00C032E
:1026400050E27B685B8B43F002039AB27B685A834B
:102650003AE2984B1B7803F01003002B00F0348211
:10266000954B1968954B1B881A46954B1B68D018DB
:10267000944B1B685B889BB2924A1268128892B294
:1026800002920193904B0093904B0246786803F0BE
:10269000D7F87B6893F84230052B00F215827B68EF
:1026A00000221A86786802F0A3FE0DE2814B1B78A7
:1026B00003F01003002B00F0A1807F4B1A687B68A9
:1026C0005B6CD31A013B002B7EDB7B4B1A687B686B
:1026D0001B6DD31A002B77DC7B6804221A757B688C
:1026E000DB6F002B02D1FA23BB761DE07B68DB6F2A
:1026F0009B69002B06D1764B4FF46A727549764878
:1027000006F0B2FA7B68DB6F9B69002B0AD07B680E
:10271000DB6F9B697A6810690022796898470346E5
:10272000BB7601E0F023BB7697F91A30002B0AD074
:1027300097F91A3013F10D0F02D07868FDF7ECFC11
:102740006FF00C03CEE1786800F0E0FA634B1B8871
:10275000002B05D0614B1B88013B9AB25F4B1A805E
:102760007B685B8E9A007B685B8E5B0041F21C117C
:102770008B4238BF0B469A4204D27B685B8E9B002B
:102780009BB20DE07B685B8E5B0041F21C129342B2
:1027900004D97B685B8E5B009BB201E041F21C13A5
:1027A0007A68A2F848304E4B1B7803F02003002BC8
:1027B00037D07B685B8B43F002039AB27B685A8305
:1027C0007B6807221A752CE03B4B19683B4B1B8832
:1027D0001A463B4B1B68D0183A4B1B685B889BB270
:1027E000384A1268128892B202920193364B0093D3
:1027F000364B0246786803F023F867E12D4B1B78CF
:1028000003F00203002B00F061817B685B6A5A1EB3
:102810002B4B1B689A4240F05981786802F00AFEFF
:1028200054E153E1786800F071FA2D4B1B7803F006
:102830002003002B00F04C817B685B8B43F002038C
:102840009AB27B685A837B6807221A7540E17868E0
:1028500000F05CFA224B1B7803F02003002B71D0B0
:10286000144B1B7803F01003002B60D07B681A6DAB
:10287000114B1B689A425AD17B68DB6E002B56D1F4
:102880007B685B8B43F002039AB27B685A8378685B
:10289000FEF7BCFD134B1B687A689A4205D1114BB9
:1028A0001B68DB680F4A13602EE00E4B1B687B61D0
:1028B00027E000BF505F0024485F00244E5F0024E3
:1028C000445F0024345F00240030002404300024DE
:1028D000C0B7010860BA01080CB801084C5F0024B9
:1028E000515F0024185F00247B69DB687A689A4294
:1028F00004D17B68DA687B69DA6005E07B69DB68B4
:102900007B617B69002BEFD17B680022DA60774B1B
:1029100001221A707B680A221A75754B1A687B6847
:10292000DA60734A7B68136003F04CF9D2E07B688D
:102930005B8B43F002039AB27B685A837B68082260
:102940001A75C7E06B4B1B7803F01003002B00F0E7
:10295000C1807B681A6D684B1B689A4240F0BA8050
:102960007B68DB6E002B40F0B5807B6806221A7511
:10297000B0E0786800F0CAF9604B1B7803F02003E0
:10298000002B00F0A9807B685B8B43F002039AB2B6
:102990007B685A837868FEF739FD594B1B687A6863
:1029A0009A4205D1564B1B68DB68554A136013E009
:1029B000534B1B683B610CE03B69DB687A689A42C9
:1029C00004D17B68DA683B69DA6005E03B69DB6863
:1029D0003B613B69002BEFD17B680022DA60434BFF
:1029E00001221A707B680A221A75414B1A687B68AB
:1029F000DA603F4A7B68136003F0E4F86CE07868C3
:102A000000F084F93B4B1B7803F01003002B65D0DA
:102A10007B681A6D384B1B689A425FD17B68DB6E0E
:102A2000002B5BD17868FEF7F1FC354B1B687A68A8
:102A30009A4205D1324B1B68DB68314A136013E0C0
:102A40002F4B1B68FB600CE0FB68DB687A689A42DE
:102A500004D17B68DA68FB68DA6005E0FB68DB6854
:102A6000FB60FB68002BEFD17B680022DA601F4B14
:102A700001221A707B680A221A751D4B1A687B683E
:102A8000DA601B4A7B68136003F09CF826E07868E4
:102A900000F03CF9174B1B7803F01003002B1FD0FC
:102AA0007B681A6D144B1B689A4219D17B68DB6EE8
:102AB000002B15D1114B1B7843F01003DAB20F4BEA
:102AC0001A700DE000BF0CE000BF0AE000BF08E094
:102AD00000BF06E000BF04E000BF02E000BF00E06E
:102AE00000BF002318462437BD4690BD205F002458
:102AF0001C5F0024505F0024485F0024515F0024C5
:102B0000185F002490B585B000AF786039607B68AD
:102B1000002B06D13B4B40F21F423B493B4806F09D
:102B2000A3F87B68DB689B899BB21846FBF746F9E4
:102B30000346DBB203F00103002B28D03868FEF710
:102B40007DF900233B6056E03B68DB689B899BB2C4
:102B50001846FBF733F90346DBB203F00103002B01
:102B60000DD07B68DB689B899CB20120FBF726F9BE
:102B700003461A467B68DB68224392B29A813B681F
:102B8000FB603B681B683B60F868FEF76CF93B68CC
:102B9000002B0ED07B681B891A461D4B1B681A44FC
:102BA0003B68DB685B68396809890B44D31A002BE2
:102BB000CADA3B68002B1ED07B681B891A46144B6F
:102BC0001B681A443B68DB685B68D31A002B12DD74
:102BD0003B68DB685B689AB20D4B1B689BB2D31AEB
:102BE0009AB27B681A817B685A687B681B89194690
:102BF0001046FCF773FB7B683A681A6000BF143715
:102C0000BD4690BDC0B7010880BA01080CB80108E4
:102C1000445F0024B0B586B000AFF860B9607A6058
:102C20003B603EE0BB687B61BB681B68BB607B6947
:102C30005B681846FCF760FD03467B82FB68B3F8CF
:102C400066307A8A9A4206D92A4B40F257422A497C
:102C50002A4806F009F8FB68B3F866207B8AD31A85
:102C60009AB2FB68A3F866207B691A89244B1B88FB
:102C700013449AB2224B1A807869FEF7F4F8FB6885
:102C8000B3F86630002B0CD0BB68002B09D13B6831
:102C9000002B06D1174B40F261421A49174805F044
:102CA000E3FFBB68002B20D0BB68DB685B6818467D
:102CB000FBF799F80446BB681B891D46BB68DB68B7
:102CC0009B899BB21846FBF779F80346DBB203F009
:102CD0000303002B01D0012300E000232B44E21862
:102CE000094B1B68D31A002B9CDDBB6818461837AC
:102CF000BD46B0BDC0B70108A8BA01080CB80108AC
:102D00004C5F0024D0BA0108485F0024B0B594B0ED
:102D100000AF78600023BB647B68002B06D1914B29
:102D200040F27B429049914805F09EFF7B681B7DF5
:102D3000032B06D88B4B40F27C428D498B4805F023
:102D400093FF8C4B1B7803F01003002B00F0648280
:102D50007B68B3F860301A467B689B6D13443B6315
:102D60007B685A6D844B1B68D31A002B1BDB7B6876
:102D70005A6D814B1B689A4206D17B689A6D7F4BD6
:102D80001B68D31A002B0EDB7B689A6D7B4B1B688C
:102D90009A4225D17A4B1B68DB899AB27B68B3F8DB
:102DA00060309A421CD9764B1B68DB899AB27B68EB
:102DB000A3F860207B68B3F862207B68B3F86030CA
:102DC0009A4205D27B68B3F860207B68A3F8622042
:102DD000694B1A687B685A65684B1A687B689A6504
:102DE000664B1A687B685B6CD31A002B58DC654B0A
:102DF0001B88002B4BD17B689B6D7A68B2F86020F2
:102E000013443A6B9A4242D17B68B3F93030002BBD
:102E10003DDB7B685A6C594B1B689A4237D10123C2
:102E2000BB647B6893F84330FF2B07D07B6893F833
:102E300043300133DAB27B6883F843207B6893F830
:102E40004330032B1BD97B68B3F848207B685B8E2B
:102E500013449AB27B68B3F848309A420AD37B682D
:102E6000B3F848207B685B8E13449AB27B68A3F862
:102E7000482004E07B684FF6FF72A3F848207B6887
:102E800093F84330022B02D9786802F03FFBBB6C09
:102E9000002B40F061817B68002283F843205BE1D6
:102EA000364B1A687B685B6CD31A013B002BC0F26F
:102EB0004E81324B1A687B681B6DD31A002B00F3CE
:102EC00046817B685B8B03F00403002B10D07B688A
:102ED0005B8B23F004039AB27B685A837B68B3F858
:102EE0004A207B68A3F848207B680022A3F86A2068
:102EF0007B68002283F842207B68B3F93C30DB100A
:102F00001BB29AB27B68B3F93E309BB213449BB2BA
:102F10001AB27B68A3F84020184B1B689AB27B68F2
:102F20005B6C9BB2D31AFB857B68002283F843203D
:102F3000124B1A687B685A647B681B7D032B40F236
:102F400097807B68B3F848207B68B3F84A309A4290
:102F500045D27B685B8B03F40063002B14D0012304
:102F600013E000BFC0B70108F0BA01080CB80108AF
:102F70000CBB0108505F0024445F0024485F00241C
:102F8000345F00244E5F0024022387F82D3097F829
:102F90002D309AB27B685B8E12FB03F39BB2FA8DE5
:102FA000934228BF13467B857B68B3F848207B8D0E
:102FB00013449AB27B68B3F848309A4209D37B68CD
:102FC000B3F848207B8D13449AB27B68A3F848205D
:102FD0004EE07B684FF6FF72A3F8482048E07B681C
:102FE000B3F86A20FB8D13449AB27B68B3F86A3059
:102FF0009A4209D37B68B3F86A20FB8D13449AB2D6
:103000007B68A3F86A2004E07B684FF6FF72A3F8A0
:103010006A207B68B3F86A207B68B3F848309A422C
:1030200026D37B68B3F86A207B68B3F84830D31A9C
:103030009AB27B68A3F86A207B68B3F848207B6863
:103040005B8E13449AB27B68B3F848309A420AD335
:103050007B68B3F848207B685B8E13449AB27B6828
:10306000A3F8482004E07B684FF6FF72A3F84820DD
:103070007B68196F7B68DB6E984A7868FFF7CAFD3A
:1030800002467B681A677B68D96E7B681B6F944A1F
:103090007868FFF7BFFD02467B68DA667B681B6FC6
:1030A000002B04D17B684FF6FF721A8602E07B6822
:1030B00000221A867B6800221A777B68DB6E002B61
:1030C00003D17B680022A3F868207B68B3F86420F2
:1030D000844B1B8813449AB27B68A3F864207B68F6
:1030E0005B8B03F40063002B35D07B681B6F002BD8
:1030F00018D17B68DB6E002B0CD07B68DC6C7B68A6
:10310000DB6EDB685B681846FAF76DFE0346E31A70
:10311000002B20DC7B685B8B23F400639AB27B6816
:103120005A8318E07B68DC6C7B681B6FDB685B682C
:103130001846FAF758FE0346E31A002B0BDC7B68AF
:103140005B8B23F400639AB27B685A8303E0786850
:1031500002F0C8FB00E000BF7B685B6B002B5BD01C
:103160007B689A6B604B1B68D31A002B54DA5F4B59
:103170001B689AB27B685B6B9BB2D31A9BB2A7F8B1
:103180004E30B7F84E207B68B3F93C30DB101BB2F1
:103190009BB2D31A9BB2A7F84E307B68B3F93C3090
:1031A0009AB2B7F84E3013449BB21AB27B689A8732
:1031B000B7F94E30002B05DAB7F84E305B429BB2C0
:1031C000A7F84E30B7F84E207B68B3F93E309B101D
:1031D0001BB29BB2D31A9BB2A7F84E307B68B3F9EF
:1031E0003E309AB2B7F84E3013449BB21AB27B68A5
:1031F000DA877B68B3F93C30DB101BB29AB27B688C
:10320000B3F93E309BB213449BB21AB27B68A3F869
:1032100040207B6800225A63354B1B88002B00F04E
:10322000DF847B681B7D062B00F2DA847B685A6A98
:10323000304B1B68D31A013B002BC0F28F807B6898
:103240005A6A2B4B1B8819462A4B1B680B44D31A0E
:103250000133002B00F38280274B5B687B647B6823
:103260005A6A244B1B68D31A7B62234B5B68002B82
:1032700006D1224B40F294522149224805F0F4FC39
:103280007B6A4FF6FE72934206D91C4B40F2955270
:103290001D491C4805F0E8FC7B6AA7F84230164B34
:1032A0005B681B89B7F842209A4206D9134B40F25B
:1032B00097521649134805F0D7FC0F4B1A89B7F8F7
:1032C0004230D31A9AB20C4B1A810B4B5B681A89A5
:1032D000B7F84230D31A7B842AE000BF28BB01082C
:1032E00030BB01084C5F0024485F00240C5F0024C1
:1032F0004E5F0024445F0024245F0024C0B701080F
:1033000038BB01080CB8010848BB010858BB0108CC
:103310007B6C5B89B7F84220D31AA7F842307B6CEC
:103320007A8C1A817B6C00225A817B6C1B687B64CF
:103330007B6C5B89B7F842209A42E9D8B7F84230F3
:103340001946786CFCF7CAF87B685B6A904A136090
:10335000904BDB688E4A12685A600DE08C4B1A68FD
:103360007B685B6AD31A002B06DA7B685B8B43F0C1
:1033700002039AB27B685A83854B1A687B685B6A42
:10338000D31A002BC0F22784814B1A687B685B6AD2
:103390007968098D0B44D31A0133002B00F31B8489
:1033A0007B685A6A7A4B1B689A4240F09882794B44
:1033B0001C89784BDB689B899BB21846FAF7FEFCA8
:1033C0000346DBB203F00303002B01D0012300E02E
:1033D000002323449AB2704B1A807B681A8D6E4B7F
:1033E0001B889A4274D26B4BDB689B899BB2184650
:1033F000FAF7E4FC0346DBB203F00103002B1ED016
:10340000644BDB689B899BB21BB223F47C531CB2D8
:10341000604BDB689B899BB21846FAF7CFFC0346EA
:10342000DBB203F03E039BB21846FAF7C7FC034633
:103430001BB223431AB2574BDB6892B29A817B6866
:103440001A8D544B1A81534BDB689B899BB21846EB
:10345000FAF7B4FC0346DBB203F00203002B05D0FD
:103460004C4B1B89013B9AB24A4B1A81494B5B6812
:10347000484A128911461846FBF730FF454B1C8914
:10348000444BDB689B899BB21846FAF797FC0346CE
:10349000DBB203F00303002B01D0012300E0002383
:1034A00023449AB23C4B1A803B4B1B881A46384B3C
:1034B0001B681A447B685B6A7968098D0B449A42E1
:1034C00006D0364B40F2CB523549364805F0CCFB9E
:1034D0007B685B6F002B00F0E6802E4BDB689B89DE
:1034E0009BB21846FAF76AFC0346DBB203F001030D
:1034F000002B10D00AE07B685B6FFB607B685B6F22
:103500001A687B685A67F868FDF7ADFC7B685B6FEB
:10351000002BF0D1C7E07B685B6FFB6351E0FB6B76
:10352000DB689B899BB21846FAF748FC0346DBB27E
:1035300003F00103002B3CD0164BDB689B899BB248
:103540001846FAF73BFC0346DBB203F00203002BFC
:103550002FD1104BDB689B899CB20120FAF72EFC1F
:1035600003461A460B4BDB68224392B29A81094B01
:103570001C89084BDB689B899BB21846FAF71EFC36
:103580000346DBB203F00303002B0DD001230CE054
:10359000445F0024245F00244E5F0024C0B701086C
:1035A00068BB01080CB80108002323449AB2984B69
:1035B0001A80FB6B3B61FB6B1B68FB633869FDF793
:1035C00052FCFB6B002B0ED0914B1B881A46914B83
:1035D0001B681A44FB6BDB685B68F96B09890B4459
:1035E000D31A002B9BDAFB6B002B59D0884B1B881E
:1035F0001A46884B1B681A44FB6BDB685B68D31A5E
:10360000002B4DDDFB6BDB685B689AB2814B1B685E
:103610009BB2D31A9AB2804B1A817F4BDB689B898D
:103620009BB21846FAF7CAFB0346DBB203F002036B
:10363000002B05D0784B1B89013B9AB2764B1A813F
:10364000754B5B68744A128911461846FBF746FEB3
:10365000714B1C89704BDB689B899BB21846FAF74B
:10366000ADFB0346DBB203F00303002B01D00123C3
:1036700000E0002323449AB2654B1A80644B1B88F8
:103680001A46644B1B681A44FB6BDB685B689A4202
:1036900006D0624B40F2FC526149624805F0E4FA00
:1036A0007B68FA6B5A675A4B1B881A46594B1B6842
:1036B0001A447B685A627B681A8D554B1B889A4264
:1036C00006D2564B40F207625749564805F0CCFAED
:1036D0007B681A8D4E4B1B88D31A9AB27B681A8569
:1036E0007868FCF799FE4C4B5B681B89002B06D071
:1036F000494B5B684D4A1360474B00225A60464B6A
:10370000DB689B899BB21846FAF758FB0346DBB28D
:1037100003F00103002B00F0B880454B1B7843F009
:103720002003DAB2424B1A70AFE07B685B6FBB607C
:103730007B685B6FDB685B68364A1360BB681B891C
:103740001C46BB68DB689B899BB21846FAF736FBC0
:103750000346DBB203F00303002B01D0012300E09A
:1037600000231A197B685B6A1A447B685A627B687B
:103770001B8D1C46BB681B891D46BB68DB689B898B
:103780009BB21846FAF71AFB0346DBB203F00303B9
:10379000002B01D0012300E000232B449C4206D2E1
:1037A0001E4B40F22B6223491E4805F05DFABB68B0
:1037B0001B891C46BB68DB689B899BB21846FAF7DD
:1037C000FDFA0346DBB203F00303002B01D0012313
:1037D00000E0002319197B681A8D8BB2D31A9AB2B4
:1037E0007B681A857868FCF717FEBB685B681B89E5
:1037F000002B28D00D4B1B68002B1DD00B4B1A68DB
:10380000BB685B6819461046FBF7B0FF18E000BFC5
:103810004E5F0024445F0024245F0024C0B70108E9
:10382000A0BB01080CB80108DCBB0108545F0024F0
:10383000515F0024FCBB0108BB685B68704A1360E1
:10384000BB6800225A60BB68DB689B899BB2184644
:10385000FAF7B4FA0346DBB203F00103002B0DD0F4
:10386000684B1B7843F02003DAB2664B1A707B6812
:103870001B7D042B02D17B6807221A75BB681A686E
:103880007B685A67B868FDF7EEFA7B685B6F002BC0
:1038900008D07B685B6FDB685A687B685B6A9A421A
:1038A0003FF443AF7B685B8B03F00103002B0ED02A
:1038B0007B685B8B23F001039AB27B685A837B6839
:1038C0005B8B43F002039AB27B685A8387E17B6883
:1038D0005B8B43F001039AB27B685A837FE17B687C
:1038E0005B6F002B06D14848FDF7F4FA02467B686F
:1038F0005A676CE100237B637B685B6FBB6356E1B7
:10390000BB6BDB685A68414B1B689A421DD13E4B2A
:103910001A89BB6B1B899A4240F24E813A48FDF7E7
:10392000D9FA78617B69002B00F048817B6B002B12
:1039300003D07B6B7A691A6002E07B687A695A6708
:10394000B96B7869FFF7DEF838E17B6B002B17D194
:103950002E4B1A68BB6BDB685B68D31A002B57DAF7
:103960002948FDF7B7FAB861BB69002B00F0288140
:103970007B68BA695A67B96BB869FFF7C3F81FE18A
:10398000224B1A687B6BDB685B68D31A013B002B08
:103990003EDB1E4B1A68BB6BDB685B68D31A0133D6
:1039A000002B35DC1848FDF795FAF861FB69002B10
:1039B00000F008817B6BDB685B687A6B12891A44C4
:1039C000124B1B68D31A002B12DD104B1B689AB2E6
:1039D0007B6BDB685B689BB2D31A9AB27B6B1A81F4
:1039E0007B6B5A687B6B1B8919461046FBF776FC8C
:1039F0007B6BFA691A60B96BF869FFF783F8E1E04D
:103A0000545F0024515F0024245F0024445F00249D
:103A1000BB6B7B63BB6B1B68002B40F0C5807F4B8F
:103A20001A68BB6BDB685B68D31A002B40F3BC8061
:103A3000BB6BDB689B899BB21846FAF7BFF903465C
:103A4000DBB203F00103002B40F0BE807448FDF7A9
:103A500041FA0246BB6B1A60BB6B1B68002B00F07F
:103A6000B580BB6BDB685B68BA6B12891A446B4B21
:103A70001B68D31A002B12DD684B1B689AB2BB6B14
:103A8000DB685B689BB2D31A9AB2BB6B1A81BB6BC3
:103A90005A68BB6B1B8919461046FBF71FFC614B2C
:103AA0001B881A465D4B1B681A447B685B6A796801
:103AB000098D0B44D31A002B40F38880BB6B1B6825
:103AC000DB689B899BB21846FAF778F90346DBB2AC
:103AD00003F00103002B21D0BB6B1B68DB689B89C3
:103AE0009BB21BB223F47C531CB2BB6B1B68DB681C
:103AF0009B899BB21846FAF761F90346DBB203F0E3
:103B00003E039BB21846FAF759F903461BB223430A
:103B10001AB2BB6B1B68DB6892B29A817B685B6AE6
:103B20009AB27B681B8D134499B23C4B1B689AB2C6
:103B3000BB6B1B688A1A92B21A81BB6B1B685A68EE
:103B4000BB6B1B681B8919461046FBF7C7FBBB6B99
:103B50001B681C89BB6B1B68DB689B899BB2184682
:103B6000FAF72CF90346DBB203F00303002B01D074
:103B7000012300E0002323449AB22A4B1A80294BE8
:103B80001B881A46254B1B681A447B685B6A796858
:103B9000098D0B449A4219D0234B4FF4DF6223491D
:103BA000234805F061F811E0BB6B1B68BB63BB6B7E
:103BB000002B7FF4A5AE0AE000BF08E000BF06E0DE
:103BC00000BF04E000BF02E000BF00E000BF786873
:103BD00001F088FE03E0786801F084FE1AE019E045
:103BE0000E4B1A687B685B6AD31A002B0ADB0B4BFF
:103BF0001A687B685B6A7968098D0B44D31A0133B4
:103C0000002B07DD7B685B8B43F002039AB27B6875
:103C10005A83FFE700BF5037BD46B0BD445F002464
:103C2000245F00244E5F0024C0B7010868BB010870
:103C30000CB8010880B483B000AF154B1B885A1C28
:103C400091B2134A1180FB80124B1B68002B04D0E9
:103C5000114B1B88FA889A4208D2104B1B68143308
:103C60003B60FB883A6813441B780BE0FB88DAB2B0
:103C7000094B1B88DBB2D31A7B71064B1A687B7920
:103C800013441B7818460C37BD465DF8047B70471B
:103C9000405F00243C5F00243A5F0024345F00242E
:103CA00080B584B000AF78607B68002B06D1324BC2
:103CB00040F27D723149324804F0D6FF314B1B8807
:103CC000002B56D0304B00221A8046E0FFF7B2FF9F
:103CD0000346FB73FB7B022B06D0022B2ADC002B56
:103CE00042D0012B38D025E0FFF7A4FF0346042B78
:103CF0003CD1254B1B880133224A1288934235DA86
:103D0000FFF798FF03461B02BB81FFF793FF0346B3
:103D10001A46BB891343BB81BB89B3F5067F04D820
:103D2000BB89002B01D0BA8901E04FF406727B6891
:103D30005A8612E0FFF77EFF0346FB72FB7A012BE7
:103D400016D9FB7A9AB2104B1B8813449BB2023BE4
:103D50009AB20D4B1A8000E000BF0B4B1A88094B3A
:103D60001B889A42B2D304E000BF02E000BF00E02B
:103D700000BF1037BD4680BDC0B7010824BC010894
:103D80000CB80108385F0024405F002480B400AF05
:103D9000054B1B7843F01003DAB2034B1A7000BFD7
:103DA000BD465DF8047B7047515F002480B584B048
:103DB00000AFF860B9607A60FB68002B0AD0FB683E
:103DC0001B7A002B06D0FB681B7A1846FBF7ACF871
:103DD000034603E0786803F0F9FA03461846103703
:103DE000BD4680BD90B587B000AFF860B9603B605C
:103DF0001346FB71FB68002B05D1434BA3224349BB
:103E0000434804F031FFBB68002B05D13E4BA42290
:103E100040493F4804F028FF97F828309B00DBB268
:103E200003F00403FB750320FAF7F8FC38613B69E3
:103E3000002B04D1B868FBF7D7FB002360E03B6997
:103E400097F828209A723B6900221A603B69BA6889
:103E50005A60BB681A89FB7D9BB29A4205D22A4BF5
:103E6000B0222D492A4804F0FFFEBB681A89FB7D69
:103E70009BB2D31A9AB23B691A811421B868FBF736
:103E80001DFB0346002B04D03869FCF7ECFF002330
:103E900036E03B695B685A683B69DA60FB68DA8A3E
:103EA0003B69DC681046F9F789FF03462380FB680D
:103EB0001A8B3B69DC681046F9F780FF0346638084
:103EC0003B69DC683868F9F78EFF03466360FB7D69
:103ED0009B08DBB205339BB21B039AB2FB799BB202
:103EE00013439AB23B69DC681046F9F767FF034653
:103EF000A3813B69DB6800229A740022DA743B6973
:103F000018461C37BD4690BD40BC010874BC010872
:103F100094BC0108BCBC0108E0BC010880B586B0B7
:103F200000AF7B600346FB730B46BB8113467B816E
:103F3000BB89FB827B68002B05D1304BE8223049DE
:103F4000304804F091FE3B6A002B05D12B4BE9224F
:103F50002D492C4804F088FEBA897B899A4221D2E7
:103F600097F8243003F00203002B11D13B6A5B8BDE
:103F700003F04003002B15D197F82830002B07D011
:103F80003B6ADB6E002B03D13B6A1B6F002B09D011
:103F9000BB8903F21B2323F003027B89934228BFD2
:103FA0001346FB82F98AFB7B4FF420721846FBF71D
:103FB00037F838613B69002B01D1002319E03B69D8
:103FC0001B68002B06D00D4B40F20B120F490D4819
:103FD00004F04AFE3B695A89BB89D31A9AB27B68BE
:103FE0001A803B69BA891A813B691A893B695A81EF
:103FF0003B6918461837BD4680BD00BF40BC01086C
:10400000F8BC010894BC01081CBD01083CBD0108B6
:1040100080B582B000AF78600B467B807B68002B58
:1040200006D1334B40F233123249334804F01CFEC0
:104030007B681B7D042B0ED07B681B7D072B0AD071
:104040007B681B7D022B06D07B681B7D032B02D077
:104050006FF00A0348E07B88002B01D1002343E086
:104060007B68B3F864307A889A4209D97B685B8BA5
:1040700043F080039AB27B685A834FF0FF3333E0FA
:104080007B68B3F86630082B09D97B685B8B43F0FB
:1040900080039AB27B685A834FF0FF3324E07B6839
:1040A000B3F86630002B0FD07B681B6F002B1AD142
:1040B0007B68DB6E002B16D10D4B40F255120F4979
:1040C0000D4804F0D1FD0EE07B681B6F002B03D17F
:1040D0007B68DB6E002B06D0054B4FF4AC720849B1
:1040E000054804F0C1FD002318460837BD4680BDD1
:1040F00040BC010850BD010894BC010870BD010816
:10410000ACBD010890B59BB004AFF860B960114632
:104110001A460B46FB8013467B7100237B65002308
:104120003B650023FB640023BB6400237B64002306
:10413000A7F84230002387F8273000237B82002332
:10414000FB870023BB87FB68002B09D1A44B4FF4EE
:10415000CF72A449A44804F087FD6FF00F032AE34F
:10416000FB68B3F862305B089AB2FB685B8E9342DF
:1041700028BF1346BB84BB8C002B02D1FB685B8E2F
:1041800000E0BB8CBB84BB68002B09D1944B40F290
:10419000AD129649944804F067FD6FF00F030AE3EF
:1041A000FB881946F868FFF733FF034687F823308A
:1041B00097F92330002B02D097F92330FBE2FB68FC
:1041C000B3F86630A7F84030002387F82230FB6848
:1041D000DB6E002B00F0F680FB68DB6E3B6502E0D7
:1041E0003B6D1B683B653B6D1B68002BF8D13B6D3D
:1041F0009B7A9B009BB203F004033B84BA8C3B6D1B
:104200001B8919463B8C0B449A4206DA744B4FF4D7
:10421000F3727749744804F027FD3B6D1A893B8C93
:1042200013449BB2BA8CD31A7B87FB68B3F868300F
:104230007B827B8A002B26D07B8A7A8F9A4206D299
:10424000674B4FF4FC726B49674804F00DFD3B6D02
:10425000FB647B8AFA88934228BF13469BB27A8F0D
:10426000934228BF1346FB87B7F84220FB8F1344C5
:10427000A7F842307A8AFB8FD31A9BB27B827A8F5F
:10428000FB8FD31A7B877B8A002B0BD0B7F8422099
:10429000FB889A4206D0524B4FF40072564952485E
:1042A00004F0E2FCB7F84220FB889A4280F0678174
:1042B0007B8F002B00F063813B6D1B89002B00F08E
:1042C0005E81FA88B7F84230D21A7B8F9342A8BF3A
:1042D0001346FB833B6DFB647B7903F00103002BEA
:1042E00027D007F112007A8FF98B012302937B7993
:1042F0000193FB68009303460020FFF70FFE7865EB
:104300007B6D002B00F025827B6D5868B7F842303A
:10431000BA681344FA8B194604F0DBFD786DFBF79D
:10432000EBF903461A46B7F840301344A7F840307B
:1043300041E03B6D5B687B6302E07B6B1B687B63EA
:104340007B6B1B68002BF8D17B6B1B7B03F0C003DE
:10435000002B15D17B6B5B687A6B52891344BA686A
:104360009A420DD1B7F84230002B06D01C4B40F2D8
:10437000312222491C4804F077FCFB8BBB871AE0F2
:10438000FB8B012219460020FAF74AFE78657B6D07
:10439000002B00F0E081B7F84230BA681A447B6D18
:1043A0005A60786DFBF7A8F903461A46B7F8403013
:1043B0001344A7F84030B7F84220FB8B1344A7F80A
:1043C0004230DCE0FB68B3F86830002B00F0D780A7
:1043D000034B40F24A220A49034804F045FCCEE070
:1043E00040BC0108E0BD010894BC0108F8BD01080B
:1043F0002CBE010844BE010864BE010884BE010849
:10440000B0BE0108FA88B7F84230D31ABB8397F8D8
:1044100022309BB2BA8CD31A7B837A8BBB8B9342AC
:1044200028BF13463B837B7903F00103002B36D072
:1044300097F822309AB23B8B134499B27B6C002BD5
:104440000CBF01230023DBB207F11200BA8C0293E8
:104450007B790193FB68009303463620FFF75EFDEE
:1044600038633B6B002B00F078813B6B5B893A8BA8
:104470009A4206D98C4B40F266228C498C4804F053
:10448000F3FB3B6B5A6897F82230D018B7F84230EC
:10449000BA6813443A8B194604F01BFD2FE07B8A5F
:1044A000002B06D0804B40F271228249804804F0F4
:1044B000DBFB3B8B012219463620FAF7B1FD786110
:1044C0007B69002B00F04B81B7F84230BA681A4480
:1044D0007B695A6097F822309BB24FF420721946DC
:1044E0003620FAF79DFD38633B6B002B03D17869CA
:1044F000FBF77AF836E17969386BFBF737F9386BF7
:10450000FBF7FAF803461A46B7F840301344A7F809
:104510004030B7F84030092B03D9386BFBF764F80B
:1045200020E1FB68DA6DB7F842301A4497F827307B
:10453000009313460022396BF868FFF753FCF864C8
:10454000FB6C002B00F00D817B6C002B02D1FB6C0F
:104550007B640CE0BB6C002B06D1534B40F2AB22CA
:104560005549534804F080FBBB6CFA6C1A60FB6C35
:10457000BB64B7F842203B8B1344A7F84230B7F82E
:104580004220FB889A42FFF43DAFFB8F002B2CD0DA
:104590003B6D5B68FB621EE0FB6A1A89FB8F13446C
:1045A0009AB2FB6A1A81FB6A1B68002B10D1FB6A66
:1045B0005B68FA6A52891344FA8FB968184604F0A6
:1045C00088FCFB6A5A89FB8F13449AB2FB6A5A81B2
:1045D000FB6A1B68FB62FB6A002BDDD13B6D1A890D
:1045E000FB8F13449AB23B6D1A817A8AFB68A3F859
:1045F00068207B6D002B18D03B6D002B06D12A4B19
:104600004FF438722D492A4804F02EFB3B6D5B684D
:10461000796D1846FBF7AAF83B6D1A897B6D1B89EB
:1046200013449AB23B6D1A8137E0BB8F002B34D014
:104630003B6D002B03D03B6D5B68002B06D11A4B02
:1046400040F2E6221E491A4804F00EFB3B6D5B68FF
:10465000BB6209E0BB6A1A89BB8F13449AB2BB6A7A
:104660001A81BB6A1B68BB62BB6A1B68002BF1D155
:10467000BB6A1A89BB8F13449AB2BB6A1A81BB6AA0
:104680005A89BB8F13449AB2BB6A5A813B6D1A890F
:10469000BB8F13449AB23B6D1A813B6D002B11D135
:1046A000FB687A6CDA6610E040BC0108E0BE0108E5
:1046B00094BC010820BF010830BF010844BF0108B5
:1046C0007CBF01083B6D7A6C1A60FB68DA6DFB8871
:1046D0001A44FB68DA65FB68B3F86420FB88D31AD8
:1046E0009AB2FB68A3F86420FB68B7F84020A3F8EF
:1046F0006620FB68B3F86630002B0ED0FB681B6F9A
:10470000002B0AD1FB68DB6E002B06D12C4B40F24C
:1047100012322C492C4804F0A7FAFB6C002B16D05F
:10472000FB6CDB68002B12D07B7903F00203002BBB
:104730000DD1FB6CDB689B899CB20820F9F73EFB2E
:1047400003461A46FB6CDB68224392B29A8100232F
:1047500031E000BF06E000BF04E000BF02E000BFA0
:1047600000E000BFFB685B8B43F080039AB2FB68FC
:104770005A837B6D002B02D0786DFAF735FF7B6C86
:10478000002B02D0786CFCF759FBFB68B3F866305D
:10479000002B0ED0FB681B6F002B0AD1FB68DB6E71
:1047A000002B06D1064B40F227320649064804F09A
:1047B0005BFA4FF0FF3318465C37BD4690BD00BF33
:1047C00040BC0108B4BF010894BC010890B58BB08F
:1047D00002AF78600B467B800023FB6100237B6186
:1047E00000233B617B68002B06D1954B40F24B3296
:1047F0009449954804F038FA7B68DB6E7B617B69ED
:10480000002B02D14FF0FF3316E17B88002B09D13A
:104810008B4B40F253328D498B4804F025FA6FF0F0
:10482000050309E17B691B897A889A4201D3002339
:1048300002E17B685B8E7A889A4206D9804B40F20F
:104840005B328349804804F00FFA7B691B89002B97
:1048500006D17B4B4FF457727E497B4804F004FA33
:104860007B699B7AFB73FB7B9B00DBB203F0040349
:10487000BB737B691A897B88D31ABB81BB7B9AB2D5
:10488000BB8913449BB24FF4207219463620FAF7C5
:10489000C7FB38613B69002B00F0B7807B695B6820
:1048A0001A897B691B89D31A9AB27B8813447B814E
:1048B0007B6958683B695A68BB7BD1187B89BA8988
:1048C000FBF78CF803461A46BB89934240F09F8061
:1048D0007B69DB689B899BB21846F9F76FFA034640
:1048E000DBB203F03F03FB760023BB76FB7E03F0D5
:1048F0000803002B07D0FB7E23F00803FB76BB7E6A
:1049000043F00803BB76FB7E03F00103002B07D0C6
:10491000FB7E23F00103FB76BB7E43F00103BB76F5
:104920007B69DB685B681846F9F75DFA02467B88AD
:10493000D118BA7EFB7B00930B4639697868FFF784
:1049400051FAF861FB69002B63D07B695B681846FC
:10495000FAF7D2FE03461A467B68B3F866309B1A14
:104960009AB27B68A3F866207B6958687B695B68AC
:104970001A89BB89D31A9BB21946FAF7AFFC7B6937
:104980001A89BB89D31A9AB27B691A817B69DB6861
:104990009B899CB2FB7E9BB21846F9F70FFA03463F
:1049A0001A467B69DB68224392B29A817B695B6815
:1049B0001846FAF7A1FE03461A467B68B3F866303C
:1049C00013449AB27B68A3F86620FB695B681846BB
:1049D000FAF792FE03461A467B68B3F86630134432
:1049E0009AB27B68A3F866207B691A68FB691A6033
:1049F0007B69FA691A60FB691B68002B03D17B682D
:104A00000022A3F86820002316E000BF02E000BFE8
:104A100000E000BFFB69002B06D0094B4FF4767213
:104A20000D49094804F020F93B69002B02D0386990
:104A3000FAF7DAFD4FF0FF3318462437BD4690BD34
:104A400040BC0108D4BF010894BC0108F8BF0108AC
:104A50001CC001082CC001083CC0010890B585B0FD
:104A600000AF78607B68002B06D1214B40F2EB321F
:104A70002049214804F0F8F87B68DB6E002B2ED02B
:104A80007B68DB6EFB6002E0FB681B68FB60FB6819
:104A90001B68002BF8D1FB68DB689B899BB218462A
:104AA000F9F78CF90346DBB203F00703002B16D1AC
:104AB000FB68DB689B899CB20120F9F77FF903460C
:104AC0001A46FB68DB68224392B29A817B685B8B53
:104AD00043F020039AB27B685A83002304E001214B
:104AE000786800F00BF8034618461437BD4690BDB1
:104AF00040BC010848C0010894BC010880B58AB0D8
:104B000002AF78600B46FB700023FB770023FB7538
:104B1000FB7803F00303002B06D1674B40F21142F0
:104B20006649674804F0A0F87B68002B06D1624B09
:104B300040F213426349624804F096F8FB7803F0B0
:104B40000203002B01D00123FB77FB7F9B00DBB22C
:104B500003F00403FB75FB7D9BB24FF420721946F2
:104B60003620FAF75DFA38613B69002B09D17B6882
:104B70005B8B43F080039AB27B685A834FF0FF331C
:104B800095E03B695A89FB7D9BB29A4206D24A4B1B
:104B900040F239424C494A4804F066F87B68D96DC6
:104BA000FA78FB7F00930B4639697868FFF71AF9AA
:104BB000F860FB68002B09D17B685B8B43F08003B6
:104BC0009AB27B685A834FF0FF3370E0FB68DB6872
:104BD00003F00303002B06D0374B40F242423B491F
:104BE000374804F041F8FB681B89002B06D0324B94
:104BF00040F243423649324804F036F87B68DB6EB7
:104C0000002B03D17B68FA68DA660DE07B68DB6E07
:104C1000BB6102E0BB691B68BB61BB691B68002B01
:104C2000F8D1BB69FA681A607B680022A3F8682093
:104C3000FB7803F00203002B04D1FB7803F001039F
:104C4000002B04D07B68DB6D5A1C7B68DA65FB782F
:104C500003F00103002B06D07B685B8B43F020033D
:104C60009AB27B685A83FB685B681846FAF744FD82
:104C700003461A467B68B3F8663013449AB27B68E1
:104C8000A3F866207B68B3F86630002B0ED07B68F3
:104C90001B6F002B0AD17B68DB6E002B06D1064B05
:104CA00040F265420B49064803F0DEFF0023184638
:104CB0002037BD4680BD00BF40BC010864C001086C
:104CC00094BC0108BCC00108DCC0010818C101087F
:104CD00030C101085CC10108B0B58AB000AF78608E
:104CE0007B68002B06D18A4B40F2E14289498A4811
:104CF00003F0BAFF7B681B7D012B06D1844B40F289
:104D0000E3428649844803F0AFFF854B1B687A680D
:104D10009A4201D10023CEE17B68B3F848207B683A
:104D2000B3F86030934228BF13469BB2BB617B68E7
:104D3000DB6E7B627B6A002B0BD17B685B8B03F0A5
:104D40000203002B00F0AA81786800F0CBFD034637
:104D5000B1E179687B6804331A467868FFF726F872
:104D600078617B69002B02D16FF00303A3E17B68BC
:104D7000002B03D07B681B68002B11D17B69002BB3
:104D800002D07B69043300E000233B613B69002BC8
:104D900002D16FF003038EE13B691A687B681A60E9
:104DA0007B6ADB685B681846F9F71DF802467B688A
:104DB0005B6CD31A7A6A12891344BA699A4227D271
:104DC0007B68B3F860301A46BB69934214D17B68A4
:104DD0001B6F002B10D17B6893F89930002B0BD1FF
:104DE0007B68002283F898207B68012283F8992051
:104DF0007B68002283F89A207B685B8B03F00203B8
:104E0000002B00F04D81786800F06CFD034652E104
:104E10007B68002283F899207B681B6F3B623B6AAA
:104E2000002B00F01C8102E03B6A1B683B623B6A7E
:104E30001B68002BF8D112E17B6ADB689B899BB26F
:104E40001846F8F7BBFF0346DBB203F00403002B60
:104E500006D02F4B40F2365232492F4803F004FF60
:104E60007B681B6F002B1FD07B685B8B03F04403B8
:104E7000002B19D17B68DB6E002B0BD07B68DB6EBF
:104E80001B68002B10D17B68DB6E1A897B685B8EF8
:104E90009A4209D27B68B3F86430002B04D07B6857
:104EA000B3F86630082B01D9012300E00023002B62
:104EB00006D17B685B8B03F0A003002B00F0E4803D
:104EC0007B681B7D022B0DD07B6ADB689B899CB2C3
:104ED0001020F8F773FF03461A467B6ADB6822430B
:104EE00092B29A817A697968786A00F009F9034682
:104EF000FB7397F90F30002B16D07B685B8B43F068
:104F000080039AB27B685A8397F90F30D3E000BFD1
:104F100040BC010884C1010894BC01089CC101087F
:104F2000585F0024C4C101087B6A1A687B68DA668E
:104F30007B681B7D022B06D07B685B8B23F0030311
:104F40009AB27B685A837B6ADB685B681846F8F71D
:104F50004AFF04467B6A1B891D467B6ADB689B8986
:104F60009BB21846F8F72AFF0346DBB203F00303AF
:104F7000002B01D0012300E000232B442344BB601D
:104F80007B681A6DBB68D31A002B02DA7B68BA689B
:104F90001A657B6A1B891C467B6ADB689B899BB20E
:104FA0001846F8F70BFF0346DBB203F00303002BB0
:104FB00001D0012300E000232344002B49D07B6A69
:104FC00000221A607B681B6F002B05D17B687A6A10
:104FD0001A677B6A3B623FE07B6ADB685B68184666
:104FE000F8F701FF04463B6ADB685B681846F8F790
:104FF000FAFE0346E31A002B24DA7B687033FB6168
:1050000002E0FB691B68FB61FB691B68002B11D088
:10501000FB691B68DB685B681846F8F7E4FE04462A
:105020007B6ADB685B681846F8F7DDFE0346E31A27
:10503000002BE6DBFB691A687B6A1A60FB697A6AF7
:105040001A6009E03B6A7A6A1A603B6A1B683B6235
:1050500002E0786AFBF707FF7B68DB6E7B627B6AA6
:10506000002B12D07B6ADB685B681846F8F7BBFE42
:1050700002467B685B6CD31A7A6A12891344BA6958
:105080009A42BFF4D9AE00E000BF7B68DB6E002B14
:1050900008D17B680022A3F8682004E000BF02E08A
:1050A00000BF00E000BF7B685B8B23F080039AB2F7
:1050B0007B685A83002318462837BD46B0BD00BF21
:1050C00080B582B000AF78607B68002B06D1094BB9
:1050D00040F29A520849094803F0C6FD7B685B68B4
:1050E0009B7B012B01D0012300E0002318460837E9
:1050F000BD4680BD40BC0108DCC1010894BC01086C
:10510000B0B58CB004AFF860B9607A60FB68002B72
:1051100006D1644B4FF4B7626349644803F0A4FDC1
:10512000BB68002B06D15F4B40F2B95260495F4823
:1051300003F09AFD7B68002B06D15A4B40F2BA521D
:105140005C495A4803F090FDF868FFF7B9FF034641
:10515000002B01D00023A1E0BB685A6AFB68DC6821
:105160001046F8F740FE0346A360BB685A8DFB6803
:10517000DC681046F8F722FE0346E381BB685B6AF1
:10518000BA68528D1A44BB68DA62FB68DB68143374
:10519000FB61FB689B7A03F00103002B15D0BB6811
:1051A00004331A4679684FF40670FCF739FA03465F
:1051B0007B837B8B43F001731846F8F714FE02469D
:1051C000FB691A60FB690433FB61BB68B3F93030DB
:1051D000002B02DABB6800221A86BB685B6B002BCF
:1051E0000CD1354B1A68BB685A63FB68DB685B6897
:1051F0001846F8F7F8FD0246BB689A63FB68DA6860
:10520000FB685B685B68D31A3B83FB685B68598902
:10521000FB685B683A8B8A1A92B25A81FB685B68BA
:105220001989FB685B683A8B8A1A92B21A81FB680B
:105230005B68FA68D2685A60FB68DB6800221A74FF
:1052400000225A74FB68DA68FB689B7A03F001035A
:10525000002B01D0182300E014231344FA699A426A
:1052600006D0104B40F21C621449104803F0FCFCBD
:10527000FB685868B968BB681C1DBB68DD7ABB68F1
:105280009B7A7A6802920622019200932B4622466C
:1052900002F05AFA0346FB7597F917301846203783
:1052A000BD46B0BD40BC010804C2010894BC010861
:1052B00024C2010844C201080C5F002468C201082E
:1052C000B0B584B000AF78607B68002B06D1314B5D
:1052D00040F263623049314803F0C6FC7B681B6FC3
:1052E000002B02D16FF0050350E07B681B6FFB6061
:1052F0000BE0F868FFF7E4FE0346002B02D06FF0E6
:10530000050343E0FB681B68FB60FB681B68002B20
:10531000EFD1F868FFF7D4FE0346002B02D06FF000
:10532000050333E07B68DA6EFB681A607B681A6FEE
:105330007B68DA667B6800221A677B685B8B43F4C4
:1053400000639AB27B685A83FB68DB685B68184627
:10535000F8F749FD0446FB681B891D46FB68DB68BE
:105360009B899BB21846F8F729FD0346DBB203F090
:105370000303002B01D0012300E000232B44E2189B
:105380007B68DA647B6800225A6300231846103772
:10539000BD46B0BD40BC01087CC2010894BC0108F8
:1053A00080B582B000AF78607B68002B06D10D4BD2
:1053B0004FF4D3620C490D4803F056FC7B6893F818
:1053C0004230FF2B07D07B6893F842300133DAB2CA
:1053D0007B6883F842207868FFF77EFC00BF0837BF
:1053E000BD4680BD40BC0108A0C2010894BC0108B4
:1053F00080B582B000AF78607B68002B06D10A4B85
:1054000040F2AD6209490A4803F02EFC7868FFF7C4
:1054100057FF0346002B02D17868FFF7C1FF00BF9A
:105420000837BD4680BD00BF40BC0108C4C20108AA
:1054300094BC010890B585B000AF78607B68002B04
:1054400006D12F4B40F2C1622E492F4803F00CFCCD
:105450007B681B6F002B02D16FF005034CE07B686B
:105460001B6FBB60B868FFF72BFE0346002B02D012
:105470006FF0050340E0BB681A687B681A677B68B9
:105480006C33FB6002E0FB681B68FB60FB681B6819
:10549000002B11D0FB681B68DB685B681846F8F7C7
:1054A000A2FC0446BB68DB685B681846F8F79BFC07
:1054B0000346E31A002BE6DBFB681A68BB681A6038
:1054C000FB68BA681A60BB681B68002B03D17B6855
:1054D0000022A3F868207B6893F84230FF2B07D0A6
:1054E0007B6893F842300133DAB27B6883F842205C
:1054F0007B6800225A63002318461437BD4690BDCE
:1055000040BC0108E0C2010894BC010880B582B02B
:1055100000AF78607B68002B06D12A4B40F2F9621D
:1055200029492A4803F0A0FB7B681B6F002B45D05C
:105530007B685B8B03F00403002B3FD17868FFF797
:1055400079FF0346002B39D17B68B3F860207B6874
:10555000B3F84830934228BF13469BB2002B00DAC1
:1055600001335B109AB27B68A3F84A207B68B3F8DA
:105570004A301A467B685B8E5B009A4206D27B6893
:105580005B8E5B009AB27B68A3F84A207B68B3F815
:105590004A207B685B8E194649000B449BB213443A
:1055A0009AB27B68A3F848207B685B8B43F00403C6
:1055B0009AB27B685A837B6800221A8600BF08373C
:1055C000BD4680BD40BC0108F8C2010894BC01087A
:1055D00080B586B000AFF8607B600B467B811346D8
:1055E0003B817A893B8913449BB214339BB24FF4BD
:1055F000207219462220F9F713FD78617B69002B90
:105600004DD07B8913337A695289934206DB264B4E
:1056100040F223722549264803F026FB7B695B682C
:105620003B613B8C1846F8F7C9FB03461A463B69B9
:105630001A80BB8C1846F8F7C1FB03461A463B6933
:105640005A803B697A685A60F868F8F7CCFB0246E2
:105650003B699A607B899B089BB205339BB21B0315
:105660009AB297F828309BB213439BB21846F8F7CA
:10567000A5FB03461A463B699A81BB8D1846F8F78D
:105680009DFB03461A463B69DA813B6900221A7486
:1056900000225A743B6900229A740022DA747B69F2
:1056A00018461837BD4680BD40BC010818C3010824
:1056B00094BC0108B0B58AB004AFF8607B600B46BB
:1056C0007B8113463B81FB68002B06D1154B40F2D2
:1056D00042721549154803F0C7FAFB68586AFB681F
:1056E000DB8AFA68128BF968498D3D897C890391C0
:1056F00010210291019200937B682A462146FFF710
:1057000067FF78617B69002B06D0FB685B6AFA68EB
:10571000528D1A44FB68DA627B6918461837BD4619
:10572000B0BD00BF40BC010848C3010894BC0108DB
:1057300080B588B000AFF860B96011461A460B46D4
:10574000FB711346BB710023FB83BB68002B06D1A2
:10575000124B40F256721249124803F085FABB68A8
:105760005B68BB61BB6914337B61FB8B9B001A4692
:10577000FB799B0003F0040313441433BA69134408
:105780007A699A4206D0054B40F27572064905487F
:1057900003F06AFA00BF2037BD4680BD40BC010857
:1057A00070C3010894BC010868C2010880B58AB0C2
:1057B00004AFF860B9607A603B60BB68002B06D12B
:1057C0001C4B40F287721C491C4803F04DFA3A68A2
:1057D0007968F868FEF7EAFA38613B69002B02D174
:1057E000FC23FB751CE0FB68002B06D0FB68DB7A12
:1057F000BB75FB689B7A7B7503E0FF23BB750023B9
:105800007B75BA7D3B690293062301937B7D0093F0
:1058100013463A687968B86801F096FF0346FB754D
:10582000B868F9F7E1FE97F9173018461837BD4602
:1058300080BD00BF40BC010898C3010894BC0108AA
:1058400090B58BB004AFF860B9607A603B603B689C
:10585000002B06D11F4B40F2C4721F491F4803F0B2
:1058600003FABB6A002B06D11A4B40F2C5721C49E1
:105870001A4803F0F9F90023FB7546F20803BB82CE
:10588000FB7D9CB2B868F8F7AEFA0246BB8A039378
:10589000142302933B8E0193BB8D00931346002289
:1058A00021467868FFF794FE38613B69002B0CD0E5
:1058B000FB7D00223969F868FFF73AFFBB6A3A6856
:1058C0003969F868FFF772FF00E000BF1C37BD467A
:1058D00090BD00BF40BC0108C4C3010894BC0108CE
:1058E000E0C3010890B587B000AF78600023FB7576
:1058F0000023BB757B68002B06D1284B40F2EA726F
:105900002749284803F0B0F9FB7D9B00DBB203F088
:1059100004037B757B7D9CB27B681B6D1846F8F792
:1059200062FA0346002221467868FFF7C3FE386119
:105930003B69002B09D17B685B8B43F003039AB270
:105940007B685A836FF0010323E0BB7DFA7D3969E0
:105950007868FFF7EDFE7A687B6804333969786808
:10596000FFF724FF0346FB7397F90F30002B07D096
:105970007B685B8B43F003039AB27B685A8306E033
:105980007B685B8B23F003039AB27B685A8397F999
:105990000F3018461C37BD4690BD00BF40BC010803
:1059A000FCC3010894BC010890B587B000AF7860D3
:1059B0000023FB757B68002B06D1184B40F62402B0
:1059C0001749184803F050F9FB7D9CB27B681B6DAA
:1059D000013B1846F8F707FA03460022214678688B
:1059E000FFF768FE38613B69002B02D14FF0FF33AF
:1059F00010E0FB7D002239697868FFF799FE7A682C
:105A00007B68043339697868FFF7D0FE0346FB737F
:105A100097F90F3018461C37BD4690BD40BC0108B1
:105A20001CC4010894BC010890B58BB000AF78602D
:105A3000002387F827307B68002B06D14C4B40F6BB
:105A40004F024C494C4803F00FF97B68DB6E3B6218
:105A50003B6A002B01D1002386E07B6893F89A30E3
:105A6000FF2B07D07B6893F89A300133DAB27B685A
:105A700083F89A203B6ADB689B899BB21846F8F74B
:105A80009DF90346DBB203F00103002B05D03B6A0E
:105A90001B89002B01D1012300E00023FB77FB7F52
:105AA000002B0CBF01230023DBB2BB8397F8273008
:105AB00099B23B6ADB685B68BA8B7868FFF7FAFDDE
:105AC000B861BB69002B02D14FF0FF334CE0BB69DA
:105AD0005B687B61FB7F002B11D07B699B899BB24C
:105AE0001BB223F47C531CB21120F8F767F903466C
:105AF0001BB223431BB29AB27B699A8110E0BB6947
:105B00005B6814333B613B6A58683B6A5B681A897F
:105B10003B6A1B89D31A9BB201223969F9F75EFFF0
:105B20003B6ADB685B681846F8F75DF903460133AA
:105B3000FB607B681A6DFB68D31A002B02DA7B6866
:105B4000FA681A6597F827300022B9697868FFF774
:105B5000EFFD7A687B680433B9697868FFF726FE41
:105B60000346FB7297F90B3018462C37BD4690BDA3
:105B700040BC010838C4010894BC010880B582B05B
:105B800000AF7860FAF718F80A4B1B68002B03D1B6
:105B9000094B1B68002B05D000220849FA2000F0B1
:105BA000F3F803E0064B00221A6000BF00BF08377D
:105BB000BD4680BD185F00241C5F00247D5B01088A
:105BC000645F002480B500AF0A4B1B68002B0FD127
:105BD000094B1B68002B03D1084B1B68002B07D017
:105BE000044B01221A6000220549FA2000F0CCF88B
:105BF00000BF80BD645F0024185F00241C5F002488
:105C00007D5B010880B586B000AFF860B9607A604E
:105C10000620F8F703FE38613B69002B09D13B6988
:105C2000002B51D12A4BBE222A492B4803F01CF8E5
:105C30004AE03B6900221A603B69BA689A603B6996
:105C40007A68DA603B69FA685A60244B1B68002B5B
:105C500003D1224A3B69136037E03B695A681F4B06
:105C60001B685B68D31ADB0F03F00103DBB2002B68
:105C700007D01A4B1A683B691A60184A3B691360CF
:105C800023E0164B1B687B611AE07B691B68002BC5
:105C90000BD03B695A687B691B685B68D31ADB0FC2
:105CA00003F00103DBB2002B07D07B691A683B6964
:105CB0001A607B693A691A6007E07B691B687B613F
:105CC0007B69002BE1D100E000BF1837BD4680BDE5
:105CD0005CC4010890C40108D0C401085C5F0024C2
:105CE00080B586B000AF78607B687B617B695B685C
:105CF0009847F7F789FF38617B691A680F4B1B6873
:105D00001344FB60FA683B69D31ADB0F03F001030D
:105D1000DBB2002B09D07B691A683B6913447A68AF
:105D200007491846FFF76EFF04E07A680449F868EF
:105D3000FFF768FF00BF1837BD4680BD605F0024D5
:105D4000E15C010880B582B000AF01237B600EE00A
:105D50000B4A7B6852F833007B68DB00084A134427
:105D60001A46084900F010F87B6801337B607B68B5
:105D7000022BEDD900BF00BF0837BD4680BD00BF74
:105D800068D00108E15C010880B586B000AFF8601A
:105D9000B9607A60FB68B3F1804F06D30A4B40F2DA
:105DA00029120A490A4802F05FFFF7F72DFF024661
:105DB000FB6813447B617A68B9687869FFF722FF52
:105DC00000BF1837BD4680BD5CC40108F8C4010897
:105DD000D0C4010880B584B000AFF7F715FFF860B4
:105DE0001A4B1B78DBB2002B01D0F9F7C3F8184B24
:105DF0001B68BB60BB68002B22D0BB685B68FA687D
:105E0000D31ADB0F03F00103DBB2002B1AD1BB68FE
:105E10001B680F4A1360BB689B687B60BB68DB68CC
:105E20003B60BB685B680B4A1360B9680620F8F7F3
:105E300065FD7B68002BD3D07B6838689847CFE737
:105E400000BF00E000BF1037BD4680BD095F0024E1
:105E50005C5F0024605F002480B500AF02F080FD2D
:105E600003469BB2C3F30D039BB2A3F580439AB2E2
:105E7000014B1A8000BF80BD5000002480B584B063
:105E800000AFF860B9601346FB71FB68002B05D1C9
:105E9000274B87222749284802F0E6FEBB68002BE3
:105EA00005D1234B88222549234802F0DDFEFB68FB
:105EB0001B7A002B0BD0FB681A7A214B5B6893F896
:105EC00030300133DBB29A4201D000232BE0FB7962
:105ED000002B18D0FB68002B13D0FB681B68002B2D
:105EE0000FD0174B5B69B3F1FF3F0AD0FB681A680C
:105EF000134B5B695A40BB6808331B681340002B87
:105F000010D101230FE0FB68002B09D0FB681B6850
:105F1000002B05D0FB681A68094B5B699A4201D1D6
:105F2000012300E0002318461037BD4680BD00BFA6
:105F300044C5010874C5010898C50108C0C5010819
:105F4000F02F002490B58DB002AF78603960002347
:105F5000FB767B68002B05D17C4BCF227C497D48AA
:105F600002F082FE3B68002B05D1784BD0227A49A3
:105F7000784802F079FE7B685B89072B03D8786844
:105F8000F9F732FBDEE07B685B687B61734B5B6932
:105F9000724A12681146184601F0AEFC0346FB74C3
:105FA0007B691B889BB21846F7F708FF03463B82C4
:105FB0007B695B889BB21846F7F700FF0346FB81BD
:105FC00000237B6200233B620023FB61644B1B6860
:105FD0007B6254E07B6A5B8AFA899A424AD1FB7CF5
:105FE0001A463968786AFFF749FF0346002B41D00B
:105FF0007B6A1B7C03F00403002B1DD1FB69002B83
:1060000002D17B6AFB6117E0FB7C002B14D0534B61
:106010005B69B3F1FF3F0FD1FB691A683B6804333A
:106020001B689A4208D07B6A1A683B6804331B6875
:106030009A4201D17B6AFB617B6A9B8A3A8A9A42C7
:1060400018D17B6A5B68002B05D07B6A5A68434B8A
:106050001B699A420ED13B6A002B14D07B6ADA6826
:106060003B6ADA603E4B1A687B6ADA603C4A7B6ABC
:10607000136008E07B6A3B627B6ADB687B627B6A59
:10608000002BA7D100E000BF7B6A002B01D1FB6988
:106090007B627B6A002B02D00123FB760AE03B681F
:1060A00004331A682D4B5B699A420CBF012300230D
:1060B000DBB2FB76FB7E002B41D008217868F9F734
:1060C0000DFA0346002B0AD0204B4FF4B872254935
:1060D000204802F0C9FD7868F9F786FA32E07B6A59
:1060E000002B12D07B6A9B69002B0AD07B6A9C69CB
:1060F0007B6AD8693B8A00931B4B7A68796AA04710
:1061000021E07868F9F770FA1CE0FB7C002B12D1D3
:10611000124B5B6903F0F003E02B0CD00F4B9B8913
:1061200008339BB21BB219467868F9F74AFA032183
:10613000786801F0B7F87868F9F756FA03E07868FC
:10614000F9F752FA00BF2C37BD4690BD44C501088F
:10615000E8C5010898C5010800C60108F02F002411
:10616000685F00241CC601080030002480B485B09C
:1061700000AF786039607B68002B1ED07B681B689D
:10618000002B1AD03B68002B17D03B681B68002BF4
:1061900013D00D4B1B68FB600CE0FB681A687B6832
:1061A0001B689A4203D13B681A68FB681A60FB6857
:1061B000DB68FB60FB68002BEFD100BF1437BD46E6
:1061C0005DF8047B704700BF685F002480B582B033
:1061D00000AF786015497A6813465B001344DB0012
:1061E0000B441B68002B13D010497A6813465B00E0
:1061F0001344DB000B441B681846F9F7F5F90B490B
:106200007A6813465B001344DB000B4400221A60DB
:1062100006497A6813465B001344DB000B441433D1
:1062200000221A7000BF0837BD4680BD6C5F002495
:1062300080B582B000AF00237B6096E04F497A685A
:1062400013465B001344DB000B4414331B78FB70D4
:10625000FB78002B00F0868048497A6813465B0083
:106260001344DB000B4412331B88013398B24349BB
:106270007A6813465B001344DB000B44123302467A
:106280001A803E497A6813465B001344DB000B44D6
:1062900012331B88B3F5967F15D238497A681346B6
:1062A0005B001344DB000B4414331B78012B0ED12D
:1062B00032497A6813465B001344DB000B44123307
:1062C0001B88042B03D97868FFF780FF4AE02B492D
:1062D0007A6813465B001344DB000B4414331B78CD
:1062E000032B0AD125497A6813465B001344DB006F
:1062F0000B44143304221A7034E020497A681346A0
:106300005B001344DB000B4414331B78042B0AD1CD
:106310001A497A6813465B001344DB000B441433BC
:1063200002221A701EE015497A6813465B00134476
:10633000DB000B4414331B78012B13D10F497A680F
:1063400013465B001344DB000B44083318687A687B
:1063500013465B001344DB00084A13440433194618
:1063600000F06EFE7B6801337B607B68092B7FF752
:1063700065AF00BF00BF0837BD4680BD6C5F00241D
:1063800080B58AB000AFF8600B467A60FB720A23D2
:10639000FB840A23BB840A237B8400233B840A23D7
:1063A000FB830023BB8300237B8300233B830023E9
:1063B0003B84AEE0B7F92020A64913465B001344A6
:1063C000DB000B4414331B78FB75B7F922300A2B22
:1063D00005D1FB7D002B02D13B8C7B8495E0FB7DBE
:1063E000002B00F09280FB7D012B09D0FB7D012B5F
:1063F00006D8994B40F223129849994802F034FC90
:10640000FB68002B20D0FB681968B7F92020914861
:1064100013465B001344DB00034404331B689942BA
:1064200012D17B68002B0CD0B7F920208949134684
:106430005B001344DB000B4408331B687A689A4204
:1064400002D1B7F9203000E1FB7D012B40D1B7F933
:106450002020804913465B001344DB000B441B687B
:10646000002B1AD0B7F920207A4913465B00134459
:10647000DB000B4412331B88BA8B9A4245D83B8C05
:10648000FB83B7F92020734913465B001344DB00FC
:106490000B4412331B88BB8337E0B7F920206D49CA
:1064A00013465B001344DB000B4412331B887A8BCA
:1064B0009A422AD83B8CFB84B7F9202065491346C1
:1064C0005B001344DB000B4412331B887B831CE00E
:1064D000FB7D012B19D9B7F920205E4913465B00DB
:1064E0001344DB000B4412331B883A8B9A420CD8BE
:1064F0003B8CBB84B7F92020564913465B001344FC
:10650000DB000B4412331B883B833B8C01339BB273
:106510003B84B7F92030092B7FF74CAFFB7A03F0AF
:106520000203002B08D1B7F922300A2B07D1FB7ADE
:1065300003F00103002B02D14FF0FF3385E0B7F9E0
:106540002230092B02DC7B8C3B8439E0B7F9243004
:10655000092B14DCBB8C3B84B7F920203D49134642
:106560005B001344DB000B441B68002B18D03A4B34
:1065700040F26D123B493A4802F076FB10E0B7F961
:106580002630092B02DCFB8C3B8409E0B7F91E3076
:10659000092B02DCFB8B3B8402E04FF0FF3354E01D
:1065A000B7F92030092B06DD2B4B40F27F122E4924
:1065B0002B4802F059FBB7F920301846FFF706FECA
:1065C000B7F92030092B06DD234B40F28312264910
:1065D000234802F049FBB7F920201E4913465B000F
:1065E0001344DB000B4414331B78002B06D01A4BEA
:1065F0004FF4C2721D491A4802F036FBFB68002BAB
:106600000BD0B7F92020FB681968124813465B00CD
:106610001344DB00034404331960B7F920200D490B
:1066200013465B001344DB000B44123300221A8034
:10663000B7F92020074913465B001344DB000B44E5
:1066400008337A681A60B7F9203018462837BD46F3
:1066500080BD00BF6C5F0024A8C80108E0C8010825
:1066600020C9010848C9010860C9010874C90108A6
:1066700080B588B002AFF860B9607A60FB70FB68E3
:1066800093F82C30062B06D0484B40F2A91248490B
:10669000484802F0E9FABB68002B12D0BB681B68BF
:1066A000002B0ED0BB681B68F968184601F024F96E
:1066B0000346002B05D1BB681B6803F0F003E02BF9
:1066C00002D16FF00F036CE0FB78FA681946B868E6
:1066D000FFF756FE0346FB82B7F91630002B02DAAD
:1066E000FB8A5BB25DE0B7F91620334913465B00C5
:1066F0001344DB000B44143302221A70B7F916203E
:106700002D4913465B001344DB000B440833FA6841
:106710001A60B7F9162013465B001344DB000833F8
:10672000254A1344043306227968184602F0D1FB47
:10673000B7F91620204913465B001344DB000B44D5
:10674000123300221A80B7F916201B4913465B004A
:106750001344DB000B441B68002B21D0B7F9162033
:10676000154913465B001344DB000B441B683B6177
:10677000B7F91620104913465B001344DB000B44A5
:1067800000221A60FB6803F126024FF400630093B5
:106790007B683969F86801F0BDFF3869F8F724FFB4
:1067A000002318461837BD4680BD00BFA8C80108A1
:1067B000A0C9010820C901086C5F002480B584B01D
:1067C00000AF78600023FB601EE01349FA681346AF
:1067D0005B001344DB000B4414331B78FB72FB7A21
:1067E000002B0ED00C49FA6813465B001344DB0003
:1067F0000B4408331B687A689A4202D1F868FFF7A5
:10680000E5FCFB680133FB60FB68092BDDDD00BFA5
:1068100000BF1037BD4680BD6C5F0024B0B58AB0A4
:1068200004AF786039603B68002B07D13D4B40F2E4
:106830008A223D493D4802F017FA6FE07B685B68A9
:106840003B613B691B889BB2B3F5807F0CD13B69F0
:106850001B79062B08D13B695B79042B04D13B697A
:106860005B889BB2082B03D07868F8F7BDFE55E033
:106870003B690E331B68FB603B6918331B68BB60C8
:106880003B6804331B68002B02D10023FB7509E031
:10689000BA683B6804331B689A420CBF012300238B
:1068A000DBB2FB753B6903F10802FB7D002B01D0D5
:1068B000012300E0022307F10C013868FFF7D8FE3E
:1068C0003B69DB889BB2B3F5807F03D0B3F5007FD3
:1068D0001ED020E0FB7D002B1CD03B6803F126007E
:1068E0003B6903F108043B6803F126053B68043368
:1068F0003A6908320221039107F10C0102910192D9
:1069000000932B4622460146386800F0EBFA01E07E
:1069100000BF00E000BF7868F8F766FE1837BD4694
:10692000B0BD00BFA8C80108F8C9010820C9010806
:1069300080B586B002AFF860B9601346FB71FA7992
:10694000444913465B001344DB000B4414331B78AB
:10695000012B06D8404B40F2EE224049404802F05D
:1069600083F9FA793B4913465B001344DB000B447F
:1069700014331B78022B53D1FA79364913465B0046
:106980001344DB000B4412331B88B3F58E7F19D9F7
:10699000FA7913465B001344DB002E4A1344043398
:1069A0001946F86800F04CFB0346002B38D1FA7901
:1069B000284913465B001344DB000B4414330322C5
:1069C0001A702DE0FA79234913465B001344DB006B
:1069D0000B4412331B88B3F5877F21D3FA79134612
:1069E0005B001344DB001B4A1344191DFA7913465C
:1069F0005B001344DB000833164A134404331A4681
:106A0000F86800F0FBFA0346002B09D1FA79114926
:106A100013465B001344DB000B44143303221A704B
:106A2000FB6803F12601FA7913465B001344DB008F
:106A30000833084A134404334FF4006200920A46B4
:106A4000B968F86801F066FE034618461037BD467F
:106A500080BD00BF6C5F0024A8C8010818CA0108E7
:106A600020C9010880B58AB002AFF860B9607A60C9
:106A70007B68BB61FB68002B06D1734B40F21E3272
:106A80007249734802F0F0F8BB68002B06D16E4BD8
:106A900040F21F326F496E4802F0E6F87B68002B27
:106AA00006D1694B4FF448726B49694802F0DCF833
:106AB0007B681B68F968184600F01EFF0346002B30
:106AC00002D0664BFB61AFE07B681B6803F0F0030C
:106AD000E02B18D101233B7400237B745E23BB742D
:106AE0007B6801331B7803F07F03DBB2FB747B68A8
:106AF00002331B783B757B6803331B787B7507F18A
:106B00001003FB6190E07B681A68FB6804331B6824
:106B10005A40FB6808331B681340002B12D07B6877
:106B20001B689BB24FF6A96293420BD0FB680C33F3
:106B30001B68002B03D0FB680C33BB6102E06FF0D5
:106B400003037DE0464B1B781946464A0B465B0023
:106B50000B44DB00134414331B78012B25D9404B25
:106B60001B7819463F4A0B465B000B44DB0013447D
:106B700008331B68FA689A4217D1BB691A68384B08
:106B80001B781846374903465B000344DB000B447F
:106B900004331B689A4208D1314B1B781A46B968F6
:106BA000F868FFF7C5FE03464AE00023FB7531E0B5
:106BB000FA7D2C4913465B001344DB000B4414336D
:106BC0001B78012B23D9FA7D264913465B00134419
:106BD000DB000B4408331B68FA689A4217D1BB6983
:106BE0001968FA7D1F4813465B001344DB00034419
:106BF00004331B6899420AD1194AFB7D1370FB7D4F
:106C00001A46B968F868FFF793FE034618E0FB7D63
:106C10000133FB75FB7D092BCAD9BA68B969F868DD
:106C200000F022F803460BE0FB6803F126024FF464
:106C300000630093FB69B968F86801F06BFD0346D7
:106C400018462037BD4680BDA8C80108F8C901080C
:106C500020C9010848CA0108E8C9010884D0010810
:106C60005C6000246C5F002480B58CB002AFF860DB
:106C7000B9607A60FB6826337B61FF2387F8273091
:106C800000233B62BB681B68F968184600F034FEBD
:106C90000346002B0CD1BB681B6803F0F003E02B0C
:106CA00006D0BB68002B03D0BB681B68002B02D149
:106CB0006FF00F0301E1FA680121B868FFF760FB8C
:106CC00003467B82B7F91230002B02DA7B8A5BB273
:106CD000F3E07B8A7E2B06D97A4B40F2C1327A49A7
:106CE0007A4801F0C1FF7B8A7B747A7C784913462D
:106CF0005B001344DB000B4414331B78002B15D1CD
:106D000001233B627A7C724913465B001344DB002B
:106D10000B44143301221A707A7C6D4913465B00D0
:106D20001344DB000B440833FA681A607A7C684924
:106D300013465B001344DB000B4414331B78012B18
:106D400011D07A7C624913465B001344DB000B448C
:106D500014331B78012B06D85A4B40F2CD325D49D3
:106D60005A4801F081FF3B6A002B02D17B68002B5F
:106D70000CD1B968F86800F063F9034687F827304A
:106D80007B68002B02D197F9273096E07B68002BB7
:106D900006D14C4B40F2E1324F494C4801F064FFC0
:106DA0007A7C4B4913465B001344DB000B441433DD
:106DB0001B78012B17D9494A7B7C13707A7C1346C8
:106DC0005B001344DB000833414A134404334FF49F
:106DD000006200927A697968F86801F09BFC0346CA
:106DE00087F8273067E07A7C394913465B00134403
:106DF000DB000B4414331B78012B5CD10023BB61F7
:106E00007B68FB611CE0FB695A89FB691B899A421C
:106E10000AD1FB691B68002B06D02A4B40F2F132E5
:106E20002F492A4801F020FFFB691B7B03F0400338
:106E3000002B02D00123BB6105E0FB691B68FB61ED
:106E4000FB69002BDFD1BB69002B07D07A684FF4B8
:106E500020710E20F8F734FEF86104E07B68FB61D6
:106E6000F869F8F761FCFB69002B21D07A7C18499E
:106E700013465B001344DB000B441B68002B0AD055
:106E80007A7C134913465B001344DB000B441B68F8
:106E90001846F8F7A9FB7A7C0D4913465B001344AA
:106EA000DB000B44FA691A60002387F8273002E000
:106EB000FF2387F8273097F9273018462837BD4633
:106EC00080BD00BFA8C8010854CA010820C9010834
:106ED0006C5F002464CA010848CA01085C60002491
:106EE0008CCA010880B58AB002AFF860B9607A60D8
:106EF0003B600023FB77FB68002B06D13A4B40F246
:106F000057423A493A4801F0AFFE4FF420721C2133
:106F10000E20F8F785F8B861BB69002B02D14FF05D
:106F2000FF335DE0BB695B891B2B06D82E4B40F21B
:106F3000624230492E4801F097FEBB695B687B6175
:106F4000BB8E1846F6F73AFF03461A467B69DA808D
:106F5000FB6893F82C30062B06D0234B40F2694295
:106F60002549234801F080FE7B69083306223968F1
:106F7000184601F0AEFF7B6912330622F96A184603
:106F800001F0A7FF7B690E33BA6A12681A607B6949
:106F900018333A6B12681A607B6900221A7000225B
:106FA00042F001025A707B69002242F008029A7096
:106FB0000022DA707B6906221A717B6904225A71F9
:106FC00040F6060300937B68BA68B969F86801F077
:106FD000A1FBB869F8F708FB0023BB6197F91F30E4
:106FE00018462037BD4680BDA8C80108F8C9010869
:106FF00020C90108A8CA0108DCCA010880B588B008
:1070000004AFF860B9607A60FB6803F12601FB68A1
:1070100003F12600FB68043301220392BA6802924E
:10702000064A0192009303467A68F868FFF75AFF10
:10703000034618461037BD4680BD00BF8CD00108FE
:1070400080B582B000AF78603960054A39687868E9
:10705000FFF7D4FF034618460837BD4680BD00BF82
:1070600084D0010880B58EB004AF78603960874B5A
:107070009B687B627B6A1B7803F00F03DBB29B008B
:10708000DBB27B847B8C132B40F2E8807B685B89CE
:10709000032B40F2E5807B685B681B7887F8213022
:1070A00097F82130002B00F0D280082B40F0D280DE
:1070B000774BFB61754B5B6903F0F003E02B00F04D
:1070C000D680724B5B69714A12681146184600F00F
:1070D00013FC0346002B40F0CC807B681B89072BF8
:1070E00040F2C0807868F6F706FF0346002B03D015
:1070F0007868F8F779FAC5E07B8C0E331946786822
:10710000F8F7DCF90346002B4BD07B681A897B8C9F
:1071100013447B837B681B897A8B9A42C0F0AB80D7
:107120007B8B4FF4207219460E20F7F779FF7861B8
:107130007B69002B00F0A1807B695B891A467B8C00
:1071400008339A4203D27869F8F74EFA96E07B69E1
:107150005B687A8C796A184601F0BBFE7B8C194615
:107160007869F8F7BBF90346002B09D0494BB622E2
:1071700049494A4801F078FD7869F8F735FA7DE029
:1071800079687869F8F758FB0346002B03D07869D3
:10719000F8F72AFA72E07868F8F726FA7B697B60DC
:1071A0000FE07B8C0E3319467868F8F797F90346A1
:1071B000002B06D0374BC7223949384801F054FD1F
:1071C0005CE07B685B683B617B8C19467868F8F70C
:1071D00075F90346002B3CD17B685B68FB60FB695B
:1071E0001A68FB68DA60294B1A69FB681A613B6907
:1071F00000221A703B695B889BB24FF6F77293428C
:1072000007D93B695B889BB209339AB23B695A80C4
:1072100006E03B695B889BB208339AB23B695A80AF
:10722000FB68FF221A72FB6800229A720022DA724F
:107230003B6802930123019300230093FF23002264
:10724000F969786800F080FA0346FB7201E000BF3C
:1072500000E000BF7868F8F7C7F913E000BF02E06C
:1072600000BF00E000BF7868F8F7BEF90AE000BF91
:1072700004E000BF02E000BF00E000BF7868F8F75C
:10728000B3F900BF2837BD4680BD00BFF02F0024F2
:107290000430002420CB010858CB010890CB010812
:1072A000B8CB010880B582B000AF78600B46FB70A8
:1072B000FB781A460321786800F014F800BF0837FD
:1072C000BD4680BD80B582B000AF78600B46FB70D4
:1072D000FB781A460B21786800F004F800BF0837E5
:1072E000BD4680BD80B58CB004AF78600B46FB70A6
:1072F0001346BB704FF4207224212220F7F790FE32
:10730000F861FB69002B56D0FB695B89232B06D8FB
:107310002B4B4FF4B4722B492B4801F0A5FC7B6832
:107320005B68BB61FB695B687B617B69FA781A709B
:107330007B69BA785A707B6900221A7100225A71EF
:107340007B6900229A710022DA71FB695B6803F1A4
:1073500008007B685B681C22194601F0BAFDBB6916
:10736000DB68FB6007F10C03184600F02FF838616A
:107370003B69002B1BD07B6900229A700022DA70D7
:10738000FB695B8919467869F6F7A3FD03461A463F
:107390007B695A8007F10C023B6902930123019338
:1073A00000230093FF230021F86900F0CDF9F8696C
:1073B000F8F71AF900E000BF2037BD4680BD00BFD6
:1073C00020CB0108ECCB010890CB010880B485B03C
:1073D00000AF7860334B1B68FB6036E0FB6893F8C6
:1073E0002D3003F00103DBB2002B2BD0FB6893F8A8
:1073F0002D309B0803F00103DBB2002B22D0FB6889
:1074000004331B68002B1DD07B681A68FB680433AB
:107410001B685A40FB6808331B681340002B01D1DE
:10742000FB6838E0FB6893F82D3003F00203002B73
:1074300008D17B681A68FB680C331B689A4201D13B
:10744000FB6828E0FB681B68FB60FB68002BC5D16C
:10745000154B1B68002B1AD0134B1B6893F82D306B
:1074600003F00103002B12D00F4B1B6893F82D3053
:1074700003F00403002B0AD00B4B1B6804331B687A
:10748000002B04D07B681B68DBB27F2B01D100236B
:1074900001E0054B1B6818461437BD465DF8047BB8
:1074A000704700BF005F0024045F002480B582B0F5
:1074B00000AF78607B6893F82D3003F00103DBB2F6
:1074C000002B16D07B6804331B68002B11D00B4BAC
:1074D0005A697B6804331B689A4208D0074B5B6982
:1074E0007968184600F008FA0346002B01D0012302
:1074F00000E0002318460837BD4680BDF02F002469
:1075000080B586B000AF786039607B685B687B616E
:107510007B691B781B09DBB2042B04D07868F8F771
:1075200063F8002307E17B691B7803F00F03DBB2EC
:107530009B00DBB2FB817B695B889BB21846F6F748
:107540003DFC0346BB817B681B89BA899A4204D201
:10755000BB8919467868F7F7C1FE7B685B89FA89B1
:107560009A4207D87B681B89BA899A4202D8FB895C
:10757000132B04D87868F8F737F80023DBE07B6931
:107580001B696F4A53617B69DB686D4A13616C4B01
:107590005B6903F0F003E02B12D13B6893F82D30C8
:1075A00003F00103DBB2002B07D03B6804331B68F8
:1075B000002B02D03B683B612AE000233B6127E0BF
:1075C0003868FFF773FF0346002B02D03B683B612E
:1075D0001EE000233B615A4B5B69DBB27F2B17D067
:1075E000584B1B683B610EE03A693B689A4206D0F3
:1075F0003869FFF75BFF0346002B08D100E000BFAE
:107600003B691B683B613B69002BEDD100E000BF8B
:107610004B4B1B693968184600F06EF90346002B86
:1076200005D1474B1B6903F0F003E02B04D17868C8
:10763000F7F7DAFF00237EE03B69002B04D178687E
:10764000F7F7D2FF002376E07B69DB889BB21A460E
:107650004FF63F731340002B0BD0786800F092FC7C
:1076600078607B68002B01D1002364E07B685B6855
:107670007B61334A3B691360314A3B685360304A4F
:107680007B6993607B691B7803F00F03DBB29B007F
:10769000DBB21A462A4B9A81FB8919467868F7F7BC
:1076A0001DFF7B695B7A112B06D0112B13DC012B9C
:1076B0000CD0062B05D00EE039687868FEF742FC46
:1076C00026E039687868FAF769F821E0396878685F
:1076D000FFF7C8FC1CE01A4B5B693969184600F0DB
:1076E0000BF90346002B0FD1154B5B6903F0F00338
:1076F000E02B09D0B7F90E3019467868F7F761FF2B
:1077000002217868FFF7CEFD7868F7F76DFF00BFBC
:107710000B4B00221A600A4B00225A60084B0022D1
:107720009A60074B00229A81054B00221A61044B94
:1077300000225A61002318461837BD4680BD00BF9D
:10774000F02F0024005F002480B58AB004AFF860F9
:10775000B9607A60FB70BB687B617B68002B09D0E5
:10776000BB68002B03D0BB681B68002B02D1BB6A2F
:1077700004337B61FA78BB6A029397F82430019353
:1077800097F82030009313467A687969F86800F01A
:1077900005F8034618461837BD4680BD80B588B049
:1077A00000AFF860B9607A60FB70FB689B7B012BCF
:1077B00006D04B4B4FF455724A494B4801F054FAEE
:1077C0007B68002B60D014237B831421F868F7F7C3
:1077D00075FE0346002B02D06FF001037CE0FB68CE
:1077E0005B68FB61FB685B89132B06D83C4B4FF44D
:1077F00062723E493C4801F037FAFB69FA781A7226
:10780000FB6997F82C205A727B681A68FB691A6129
:107810007B8B9B089BB2DBB243F04003DAB2FB697F
:107820001A70FB6997F828205A70FB681B89184664
:10783000F6F7C4FA03461A46FB695A80FB69002230
:107840009A710022DA712A4B1B881846F6F7B6FAAD
:1078500003461A46FB699A80254B1B8801339AB26E
:10786000234B1A80BB68002B04D1224B1A68FB699A
:10787000DA6003E0BB681A68FB69DA60FB69002222
:107880009A720022DA720FE0FB685B89132B02D830
:107890006FF0010320E0FB685B68FB61FB691B691B
:1078A0007B6107F114037B603B6B9B8C002B0CD03E
:1078B000FB681A893B6B9B8C9A4206D97A68396BB4
:1078C000F86800F053FD034606E03B6B5B697A689D
:1078D000F968386B9847034618462037BD4680BD87
:1078E00018CC01084CCC010858CC010880CC010808
:1078F0005E60002480D0010880B485B000AF78605D
:1079000039607B68FB607B68B3F1FF3F02D07B6826
:10791000002B01D101232AE03B6893F82D3003F0BE
:107920000203002B01D1002321E03B6804331B68D4
:107930007A689A4201D1002319E0FA683B6804335F
:107940001B685A403B6808331B681340002B0DD15D
:107950003B6808331B68DA437B681A403B6808338E
:107960001B68DB439A4201D1012300E00023184643
:107970001437BD465DF8047B7047000080B584B0C5
:1079800000AF0023BB60124B1B68FB6018E0FB6874
:10799000DB7F002B0BD0FB68DB7F013BDAB2FB689F
:1079A000DA77FB68BB60FB681B68FB6008E0FB687C
:1079B0007B60FB681B68FB60B968786800F00AF8B8
:1079C000FB68002BE3D100BF00BF1037BD4680BD70
:1079D0006060002480B588B000AF78603960002313
:1079E000FB833A687B689A4205D1454BAB224549F7
:1079F000454801F039F93B68002B0AD03B681B6809
:107A00007A689A4205D03E4BAD2240493E4801F08B
:107A10002BF97B685B685B687B617B699B889BB2A9
:107A2000002B2AD17B685B68BB617B691A687B6825
:107A30005A60BB6958687B6808331422194601F004
:107A400048FA0121B869FFF73DFCB869F7F754FE21
:107A500003467B82FA8B7B8A1344B3F5803F05DBB8
:107A6000274BBC222A49284801F0FEF8FA8B7B8A72
:107A70001344FB83B869F7F7B7FD7B685B68BB61AC
:107A80001FE0BB695B687B61BB69FB607B691B684E
:107A9000BB61F868F7F730FE03467B82FA8B7B8A7E
:107AA0001344B3F5803F05DB154BCC22184916482B
:107AB00001F0DAF8FA8B7B8A1344FB83F868F7F756
:107AC00093FDBB69002BDCD13968786800F0C2F8FF
:107AD000104B1B88FA8B9A4205D9094BD2220E49CA
:107AE000094801F0C1F80B4B1A88FB8BD31A9AB2E4
:107AF000084B1A80FB8B18462037BD4680BD00BF5F
:107B0000B0CC0108ECCC0108F8CC010820CD01086C
:107B100034CD01086460002454CD010880B58AB0DA
:107B200000AF7860396000237B6100233B62002353
:107B3000FB610023BB6100233B61284B1B687B6218
:107B400030E07B6A5A697B68DB689A420CD17B6AB9
:107B50009A697B681B699A4206D17B6A9A897B681D
:107B60009B889BB29A4214D03B6901333B613B6ACC
:107B7000002B04D17B6A3B62FB69BB6109E07B6A35
:107B8000DA7F3B6ADB7F9A4203D87B6A3B62FB6900
:107B9000BB617B6A1B68002B01D07B6AFB617B6A3F
:107BA0001B687B627B6A002BCBD13B6A002B08D021
:107BB000B969386AFFF70EFFF8607A69FB68134409
:107BC0007B617A693B689A4202DA3B69012BACDC43
:107BD0007B6918462837BD4680BD00BF6060002421
:107BE00080B584B000AF786039600420F6F716FEE7
:107BF000F860FB68002B10D139687868FFF78EFFBA
:107C000002463B68934203DC0420F6F707FEF86067
:107C1000FB68002B01D1002316E020220021F86828
:107C200001F087F8FB680F22DA77094B1A68FB68C6
:107C30001A60074AFB681360FB68083314227968EE
:107C4000184601F046F9FB6818461037BD4680BD5E
:107C50006060002480B582B000AF78603960104B5E
:107C60001B687A689A4204D17B681B680C4A1360CF
:107C70000DE03B68002B06D10A4B40F245120A4941
:107C80000A4800F0F1FF7B681A683B681A6079685F
:107C90000420F6F733FE00BF0837BD4680BD00BFA5
:107CA00060600024B0CC010878CD0108F8CC010850
:107CB00080B58CB000AFF860B9607A600023BB6219
:107CC00001233B62BB685B68FB61FB695B889BB21D
:107CD0001846F6F773F803467B83FB691B7803F0BD
:107CE0000F03DBB29B007B767B7E9BB27A8B9A4242
:107CF00002D24FF0FF3335E17B7E9BB27A8BD31AF1
:107D00007B83FB69DB889BB21846F6F757F803467E
:107D1000C3F30C039BB2DB00FB82BB685B68FB62B6
:107D2000FB6A00221A7000225A7000229A70002208
:107D3000DA70FB6AFA8A9A80FA8A7B8B13449AB2C9
:107D4000FB6ADA80FB6ADB889BB2FA8A9A4202D924
:107D50004FF0FF3306E1FB685B687B6268E07B6A9B
:107D60005B683B61FB6A9B889AB23B699B889BB2CC
:107D70009A4235D2FB6A7A6A1A60BB6A002B20D01D
:107D8000FB6A9B889AB2BB6ADB889BB29A4207D394
:107D9000FB6ADB889AB23B699B889BB29A4202D904
:107DA0004FF0FF33DEE0BB6ABA681A60BB6ADB885B
:107DB0009AB2FB6A9B889BB29A423DD000233B62F9
:107DC0003AE0FB6ADB889AB23B699B889BB29A4295
:107DD00002D94FF0FF33C5E0FB68BA685A602BE068
:107DE000FB6A9B889AB23B699B889BB29A4202D1FC
:107DF0004FF0FF33B6E0FB6A9B889AB23B69DB88A1
:107E00009BB29A4202D24FF0FF33ABE0BB6A002B29
:107E100009D0BB6ADB889AB23B699B889BB29A42C5
:107E200001D000233B623B691B687B623B69BB62FC
:107E30007B6A002B93D100E000BF7B6A002B2DD121
:107E4000BB6A002B1CD0BB6ADB889AB2FB6A9B889A
:107E50009BB29A4206D9454B4FF4DB7244494548E0
:107E600000F002FFBB6ABA681A60BB6ADB889AB28C
:107E7000FB6A9B889BB29A4210D000233B620DE0C4
:107E8000FB685B68002B06D0384B4FF4DF723A4931
:107E9000384800F0E9FEFB68BA685A607B68002B3E
:107EA00005D1FB689B7F03F00103002B59D03B6A8F
:107EB000002B4FD0FB685B68002B06D0FB685B682B
:107EC0005B689B889BB2002B02D000233B6241E0A1
:107ED000FB6ABB62FB6A1B687B6212E07B6A5B68C1
:107EE000FB62BB6ADB889AB2FB6A9B889BB29A42B0
:107EF00002D000233B6207E0FB6ABB62FB6A1B689F
:107F00007B627B6A002BE9D13B6A002B22D0FB68A5
:107F10005B68002B06D1154B40F2DF12174915485C
:107F200000F0A2FEFB685B685B68FA6A9A4206D1C1
:107F30000E4B4FF4F07211490E4800F095FEFB6AAB
:107F40001B68002B06D0094B4FF4F1720C4909480D
:107F500000F08AFE3B6A002B14BF01230023DBB232
:107F600000E0002318463037BD4680BDB0CC010884
:107F700094CD0108F8CC0108B4CD0108ECCD01087E
:107F8000FCCD010880B58EB000AF78607B685B687F
:107F9000BB62BB6A1B7803F00F03DBB29B00DBB252
:107FA000142B40F07181BB6ADB889BB21846F5F751
:107FB00005FF0346C3F30C039BB2DB00FB84BB6AE3
:107FC0005B889BB21846F5F7F9FE0346BB84BB6A93
:107FD0001B7803F00F03DBB29B0087F8233097F880
:107FE00023309BB2BA8C9A42C0F0508197F823306C
:107FF0009BB2BA8CD31ABB847868F7F77DFB034633
:108000003B848C4B1B881A463B8C13440A2B10DD97
:108010003B8C1946B86AFFF781FD0346002B00F040
:108020003781844B1B881A463B8C13440A2B00F380
:108030002F81814B1B683B6315E03B6B5A69BB6A20
:10804000DB689A420CD13B6B9A69BB6A1B699A4206
:1080500006D13B6B9A89BB6A9B889BB29A4206D039
:108060003B6B1B683B633B6B002BE6D100E000BF22
:108070003B6B002B09D13B8C1946B86AFFF7B0FD6A
:1080800038633B6B002B1CD105E1BB6ADB889BB2DC
:108090001846F5F793FE0346C3F30C03002B10D1EB
:1080A0003B6BDB891846F5F789FE0346C3F30C03E7
:1080B000002B06D03B6B08331422B96A184600F037
:1080C00008FFBB6ADB889BB203F02003002B0CBFC8
:1080D00001230023DBB2FB61FB69002B0ED0FA8C7D
:1080E000BB8C13447B837A8BFB8C9A42C0F0A080BC
:1080F0007B8B4FF6EB72934200F29A80FA697968B3
:10810000386BFFF7D5FD78617B69B3F1FF3F00F075
:108110009B80484B1A883B8C13449AB2454B1A807B
:10812000FB69002B0DD0FA8CBB8C13447B823B6B1C
:108130007A8A9A833B6B9B7F43F00103DAB23B6BF5
:108140009A777B69012B71D13B6B9B8B14333B82FC
:108150003B6B5B685B681B687B633B6B5B685B6866
:10816000BB623B6B083314221946B86A00F0B1FEBB
:108170003B8A1846F5F722FE03461A46BB6A5A8028
:10818000BB6A00229A710022DA71BB6A00229A72DD
:108190000022DA723B6B5B687B600DE07B6B5B6897
:1081A000FB601421786BF7F799F9796B7868F7F72A
:1081B000DDFAFB681B687B637B6B002BEED11E4BEB
:1081C0001B683A6B9A4202D10023FB6210E01A4B03
:1081D0001B68FB6207E0FB6A1B683A6B9A4206D099
:1081E000FB6A1B68FB62FB6A002BF4D100E000BF56
:1081F000F96A386BFFF72EFD7868F7F77DFA0346CA
:108200003B840C4B1B883A8C9A4206D90B4B40F2AC
:108210009B220B490B4800F027FD064B1A883B8C2C
:10822000D31A9AB2034B1A807B6838E0002336E0F9
:1082300000BF0AE06460002460600024B0CC010844
:1082400020CE0108F8CC010800BF3B6B002B06D103
:10825000154B4FF42A721549154800F005FD3B6B8C
:108260005B68002B16D1134B1B683A6B9A4206D001
:108270000D4B40F2AB2210490D4800F0F5FC0021F7
:10828000386BFFF7E7FC06E000BF04E000BF02E048
:1082900000BF00E000BF7868F7F7A6F90023184692
:1082A0003837BD4680BD00BFB0CC01083CCE0108C8
:1082B000F8CC01086060002448CE010880B500AF0A
:1082C0000520F6F7ABFA0346184680BD80B582B0AC
:1082D00000AF78607B68002B06D1074B4FF43172FA
:1082E0000649074800F0C0FC79680520F6F706FB50
:1082F00000BF0837BD4680BDB0CC010868CE01087C
:10830000F8CC010880B584B000AF78607B68FB6072
:10831000FB68002B06D1114B40F2CE2210491148C8
:1083200000F0A2FCFA687B689A4206D00B4B40F240
:10833000CF220D490B4800F097FCFB685B69002BCE
:1083400004D0FB685B691846F7F74EF9F868FFF749
:10835000BDFF00BF1037BD4680BD00BFB0CC0108D7
:1083600074CE0108F8CC010880CE010880B594B025
:1083700002AFF860B9607A600023A7F84630BB68A6
:108380009B8C143B002B00DA0733DB107B87142314
:10839000FB87FB685B687B637B6B3B633B6B1B789A
:1083A00003F00F03DBB29B00DBB2142B02D06FF0A3
:1083B000050310E1FB685B89132B09D8884B4FF448
:1083C0003F728849884800F04FFC6FF0050302E1D6
:1083D0003B6BDB889BB21846F5F7F0FC0346BB8786
:1083E000BB8FC3F30C03A7F84030BB8F03F40053DB
:1083F000FB62FB681B89143BA7F84230E1E07B8FEE
:10840000DB009BB2B7F84220934228BF13467B851E
:108410004FF4207214210E20F6F702FE78627B6A78
:10842000002B00F0D5807B6A5B89132B06D86C4B40
:108430004FF449726D496C4800F016FC7B6A5B682A
:108440001422796B184600F044FD7B6A5B683B633D
:108450007B8DA7F8443064E0FB685A89FB8FD31A00
:10846000FB83FB685B89FA8F9A4206D95C4B40F22A
:108470002D325F495C4800F0F7FBFA8BB7F84430C7
:10848000934228BF1346A7F84630B7F84630002B72
:1084900005D10023FB87FB681B68FB6041E0FFF709
:1084A0000DFFB861BB69002B03D1786AF7F79CF820
:1084B0008FE0B869FB685A68FB8F1344B7F8461021
:1084C000B7F8462001920093034641220020F6F7B8
:1084D000D1FE78617B69002B06D1B869FFF7F6FE03
:1084E000786AF7F781F874E0F868F7F71DF9BB6967
:1084F000FA685A61BB693F4A1A617969786AF7F785
:1085000035F9B7F84420B7F84630D31AA7F8443005
:10851000B7F84430002B04D00023FB87FB681B68AE
:10852000FB60B7F84430002B96D1FA8FB7F846308D
:108530001344FB87BB689B8CA3F11302B7F842304E
:108540009A42CCBF01230023DBB23B62B7F8403034
:10855000C3F30C03BB873B6A002B02D0FB6A002BE2
:1085600003D0BB8F43F40053BB87BB8F1846F5F78E
:1085700025FC03461A463B6BDA807B8D14339BB295
:108580001846F5F71BFC03461A463B6B5A803B6BBB
:1085900000229A720022DA72BB685B697A68796A93
:1085A000B8689847786AF7F71FF8B7F842207B8DCC
:1085B000D31AA7F84230B7F840207B8F1344A7F8AE
:1085C0004030B7F84230002B7FF419AF002302E0AF
:1085D00000BF4FF0FF3318464837BD4680BD00BF8F
:1085E000B0CC01088CCE0108F8CC0108A8CE010857
:1085F000C8CE01080583010880B586B000AF786059
:1086000039600E23FB827B685B890E2B6ED97B68F9
:10861000DB7B002B06D13B6893F830300133DAB2B4
:108620007B68DA737B685B683B613B691A7B5B7BC9
:108630001B021343FB813B691B7803F00103002BF2
:1086400023D03B691B78012B0FD13B695B78002B52
:108650001BD13B699B785E2B17D17B685B7B43F01A
:108660001003DAB27B685A730FE03B69062228498F
:10867000184600F04EFB0346002B06D17B685B7B5F
:1086800043F00803DAB27B685A73FB89082B03D0E6
:10869000B3F5C16F14D032E03B6893F82D3003F08E
:1086A0000803002B24D0FB8A19467868F6F716FFDA
:1086B0000346002B1ED139687868FEF721FF13E0CE
:1086C0003B6893F82D3003F00803002B14D0FB8A8D
:1086D00019467868F6F702FF0346002B0ED1396879
:1086E0007868FEF79BF800BF00230CE000BF06E0AF
:1086F00000BF04E000BF02E000BF00E000BF7868F8
:10870000F6F772FF002318461837BD4680BD00BF3C
:1087100084D0010880B586B000AFF860B9607A6097
:108720003B603B8C1846F5F749FB0346FB820E2164
:10873000B868F6F7C3FE0346002B25D1BB685B681B
:108740003B613B69FA8A9A813B690622396818467F
:1087500000F0BFFB3B69063306227968184600F03B
:10876000B8FBFB6893F82C30062B06D00A4B4FF46D
:1087700099720A490A4800F077FAFB689B69B96860
:10878000F8689847034602E000BF6FF001031846FF
:108790001837BD4680BD00BFD8CE010810CF0108F4
:1087A00044CF01080A22002100F092B9024B0A4688
:1087B0000146186800F002B86000002470B5A1FB03
:1087C00002543CB9294600F03FF8064628B9002675
:1087D000304670BD0C220260F9E72A46214600F0BF
:1087E000A8FAF5E7024B0146186800F02DB800BF63
:1087F00060000024024B0146186800F097BB00BFE0
:108800006000002470B50F4E0C463168054611B962
:1088100000F008FB30602146284600F003FB431CB3
:1088200003D14FF0FF34204670BDC41C24F0030474
:10883000A042F8D0211A284600F0F4FA0130F2D113
:10884000EFE700BF686000242DE9F843CD1C25F058
:10885000030508350C2D38BF0C25002D064601DB1D
:10886000A94204D90C2333600020BDE8F883DFF867
:10887000D48000F069F8D8F800301C4644BB294683
:108880003046FFF7BFFF431C044658D1D8F80040DC
:108890002746002F43D1002C4BD023683946304661
:1088A00004EB030900F0BEFA814542D121686D1A3C
:1088B00029463046FFF7A6FF01303AD023682B4403
:1088C0002360D8F800305A6862BBC8F800700FE027
:1088D0002268521B20D40B2A17D96119A3422560A4
:1088E00018BF5960636808BFC8F8001062514B6038
:1088F000304600F02FF804F10B00231D20F0070094
:10890000C21A1CBF1B1AA350AFE76268A3420CBF78
:10891000C8F800205A60EBE723466468AEE73C469F
:108920007F68B6E71A465B68A342FBD10023536019
:10893000DEE70C233360304600F00CF894E7056066
:10894000D6E700BF6C600024014800F0B8BA00BF51
:10895000B0610024014800F0B3BA00BFB061002448
:10896000164B10B51C68236BB3B91820FFF73AFFFC
:108970000246206320B9124B1248522100F0B8FA87
:108980001149124BC0E90013114B83600B23838103
:1089900000210120C2E90401216B0E480B694C69DA
:1089A0000D4A584302FB0400A3FB0232013340EBA3
:1089B0000200C1E9043020F0004010BD6000002436
:1089C00092D00108A9D001080E33CDAB34126DE668
:1089D000ECDE05002DF451582D7F954C242B2DE90C
:1089E000F0478646904601D8012B06D100F03CFAAC
:1089F000162303600020BDE8F08734480D462A4660
:108A000015F8014B065D16F00806F8D12D2C2DD176
:108A10002C780126951C33F0100209D1302C2AD174
:108A20002A7802F0DF02582A25D16C78102302350B
:108A300006F1004C0CF1FF3C0022BCFBF3F91046A0
:108A400003FB19CAA4F13007092F1BD83C46A342E7
:108A500027DD571C07D0814520D301D1A2451DDB5E
:108A600000FB0340012215F8014BEBE72B2C04BF60
:108A70002C78951CCFE7002BDAD1302C0CBF0823C3
:108A80000A23D5E7A4F14107192F01D8373CDEE7C7
:108A9000A4F16107192F04D8573CD8E74FF0FF32F3
:108AA000E1E7531C08D12223CEF800306046B8F12C
:108AB000000FA0D0691E06E006B14042B8F1000FD9
:108AC00099D0002AF6D1C8F8001094E702D1010825
:108AD00013460A46014602480068FFF77FBF00BF01
:108AE00060000024002310B50446C0E90033C0E94B
:108AF0000433836081814366C28183611946082201
:108B00005C3000F016F90D4B63620D4BA3620D4B08
:108B1000E3620D4B23630D4B24629C4206D003F1AC
:108B20006802944202D0D0339C4205D104F158002F
:108B3000BDE8104000F0C2B910BD00BF8D8C010827
:108B4000AF8C0108E78C01080B8D010870600024D0
:108B5000024A0349034800F069B800BF54000024EA
:108B6000699601086400002441680C4B994210B5D5
:108B7000044601D000F078FDA168094B994202D06B
:108B8000204600F071FDE168064B994204D0204672
:108B9000BDE8104000F068BD10BD00BF706000244B
:108BA000D86000244061002410B50B4B0B4C0C4ADC
:108BB0001A60204600220421FFF794FF04F16800A8
:108BC00001220921FFF78EFF04F1D0000222BDE847
:108BD00010401221FFF786BFA861002470600024B6
:108BE000518B0108014800F06AB900BFB16100244F
:108BF000014800F065B900BFB161002410B504461A
:108C0000FFF7F0FF236A1BB1BDE81040FFF7F0BF8C
:108C1000044B2362044B1B68002BF5D1FFF7C4FF04
:108C2000F2E700BF698B0108A86100242DE9F84331
:108C30000746884614460026D4E90195B9F1010992
:108C400005D52468002CF7D13046BDE8F883AB8900
:108C5000012B07D9B5F90E30013303D02946384628
:108C6000C04706436835E9E70FB407B5064904ABCA
:108C7000086853F8042B8168019300F0CBF903B026
:108C80005DF804EB04B070476000002410B50C469A
:108C9000B1F90E1000F0B4F80028ABBF636DA389E2
:108CA0001B1823F48053ACBF6365A38110BD2DE96D
:108CB000F0411F468B89DB0505460C46164605D557
:108CC000B1F90E100223002200F088F8A389B4F94C
:108CD0000E1023F48053A38132463B462846BDE85C
:108CE000F04100F0AFB810B50C46B1F90E1000F02D
:108CF00075F8431CA38915BF606523F4805343F4C2
:108D00008053A38118BFA38110BDB1F90E1000F0EC
:108D100055B810B501390244904201D1002005E058
:108D2000037811F8014FA34201D0181B10BD013088
:108D3000F2E702440346934200D1704703F8011B57
:108D4000F9E7000030B50B4D044614F8013BEA5C2E
:108D500002F00302012A11F8012BA85C00F00300C5
:108D600008BF2033012808BF2032981A01D1002AF9
:108D7000EBD130BD02D1010810B50246147813467C
:108D80000132002CFAD1013B11F8012B03F8012F1D
:108D9000002AF9D110BD10B50139034632B111F8DE
:108DA000014F03F8014B013A002CF7D11A4400217E
:108DB000934200D110BD03F8011BF9E738B5064D09
:108DC0000023044608462B60ECF734F8431C02D11C
:108DD0002B6803B1236038BDAC61002438B5074D62
:108DE00004460846114600222A601A46ECF749F864
:108DF000431C02D12B6803B1236038BDAC61002451
:108E000038B5074D04460846114600222A601A4626
:108E1000EBF7D7FF431C02D12B6803B1236038BDA9
:108E2000AC61002438B5064D0023044608462B608B
:108E3000ECF734F8431C02D12B6803B1236038BD32
:108E4000AC61002438B5074D04460846114600229F
:108E50002A601A46EBF7D2FF431C02D12B6803B1FC
:108E6000236038BDAC610024014B1868704700BF17
:108E70006000002470B50D4D0D4C641BA41000263D
:108E8000A64209D10B4D0C4C01F06AFA641BA410E8
:108E90000026A64205D170BD55F8043B984701361F
:108EA000EEE755F8043B98470136F2E7C8F30108AE
:108EB000C8F30108C8F30108CCF3010870477047F4
:108EC0007047034611F8012B03F8012B002AF9D152
:108ED00070470A44914200F1FF3300D1704710B54A
:108EE00011F8014B03F8014F9142F9D110BD000078
:108EF0001FB514461A46094B1B680546D86854B975
:108F0000074B1C46CDE9013400912B46054900F082
:108F1000D3FB00F077FC044BF4E700BF60000024B3
:108F20003DD201080FD2010802D2010838B505462A
:108F3000002941D051F8043C0C1F002BB8BFE418A5
:108F4000FFF702FD1D4A136833B9636014602846B9
:108F5000BDE83840FFF7FEBCA34208D920682118BD
:108F60008B4201BF19685B6809182160EDE71A465A
:108F70005B680BB1A342FAD911685018A0420BD11B
:108F800020680144501883421160E0D118685B6882
:108F9000536008441060DAE702D90C232B60D6E74F
:108FA000206821188B4204BF19685B68636004BFA6
:108FB000091821605460CAE738BD00BF6C60002406
:108FC0009368013B002B10B4936008DA9469A342C4
:108FD00001DB0A2903D15DF8044B00F07FBB136865
:108FE000581C1060197008465DF8044B7047F8B5BE
:108FF00006460F461446D518AC4201D1002007E0C2
:1090000014F8011B3A463046FFF7DAFF431CF3D150
:10901000F8BD00002DE9F04F0D469DB0144698466E
:10902000064618B1036A0BB9FFF7E8FD6B6ED90766
:1090300005D4AB899A0502D4A86DFFF740FFAB8930
:109040001B0701D52B699BB92946304600F084FBEC
:1090500070B16B6EDC0704D54FF0FF301DB0BDE87A
:10906000F08FAB899805F7D4A86DFFF729FFF3E7D8
:109070000023099320238DF82930CDF80C8030236C
:10908000DFF8AC818DF82A304FF0010923469A466B
:1090900013F8012B0AB1252AF9D1BAEB040B0BD036
:1090A0005B46224629463046FFF7A1FF013000F01B
:1090B000A780099A5A4409929AF80030002B00F0D0
:1090C0009F8000234FF0FF32CDE905230AF1010A0A
:1090D000049307938DF853301A935446052214F8DD
:1090E000011B5348E7F714F9049AD8B9D10644BFD5
:1090F00020238DF85330130744BF2B238DF85330B2
:109100009AF800302A2B15D0079A544600204FF0C9
:109110000A0C214611F8013B303B092B4BD9B0B169
:10912000079214E0A0EB080309FA03F31343049336
:10913000A246D2E7039B191D1B680391002BBBBFFE
:109140005B4242F0020207930793B8BF0492237870
:109150002E2B0AD163782A2B32D1039B1A1D1B6850
:10916000039243EAE37302340593DFF8D4A0217835
:1091700003225046E7F7CCF838B1049BA0EB0A0075
:109180004022824013430134049314F8011B294800
:109190008DF828100622E7F7BBF800283FD0264BB1
:1091A0001BBB039B073323F0070308330393099B7F
:1091B0003B4409936AE70CFB02320C460120A8E706
:1091C00000230134059319464FF00A0C204610F88D
:1091D000012B303A092A03D9002BC6D00591C4E7E8
:1091E0000CFB012104460123F0E703AB00932A4660
:1091F000124B04A93046AFF300800746781CD6D145
:109200006B6ED90705D4AB899A0502D4A86DFFF718
:1092100057FEAB895B063FF51FAF09981EE703AB0E
:1092200000932A46054B04A9304600F079F8E4E79C
:109230003ED2010848D2010800000000EF8F01086B
:1092400044D201082DE9F047164698468A680B6912
:10925000DDF820909342B8BF1346336091F8432065
:1092600007460C460AB1013333602368990642BFB2
:10927000336802333360256815F0060506D104F122
:10928000190AE36832689B1AAB4226DC94F8433033
:109290002268003B18BF012392062BD404F143023D
:1092A00041463846C84701301ED02368226903F082
:1092B0000603042B02BFE5683368ED1AA3680CBFF0
:1092C00025EAE57500259342C4BF9B1AED180026D8
:1092D0001A34B5421AD1002008E001235246414613
:1092E0003846C847013003D14FF0FF30BDE8F08762
:1092F0000135C6E7E1185A1C302081F843002244AA
:1093000094F8451082F843100233C7E70123224640
:1093100041463846C8470130E6D00136D9E700005B
:109320002DE9FF470F7E0C9E782F914680460C4614
:109330009A4601F1430207D8622F0AD8002F00F0A5
:10934000D280582F00F0B98004F1420684F84270B0
:109350003AE0A7F16303152BF6D801A151F823F0E9
:10936000B9930108CD930108499301084993010875
:109370004993010849930108CD93010849930108D5
:10938000499301084993010849930108CD940108C4
:10939000F79301088794010849930108499301084C
:1093A000EF94010849930108F793010849930108D4
:1093B000499301088F94010833681A1D1B683260B5
:1093C00004F1420684F8423001239DE033682068AE
:1093D000191D3160060601D51D6803E04506FBD561
:1093E000B3F90050002D03DA2D236D4284F8433089
:1093F00059480A2311E021683368080653F8045BD2
:1094000002D4490648BFADB26F2F5348336014BF32
:109410000A230823002184F843106668A660002E02
:10942000A2BF216821F0040121600DB9002E4BD0AC
:109430001646B5FBF3F103FB1157C75D06F8017D36
:109440002F46BB420D46F4D9082B0BD12368DF070A
:1094500008D5236961689942DEBF302306F8013CD4
:1094600006F1FF36921B2261CDF800A04B4603AAFD
:1094700021464046FFF7E6FE01304AD14FF0FF306B
:1094800004B0BDE8F087236843F02003236033482D
:10949000782784F84570236831681F0651F8045B0B
:1094A00002D45F0648BFADB23160D90744BF43F074
:1094B000200323601DB11023ACE72748E9E72368A8
:1094C00023F020032360F6E71646BDE733682568DE
:1094D0006169181D30602E061B6801D5196002E015
:1094E0006806FBD51980002323611646BCE7336864
:1094F0001A1D32601E68626800213046E6F708FFD8
:1095000008B1801B606063682361002384F84330E6
:10951000AAE72369324649464046D0470130ADD0DC
:1095200023689B0713D4E068039B9842B8BF184692
:10953000A6E70123324649464046D04701309DD038
:109540000135E36803995B1AAB42F2DCEBE70025D7
:1095500004F11906F5E700BF4FD2010860D20108F7
:10956000B1F90C202DE9F041160705460C4654D4FC
:109570004B68002B02DC0B6C002B48DDE66A002EEA
:1095800045D0002312F480522F68216A2B6030D01E
:10959000626DA389590705D56368D21A636B0BB155
:1095A000236CD21A0023E66A216A2846B047431C7E
:1095B000A38906D129681D292BD82A4A0A41D60732
:1095C00027D400226260D9042269226004D5421C9B
:1095D00001D12B6803B96065616B2F60B9B104F1EB
:1095E0004403994202D02846FFF7A0FC002363639E
:1095F0000DE001232846B0470246501CC9D12B6814
:10960000002BC6D01D2B01D0162B1ED12F600020A1
:1096100022E043F040031BB21BE00F69002FF6D09D
:1096200093070E6808BF4B690F6018BF0023A6EBB5
:1096300007088B60B8F1000FE9DD216AA66A43468E
:109640003A462846B047002808DCB4F90C3043F00D
:109650004003A3814FF0FF30BDE8F0810744A8EB41
:109660000008E7E7FEFFBFDF38B50B6905460C468B
:1096700013B90025284638BD18B1036A0BB9FFF7A6
:10968000BDFAB4F90C30002BF3D0626ED00704D4CD
:10969000990502D4A06DFFF712FC28462146FFF77A
:1096A0005FFF636EDA070546E4D4A3899B05E1D426
:1096B000A06DFFF705FCDDE70EB403B5014603AB73
:1096C000054853F8042B00680193FFF7A3FC02B090
:1096D0005DF804EB03B0704760000024F8B50E4657
:1096E0001446054618B1036A0BB9FFF787FAA36958
:1096F000A360A3891A0701D5236943B921462846E7
:1097000000F02AF818B14FF0FF373846F8BD23684B
:109710002269981A6369F6B28342374605DC21460E
:109720002846FFF7A1FF0028EDD1A368013BA36005
:1097300023685A1C22601E706269431C9A4204D03E
:10974000A389DB07E1D50A2EDFD121462846FFF7A2
:109750008BFF0028D9D0D6E738B5294B05461868C5
:109760000C4618B1036A0BB9FFF748FAB4F90C308C
:10977000190722D4DA0607D409222A6043F04003ED
:10978000A3814FF0FF3033E0580712D5616B41B130
:1097900004F14403994202D02846FFF7C7FB002397
:1097A0006363A38923F02403A381002363602369F7
:1097B0002360A38943F00803A38123694BB9A389DC
:1097C00003F42073B3F5007F03D02146284600F050
:1097D00046F8B4F90C3013F001020AD00022A2605E
:1097E00062695242A261226942B913F08000C5D178
:1097F00038BD990758BF6269A260F4E70020F7E717
:109800006000002408B5062000F08EF80120EBF778
:10981000CDFA70B50C46B1F90E10002996B0154678
:109820001E460DDAA38913F0800F4FF0000114BF1C
:1098300040234FF48063002031602B6016B070BD70
:109840006A4600F079F80028ECDB019901F47041D8
:10985000A1F50053594259414FF48063EBE78B89DE
:10986000F7B59D0706460C4607D504F1470323606C
:1098700023610123636103B0F0BD01AB6A46FFF7CA
:10988000C8FF009F054639463046FEF7DDFF48B960
:10989000B4F90C309A05EED423F0030343F002032D
:1098A000A381E2E7A389206043F08003A381019BA9
:1098B000C4E904075BB1B4F90E10304600F04EF86D
:1098C00028B1A38923F0030343F00103A381A389F3
:1098D0001D43A581CFE71F2938B505460C4604D99D
:1098E000162303604FF0FF3038BDC26B12B152F83F
:1098F00021304BB9284600F053F82246014628464D
:10990000BDE8384000F03AB8012B0AD0591C03D109
:10991000162303600120E7E7002142F824102046C7
:1099200098470020E0E70000024B01461868FFF767
:10993000D2BF00BF6000002438B5074D00230446A5
:10994000084611462B60EBF781FA431C02D12B68C5
:1099500003B1236038BD00BFAC61002438B5064DAB
:109960000023044608462B60EBF780FA431C02D123
:109970002B6803B1236038BDAC61002438B5074DB6
:1099800000230446084611462B60EBF7FDF9431C03
:1099900002D12B6803B1236038BD00BFAC61002445
:1099A000EBF7EAB90000000008B52DED028BB0EE30
:1099B000408B00F0FDFAB4EE488BF1EE10FA0FD6B2
:1099C000B5EEC08BF1EE10FA0AD8B5EE408BF1EE91
:1099D00010FA08D1FFF748FA9FED090B2223036024
:1099E000BDEC028B08BDFFF73FFABDEC028B2123D3
:1099F0000360BDE80840044800F00AB8AFF30080F7
:109A0000000000000000F0FF3DD20108000000004F
:109A10009FED010B704700BF000000000000F87FC1
:109A2000C1F30A5240F2FE339A4270B52ADD40F289
:109A300033439A4224DC9B1AA3F120064FF0FF32F5
:109A400002FA03F402FA06F6C3F1200522FA05F53C
:109A500034432C439A4020EA020221EA04042243C0
:109A6000A3F12004C3F120020CD1D84001FA02F383
:109A70001843E140084300F00100D0F1020070BD3E
:109A80000220FCE70020FAE72DE9F04F10EE904AA3
:109A90002DED0A8B4FEA145811EE90AA08F1FF320F
:109AA00040F2FD739A4210EE105A11EE100A87B080
:109AB000C4464FEA1A5606D8C6F30A03A3F2BE33C9
:109AC0007F2B40F2578102184AEB0A016FF0010B1D
:109AD000571E41F1FF336FF4001EBB457EEB0303BD
:109AE00042D252EA01034FF000030CD16D1984F405
:109AF00000246441AB42A3F58013A341C0F08F80E2
:109B0000B7EE000B2BE0D44EB44208BF9D4209D102
:109B100000188AF4002A4AEB0A0A8342CF4B73EBFF
:109B20000A03EBE76D19CE486441AB4270EB0406C3
:109B300075D3814208BF9A4271D1CA4A944208BF84
:109B40009D42DDD094426FEA0A0A34BF002401240A
:109B50004FEADA7A544540F0DC8121EE010B07B080
:109B6000BDEC0A8BBDE8F08F6F1944EB04097A1E37
:109B700069F1000393457EEB030325D220EE000B31
:109B8000002C13DA5146FFF74BFF01280ED1B1EE3E
:109B9000400B57EA09090BD1BAF1000FDFDA07B021
:109BA000BDEC0A8BBDE8F04F00F0A2BA0020F0E750
:109BB000BAF1000FD3DAB7EE006B86EE007B8DEDC5
:109BC000007B9DED000BCAE7002C2BDA5146FFF716
:109BD00027FF30B907B0BDEC0A8BBDE8F04F00F0AD
:109BE0009FBA411E48424841800424F00044C8F313
:109BF0000A0CC6F30A02A2F2BE337F2B2DD9964B74
:109C000000209C4208BF85423FF47AAF40F2BD314C
:109C10008A420CD8B7EE000BA842A34104D231EE21
:109C2000000B9CE70020E4E730EE410B97E7012DA5
:109C300074EB030340F2FF7234BF0123002396420A
:109C40008CBF00260126B34200F09C8007B0BDEC1B
:109C50000A8BBDE8F04F00F043BABCF1000F0AD107
:109C60009FED797B20EE077B53EC172B23F000440C
:109C70001546A4F150747C4ABFEE006B22441315C4
:109C8000C2F3463103EE103A120D784B120503EB86
:109C90004116A71A03EB411292ED125B96ED187B69
:109CA0002E1E47EC146B92ED162BA4EE056B93ED74
:109CB000005BB8EEC33BA3EE052B93ED025B36EEE3
:109CC000024B32EE442BA3EE057B93ED045B32EEA8
:109CD000062B37EE027B26EE055B26EE050B34EEF7
:109CE000008BB0EE409B34EE484B96EE059B34EE75
:109CF00000AB93ED065B26EE00BB37EE097B93EDE0
:109D0000084B37EE0A7B93ED0C3BA6EE045B93ED1C
:109D10000A4B93ED10CBA6EE034B93ED0E3BA6EE54
:109D20000C3BA0EE034BA0EE045BABEE057B38EEE4
:109D3000074B21EE046B16EE903AB0EE465BC3F390
:109D40000A566FF47272B2183E2A91EE045B38EE36
:109D5000448B38EE078BA1EE085B1BD9002A0BDA87
:109D6000B7EE000B36EE000B00283FF4F8AEB1EE74
:109D7000400BF4E600207EE7B6F5816F09D9002B91
:109D8000BFF664AF07B0BDEC0A8BBDE8F04F00F042
:109D90009FB90026364991ED024B91ED003BB0EEA4
:109DA000447BA6EE037B17EE105A37EE447B91ED11
:109DB000044B05F07F03A7EE046B91ED064BDC1816
:109DC00004F10F0301EBC404A7EE046B91ED0A3B11
:109DD00035EE065B25EE056B94ED1C7B91ED084B93
:109DE00035EE077B01EBC302A5EE034B91ED0E3B75
:109DF000A6EE047B26EE066B91ED0C4B51F833C0BA
:109E0000D2F804E0A5EE034B4019002717EB0C0233
:109E10000EEB4033A6EE047B002E75D1BD4229DB4C
:109E200003F1404101F57001104641EC100BA7EE23
:109E3000000B9FED077B20EE070B07B0BDEC0A8BF4
:109E4000BDE8F04F00F084B900000000000030438E
:109E5000000000000000007F0000F03F0000F0FF65
:109E60000000E0FF0000E07FAB6A19C078D2010873
:109E7000C0E2010803F17F5101F50011104641ECE9
:109E8000150BB7EE003B27EE056B35EE067BB0EE0B
:109E9000C74BB4EEC34BF1EE10FA9FED1F0B2AD562
:109EA000B5EEC07B35EE475BF1EE10FA35EE065BA2
:109EB000BFEE004B58BFB0EE434B37EE043B34EEE1
:109EC000436B36EE076B36EE056B36EE036B36EE04
:109ED000447BB5EE407BF1EE10FA04D1324601F03E
:109EE000004343EC172B8DED020B9DED026B26EE2C
:109EF000006B8DED046B27EE000B07B0BDEC0A8BF9
:109F0000BDE8F04F00F01BB943EC102BA7EE000B9F
:109F100025E69FED030B22E6000000000000100084
:109F2000000000000000000010EE903AC3F30A5158
:109F3000A1F2FF32132A10B510EE104A1DDC002AE0
:109F40000DDA03F00043013204BF43F07F5343F4C2
:109F5000401300221946104641EC100B14E0134840
:109F6000104100EA030121430ED04FF4002141FAD1
:109F700002F2134423EA0003EBE7332A05DDB2F5CE
:109F8000806F01D130EE000B10BDA1F213414FF0F4
:109F9000FF30C8402042F7D0C2F1330101228A408D
:109FA000121928BF013322EA0002D3E7FFFF0F0096
:109FB00010B510EE903AB3F5801F2DED028B21DA2B
:109FC00010EE101A23F000420A4308D19FED226BD5
:109FD0009FED237B86EE070BBDEC028B10BD002BA3
:109FE00002DA30EE406BF3E79FED1F7B20EE070BAC
:109FF00010EE903A6FF0350223498B4204DD30EECB
:10A00000000BE9E70022F7E71815A0F2FF30104433
:10A01000C3F3130140F2FF3400EBD07308EE103AA3
:10A02000A4EBD07053EC102B41EA005343EC102BFF
:10A0300000F0A2F89FED0E7B20EE070B9FED0E7B4C
:10A04000B8EEC88BA8EE070B9FED0D7BA8EE070BB3
:10A05000C2E700BFAFF3008000000000000050C363
:10A06000000000000000000000000000000050435D
:10A070000EE526157BCBDB3F362BF111F3FE593D68
:10A0800000609F501344D33FFFFFEF7F10B52DEDCD
:10A09000028BB0EE408B0446FEF7E6FEB0EE480BB6
:10A0A000BDEC028B046010BD82B058B1B1EE407BB4
:10A0B0008DED007B9DED007B222020EE070B02B092
:10A0C000FFF7E4BFB0EE407BF2E7000000000000C5
:10A0D0009FED010BFFF7E8BF00000000000000103B
:10A0E0009FED010BFFF7E0BF0000000000000070D3
:10A0F00082B00028BFEE006BB7EE007B07FE067B48
:10A100008DED007B9DED000B9FED037B222080EE0B
:10A11000070B02B0FFF7BABF00000000000000000C
:10A12000B0EE407BB4EE477BF1EE10FA30EE406BC0
:10A1300086EE060B02D62120FFF7A8BF7047B5EECA
:10A14000400BF1EE10FA02D12220FFF79FBF7047BB
:10A150009FED076BB0EEC07BB4EE467BF1EE10FADC
:10A1600002DD2220FFF792BF704700BFAFF30080EF
:10A17000FFFFFFFFFFFFEF7FF0B410EE900A10EE3D
:10A18000103A4FF0FF349C4200F14041704C01F511
:10A1900090118C412DED028B4FEA10425AD36D4A3B
:10A1A000904208BF002B00F0C480B7EE007B30EE79
:10A1B000470B694B20EE002B93ED126B20EE024B08
:10A1C00093ED107BA6EE007B93ED146B93ED185B83
:10A1D000A6EE027B93ED166BA5EE006B93ED1A5B7A
:10A1E00093ED1E3BA5EE026B93ED1C5BA3EE005BB3
:10A1F00093ED203BA3EE025B93ED223BA3EE045BC9
:10A20000A5EE046B93ED0E5BA6EE047BB0EE472B40
:10A210009FED497BB0EE406BB0EE403BA0EE076B8C
:10A22000A0EE476B30EE468B26EE061BA1EE053BFB
:10A2300030EE437B30EE060BA1EE057B25EE085B8E
:10A24000A5EE007BA2EE047B33EE070BBDEC028B88
:10A25000F0BC7047A2F1100447F6DF718C4223D99D
:10A26000D91840EB0004214305D1BDEC028B01203D
:10A27000F0BCFFF73DBF3949884208BF002BE5D04D
:10A28000130403D447F6F073934304D1BDEC028B5F
:10A29000F0BCFFF745BF9FED2A7B20EE077B53EC18
:10A2A000172BA3F15070134600F140422A49BFEE2C
:10A2B000005B02F5D012C2F34634150D01EB041C0D
:10A2C0002D059CED247B1E1E471B47EC166B1215BB
:10A2D000A7EE065B07EE902A25EE052BB8EEE76B9E
:10A2E00091ED004B25EE021B9CED267BA4EE067B38
:10A2F00035EE074B37EE440B91ED027B30EE050B4C
:10A30000A7EE060B91ED047B91ED086BA7EE020B17
:10A3100091ED067B91ED0C3BA6EE057B91ED0A6B72
:10A32000A3EE056BA6EE027BA1EE070B30EE040B4D
:10A330008CE79FED050B89E7000000000000A041BD
:10A34000000000000000304300000000000000009A
:10A35000FF0803000000F03F30EB01080000F07F31
:10A36000F8B500BFF8BC08BC9E467047F8B500BF02
:08A37000F8BC08BC9E467047D2
:10A3780000000000706172616D65746572730000A1
:10A388005645520076616C756500000044414300F3
:10A3980064616300434F4E4600000000636F6E66C1
:10A3A80000000000504944007069640052490000F0
:10A3B800440000004449520055445400434E56534B
:10A3C8000000000056544F41000000004F4E545406
:10A3D8004C00000044495254544C00004954524126
:10A3E80000000000445354004D4F44450000000055
:10A3F80045524D41580000004143435F45525200C9
:10A40800474F46460000000043555200444355520A
:10A41800000000005647000043414C49420000003C
:10A428004C454D006164630053455400494D415803
:10A438000000000053415645000000004C4F4144C5
:10A448000000000056455252454144004754000060
:10A4580073677400435043414C0000004D410000B5
:10A468004F4646530000000053434C004348310018
:10A478006461636368616E6E656C000052415700E9
:10A48800564F4C54000000004350000049000000A3
:10A49800534C50004953000043544100696478000C
:10A4A80076000000736176650000000073666C61D9
:10A4B800736800006164617074000000616C70680A
:10A4C800610000006572726D617800006476676DE6
:10A4D8006178000056414C00646F75626C6500003D
:10A4E8004D494E004D4158005441424F4E00000026
:10A4F80069736F6E000000004D4553006D657374FD
:10A508006162000053495A4500000000696E7400FA
:10A51800434F554E54000000504F53003B0000007D
:10A528000A000000D00000247CA3010830000000CD
:10A538000A0000002E2E2F436F72652F5372632F6F
:10A548007463705365727665725241572E630000CA
:10A5580061726720213D204E554C4C004173736554
:10A568007274696F6E2022257322206661696C659A
:10A5780064206174206C696E6520256420696E20F2
:10A5880025730A002E2E2F4C5749502F546172679D
:10A5980065742F65746865726E657469662E6300EC
:10A5A8006E6574696620213D204E554C4C000000B4
:10A5B800417373657274696F6E2022257322206659
:10A5C80061696C6564206174206C696E652025641E
:10A5D80020696E2025730A002E2E2F4D6964646C45
:10A5E8006577617265732F54686972645F50617230
:10A5F80074792F4C7749502F7372632F636F72658C
:10A608002F6D656D2E630000706C75675F686F6CE9
:10A6180065733A206D656D203E3D2072616D0000C6
:10A62800417373657274696F6E20222573222066E8
:10A6380061696C6564206174206C696E65202564AD
:10A6480020696E2025730A00706C75675F686F6CEF
:10A6580065733A206D656D203C2072616D5F656E93
:10A6680064000000706C75675F686F6C65733A20F2
:10A678006D656D2D3E75736564203D3D203000008D
:10A68800706C75675F686F6C65733A206D656D2DCA
:10A698003E6E657874203C3D204D454D5F53495AC8
:10A6A800455F414C49474E45440000006D656D5F6C
:10A6B800667265653A2073616E69747920636865AE
:10A6C800636B20616C69676E6D656E7400000000D5
:10A6D8006D656D5F667265653A20696C6C6567616A
:10A6E8006C206D656D6F7279000000006D656D5F9F
:10A6F800667265653A20696C6C6567616C206D658A
:10A708006D6F72793A20646F75626C652066726548
:10A71800650000006D656D5F667265653A20696C5D
:10A728006C6567616C206D656D6F72793A206E6F2C
:10A738006E2D6C696E6B65643A20646F75626C652A
:10A7480020667265650000006D656D5F7472696DE5
:10A758003A206C6567616C206D656D6F72790000D9
:10A768006D656D5F7472696D2063616E206F6E6CCC
:10A778007920736872696E6B206D656D6F727900F0
:10A78800696E76616C6964206E6578742070747285
:10A79800000000006D656D5F6D616C6C6F633A2041
:10A7A800216C667265652D3E757365640000000056
:10A7B8006D656D5F6D616C6C6F633A20616C6C6F79
:10A7C8006361746564206D656D6F7279206E6F7456
:10A7D8002061626F76652072616D5F656E642E0020
:10A7E8006D656D5F6D616C6C6F633A20616C6C6F49
:10A7F8006361746564206D656D6F72792070726F26
:10A808007065726C7920616C69676E65642E0000F2
:10A818006D656D5F6D616C6C6F633A2073616E6915
:10A82800747920636865636B20616C69676E6D6518
:10A838006E7400002E2E2F4D6964646C657761720A
:10A8480065732F54686972645F50617274792F4C14
:10A858007749502F7372632F636F72652F6D656D23
:10A86800702E63006D656D705F6D616C6C6F633A1F
:10A87800206D656D702070726F7065726C792061E3
:10A888006C69676E65640000417373657274696F03
:10A898006E2022257322206661696C6564206174CC
:10A8A800206C696E6520256420696E2025730A0076
:10A8B800696E76616C696420706F6F6C2064657373
:10A8C800630000006D656D705F6D616C6C6F633A5D
:10A8D8002074797065203C204D454D505F4D41589E
:10A8E800000000006D656D705F667265653A206DE9
:10A8F800656D2070726F7065726C7920616C696724
:10A908006E6564006D656D705F667265653A20748A
:10A91800797065203C204D454D505F4D41580000F1
:10A928002E2E2F4D6964646C6577617265732F54A0
:10A93800686972645F50617274792F4C7749502F3F
:10A948007372632F636F72652F6E657469662E6309
:10A95800000000006E657469665F696E7075743A10
:10A9680020696E76616C696420706275660000000B
:10A97800417373657274696F6E2022257322206695
:10A9880061696C6564206174206C696E652025645A
:10A9980020696E2025730A006E657469665F696EAA
:10A9A8007075743A20696E76616C6964206E65749E
:10A9B800696600006E657469665F6164643A20695F
:10A9C8006E76616C6964206E6574696600000000CB
:10A9D8006E657469665F6164643A204E6F20696EC3
:10A9E80069742066756E6374696F6E206769766531
:10A9F8006E0000006E6574696620616C7265616442
:10AA08007920616464656400746F6F206D616E798C
:10AA1800206E65746966732C206D61782E207375BD
:10AA280070706F72746564206E756D6265722069EE
:10AA38007320323535000000696E76616C696420D8
:10AA4800706F696E746572006E657469665F7365B0
:10AA5800745F6970616464723A20696E76616C69CA
:10AA680064206E65746966006E657469665F7365F7
:10AA7800745F6E65746D61736B3A20696E76616C94
:10AA88006964206E65746966000000006E6574690B
:10AA9800665F7365745F67773A20696E76616C6983
:10AAA80064206E65746966006E657469665F7365B7
:10AAB800745F75703A20696E76616C6964206E65A2
:10AAC800746966006E657469665F69737375655F3E
:10AAD8007265706F7274733A20696E76616C69641E
:10AAE800206E6574696600006E657469665F7365DB
:10AAF800745F646F776E3A20696E76616C69642062
:10AB08006E657469660000006E657469665F7365DA
:10AB1800745F6C696E6B5F75703A20696E76616CF4
:10AB28006964206E65746966000000006E6574696A
:10AB3800665F7365745F6C696E6B5F646F776E3A9E
:10AB480020696E76616C6964206E657469660000C0
:10AB58002E2E2F4D6964646C6577617265732F546E
:10AB6800686972645F50617274792F4C7749502F0D
:10AB78007372632F636F72652F706275662E630040
:10AB8800706275665F616C6C6F633A20706275669F
:10AB980020712D3E7061796C6F61642070726F70E6
:10ABA80065726C7920616C69676E656400000000ED
:10ABB800417373657274696F6E2022257322206653
:10ABC80061696C6564206174206C696E6520256418
:10ABD80020696E2025730A00504255465F504F4F3A
:10ABE8004C5F42554653495A45206D75737420622F
:10ABF8006520626967676572207468616E204D45DB
:10AC08004D5F414C49474E4D454E54007062756644
:10AC18005F616C6C6F633A20706275662D3E70617F
:10AC2800796C6F61642070726F7065726C792061E5
:10AC38006C69676E65640000706275665F616C6C54
:10AC48006F633A206572726F6E656F7573207479E1
:10AC580070650000696E76616C6964207062756663
:10AC68005F74797065000000706275665F72656177
:10AC78006C6C6F633A207020213D204E554C4C007F
:10AC8800706275665F7265616C6C6F633A207120E3
:10AC9800213D204E554C4C006D656D5F7472696D99
:10ACA8002072657475726E65642071203D3D204E7A
:10ACB800554C4C007020213D204E554C4C00000056
:10ACC800696E6372656D656E745F6D61676E6974D8
:10ACD800756465203C3D20702D3E6C656E0000005B
:10ACE800706275665F667265653A20702D3E7265A2
:10ACF80066203E203000000070632D3E637573743B
:10AD08006F6D5F667265655F66756E6374696F6E99
:10AD180020213D204E554C4C00000000696E7661A4
:10AD28006C69642070627566207479706500000033
:10AD38007062756620726566206F766572666C6FE4
:10AD480077000000286820213D204E554C4C2920D2
:10AD5800262620287420213D204E554C4C29202899
:10AD680070726F6772616D6D65722076696F6C6164
:10AD7800746573204150492900000000702D3E740D
:10AD88006F745F6C656E203D3D20702D3E6C656E66
:10AD980020286F66206C6173742070627566206964
:10ADA8006E20636861696E2900000000702D3E6E98
:10ADB800657874203D3D204E554C4C00702D3E74F6
:10ADC8006F745F6C656E203D3D20702D3E6C656E26
:10ADD800202B20712D3E746F745F6C656E0000002F
:10ADE800702D3E746F745F6C656E203D3D20702D34
:10ADF8003E6C656E00000000706275665F636F7080
:10AE0800793A20746172676574206E6F7420626984
:10AE18006720656E6F75676820746F20686F6C6453
:10AE280020736F75726365006F66667365745F740F
:10AE38006F203C3D20705F746F2D3E6C656E000086
:10AE48006F66667365745F66726F6D203C3D207037
:10AE58005F66726F6D2D3E6C656E0000705F746F7B
:10AE680020213D204E554C4C000000007062756654
:10AE78005F636F7079282920646F6573206E6F7423
:10AE880020616C6C6F77207061636B6574207175DD
:10AE98006575657321000000706275665F636F7089
:10AEA800795F7061727469616C3A20696E76616C61
:10AEB8006964206275660000706275665F636F7012
:10AEC800795F7061727469616C3A20696E76616C41
:10AED80069642064617461707472000070627566E0
:10AEE8005F6765745F636F6E746967756F75733AD2
:10AEF80020696E76616C69642062756600000000E6
:10AF0800706275665F6765745F636F6E7469677595
:10AF18006F75733A20696E76616C69642064617438
:10AF28006170747200000000706275665F74616B16
:10AF3800653A20696E76616C696420627566000006
:10AF4800706275665F74616B653A20696E76616CD4
:10AF5800696420646174617074720000706275665F
:10AF68005F74616B653A20627566206E6F74206C41
:10AF78006172676520656E6F7567680070627566D7
:10AF88005F74616B653A20696E76616C69642070E4
:10AF980062756600646964206E6F7420636F7079EF
:10AFA80020616C6C206461746100000063686563F3
:10AFB8006B20706275665F736B697020726573755C
:10AFC8006C740000706275665F636F7079206661EB
:10AFD800696C656400000000434C4F534544000011
:10AFE8004C495354454E000053594E5F53454E54F7
:10AFF8000000000053594E5F5243564400000000C1
:10B0080045535441424C49534845440046494E5FD4
:10B01800574149545F31000046494E5F57414954F2
:10B028005F320000434C4F53455F5741495400007D
:10B03800434C4F53494E47004C4153545F41434B97
:10B048000000000054494D455F5741495400000035
:10B058002E2E2F4D6964646C6577617265732F5469
:10B06800686972645F50617274792F4C7749502F08
:10B078007372632F636F72652F7463702E630000A1
:10B088007463705F667265653A204C495354454E47
:10B0980000000000417373657274696F6E20222589
:10B0A8007322206661696C6564206174206C696E26
:10B0B8006520256420696E2025730A007463705F1B
:10B0C800667265655F6C697374656E3A20214C49D8
:10B0D8005354454E000000007463705F72656D6FD5
:10B0E80076655F6C697374656E65723A20696E7611
:10B0F800616C6964206C697374656E657200000028
:10B1080070636220213D204E554C4C007063622DC7
:10B118003E7374617465203D3D204C495354454E3F
:10B12800000000007463705F636C6F73655F736821
:10B138007574646F776E3A20696E76616C69642005
:10B14800706362007063622D3E666C6167732026CF
:10B158002054465F5258434C4F534544000000006A
:10B168007463705F636C6F73653A20696E76616CA7
:10B1780069642070636200007463705F736875743B
:10B18800646F776E3A20696E76616C6964207063CB
:10B19800620000007463705F6162616E646F6E3A92
:10B1A80020696E76616C696420706362000000003B
:10B1B800646F6E27742063616C6C207463705F61C8
:10B1C800626F72742F7463705F6162616E646F6E18
:10B1D80020666F72206C697374656E2D706362737C
:10B1E800000000007463705F62696E643A20696EE3
:10B1F80076616C6964207063620000007463705F3C
:10B2080062696E643A2063616E206F6E6C792062A9
:10B21800696E6420696E20737461746520434C4FB5
:10B22800534544007463705F6163636570745F6E57
:10B23800756C6C3A20696E76616C69642070636223
:10B24800000000007463705F6C697374656E5F77EB
:10B258006974685F6261636B6C6F675F616E645F7E
:10B268006572723A20696E76616C696420706362F7
:10B27800000000007463705F6C697374656E5F77BB
:10B288006974685F6261636B6C6F675F616E645F4E
:10B298006572723A2070636220616C7265616479CC
:10B2A80020636F6E6E656374656400007463705F1D
:10B2B8007570646174655F7263765F616E6E5F77E7
:10B2C8006E643A20696E76616C696420706362000E
:10B2D8006E65775F7263765F616E6E5F776E64200E
:10B2E8003C3D203078666666660000007463705FD7
:10B2F8007265637665643A20696E76616C6964206C
:10B3080070636200646F6E27742063616C6C2074D4
:10B3180063705F72656376656420666F72206C691E
:10B328007374656E2D706362730000007463705FE0
:10B33800636F6E6E6563743A20696E76616C6964DA
:10B3480020706362000000007463705F636F6E6E4C
:10B358006563743A20696E76616C6964206970610E
:10B36800646472007463705F636F6E6E6563743AD1
:10B378002063616E206F6E6C7920636F6E6E6563FB
:10B38800742066726F6D20737461746520434C4F2E
:10B39800534544007463705F736C6F77746D723AD1
:10B3A80020616374697665207063622D3E737461F1
:10B3B800746520213D20434C4F5345440A0000004A
:10B3C8007463705F736C6F77746D723A2061637425
:10B3D800697665207063622D3E73746174652021FF
:10B3E8003D204C495354454E0A0000007463705F79
:10B3F800736C6F77746D723A206163746976652037
:10B408007063622D3E737461746520213D20544938
:10B418004D452D574149540A000000007463705F80
:10B42800736C6F7774696D723A20706572736973A3
:10B4380074207469636B696E672077697468206922
:10B448006E2D666C69676874206461746100000021
:10B458007463705F736C6F7774696D723A2070658E
:10B468007273697374207469636B696E6720776996
:10B47800746820656D7074792073656E64206275D8
:10B4880066666572000000007463705F736C6F77A6
:10B49800746D723A206D6964646C65207463702001
:10B4A800213D207463705F6163746976655F7063C2
:10B4B800627300007463705F736C6F77746D723AB7
:10B4C80020666972737420706362203D3D20746346
:10B4D800705F6163746976655F7063627300000012
:10B4E8007463705F736C6F77746D723A2054494D52
:10B4F800452D57414954207063622D3E7374617421
:10B5080065203D3D2054494D452D57414954000083
:10B518007463705F736C6F77746D723A206D6964D1
:10B52800646C652074637020213D207463705F74BF
:10B53800775F7063627300007463705F736C6F771A
:10B54800746D723A20666972737420706362203D6C
:10B558003D207463705F74775F70636273000000EE
:10B568007463705F70726F636573735F726566751D
:10B578007365645F646174613A20696E76616C69B1
:10B5880064207063620000007463705F7365747098
:10B5980072696F3A20696E76616C696420706362C3
:10B5A800000000007463705F7365675F636F707994
:10B5B8003A20696E76616C696420736567000000E3
:10B5C8007463705F726563765F6E756C6C3A206940
:10B5D8006E76616C6964207063620000696E7661E2
:10B5E8006C6964207374617465000000696E76612B
:10B5F8006C696420736F636B657420737461746520
:10B6080020666F7220726563762063616C6C62617C
:10B61800636B0000696E76616C696420736F636B9D
:10B62800657420737461746520666F722073656E2B
:10B63800742063616C6C6261636B0000696E766193
:10B648006C696420736F636B6574207374617465CF
:10B6580020666F72206572722063616C6C62616330
:10B668006B0000007463705F706F6C6C3A20696ED9
:10B6780076616C696420706362000000696E7661AF
:10B688006C696420736F636B65742073746174658F
:10B6980020666F7220706F6C6C0000007463705FBE
:10B6A8007063625F70757267653A20696E76616C67
:10B6B80069642070636200007463705F7063625F26
:10B6C80072656D6F76653A20696E76616C69642083
:10B6D800706362007463705F7063625F72656D6F40
:10B6E80076653A20696E76616C6964207063626C75
:10B6F80069737400756E73656E74207365676D6524
:10B708006E7473206C65616B696E6700756E61633A
:10B718006B6564207365676D656E7473206C656115
:10B728006B696E67000000006F6F73657120736549
:10B73800676D656E7473206C65616B696E67000078
:10B748007463705F6E6578745F6973733A20696EAD
:10B7580076616C6964207063620000007463705FD6
:10B768006566665F73656E645F6D73735F6E65743F
:10B7780069663A20696E76616C6964206473745FE7
:10B78800697000007463705F6E657469665F6970E4
:10B798005F616464725F6368616E6765645F70634C
:10B7A800626C6973743A20696E76616C6964206FA3
:10B7B8006C645F61646472002E2E2F4D6964646C42
:10B7C8006577617265732F54686972645F5061723E
:10B7D80074792F4C7749502F7372632F636F72659A
:10B7E8002F7463705F696E2E630000007463705F6E
:10B7F800696E7075743A20696E76616C6964207040
:10B8080062756600417373657274696F6E202225D4
:10B818007322206661696C6564206174206C696EAE
:10B828006520256420696E2025730A00702D3E6E00
:10B8380065787420213D204E554C4C00702D3E6C8F
:10B84800656E203D3D203000702D3E746F745F6C36
:10B85800656E203D3D20702D3E6E6578742D3E74DA
:10B868006F745F6C656E00007463705F696E7075ED
:10B87800743A20616374697665207063622D3E7343
:10B888007461746520213D20434C4F5345440000AA
:10B898007463705F696E7075743A20616374697659
:10B8A80065207063622D3E737461746520213D20AC
:10B8B80054494D452D574149540000007463705F49
:10B8C800696E7075743A2061637469766520706377
:10B8D800622D3E737461746520213D204C49535498
:10B8E800454E00007463705F696E7075743A20701D
:10B8F80063622D3E6E65787420213D20706362205E
:10B90800286265666F726520636163686529000057
:10B918007463705F696E7075743A207063622D3E4F
:10B928006E65787420213D207063622028616674FA
:10B938006572206361636865290000007463705F45
:10B94800696E7075743A2054494D452D57414954D4
:10B95800207063622D3E7374617465203D3D2054F0
:10B96800494D452D57414954000000007063622D30
:10B978003E726566757365645F64617461203D3D00
:10B98800204E554C4C0000007463705F696E7075F2
:10B99800745F64656C617965645F636C6F73653A45
:10B9A80020696E76616C6964207063620000000033
:10B9B8007463705F6C697374656E5F696E707574BB
:10B9C8003A20696E76616C696420706362000000D9
:10B9D8007463705F74696D65776169745F696E70AF
:10B9E80075743A20696E76616C69642070636200D0
:10B9F8007463705F70726F636573733A20696E76F3
:10BA0800616C696420706362000000007463705F99
:10BA1800696E7075743A207063622D3E7374617438
:10BA28006520213D20434C4F534544007063622DEF
:10BA38003E736E645F71756575656C656E203E203A
:10BA4800300000006E6F207365676D656E7420743A
:10BA58006F206672656500007063622D3E6C6973C5
:10BA680074656E65722D3E61636365707420213D57
:10BA7800204E554C4C0000007463705F6F6F735F0D
:10BA8800696E736572745F7365676D656E743A206D
:10BA9800696E76616C6964206373656700000000F5
:10BAA8007063622D3E736E645F71756575656C6554
:10BAB8006E203E3D20706275665F636C656E286E11
:10BAC8006578742D3E7029007463705F72656365D4
:10BAD8006976653A2076616C69642071756575656B
:10BAE800206C656E677468007463705F7265636567
:10BAF8006976653A20696E76616C69642070636264
:10BB0800000000007463705F726563656976653A6A
:10BB18002077726F6E67207374617465000000008F
:10BB2800756E61636B656400756E73656E74000095
:10BB3800696E7365672E7020213D204E554C4C0070
:10BB4800696E73616E65206F6666736574210000A7
:10BB58007062756620746F6F2073686F727421004D
:10BB68007463705F726563656976653A20736567AB
:10BB78006D656E74206E6F74207472696D6D656486
:10BB880020636F72726563746C7920746F207263BE
:10BB9800765F776E640A00007463705F7265636530
:10BBA8006976653A207365676D656E74206E6F748B
:10BBB800207472696D6D656420636F727265637459
:10BBC8006C7920746F206F6F73657120717565755E
:10BBD800650A00007463705F726563656976653A2B
:10BBE800207463706C656E203E207263765F776E9A
:10BBF800640A00007463705F726563656976653A0C
:10BC0800206F6F736571207463706C656E203E20C1
:10BC18007263765F776E640A000000007463705F79
:10BC280070617273656F70743A20696E76616C69C1
:10BC380064207063620000002E2E2F4D6964646CCE
:10BC48006577617265732F54686972645F506172B9
:10BC580074792F4C7749502F7372632F636F726515
:10BC68002F7463705F6F75742E6300007463705F68
:10BC78006372656174655F7365676D656E743A209C
:10BC8800696E76616C6964207063620041737365E4
:10BC98007274696F6E2022257322206661696C6553
:10BCA80064206174206C696E6520256420696E20AB
:10BCB80025730A007463705F6372656174655F73EE
:10BCC80065676D656E743A20696E76616C6964208B
:10BCD8007062756600000000702D3E746F745F6CB2
:10BCE800656E203E3D206F70746C656E000000002C
:10BCF8007463705F706275665F707265616C6C6F9B
:10BD0800633A20696E76616C6964206F7665727338
:10BD1800697A65007463705F706275665F707265DA
:10BD2800616C6C6F633A20696E76616C696420702F
:10BD3800636200006E65656420756E636861696E94
:10BD480065642070627566007463705F77726974E9
:10BD5800655F636865636B733A20696E76616C69C9
:10BD680064207063620000007463705F77726974A6
:10BD7800653A207062756673206F6E2071756575FF
:10BD880065203D3E206174206C65617374206F6E80
:10BD980065207175657565206E6F6E2D656D7074A3
:10BDA800790000007463705F77726974653A206E79
:10BDB8006F207062756673206F6E2071756575658A
:10BDC800203D3E20626F746820717565756573202B
:10BDD800656D7074790000007463705F77726974C0
:10BDE800653A20696E76616C696420706362000050
:10BDF8007463705F77726974653A20617267203D79
:10BE08003D204E554C4C202870726F6772616D6DE5
:10BE180065722076696F6C61746573204150492999
:10BE2800000000006D73735F6C6F63616C20697351
:10BE380020746F6F20736D616C6C0000696E636FA6
:10BE48006E73697374656E74206F76657273697A40
:10BE5800652076732E20737061636500696E636F69
:10BE68006E73697374656E74206F76657273697A20
:10BE7800652076732E206C656E0000007463705F19
:10BE880077726974653A20524F4D207062756673F7
:10BE98002063616E6E6F74206265206F76657273C1
:10BEA800697A656400000000756E73656E745F6F73
:10BEB80076657273697A65206D69736D61746368FC
:10BEC80020287063622D3E756E73656E74206973E9
:10BED800204E554C4C2900007463705F777269746A
:10BEE800653A20636865636B2074686174206669CD
:10BEF80072737420706275662063616E20686F6C5F
:10BF0800642074686520636F6D706C657465207358
:10BF180065676C656E0000006F76657273697A6597
:10BF2800203D3D2030000000707265765F736567C4
:10BF380020213D204E554C4C000000007463705F7A
:10BF480077726974653A2063616E6E6F7420636FEF
:10BF58006E636174656E617465207768656E2070C4
:10BF680063622D3E756E73656E7420697320656D0E
:10BF7800707479007463705F77726974653A2065CC
:10BF88007874656E73696F6E206F6620726566657A
:10BF980072656E636520726571756972657320726A
:10BFA80065666572656E6365000000007463705FA6
:10BFB80077726974653A2076616C69642071756579
:10BFC8007565206C656E6774680000007463705F47
:10BFD80073706C69745F756E73656E745F73656793
:10BFE8003A20696E76616C696420706362000000B3
:10BFF80043616E27742073706C6974207365676D74
:10C00800656E7420696E746F206C656E6774682045
:10C018003000000073706C6974203C3D206D7373B0
:10C0280000000000757365672D3E6C656E203E202C
:10C0380030000000736567203D3D204E554C4C0094
:10C048007463705F73656E645F66696E3A20696ECB
:10C0580076616C6964207063620000007463705FCD
:10C06800656E71756575655F666C6167733A206E9C
:10C0780065656420656974686572205443505F5330
:10C08800594E206F72205443505F46494E20696EC6
:10C0980020666C616773202870726F6772616D6DBE
:10C0A80065722076696F6C61746573204150492907
:10C0B800000000007463705F656E71756575655F7B
:10C0C800666C6167733A20696E76616C696420708A
:10C0D800636200007463705F656E71756575655F96
:10C0E800666C6167733A20636865636B2074686186
:10C0F8007420666972737420706275662063616E5D
:10C1080020686F6C64206F70746C656E00000000AE
:10C118007365672D3E746370686472206E6F742057
:10C12800616C69676E6564007463705F656E7175D4
:10C138006575655F666C6167733A20696E76616CD8
:10C148006964207365676D656E74206C656E6774CD
:10C15800680000007463705F656E71756575655F72
:10C16800666C6167733A20696E76616C69642071E8
:10C1780075657565206C656E677468007463705FBB
:10C188006F75747075743A20696E76616C69642095
:10C1980070636200646F6E27742063616C6C207436
:10C1A80063705F6F757470757420666F72206C6948
:10C1B8007374656E2D7063627300000052535420CF
:10C1C8006E6F742065787065637465642068657245
:10C1D800652100007463705F6F75747075745F73A8
:10C1E80065676D656E745F627573793A20696E76FE
:10C1F800616C696420736567000000007463705F98
:10C208006F75747075745F7365676D656E743A20C9
:10C21800696E76616C696420736567007463705F2A
:10C228006F75747075745F7365676D656E743A20A9
:10C23800696E76616C696420706362007463705F14
:10C248006F75747075745F7365676D656E743A2089
:10C25800696E76616C6964206E65746966000000B9
:10C268006F7074696F6E73206E6F742066696C6C82
:10C27800656400007463705F7265786D69745F72DD
:10C28800746F5F707265706172653A20696E76616D
:10C298006C696420706362007463705F7265786DA6
:10C2A80069745F72746F5F636F6D6D69743A20694A
:10C2B8006E76616C69642070636200007463705FFD
:10C2C8007265786D69745F72746F3A20696E766111
:10C2D8006C696420706362007463705F7265786D66
:10C2E80069743A20696E76616C69642070636200D3
:10C2F8007463705F7265786D69745F666173743AB0
:10C3080020696E76616C69642070636200000000C9
:10C31800636865636B2074686174206669727374FE
:10C3280020706275662063616E20686F6C6420738C
:10C338007472756374207463705F686472000000BF
:10C348007463705F6F75747075745F616C6C6F6324
:10C358005F6865616465723A20696E76616C6964CC
:10C3680020706362000000007463705F6F75747002
:10C3780075745F66696C6C5F6F7074696F6E733A21
:10C3880020696E76616C69642070627566000000D1
:10C398007463705F6F75747075745F636F6E7472B9
:10C3A8006F6C5F7365676D656E743A20696E766150
:10C3B8006C69642070627566000000007463705FC9
:10C3C8007273743A20696E76616C6964206C6F636D
:10C3D800616C5F69700000007463705F7273743A17
:10C3E80020696E76616C69642072656D6F74655F33
:10C3F800697000007463705F73656E645F656D706B
:10C4080074795F61636B3A20696E76616C69642048
:10C41800706362007463705F6B656570616C6976E8
:10C42800653A20696E76616C696420706362000009
:10C438007463705F7A65726F5F77696E646F775F38
:10C4480070726F62653A20696E76616C69642070FB
:10C45800636200002E2E2F4D6964646C65776172EB
:10C4680065732F54686972645F50617274792F4CD8
:10C478007749502F7372632F636F72652F74696DDC
:10C48800656F7574732E63007379735F74696D6576
:10C498006F75743A2074696D656F757420213D203D
:10C4A8004E554C4C2C20706F6F6C204D454D505F95
:10C4B8005359535F54494D454F555420697320656E
:10C4C8006D70747900000000417373657274696F50
:10C4D8006E2022257322206661696C656420617470
:10C4E800206C696E6520256420696E2025730A001A
:10C4F80054696D656F75742074696D6520746F6F0C
:10C50800206C6F6E672C206D6178206973204C5702
:10C5180049505F55494E5433325F4D41582F3420AE
:10C528006D73656373000000696E76616C696420E1
:10C53800736C65657074696D650000002E2E2F4D53
:10C548006964646C6577617265732F546869726495
:10C558005F50617274792F4C7749502F7372632F33
:10C56800636F72652F7564702E6300007564705F69
:10C57800696E7075745F6C6F63616C5F6D61746315
:10C58800683A20696E76616C6964207063620000A5
:10C59800417373657274696F6E2022257322206659
:10C5A80061696C6564206174206C696E652025641E
:10C5B80020696E2025730A007564705F696E707556
:10C5C800745F6C6F63616C5F6D617463683A206956
:10C5D8006E76616C6964206E65746966000000009F
:10C5E8007564705F696E7075743A20696E76616CF7
:10C5F80069642070627566007564705F696E707535
:10C60800743A20696E76616C6964206E6574696637
:10C6180000000000706275665F72656D6F76655F19
:10C62800686561646572206661696C65640A00000A
:10C638007564705F73656E643A20696E76616C69C3
:10C6480064207063620000007564705F73656E64D7
:10C658003A20696E76616C696420706275660000C4
:10C668007564705F73656E64746F3A20696E766185
:10C678006C696420706362007564705F73656E64D2
:10C68800746F3A20696E76616C69642070627566B1
:10C69800000000007564705F73656E64746F3A2003
:10C6A800696E76616C6964206473745F69700000F8
:10C6B8007564705F73656E64746F5F69663A20694C
:10C6C8006E76616C69642070636200007564705FE7
:10C6D80073656E64746F5F69663A20696E76616C23
:10C6E80069642070627566007564705F73656E6456
:10C6F800746F5F69663A20696E76616C696420645C
:10C7080073745F69700000007564705F73656E64B0
:10C71800746F5F69663A20696E76616C6964206E31
:10C7280065746966000000007564705F73656E6407
:10C73800746F5F69665F7372633A20696E76616CC5
:10C7480069642070636200007564705F73656E646D
:10C75800746F5F69665F7372633A20696E76616CA5
:10C7680069642070627566007564705F73656E64D5
:10C77800746F5F69665F7372633A20696E76616C85
:10C788006964206473745F69700000007564705F89
:10C7980073656E64746F5F69665F7372633A20696C
:10C7A8006E76616C6964207372635F697000000063
:10C7B8007564705F73656E64746F5F69665F7372CA
:10C7C800633A20696E76616C6964206E6574696687
:10C7D80000000000636865636B20746861742066FC
:10C7E8006972737420706275662063616E20686F69
:10C7F8006C6420737472756374207564705F686408
:10C80800720000007564705F62696E643A20696E38
:10C8180076616C6964207063620000007564705F03
:10C82800636F6E6E6563743A20696E76616C6964D5
:10C8380020706362000000007564705F636F6E6E45
:10C848006563743A20696E76616C69642069706109
:10C85800646472007564705F646973636F6E6E659B
:10C8680063743A20696E76616C6964207063620053
:10C878007564705F726563763A20696E76616C697B
:10C8880064207063620000007564705F72656D6F8C
:10C8980076653A20696E76616C696420706362001F
:10C8A8002E2E2F4D6964646C6577617265732F5401
:10C8B800686972645F50617274792F4C7749502FA0
:10C8C8007372632F636F72652F697076342F657486
:10C8D800686172702E6300007374617465203D3D59
:10C8E800204554484152505F53544154455F504588
:10C8F8004E44494E47207C7C207374617465203E09
:10C908003D204554484152505F53544154455F536C
:10C918005441424C45000000417373657274696F5D
:10C928006E2022257322206661696C65642061741B
:10C93800206C696E6520256420696E2025730A00C5
:10C948006172705F7461626C655B695D2E71203D18
:10C958003D204E554C4C000069203C204152505F10
:10C968005441424C455F53495A4500006172705F1B
:10C978007461626C655B695D2E7374617465203DDA
:10C988003D204554484152505F53544154455F45FA
:10C998004D505459000000006E657469662D3E685C
:10C9A80077616464725F6C656E203D3D2045544834
:10C9B8005F4857414444525F4C454E006574685F78
:10C9C80072657420213D204E554C4C202626206946
:10C9D800705F72657420213D204E554C4C0000005C
:10C9E80069706164647220213D204E554C4C0000F2
:10C9F8006E6574696620213D204E554C4C00000040
:10CA08006574685F72657420213D204E554C4C005A
:10CA18006172705F7461626C655B6172705F69649A
:10CA2800785D2E7374617465203E3D2045544841FD
:10CA380052505F53544154455F535441424C450052
:10CA48007120213D204E554C4C00000074797065D2
:10CA5800206F766572666C6F770000006172705F98
:10CA68007461626C655B695D2E7374617465203DE9
:10CA78003D2050454E44494E47206F722053544143
:10CA8800424C45006E6F207061636B657420717550
:10CA98006575657320616C6C6F77656421000000B3
:10CAA800636865636B207468617420666972737467
:10CAB80020706275662063616E20686F6C642073F5
:10CAC8007472756374206574686172705F686472EB
:10CAD800000000006E657469662D3E6877616464C5
:10CAE800725F6C656E206D75737420626520746862
:10CAF800652073616D65206173204554485F485710
:10CB0800414444525F4C454E20666F7220657468FC
:10CB180061727021000000002E2E2F4D6964646C34
:10CB28006577617265732F54686972645F506172CA
:10CB380074792F4C7749502F7372632F636F726526
:10CB48002F697076342F69636D702E6300000000C2
:10CB580069636D705F696E7075743A206D6F766980
:10CB68006E6720722D3E7061796C6F616420746FFE
:10CB78002069636D7020686561646572206661690B
:10CB88006C65640A00000000417373657274696F14
:10CB98006E2022257322206661696C6564206174A9
:10CBA800206C696E6520256420696E2025730A0053
:10CBB80069636D705F696E7075743A20726573741D
:10CBC8006F72696E67206F726967696E616C207039
:10CBD8002D3E7061796C6F6164206661696C656473
:10CBE8000A000000636865636B20746861742066DE
:10CBF8006972737420706275662063616E20686F55
:10CC08006C642069636D70206D657373616765007E
:10CC18002E2E2F4D6964646C6577617265732F548D
:10CC2800686972645F50617274792F4C7749502F2C
:10CC38007372632F636F72652F697076342F697012
:10CC4800342E6300702D3E726566203D3D20310014
:10CC5800417373657274696F6E2022257322206692
:10CC680061696C6564206174206C696E6520256457
:10CC780020696E2025730A00636865636B207468F9
:10CC880061742066697273742070627566206361CE
:10CC98006E20686F6C642073747275637420697099
:10CCA8005F686472000000002E2E2F4D6964646C6A
:10CCB8006577617265732F54686972645F50617239
:10CCC80074792F4C7749502F7372632F636F726595
:10CCD8002F697076342F6970345F667261672E63CE
:10CCE800000000007072657620213D206970720096
:10CCF800417373657274696F6E20222573222066F2
:10CD080061696C6564206174206C696E65202564B6
:10CD180020696E2025730A00707265762D3E6E6557
:10CD28007874203D3D20697072000000706275665D
:10CD3800735F6672656564202B20636C656E203CAA
:10CD48003D203078666666660000000069705F7294
:10CD5800656173735F70627566636F756E74203E8C
:10CD68003D2070627566735F6672656564000000D9
:10CD780073616E69747920636865636B206C696E92
:10CD88006B6564206C6973740000000063686563F8
:10CD98006B20667261676D656E747320646F6E27B1
:10CDA80074206F7665726C61700000006E6F207081
:10CDB800726576696F757320667261676D656E74EA
:10CDC8002C2074686973206D7573742062652074F3
:10CDD800686520666972737420667261676D656E36
:10CDE8007421000073616E69747920636865636BF0
:10CDF8000000000076616C69646174655F64617449
:10CE0800616772616D3A6E6578745F7062756621EC
:10CE18003D4E554C4C00000069705F72656173733C
:10CE28005F70627566636F756E74203E3D20636C3B
:10CE3800656E000069707220213D204E554C4C00F3
:10CE48006E6F74206669727374616C74686F75674D
:10CE580068206A75737420656E7175657565640000
:10CE68007020213D204E554C4C000000706372200C
:10CE7800213D204E554C4C00706372203D3D207082
:10CE8800000000006970345F6672616728293A20E3
:10CE98007062756620746F6F2073686F727400001B
:10CEA80074686973206E65656473206120706275AB
:10CEB8006620696E206F6E65207069656365210064
:10CEC800702D3E6C656E203E3D20706F66660000DA
:10CED8002E2E2F4D6964646C6577617265732F54CB
:10CEE800686972645F50617274792F4C7749502F6A
:10CEF8007372632F6E657469662F65746865726EE8
:10CF080065742E63000000006E657469662D3E68C6
:10CF180077616464725F6C656E206D7573742062EE
:10CF280065203620666F722065746865726E657458
:10CF38005F6F75747075742100000000417373652C
:10CF48007274696F6E2022257322206661696C6590
:10CF580064206174206C696E6520256420696E20E8
:10CF680025730A0000000000010203040102030403
:10CF780006070809010002000400060008000A006C
:10CF88000C00100020004000800000010101010396
:10CF980007010000080402040801010114000A0046
:10CFA800002F0024CC2F002420000400143000247B
:10CFB800983000249C0005009C300024AC330024E9
:10CFC8001C000800B0330024943400241000100022
:10CFD800983400249C35002420000500A035002446
:10CFE8004436002418000F0048360024B4370024C3
:10CFF80010000300B8370024EC370024100010009C
:10D00800F0370024F438002460021000F8380024B7
:10D01800FC5E0024B0CF0108BCCF0108C8CF0108CE
:10D02800D4CF0108E0CF0108ECCF0108F8CF010800
:10D0380004D0010810D001080102030405060707FF
:10D04800070707070700000003060C183060780080
:10D05800145F0024105F0024185F00241C5F002464
:10D06800FA000000B9FB0008E80300007D79010818
:10D07800E80300003162010800000000FFFFFFFF25
:10D08800FFFF00000000000000005245454E5420FC
:10D098006D616C6C6F63207375636365656465644B
:10D0A800002F6275696C642F676E752D746F6F6CD5
:10D0B800732D666F722D73746D33325F31322E3378
:10D0C8002E72656C312E32303234303631322D3199
:10D0D8003331352F7372632F6E65776C69622F6EEB
:10D0E80065776C69622F6C6962632F7374646C690D
:10D0F800622F72616E642E630000202020202020A1
:10D1080020202028282828282020202020202020EF
:10D1180020202020202020202020881010101010EF
:10D12800101010101010101010100404040404043F
:10D138000404040410101010101010414141414122
:10D148004101010101010101010101010101010187
:10D158000101010101101010101010424242424218
:10D168004202020202020202020202020202020257
:10D17800020202020210101010200000000000003D
:10D188000000000000000000000000000000000097
:10D198000000000000000000000000000000000087
:10D1A8000000000000000000000000000000000077
:10D1B8000000000000000000000000000000000067
:10D1C8000000000000000000000000000000000057
:10D1D8000000000000000000000000000000000047
:10D1E8000000000000000000000000000000000037
:10D1F800000000000000000000002C2066756E632F
:10D2080074696F6E3A2000617373657274696F6E2A
:10D218002022257322206661696C65643A2066695C
:10D228006C6520222573222C206C696E652025648C
:10D23800257325730A00232D302B2000686C4C00C1
:10D2480065666745464700303132333435363738FE
:10D25800394142434445460030313233343536375C
:10D2680038396162636465660000000000000000F0
:10D278000038FAFE422EE63F3067C79357F32E3D3B
:10D28800000000000000E0BF605555555555E5BF4A
:10D29800060000000000E03F4E5559999999E93F72
:10D2A8007AA429555555E5BFE945489B5B49F2BF26
:10D2B800C33F268B2B00F03F0000000000A0F63F84
:10D2C800000000000000000000C8B9F2822CD6BFA0
:10D2D8008056372824B4FA3C000000000080F63F4E
:10D2E8000000000000000000000858BFBDD1D5BFF5
:10D2F80020F7E0D808A51CBD000000000060F63F3C
:10D308000000000000000000005845177776D5BFE0
:10D318006D50B6D5A46223BD000000000040F63F62
:10D32800000000000000000000F82D87AD1AD5BFEE
:10D33800D567B09EE484E6BC000000000020F63FFC
:10D348000000000000000000007877955FBED4BFA1
:10D35800E03E2993691B04BD000000000000F63F71
:10D36800000000000000000000601CC28B61D4BFF8
:10D37800CC844C482FD8133D0000000000E0F53F56
:10D38800000000000000000000A886863004D4BF1A
:10D398003A0B82EDF342DC3C0000000000C0F53F90
:10D3A8000000000000000000004869554CA6D3BFEB
:10D3B80060945186C6B1203D0000000000A0F53FF2
:10D3C80000000000000000000080989ADD47D3BFED
:10D3D8009280C5D44D59253D000000000080F53FDE
:10D3E80000000000000000000020E1BAE2E8D2BF1F
:10D3F800D82BB7991E7B263D000000000060F53F42
:10D4080000000000000000000088DE135A89D2BF27
:10D418003FB0CFB614CA153D000000000060F53FCC
:10D4280000000000000000000088DE135A89D2BF07
:10D438003FB0CFB614CA153D000000000040F53FCC
:10D4480000000000000000000078CFFB4129D2BF97
:10D4580076DA5328245A16BD000000000020F53F54
:10D468000000000000000000009869C198C8D1BF02
:10D478000454E768BCAF1FBD000000000000F53F82
:10D48800000000000000000000A8ABAB5C67D1BF43
:10D49800F0A88233C61F1F3D0000000000E0F43FE3
:10D4A80000000000000000000048AEF98B05D1BF65
:10D4B800665A05FDC4A826BD0000000000C0F43F60
:10D4C8000000000000000000009073E224A3D0BF19
:10D4D8000E03F47EEE6B0CBD0000000000A0F43FCC
:10D4E800000000000000000000D0B4942540D0BF28
:10D4F8007F2DF49EB836F0BC0000000000A0F43F79
:10D50800000000000000000000D0B4942540D0BF07
:10D518007F2DF49EB836F0BC000000000080F43F78
:10D52800000000000000000000405E6D18B9CFBF89
:10D53800873C99AB2A570D3D000000000060F43F7E
:10D5480000000000000000000060DCCBADF0CEBFA2
:10D5580024AF869CB7262B3D000000000040F43F16
:10D56800000000000000000000F02A6E0727CEBF70
:10D5780010FF3F544F2F17BD000000000020F43F5C
:10D58800000000000000000000C04F6B215CCDBF10
:10D598001B68CABB91BA213D000000000000F43F9F
:10D5A800000000000000000000A09AC7F78FCCBF61
:10D5B80034849F684F79273D000000000000F43F45
:10D5C800000000000000000000A09AC7F78FCCBF41
:10D5D80034849F684F79273D0000000000E0F33F46
:10D5E800000000000000000000902D7486C2CBBF30
:10D5F8008FB78B31B04E193D0000000000C0F33FDB
:10D60800000000000000000000C0804EC9F3CABF3F
:10D618006690CD3F634EBA3C0000000000A0F33F87
:10D62800000000000000000000B0E21FBC23CABFD9
:10D63800EAC146DC648C25BD0000000000A0F33F71
:10D64800000000000000000000B0E21FBC23CABFB9
:10D65800EAC146DC648C25BD000000000080F33F71
:10D6680000000000000000000050F49C5A52C9BF9E
:10D67800E3D4C104D9D12ABD000000000060F33F03
:10D68800000000000000000000D02065A07FC8BF97
:10D6980009FADB7FBFBD2B3D000000000040F33FCF
:10D6A800000000000000000000E0100289ABC7BFC6
:10D6B800584A537290DB2B3D000000000040F33FB6
:10D6C800000000000000000000E0100289ABC7BFA6
:10D6D800584A537290DB2B3D000000000020F33FB6
:10D6E800000000000000000000D019E70FD6C6BFF8
:10D6F80066E2B2A36AE410BD000000000000F33F38
:10D7080000000000000000000090A77030FFC5BFB7
:10D718003950109F439E1EBD000000000000F33FDB
:10D7280000000000000000000090A77030FFC5BF97
:10D738003950109F439E1EBD0000000000E0F23FDC
:10D74800000000000000000000B0A1E3E526C5BF0E
:10D758008F5B07908BDE20BD0000000000C0F23F09
:10D7680000000000000000000080CB6C2B4DC4BFFF
:10D778003C783561C10C173D0000000000C0F23F45
:10D7880000000000000000000080CB6C2B4DC4BFDF
:10D798003C783561C10C173D0000000000A0F23F45
:10D7A800000000000000000000901E20FC71C3BFB4
:10D7B8003A54274D8678F13C000000000080F23F83
:10D7C800000000000000000000F01FF85295C2BFE2
:10D7D80008C47117308D24BD000000000060F23FBE
:10D7E800000000000000000000602FD52AB7C1BF6C
:10D7F80096A31118A4802EBD000000000060F23F1F
:10D80800000000000000000000602FD52AB7C1BF4B
:10D8180096A31118A4802EBD000000000040F23F1E
:10D8280000000000000000000090D07C7ED7C0BF40
:10D83800F45BE88896690A3D000000000040F23F6A
:10D8480000000000000000000090D07C7ED7C0BF20
:10D85800F45BE88896690A3D000000000020F23F6A
:10D86800000000000000000000E0DB3191ECBFBFC9
:10D87800F233A35C547525BD000000000000F23FA0
:10D88800000000000000000000002B6E0727BEBF4C
:10D898003C00F02A2C342A3D000000000000F23F32
:10D8A800000000000000000000002B6E0727BEBF2C
:10D8B8003C00F02A2C342A3D0000000000E0F13F33
:10D8C800000000000000000000C05B8F545EBCBF79
:10D8D80006BE5F58570C1DBD0000000000C0F13F98
:10D8E800000000000000000000E04A3A6D92BABF54
:10D8F800C8AA5BE83539253D0000000000C0F13FAB
:10D90800000000000000000000E04A3A6D92BABF33
:10D91800C8AA5BE83539253D0000000000A0F13FAA
:10D92800000000000000000000A031D645C3B8BFC9
:10D9380068562F4D297C133D0000000000A0F13FE0
:10D94800000000000000000000A031D645C3B8BFA9
:10D9580068562F4D297C133D000000000080F13FE0
:10D9680000000000000000000060E58AD2F0B6BFA9
:10D97800DA7333C9379726BD000000000060F13F15
:10D9880000000000000000000020063F071BB5BF94
:10D99800575EC6615B021F3D000000000060F13F5A
:10D9A80000000000000000000020063F071BB5BF74
:10D9B800575EC6615B021F3D000000000040F13F5A
:10D9C800000000000000000000E01B96D741B3BF34
:10D9D800DF13F9CCDA5E2C3D000000000040F13F77
:10D9E800000000000000000000E01B96D741B3BF14
:10D9F800DF13F9CCDA5E2C3D000000000020F13F77
:10DA080000000000000000000080A3EE3665B1BFF2
:10DA180009A38F765E7C143D000000000000F13FF2
:10DA28000000000000000000008011C0300AAFBFF5
:10DA3800918E36839E592D3D000000000000F13F75
:10DA48000000000000000000008011C0300AAFBFD5
:10DA5800918E36839E592D3D0000000000E0F03F76
:10DA6800000000000000000000801971DD42ABBF1B
:10DA78004C70D6E57A821C3D0000000000E0F03FC3
:10DA8800000000000000000000801971DD42ABBFFB
:10DA98004C70D6E57A821C3D0000000000C0F03FC3
:10DAA800000000000000000000C032F65874A7BF54
:10DAB800EEA1F23446FC2CBD0000000000C0F03F8F
:10DAC800000000000000000000C032F65874A7BF34
:10DAD800EEA1F23446FC2CBD0000000000A0F03F8F
:10DAE800000000000000000000C0FEB9879EA3BF30
:10DAF800AAFE26F5B702F53C0000000000A0F03FA2
:10DB0800000000000000000000C0FEB9879EA3BF0F
:10DB1800AAFE26F5B702F53C000000000080F03FA1
:10DB280000000000000000000000780E9B829FBFEC
:10DB3800E4097E7C268029BD000000000080F03FBB
:10DB480000000000000000000000780E9B829FBFCC
:10DB5800E4097E7C268029BD000000000060F03FBB
:10DB680000000000000000000080D5071BB997BF27
:10DB780039A6FA93548D28BD000000000040F03FFC
:10DB880000000000000000000000FCB0A8C08FBF2B
:10DB98009CA6D3F67C1EDFBC000000000040F03FCE
:10DBA80000000000000000000000FCB0A8C08FBF0B
:10DBB8009CA6D3F67C1EDFBC000000000020F03FCE
:10DBC80000000000000000000000106B2AE07FBF8A
:10DBD800E440DA0D3FE219BD000000000020F03FEC
:10DBE80000000000000000000000106B2AE07FBF6A
:10DBF800E440DA0D3FE219BD000000000000F03FEC
:10DC0800000000000000000000000000000000000C
:10DC18000000000000000000000000000000F03FCD
:10DC280000000000000000000000000000000000EC
:10DC380000000000000000000000000000C0EF3FEE
:10DC48000000000000000000000089751510803FEA
:10DC5800E82B9D996BC710BD000000000080EF3FC6
:10DC68000000000000000000008093585620903FFC
:10DC7800D2F7E2065BDC23BD000000000040EF3F66
:10DC880000000000000000000000C9282549983F56
:10DC9800340C5A32BAA02ABD000000000000EF3F41
:10DCA80000000000000000000040E7895D41A03F3F
:10DCB80053D7F15CC011013D0000000000C0EE3FE9
:10DCC800000000000000000000002ED4AE66A43F53
:10DCD80028FDBD7573162CBD000000000080EE3FC6
:10DCE800000000000000000000C09F14AA94A83F94
:10DCF8007D265AD0957919BD000000000040EE3FFE
:10DD0800000000000000000000C0DDCD73CBAC3F78
:10DD18000728D847F2681ABD000000000020EE3F2F
:10DD2800000000000000000000C006C031EAAE3F5D
:10DD38007B3BC94F3E110EBD0000000000E0ED3FE7
:10DD48000000000000000000006046D13B97B13F92
:10DD58009B9E0D565D3225BD0000000000A0ED3FE2
:10DD6800000000000000000000E0D1A7F5BDB33FAF
:10DD7800D74EDBA55EC82C3D000000000060ED3FDB
:10DD8800000000000000000000A0974D5AE9B53FD0
:10DD98001E1D5D3C06692CBD000000000040ED3FE3
:10DDA800000000000000000000C0EA0AD300B73FEE
:10DDB80032ED9DA98D1EEC3C000000000000ED3FF7
:10DDC80000000000000000000040595D5E33B93FCC
:10DDD800DA47BD3A5C11233D0000000000C0EC3F6B
:10DDE80000000000000000000060AD8DC86ABB3F65
:10DDF800E568F72B809013BD0000000000A0EC3F01
:10DE080000000000000000000040BC015888BC3F32
:10DE1800D3AC5AC6D146263D000000000060EC3F56
:10DE2800000000000000000000200A8339C7BE3F40
:10DE3800E045E6AF68C02DBD000000000040EC3FA3
:10DE4800000000000000000000E0DB3991E8BF3F5F
:10DE5800FD0AA14FD63425BD000000000000EC3FAC
:10DE6800000000000000000000E027828E17C13F7C
:10DE7800F2072DCE78EF213D0000000000E0EB3FD7
:10DE8800000000000000000000F0237E2BAAC13F24
:10DE9800349938448EA72C3D0000000000A0EB3FC9
:10DEA80000000000000000000080860C61D1C23F25
:10DEB800A1B481CB6C9D033D000000000080EB3FC6
:10DEC8000000000000000000009015B0FC65C33F92
:10DED80089724B23A82FC63C000000000040EB3F8E
:10DEE800000000000000000000B033833D91C43FF3
:10DEF80078B6FD547983253D000000000020EB3FF3
:10DF0800000000000000000000B0A1E4E527C53FC4
:10DF1800C77D69E5E833263D0000000000E0EA3FE0
:10DF2800000000000000000000108CBE4E57C63FE5
:10DF3800782E3C2C8BCF193D0000000000C0EA3F32
:10DF480000000000000000000070758B12F0C63F52
:10DF5800E1219CE58D1125BD0000000000A0EA3FED
:10DF68000000000000000000005044858D89C73F74
:10DF78000543917010661CBD000000000060EA3F78
:10DF88000000000000000000000039EBAFBEC83FF1
:10DF9800D12CE9AA543D07BD000000000040EA3F2B
:10DFA80000000000000000000000F7DC5A5AC93FDA
:10DFB8006FFFA05828F2073D000000000000EA3F6C
:10DFC800000000000000000000E08A3CED93CA3F1A
:10DFD80069215650437228BD0000000000E0E93F67
:10DFE800000000000000000000D05B57D831CB3F94
:10DFF800AAE1AC4E8D350CBD0000000000C0E93F21
:10E00800000000000000000000E03B3887D0CB3F54
:10E01800B6125459C44B2DBD0000000000A0E93FC2
:10E0280000000000000000000010F0C6FB6FCC3FAD
:10E03800D22B96C572ECF1BC000000000060E93FED
:10E0480000000000000000000090D4B03DB1CD3FBA
:10E0580035B015F72AFF2ABD000000000040E93F4F
:10E0680000000000000000000010E7FF0E53CE3F44
:10E0780030F441602712C23C000000000020E93F54
:10E0880000000000000000000000DDE4ADF5CE3F18
:10E09800118EBB651521CABC000000000000E93FD5
:10E0A800000000000000000000B0B36C1C99CF3FD6
:10E0B80030DF0CCAECCB1B3D0000000000C0E83F7D
:10E0C800000000000000000000584D603871D03F8B
:10E0D800914EED16DB9CF83C0000000000A0E83FE4
:10E0E8000000000000000000006061672DC4D03F00
:10E0F800E9EA3C168B18273D000000000080E83F45
:10E10800000000000000000000E827828E17D13FC1
:10E118001CF0A5630E212CBD000000000060E83F44
:10E12800000000000000000000F8ACCB5C6BD13FA1
:10E138008116A5F7CD9A2B3D000000000040E83F6E
:10E14800000000000000000000685A6399BFD13F3A
:10E15800B7BD4751EDA62C3D000000000020E83F68
:10E16800000000000000000000B80E6D4514D23F0A
:10E17800EABA46BADE870A3D0000000000E0E73F41
:10E1880000000000000000000090DC7CF0BED23FE0
:10E19800F404504AFA9C2A3D0000000000C0E73F02
:10E1A80000000000000000000060D3E1F114D33F3C
:10E1B800B83C21D37AE228BD0000000000A0E73F68
:10E1C80000000000000000000010BE76676BD33F1F
:10E1D800C877F1B0CD6E113D000000000080E73F28
:10E1E80000000000000000000030337752C2D33F27
:10E1F8005CBD06B6543B183D000000000060E73FD8
:10E20800000000000000000000E8D523B419D43F46
:10E218009DE090EC36E4083D000000000040E73F38
:10E22800000000000000000000C871C28D71D43FDA
:10E2380075D66709CE272FBD000000000020E73FF4
:10E2480000000000000000000030179EE0C9D43F25
:10E25800A4D80A1B89202EBD000000000000E73F5B
:10E26800000000000000000000A03807AE22D53FE3
:10E2780059C7648170BE2E3D0000000000E0E63FF3
:10E28800000000000000000000D0C853F77BD53F15
:10E29800EF405DEEEDAD1F3D0000000000C0E63F21
:10E2A8000000000000000000006059DFBDD5D53F28
:10E2B800DC65A4082A0B0ABDFE822B65471567405A
:10E2C80000000000000038430000FAFE422E76BF2E
:10E2D8003A3B9EBC9AF70CBDBDFDFFFFFFFFDF3F39
:10E2E8003C5455555555C53F912B17CF5555A53F0E
:10E2F80017D0A4671111813F000000000000C84238
:10E30800EF39FAFE422EE63F24C482FFBDBFCE3F5E
:10E31800B5F40CD7086BAC3FCC5046D2ABB2833FB8
:10E32800843A4E9BE0D7553F0000000000000000F3
:10E33800000000000000F03F6EBF881A4F3B9B3C76
:10E348003533FBA93DF6EF3F5DDCD89C136071BC0B
:10E358006180773E9AECEF3FD16687107A5E90BC79
:10E36800857F6EE815E3EF3F13F6673552D28C3C94
:10E37800748515D3B0D9EF3FFA8EF92380CE8BBCC4
:10E38800DEF6DD296BD0EF3F61C8E6614EF7603CF1
:10E39800C89B751845C7EF3F99D3335BE4A3903CFE
:10E3A80083F3C6CA3EBEEF3F6D7B835DA69A973C5A
:10E3B8000F89F96C58B5EF3FFCEFFD921AB58E3C0A
:10E3C800F747722B92ACEF3FD19C2F703DBE3E3C7D
:10E3D800A2D1D332ECA3EF3F0B6E908934036ABC11
:10E3E8001BD3FEAF669BEF3F0EBD2F2A525695BC3E
:10E3F800515B12D00193EF3F55EA4E8CEF8050BC31
:10E40800CC316CC0BD8AEF3F16F4D5B923C991BC95
:10E41800E02DA9AE9A82EF3FAF555CE9E3D3803C8B
:10E42800518EA5C8987AEF3F4893A5EA151B80BC82
:10E438007B517D3CB872EF3F3D32DE55F01F8FBCFB
:10E44800EA8D8C38F96AEF3FBF53133F8C898B3CB8
:10E4580075CB6FEB5B63EF3F26EB11769CD996BCCF
:10E46800D45C0484E05BEF3F602F3A3EF7EC9A3CC3
:10E47800AAB968318754EF3F9D3886CB82E78FBCB5
:10E488001DD9FC22504DEF3F8DC3A644416F8A3CF5
:10E49800D68C62883B46EF3F7D04E4B0057A803C29
:10E4A80096DC7D91493FEF3F94A8A8E3FD8E963C0A
:10E4B8003862756E7A38EF3F7D4874F2185E873C93
:10E4C8003FA6B24FCE31EF3FF2E71F982B47803C73
:10E4D800DD7CE265452BEF3F5E08713F7BB896BC5B
:10E4E8008163F5E1DF24EF3F31AB096DE1F7823C51
:10E4F800E1DE1FF59D1EEF3FFABF6F1A9B213DBC61
:10E5080090D9DAD07F18EF3FB40A0C7282378B3C6F
:10E518000B03E4A68512EF3F8FCBCE8992146E3C95
:10E52800562F3EA9AF0CEF3FB6ABB04D754D833CAF
:10E5380015B7310AFE06EF3F4C74ACE20142863C47
:10E5480031D84CFC7001EF3F4AF8D35D39DD8F3C80
:10E55800FF1664B208FCEE3F045B8E3B80A386BCCA
:10E56800F19F925FC5F6EE3F68504BCCED4A92BCE6
:10E57800CBA93A37A7F1EE3F8E2D511BF80799BC6E
:10E5880066D8056DAEECEE3FD236943EE8D171BC4C
:10E59800F79FE534DBE7EE3F151BCEB3191999BC9D
:10E5A800E5A813C32DE3EE3F6D4C2AA7489F853C91
:10E5B8002234124CA6DEEE3F8A69287A601293BC98
:10E5C8001C80AC0445DAEE3F5B8917488FA758BC1E
:10E5D8002A2EF7210AD6EE3F1B9A49679B2C7CBC52
:10E5E80097A850D9F5D1EE3F11ACC260ED63433C1A
:10E5F8002D89616008CEEE3FEF64063B0966963CC4
:10E6080057001DED41CAEE3F7903A1DAE1CC6E3C1B
:10E61800D03CC1B5A2C6EE3F30120F3F8EFF933CEF
:10E62800DED3D7F02AC3EE3FB0AF7ABBCE90763CAC
:10E63800272A36D5DABFEE3F77E054EBBD1D933C71
:10E648000DDDFD99B2BCEE3F8EA3710034948FBCF2
:10E65800A72C9D76B2B9EE3F49A393DCCCDE87BCEC
:10E668004266CFA2DAB6EE3F5F380FBDC6DE78BC91
:10E67800824F9D562BB4EE3FF65C7BEC461286BC6F
:10E688000F925DCAA4B1EE3F8ED7FD180535933CB5
:10E69800DA27B53647AFEE3F059B8A2FB7987B3C04
:10E6A800FDC797D412ADEE3F09541CE2E163903CDC
:10E6B800295448DD07ABEE3FEAC6195085C7343CFC
:10E6C800B746598A26A9EE3F35C0642BE632943CFA
:10E6D8004821AD156FA7EE3F9F7699614AE48CBC3F
:10E6E80009DC76B9E1A5EE3FA84DEF3BC5338CBCFC
:10E6F80085553AB07EA4EE3FAEE92B89785384BCA9
:10E7080020C3CC3446A3EE3F58585678DDCE93BC90
:10E718002522558238A2EE3F64197E80AA10573C04
:10E7280073A94CD455A1EE3F28225EBFEFB393BC2A
:10E73800CD3B7F669EA0EE3F82B93487AD126ABC9E
:10E74800BFDA0B7512A0EE3FEEA96DB8EF6763BC98
:10E758002F1A653CB29FEE3F5188E0543DDC80BCE7
:10E76800849451F97D9FEE3FCF3E5A7E641F78BC5A
:10E77800745FECE8759FEE3FB07D8BC04AEE86BCB7
:10E788007481A5489A9FEE3F8AE6551E321986BCC9
:10E79800C9674256EB9FEE3FD3D4095ECB9C903CB1
:10E7A8003F5DDE4F69A0EE3F1DA54DB9DC327BBC55
:10E7B8008701EB7314A1EE3F6BC06754FDEC943CEA
:10E7C80032C13001EDA1EE3F556CD6ABE1EB653CB3
:10E7D800624ECF36F3A2EE3F42CFB32FC5A188BC1D
:10E7E800121A3E5427A4EE3F34373BF1B66993BC66
:10E7F80013CE4C9989A5EE3F1EFF193A845E80BC62
:10E80800ADC723461AA7EE3F6E5772D850D494BCB2
:10E81800ED92449BD9A8EE3F008A0E5B67AD903C11
:10E8280099668AD9C7AAEE3FB4EAF0C12FB78D3CE2
:10E83800DBA02A42E5ACEE3FFFE7C59C60B665BCAD
:10E848008C44B51632AFEE3F445FF35983F67B3CF8
:10E8580036771599AEB1EE3F833D1EA71F0993BCCD
:10E86800C6FF910B5BB4EE3F291E6C8BB8A95DBC4B
:10E87800E5C5CDB037B7EE3F59B9907CF9236CBCEC
:10E888000F52C8CB44BAEE3FAAF9F422434392BCD4
:10E89800504EDE9F82BDEE3F4B8E66D76CCA85BC5C
:10E8A800BA07CA70F1C0EE3F27CE912BFCAF713C7E
:10E8B80090F0A38291C4EE3FBB730AE135D26D3C60
:10E8C8002323E31963C8EE3F6322622204C587BC91
:10E8D80065E55D7B66CCEE3FD531E2E3861C8B3C7B
:10E8E800332D4AEC9BD0EE3F15BBBCD3D1BB91BCBA
:10E8F8005D253EB203D5EE3FD231EE9C31CC903C43
:10E9080058B330139ED9EE3FB35A736E8469843C72
:10E91800BFFD79556BDEEE3FB49D8E97CDDF82BC8F
:10E928007AF3D3BF6BE3EE3F8733CB92771A8C3CF5
:10E93800ADD35A999FE8EE3FFAD9D14A8F7B90BC64
:10E9480066B68D2907EEEE3FBAAEDC56D9C355BC84
:10E95800FB154FB8A2F3EE3F40F6A63D0EA490BCBF
:10E968003A59E58D72F9EE3F3493AD38F4D668BC68
:10E97800475EFBF276FFEE3F358A586BE2EE91BCBC
:10E988004A06A130B005EF3FCDDD5F0AD7FF743CE2
:10E99800D2C14B901E0CEF3FAC9892FAFBBD91BCD4
:10E9A800091ED75BC212EF3FB30CAF30AE6E733C9B
:10E9B8009C5285DD9B19EF3F94FD9F5C32E38E3CB2
:10E9C8007AD0FF5FAB20EF3FAC5909D18FE0843C90
:10E9D8004BD1572EF127EF3F671A4E38AFCD633C26
:10E9E800B5E706946D2FEF3F6819926C2C6B673C66
:10E9F8006990EFDC2037EF3FD2B5CC83188A80BC12
:10EA0800FAC35D550B3FEF3F6FFAFF3F5DAD8FBC1B
:10EA18007C89074A2D47EF3F49A97538AE0D90BC50
:10EA2800F2890D08874FEF3FA7073DA685A3743CE1
:10EA380087A4FBDC1858EF3F0F2240209E9182BC30
:10EA48009883C916E360EF3FAC92C1D5505A8E3C0B
:10EA58008532DB03E669EF3F4B6B01AC593A843CE6
:10EA680060B401F32173EF3F1F3EB40721D582BC88
:10EA78005F9B7B33977CEF3FC90D473BB92A89BC25
:10EA880029A1F5144686EF3FD3883A6004B6743C52
:10EA9800F63F8BE72E90EF3F71729D51ECC5833C9A
:10EAA800834CC7FB519AEF3FF091D38F12F78FBC7D
:10EAB800DA90A4A2AFA4EF3F7D7423E298AE8DBC98
:10EAC800F1678E2D48AFEF3F0820AA41BCC38E3CAA
:10EAD800275A61EE1BBAEF3F32EBA9C3942B843C53
:10EAE80097BA6B372BC5EF3FEE85D131A9648A3CC5
:10EAF80040456E5B76D0EF3FEDE33BE4BA378EBC22
:10EB080014BE9CADFDDBEF3F9DCD914D3B89773C1D
:10EB1800D8909E81C1E7EF3F89CC6041C105533C45
:10EB2800F1718F2BC2F3EF3F0038FAFE422EE63F19
:10EB38003067C79357F32E3D010000000000E0BF87
:10EB48005B3051555555D53F9045EBFFFFFFCFBF83
:10EB58001101F124B399C93F9FC806E57555C5BF92
:10EB6800000000000000E0BF775555555555D53FCA
:10EB7800CBFDFFFFFFFFCFBF0CDD95999999C93FEA
:10EB8800A74567555555C5BF30DE44A32449C23F44
:10EB9800653D42A4FFFFBFBFCAD62A288471BC3F87
:10EBA800FF68B043EB99B9BF85D0AFF78281B73F13
:10EBB800CD45D1751352B5BF9FDEE0C3F034F73FA2
:10EBC8000090E6797FCCD7BF1FE92C6A7813F73F0E
:10EBD80000000DC2EE6FD7BFA0B5FA0860F2F63F8D
:10EBE80000E05113E313D7BF7D8C131FA6D1F63F66
:10EBF800007828385BB8D6BFD1B4C50B49B1F63F09
:10EC080000788090555DD6BFBA0C2F334791F63FF8
:10EC180000001876D002D6BF234222189F71F63F13
:10EC280000909086CAA8D5BFD91EA5994F52F63F25
:10EC380000500356434FD5BFC4248FAA5633F63F1E
:10EC480000406BC337F6D4BF14DC9D6BB314F63F9A
:10EC58000050A8FDA79DD4BF4C5CC65264F6F53F92
:10EC680000A889399245D4BF4F2C91B567D8F53F94
:10EC780000B8B039F4EDD3BFDE905BCBBCBAF53F3A
:10EC880000708F44CE96D3BF781AD9F2619DF53FB4
:10EC980000A0BD171E40D3BF875646125680F53FC9
:10ECA800008046EFE2E9D2BFD36BE7CE9763F53F2A
:10ECB80000E030381B94D2BF937FA7E22547F53F89
:10ECC8000088DA8CC53ED2BF83450642FF2AF53F4D
:10ECD80000902729E1E9D1BFDFBDB2DB220FF53F64
:10ECE80000F8482B6D95D1BFD7DE34478FF3F43F3A
:10ECF80000F8B99A6741D1BF4028DECF43D8F43F26
:10ED08000098EF94D0EDD0BFC8A378C03EBDF43FC3
:10ED18000010DB18A59AD0BF8A25E0C37FA2F43F74
:10ED280000B86352E647D0BF3484D4240588F43F42
:10ED380000F0864522EBCFBF0B2D191BCE6DF43F9B
:10ED480000B017754A47CFBF541839D3D953F43F89
:10ED58000030103D44A4CEBF5A84B444273AF43F4F
:10ED680000B0E9440D02CEBFFBF81541B520F43FD1
:10ED780000F07729A260CDBFB1F43EDA8207F43FF4
:10ED88000090950401C0CCBF8FFE575D8FEEF33F16
:10ED9800001089562920CCBFE94C0BA0D9D5F33FE8
:10EDA8000010818D1781CBBF2BC110C060BDF33F10
:10EDB80000D0D3CCC9E2CABFB8DA752B24A5F33F7B
:10EDC8000090122E4045CABF02D09FCD228DF33F3E
:10EDD80000F01D6877A8C9BF1C7A84C55B75F33F2E
:10EDE800003048696D0CC9BFE236AD49CE5DF33FCE
:10EDF80000C045A62071C8BF40D44D987946F33F5E
:10EE0800003014B48FD6C7BF24CBFFCE5C2FF33F9E
:10EE18000070623CB83CC7BF490DA1757718F33F35
:10EE28000060379B9AA3C6BF90393E37C801F33FAD
:10EE380000A0B754310BC6BF41F895BB4EEBF23F6B
:10EE4800003024767D73C5BFD1A919020AD5F23FD7
:10EE58000030C28F7BDCC4BF2AFDB7A8F9BEF23FE1
:10EE68000000D2512C46C4BFAB1B0C7A1CA9F23F40
:10EE7800000083BC8AB0C3BF30B514607293F23F00
:10EE88000000496B991BC3BFF5A15757FA7DF23FA4
:10EE98000040A4905487C2BFBF3B1D9BB368F23F9C
:10EEA80000A079F8B9F3C1BFBDF58F839D53F23F38
:10EEB80000A02C25C860C1BF3B08C9AAB73EF23FD5
:10EEC8000020F7577FCEC0BFB640A92B012AF23FDA
:10EED80000A0FE49DC3CC0BF3241CC967915F23F18
:10EEE80000804BBCBD57BFBF9BFCD21D2001F23F29
:10EEF800004040960837BEBF0B484D49F4ECF13F3F
:10EF08000040F93E9817BDBF69658F52F5D8F13FAB
:10EF180000A0D84E67F9BBBF7C7E571123C5F13FCF
:10EF280000602F2079DCBABFE926CB747CB1F13FB1
:10EF3800008028E7C3C0B9BFB61A2C0C019EF13F68
:10EF480000C072B346A6B8BFBD70B67BB08AF13FA9
:10EF58000000ACB3018DB7BFB6BCEF258A77F13F8F
:10EF680000003845F174B6BFDA314C358D64F13F95
:10EF78000080876D0E5EB5BFDD5F2790B951F13F08
:10EF880000E0A1DE5C48B4BF4CD232A40E3FF13F92
:10EF980000A06A4DD933B3BFDAF910728B2CF13F58
:10EFA8000060C5F87920B2BF31B5EC28301AF13FBE
:10EFB80000206298460EB1BFAF3484DAFB07F13FF8
:10EFC8000000D26A6CFAAFBFB36B4E0FEEF5F03F9C
:10EFD8000040774A8DDAADBFCE9F2A5D06E4F03F48
:10EFE800000085E4ECBCABBF21A52C6344D2F03F04
:10EFF80000C0124089A1A9BF1A98E27CA7C0F03FBF
:10F0080000C002335888A7BFD136C6832FAFF03F60
:10F018000080D6675E71A5BF3913A098DB9DF03FCD
:10F02800008065498A5CA3BFDFE752AFAB8CF03F35
:10F0380000401564E349A1BFFB284E2F9F7BF03F9A
:10F048000080EB82C0729EBF198F358CB56AF03F85
:10F0580000805252F1559ABF2CF9ECA5EE59F03FB9
:10F06800008081CF623D96BF902CD1CD4949F03FB9
:10F078000000AA8CFB2892BFA9ADF0C6C638F03FA5
:10F088000000F9207B318CBFA93279136528F03F45
:10F098000000AA5D351984BF4873EA272418F03F99
:10F0A8000000ECC2031278BF95B114060408F03FC3
:10F0B80000002479090460BF1AFA26F71FE0EF3F21
:10F0C80000009084F3EF6F3F74EA61C21CA1EF3F28
:10F0D80000003D3541DC873F2E9981B01063EF3F3A
:10F0E8000080C2C4A3CE933FCDADEE3CF625EF3FE2
:10F0F80000008914C19F9B3FE7139103C8E9EE3FC5
:10F10800000011CED8B0A13FABB1CB7880AEEE3FB6
:10F1180000C001D05B8AA53F9B0C9DA21A74EE3FEC
:10F128000080D840835CA93FB5990A83913AEE3FA5
:10F13800008057EF6A27AD3F569A6009E001EE3F1D
:10F1480000C098E59875B03F98BB77E501CAED3FD8
:10F1580000200DE3F553B23F03917C0BF292ED3F93
:10F168000000388BDD2EB43FCE5CFB66AC5CED3F17
:10F1780000C057875906B63F9DDE5EAA2C27ED3F93
:10F1880000006A3576DAB73FCD2C6B3E6EF2EC3F65
:10F1980000601C4E43ABB93F0279A7A26DBEEC3F9D
:10F1A80000600DBBC778BB3F6D08376D268BEC3F01
:10F1B8000020E7321343BD3F04585DBD9458EC3F2F
:10F1C8000060DE71310ABF3F8C9FBB33B526EC3F30
:10F1D8000040912B1567C03F3FE7ECEE83F5EB3F0E
:10F1E80000B092828547C13FC196DB75FDC4EB3FF5
:10F1F8000030CACD6E26C23F284A860C1E95EB3FCA
:10F208000050C5A6D703C33F2C3EEFC5E265EB3FD0
:10F218000010333CC3DFC33F8B88C9674837EB3FD7
:10F2280000807A6B36BAC43F4A301D214B09EB3F48
:10F2380000F0D1283993C53F7EEFF285E8DBEA3F3D
:10F2480000F01824CD6AC63FA23D60311DAFEA3FE9
:10F25800009066ECF840C73FA758D33FE682EA3FE4
:10F2680000F01AF5C015C83F8B7309EF4057EA3F05
:10F278000080F65429E9C83F274BAB902A2CEA3F77
:10F288000040F80236BBC93FD1F29313A001EA3F10
:10F2980000002C1CED8BCA3F1B3CDB249FD7E93FA9
:10F2A80000D0015C515BCB3F90B1C70525AEE93F6B
:10F2B80000C0BCCC6729CC3F2FCE97F22E85E93F02
:10F2C800006048D535F6CC3F754BA4EEBA5CE93FF3
:10F2D80000C04634BDC1CD3F3848E79DC634E93F3C
:10F2E80000E0CFB8018CCE3FE652672F4F0DE93FC3
:10F2F800009017C00955CF3F9DD7FF8E52E6E83FD3
:10F3080000B81F126C0ED03F7C00CC9FCEBFE83FE8
:10F3180000D0930EB871D03F0EC3BEDAC099E83F53
:10F328000070869E6BD4D03FFB1723AA2774E83F52
:10F3380000D04B338736D13F089AB3AC004FE83F33
:10F34800004823670D98D13F553E65E8492AE83FB4
:10F358000080CCE0FFF8D13F6002F4950106E83F59
:10F36800006863D75F59D23F29A3E06325E2E73FEE
:10F3780000A8140930B9D23FADB5DC77B3BEE73F7A
:10F38800006043107218D33FC2259767AA9BE73FD6
:10F398000018EC6D2677D33F570617F20779E73F39
:10F3A8000030AFFB4FD5D33F0C13D6DBCA56E73F2F
:08F3B80000E02FE3EE32D43F28
:08F3C000200FFE7F0100000098
:04F3C800C502000872
:04F3CC00A102000892
:10F3D0000000000000001040000000000000F03FAE
:10F3E000000000000000F03F0000000000C062408C
:10F3F0000090D0030090D00338A501081000000051
:10F400000100000019DC00082DDC000871DC000898
:10F410003DDC0008A5DC000800C000006E190000FB
:10F4200000C0000000000000030000007060002425
:10F43000640000240000000070600024D8600024F4
:10F4400040610024000000000000000000000000F7
:10F4500000000000000000000000000000000000AC
:10F46000000000000000000000000000000000009C
:10F47000000000000000000000000000000000008C
:040000050800550199
:00000001FF
