:020000040800F2
:1000000000000824B54E00089146000899460008F3
:10001000A1460008A9460008B146000800000000FB
:10002000000000000000000000000000B9460008C9
:10003000C746000800000000D5460008E346000857
:10004000054F0008054F0008054F0008054F000840
:10005000054F0008054F0008054F0008054F000830
:10006000054F0008054F0008054F0008054F000820
:10007000054F0008054F0008054F0008054F000810
:10008000054F0008054F0008054F0008054F000800
:10009000054F0008054F0008054F0008054F0008F0
:1000A000054F0008054F0008054F0008054F0008E0
:1000B000054F0008054F0008054F0008054F0008D0
:1000C000054F0008054F0008054F0008054F0008C0
:1000D000054F0008054F0008054F0008054F0008B0
:1000E000054F0008054F000800000000054F0008FC
:1000F000054F0008054F0008054F0008054F000890
:10010000054F0008054F0008054F0008054F00087F
:10011000054F0008054F0008F14600080547000894
:10012000054F0008054F0008054F0008054F00085F
:10013000054F000819470008054F0008054F000843
:1001400000000000000000000000000000000000AF
:10015000054F0008054F0008054F0008054F00082F
:10016000054F0008054F0008054F0008054F00081F
:10017000054F0008054F0008054F0008000000006B
:10018000054F0008054F0008054F0008054F0008FF
:10019000054F0008054F0008054F0008054F0008EF
:1001A000054F0008054F0008054F0008054F0008DF
:1001B000054F0008054F0008054F0008054F0008CF
:1001C000054F0008054F0008054F0008054F0008BF
:1001D000054F0008054F0008054F0008054F0008AF
:1001E000054F0008054F0008054F0008054F00089F
:1001F000054F0008054F0008054F0008054F00088F
:10020000054F0008054F0008054F0008054F00087E
:10021000054F0008054F0008054F0008054F00086E
:10022000054F0008054F0008054F000800000000BA
:10023000054F0008054F000800000000054F0008AA
:10024000054F0008054F0008054F0008054F00083E
:10025000054F0008054F0008054F0008054F00082E
:10026000054F0008054F0008054F0008054F00081E
:10027000054F0008054F0008054F0008000000006A
:10028000054F0008054F0008054F0008000000005A
:0802900000000000054F00080A
:1002A00010B5054C237833B9044B13B10448AFF3B0
:1002B00000800123237010BDB00000240000000066
:1002C000109D010808B5034B1BB103490348AFF368
:1002D000008008BD00000000B4000024109D01084B
:1002E00010F8012B11F8013B012A28BF9A42F7D0E0
:1002F000D01A7047034613F8012B002AFBD1181AB5
:1003000001387047000000000000000000000000FD
:1003100001F0FF01102A2BDB10F0070F08D010F8B6
:10032000013B013A8B422DD010F0070F42B3F6D1BA
:10033000F0B441EA012141EA014122F007047FF0D3
:1003400000070023F0E80256083C85EA010586EA2A
:10035000010685FA47F5A3FA87F586FA47F6A5FA66
:1003600087F68EB9EED1F0BC01F0FF0102F0070272
:1003700032B110F8013B013A83EA010313B1F8D11D
:100380000020704701387047002D06BF35460338FE
:10039000073815F0010F07D1013015F4807F02BF37
:1003A000013015F4C03F0130F0BC0138704700BF88
:1003B00053B94AB9002908BF00281CBF4FF0FF31CC
:1003C0004FF0FF3000F06AB9ADF1080C6DE904CED2
:1003D00000F006F8DDF804E0DDE9022304B0704720
:1003E0002DE9F047089D0C46002B4ED194468C45D4
:1003F0008646B2FA82F262D94AB1C2F12003914034
:1004000020FA03F30CFA02FC194300FA02FE4FEA49
:100410001C471FFA8CF6B1FBF7F44FEA1E4307FBAB
:10042000141143EA014304FB06F199420AD91CEB7B
:10043000030304F1FF3080F01281994240F20F81F2
:10044000023C6344591A1FFA8EF3B1FBF7F007FB25
:10045000101143EA014300FB06F69E420AD91CEB49
:10046000030300F1FF3180F0FC809E4240F2F980EE
:10047000634402389B1B40EA044000211DB1D34075
:100480000022C5E90032BDE8F0878B4205D90DB1E5
:10049000C5E9000100210846F5E7B3FA83F1002918
:1004A00046D1A34202D39042C0F0F080861A64EB9A
:1004B00003030120002DE6D0C5E90063E3E7002A2D
:1004C00040F09080A1EB0C044FEA1C481FFA8CF717
:1004D0000121B4FBF8F64FEA1E4308FB164443EA39
:1004E000044307FB06F0984208D91CEB030306F10E
:1004F000FF3402D2984200F2CD8026461C1A1FFA21
:100500008EF3B4FBF8F008FB104443EA044300FB0D
:1005100007F79F4208D91CEB030300F1FF3402D216
:100520009F4200F2B0802046DB1B40EA0640A5E770
:10053000C1F120068B4022FA06F71F4320FA06FC81
:1005400004FA01F343EA0C03F44000FA01F8380C12
:100550004FEA1349B4FBF0FE1FFA87FC00FB1E4470
:1005600049EA04440EFB0CF9A14502FA01F20AD94A
:100570003C190EF1FF3A80F08480A14540F2818061
:10058000AEF1020E3C44A4EB09041FFA83F9B4FB5C
:10059000F0F300FB134449EA044403FB0CFCA445BC
:1005A00007D93C1903F1FF3067D2A44565D9023B56
:1005B0003C4443EA0E40A0FB0293A4EB0C049C4293
:1005C000CE469C4651D34ED055B1B8EB0E0364EBEA
:1005D0000C0404FA06F6CB401E43CC40C5E9006487
:1005E000002150E7C2F1200320FA03F10CFA02FCCB
:1005F00024FA03F394400C434FEA1C4800FA02FE2D
:100600001FFA8CF7B3FBF8F008FB1031230C43EA18
:10061000014300FB07F1994208D91CEB030300F1E9
:10062000FF362CD299422AD9023863445B1AA4B20D
:10063000B3FBF8F108FB113344EA034401FB07F371
:10064000A34208D91CEB040401F1FF3613D2A342E4
:1006500011D902396444E41A41EA004139E70446F9
:10066000F0E6084606E7C845AED2B9EB020E63EBEA
:10067000070C0138A8E73146EDE7034699E7304615
:10068000D4E7D6467FE7634402384DE70646234663
:1006900008460FE7023E634430E700BF704700BFE3
:1006A00090B5ADF5037D00AF07F50274A4F5FE74B7
:1006B000206007F50270A0F5017080E8060007F5DC
:1006C0000272A2F5027213600023C7F8D831C94B39
:1006D000C7F8DC3107F50273A3F501735B68C649FF
:1006E0001846FFF7FDFD0346002B40F0F78207F5A3
:1006F0000273A3F501731B68C7F8043207F5027390
:10070000A3F50273BD49186817F0F6FF0346002BE6
:1007100007D1D7F804320833C7F8D831B84BC7F837
:10072000DC3107F50273A3F50273B649186817F0B8
:10073000E3FF0346002B07D1D7F804324033C7F854
:10074000D831B14BC7F8DC3107F50273A3F502735A
:10075000AE49186817F0D0FF0346002B08D1D7F830
:10076000043203F51C73C7F8D831A94BC7F8DC3144
:1007700007F50273A3F50273A649186817F0BCFFCA
:100780000346002B08D1D7F8043203F53873C7F8B5
:10079000D831A14BC7F8DC3107F50273A3F502731A
:1007A0009E49186817F0A8FF0346002B08D1D7F818
:1007B000043203F54673C7F8D831994BC7F8DC31DA
:1007C00007F50273A3F502739649186817F094FFB2
:1007D0000346002B08D1D7F8043203F56273C7F83B
:1007E000D831874BC7F8DC3107F50273A3F50273E4
:1007F0008D49186817F080FF0346002B08D1D7F801
:10080000043203F57073C7F8D8317D4BC7F8DC317B
:1008100007F50273A3F502738449186817F06CFF9B
:100820000346002B08D1D7F8043203F57E73C7F8CE
:10083000D831734BC7F8DC3107F50273A3F50273A7
:100840007B49186817F058FF0346002B08D1D7F8EA
:10085000043203F59463C7F8D831694BC7F8DC312B
:1008600007F50273A3F502737249186817F044FF85
:100870000346002B08D1D7F8043203F59B63C7F871
:10088000D8315F4BC7F8DC3107F50273A3F502736B
:100890006949186817F030FF0346002B08D1D7F8D4
:1008A000043203F5D363C7F8D831554BC7F8DC31B0
:1008B00007F50273A3F502736049186817F01CFF6F
:1008C0000346002B08D1D7F8043203F5F663C7F8C6
:1008D000D8314B4BC7F8DC3107F50273A3F502732F
:1008E0005749186817F008FF0346002B08D1D7F8BE
:1008F000043203F5FD63C7F8D831414BC7F8DC314A
:1009000007F50273A3F502734E49186817F0F4FE59
:100910000346002B08D1D7F8043203F5EF63C7F87C
:10092000D831374BC7F8DC3107F50273A3F50273F2
:100930004549186817F0E0FE0346002B08D1D7F8A8
:10094000043203F5A263C7F8D8312D4BC7F8DC3168
:1009500007F50273A3F502733C49186817F0CCFE43
:100960000346002B08D1D7F8043203F5A963C7F872
:10097000D831234BC7F8DC3107F50273A3F50273B6
:100980003349186817F0B8FE0346002B08D1D7F892
:10099000043203F5B063C7F8D831194BC7F8DC311E
:1009A00007F50273A3F502732A49186817F0A4FE2D
:1009B0000346002B08D1D7F8043203F5B763C7F814
:1009C000D8310F4BC7F8DC3107F50273A3F502737A
:1009D0002149186817F090FE0346002B3ED1D7F846
:1009E000043203F5BE63C7F8D831054BC7F8DC31D4
:1009F00034E000BF289D01082C9D0108389D0108A6
:100A00003C9D0108449D0108489D01084C9D01083A
:100A1000509D0108549D01085C9D0108649D0108DA
:100A2000689D01086C9D0108709D0108749D010876
:100A3000789D01087C9D0108809D0108889D010822
:100A4000909D0108989D0108A09D0108A49D0108A2
:100A5000AC9D0108B49D0108BC9D010807F5027317
:100A6000A3F50273CA49186817F046FE0346002B27
:100A700008D1D7F8043203F58663C7F8D831C54BDF
:100A8000C7F8DC3107F50273A3F50273C249186891
:100A900017F032FE0346002B08D1D7F8043203F5D5
:100AA0008D63C7F8D831BB4BC7F8DC3107F502734B
:100AB000A3F50273B949186817F01EFE0346002B10
:100AC00008D1D7F8043203F5CC63C7F8D831B14B5D
:100AD000C7F8DC3107F50273A3F50273B049186853
:100AE00017F00AFE0346002B08D1D7F8043203F5AD
:100AF000C563C7F8D831A74BC7F8DC3107F50273D7
:100B0000A3F50273A749186817F0F6FD0346002BFA
:100B100008D1D7F8043203F5DA63C7F8D8319D4B12
:100B2000C7F8DC3107F50273A3F502739E49186814
:100B300017F0E2FD0346002B08D1D7F8043203F585
:100B4000E163C7F8D831934BC7F8DC3107F502737E
:100B5000A3F502739549186817F0CEFD0346002BE4
:100B600008D1D7F8043203F51063C7F8D831894BA0
:100B7000C7F8DC3107F50273A3F502738C491868D6
:100B800017F0BAFD0346002B08D1D7F8043203F65C
:100B90003813C7F8D8317F4BC7F8DC3107F502733B
:100BA000A3F502738349186817F0A6FD0346002BCE
:100BB00008D1D7F8043203F5E863C7F8D831754B8C
:100BC000C7F8DC3107F50273A3F502737A49186898
:100BD00017F092FD0346002B08D1D7F8043203F535
:100BE0000263C7F8D8316B4BC7F8DC3107F50273E5
:100BF000A3F502737149186817F07EFD0346002BB8
:100C000008D1D7F8043203F65803C7F8D831614B3E
:100C1000C7F8DC3107F50273A3F502736849186859
:100C200017F06AFD0346002B08D1D7F8043203F50C
:100C30000963C7F8D831574BC7F8DC3107F50273A1
:100C4000A3F502735F49186817F056FD0346002BA1
:100C500008D1D7F8043203F6C803C7F8D8314D4B92
:100C6000C7F8DC3107F50273A3F50273564918681B
:100C700017F042FD0346002B08D1D7F8043203F5E4
:100C80001763C7F8D831434BC7F8DC3107F5027357
:100C9000A3F502734D49186817F02EFD0346002B8B
:100CA00008D1D7F8043203F6A813C7F8D831394B66
:100CB000C7F8DC3107F50273A3F5027344491868DD
:100CC00017F01AFD0346002B08D1D7F8043203F5BC
:100CD0001E63C7F8D8312F4BC7F8DC3107F5027314
:100CE000A3F501735B683B491846FFF7F9FA034621
:100CF000002B2CD107F50273A3F501731B68C7F80D
:100D0000003207F50273A3F502733349186817F030
:100D1000F3FC0346002B06D1D7F80032C7F8D831D0
:100D20002E4BC7F8DC3107F50273A3F502732C498B
:100D3000186817F0E1FC0346002B08D1D7F8003201
:100D400003F58C73C7F8D831244BC7F8DC3107F5AD
:100D50000273A3F501735B6820491846FFF7C0FAD8
:100D60000346002B40F0938007F50273A3F501734F
:100D70001B68C7F8FC3107F50273A3F50273194924
:100D8000186817F0B9FC0346002B34D12CE000BFE3
:100D9000C49D01083C9D0108C89D0108D09D010823
:100DA000D89D0108E09D0108E49D0108EC9D010823
:100DB000F49D0108FC9D0108049E0108089E01089D
:100DC0000C9E0108109E0108189E0108209E010833
:100DD000289E0108489D0108309E0108349E0108A4
:100DE000409E0108449E0108D7F8FC31C7F8D8316D
:100DF000C34BC7F8DC3107F50273A3F50273C14991
:100E0000186817F079FC0346002B07D1D7F8FC319E
:100E10003833C7F8D831BA4BC7F8DC3107F502735D
:100E2000A3F50273B849186817F066FC0346002B57
:100E300007D1D7F8FC317033C7F8D831B04BC7F8B9
:100E4000DC3107F50273A3F50273B049186817F097
:100E500053FC0346002B07D1D7F8FC31A833C7F861
:100E6000D831A74BC7F8DC3107F50273A3F502733D
:100E7000A749186817F040FC0346002B07D1D7F8A4
:100E8000FC31E033C7F8D8319D4BC7F8DC3107F5AA
:100E90000273A3F501735B689E491846FFF720FAB9
:100EA0000346002B18D107F50273A3F501731B68E5
:100EB000C7F8F83107F50273A3F50273964918686D
:100EC00017F01AFC0346002B06D1D7F8F831C7F803
:100ED000D831924BC7F8DC3107F50273A3F50173E3
:100EE0005B688E491846FFF7FBF90346002B2BD1B0
:100EF00007F50273A3F501731B68C7F8F43107F512
:100F00000273A3F502738649186817F0F5FB0346D0
:100F1000002B06D1D7F8F431C7F8D831784BC7F891
:100F2000DC3107F50273A3F502737649186817F0F0
:100F3000E3FB0346002B07D1D7F8F4313833C7F869
:100F4000D8316F4BC7F8DC3107F50273A3F5017395
:100F50005B6874491846FFF7C3F90346002B18D1A4
:100F600007F50273A3F501731B68C7F8F03107F5A5
:100F70000273A3F502736C49186817F0BDFB0346B2
:100F8000002B06D1D7F8F031C7F8D8315C4BC7F841
:100F9000DC3107F50273A3F501735B6863491846FA
:100FA000FFF79EF90346002B2BD107F50273A3F53B
:100FB00001731B68C7F8EC3107F50273A3F50273E0
:100FC0005B49186817F098FB0346002B06D1D7F849
:100FD000EC31C7F8D8314A4BC7F8DC3107F502735A
:100FE000A3F502735349186817F086FB0346002BDC
:100FF00007D1D7F8EC313833C7F8D831404BC7F8B0
:10100000DC3107F50273A3F501735B683C491846B0
:10101000FFF766F90346002B64D107F50273A3F5C9
:1010200001731B68C7F8E83107F50273A3F5027373
:101030004149186817F060FB0346002B06D1D7F82A
:10104000E831C7F8D8313D4BC7F8DC3107F50273FA
:10105000A3F502733A49186817F04EFB0346002BBC
:1010600007D1D7F8E8310833C7F8D831334BC7F880
:10107000DC3107F50273A3F502733249186817F0E3
:101080003BFB0346002B07D1D7F8E8311033C7F8F4
:10109000D8312A4BC7F8DC3107F50273A3F5027388
:1010A0002949186817F028FB0346002B07D1D7F809
:1010B000E8311C33C7F8D831244BC7F8DC3107F5C9
:1010C0000273A3F502732249186817F015FB034653
:1010D000002B07D1D7F8E8312033C7F8D8311D4BA2
:1010E000C7F8DC3107F50273A3F501735B68194992
:1010F0001846FFF7F5F80346002B6CD12CE000BF33
:101100003C9D0108489E0108509E0108549E01081C
:101110005C9E0108509D0108309E0108689E0108F0
:10112000449E01085C9D0108749E0108689D0108A9
:10113000789E01087C9E0108809E0108849E01081B
:101140008C9E0108909E0108949E01089C9E0108B7
:10115000A49E0108A89E010807F50273A3F5017378
:101160001B68C7F8E43107F50273A3F5027337492A
:10117000186817F0C1FA0346002B06D1D7F8E431FE
:10118000C7F8D831324BC7F8DC3107F50273A3F545
:1011900002733049186817F0AFFA0346002B07D1E5
:1011A000D7F8E4310433C7F8D831294BC7F8DC311C
:1011B00007F50273A3F502732749186817F09CFA24
:1011C0000346002B07D1D7F8E4310833C7F8D831EC
:1011D0001F4BC7F8DC3107F50273A3F501735B6899
:1011E0001E491846FFF77CF80346002B18D107F577
:1011F0000273A3F501731B68C7F8E03107F50273AA
:10120000A3F5027316491868FFF76AF80346002B26
:1012100006D1D7F8E031C7F8D8310D4BC7F8DC312B
:1012200007F50273A3F5FE731B681A4607F5EC7306
:1012300093E8030082E8030007F50273A3F5FE7349
:10124000186807F50377BD4690BD00BFB09E010842
:10125000B89E0108BC9E0108C49E01089C9E01081E
:101260007C9E010880B485B000AFF86087ED000B6C
:10127000FB6893ED047B97ED006BB4EEC76BF1EE6A
:1012800010FA04DDFB68D3E90423C7E90023FB68F7
:1012900093ED027B97ED006BB4EEC76BF1EE10FAA5
:1012A00004D5FB68D3E90223C7E90023F968D7E92D
:1012B0000023C1E90023FB68DB69012B2ED1FB6809
:1012C000DB6A002B2AD0FB68DB6A002B26D0FB6888
:1012D0005B6A002B03F00103B8BF5B42FA680A3374
:1012E0009B0013445A68FB689B6ADB00D118D7E95E
:1012F0000023C1E90023FB689B6A5A1CFB689A62C1
:10130000FB681A6AFB689B6A9A4207DCFB6800224A
:101310009A62FB685B6A5A1CFB685A6200BF14370A
:10132000BD465DF8047B704780B5ADF5056D00AF37
:10133000BD494FF00002BD4BC1E90023BA4B083351
:1013400038220021184617F0CEF9B7494FF00002B5
:10135000B74BC1E90223B4494FF00002B54BC1E9D4
:101360000623B14B03F5627338220021184617F0AB
:10137000BAF9AD49A2A3D3E90023C1E9E223AA49FE
:101380004FF00002AC4BC1E9E423A74B03F57073A7
:1013900038220021184617F0A6F9A3494FF00002A1
:1013A000A64BC1E9F223A0494FF00002A14BC1E9CD
:1013B000F4239D4B03F5946338220021184617F05F
:1013C00092F9994B03F5946319464FF00002984B3C
:1013D000C1E90023944B03F5966319464FF00002D0
:1013E000974B41E90223904B03F5966319464FF062
:1013F00000028F4BC1E900238B4B03F59B6338221E
:101400000021184617F06FF9874B03F59C631946C6
:101410004FF00002864B41E90223834B03F59E63A4
:1014200019464FF00002824B41E902237E4B03F53F
:10143000D36338220021184617F055F97A4B03F58B
:10144000D46319464FF000027E4B41E90223764BEC
:1014500003F5D46319464FF00002754BC1E9002330
:10146000714B03F5D66319464FF00002764B41E904
:1014700002236D4B03F5F66338220021184617F05E
:1014800032F9694B03F5F66319464FF000024FF04D
:101490008043C1E90023644B03F5F86319464FF01C
:1014A00000026A4BC1E900235F4B03F5EF6338226A
:1014B0000021184617F017F95B4B03F5F263194644
:1014C00051A3D3E9002341E90223574B03F5FD6300
:1014D00038220021184617F006F9534B03F5006334
:1014E00019464FF00002524B41E902234E4B03F5DF
:1014F000A26338220021184617F0F5F84A4B03F58D
:10150000A263194642A3D3E90023C1E90023464B55
:1015100003F5A463194640A3D3E90023C1E90023DE
:10152000414B03F5866338220021184617F0DBF89B
:101530003D4B03F5886319464FF000023D4BC1E96E
:101540000023394B03F58D6338220021184617F02C
:10155000CAF8354B03F58E6319464FF00002394B3C
:1015600041E90223304B03F58E6319462CA3D3E9DE
:101570000023C1E900232C4B03F5906319464FF07B
:101580000002304B41E90223274B03F5A9633822BF
:101590000021184617F0A7F8234B03F5AC63194652
:1015A0004FF000022A4B41E902231F4B03F5B063C1
:1015B00038220021184617F096F81B4B03F5B0634C
:1015C00019464FF000024FF08043C1E90023164B4B
:1015D00003F5B26319464FF000021E4BC1E9002328
:1015E000114B03F5B76338220021184617F07BF83A
:1015F0000D4B03F5B86319462EE000BFAFF3008032
:10160000FCA9F1D24D6280BF333333333333E33F30
:101610007B14AE47E17A843F9A9999999999B93F99
:10162000FCA9F1D24D62503FD000002400002040C0
:101630000000F03F000059400000E0BF000059C02A
:101640000000F0BF0000344000003940000024409A
:101650000000084000001440CBA3D3E90023C1E9F7
:101660000023BD4B03F5BA6319464FF00002BB4B94
:1016700041E90223B84B03F5BE6338220021184626
:1016800017F031F8B44B03F5C06319464FF0000270
:10169000B34BC1E90023B04BB033382200211846C8
:1016A00017F021F8AC494FF00002AE4BC1E92C23F2
:1016B000A9494FF00002AC4BC1E92E23A6494FF0D7
:1016C0000002AA4BC1E93023A34B78333822002112
:1016D000184617F008F8A0499BA3D3E90023C1E9F5
:1016E00022239D4BE83338220021184616F0FBFFD9
:1016F00099494FF000029C4BC1E93E23964B03F5FC
:10170000907338220021184616F0EDFF92494FF0F1
:101710000002954BC1E948238F494FF00002934BDB
:10172000C1E94C238C4B03F52A733822002118465B
:1017300016F0D9FF88494FF000028D4BC1E9AE2366
:10174000854B03F5CC6338220021184616F0CBFFF9
:10175000814B03F5CE6319464FF00002854B41E9FA
:1017600002237D4B03F5CE6319464FF000027F4BF9
:10177000C1E90023784B03F5C563382200211846E0
:1017800016F0B1FF744B03F5C66319464FF0000223
:10179000784BC1E90023704B03F5C86319464FF03D
:1017A0000002724B41E902236B4B03F5E8633822D8
:1017B0000021184616F097FF674B03F5E8631946BA
:1017C0004FF000026C4BC1E90023634B03F5EA6361
:1017D00019464FF00002694BC1E900235E4B03F547
:1017E000E16338220021184616F07DFF5A4B03F5BD
:1017F000E46319464FF00002594B41E90223564B6E
:1018000003F5106338220021184616F06CFF524B86
:1018100003F5116319464FF00002594B41E90223C9
:101820004D4B03F5116319464FF000024E4BC1E9D1
:101830000023494B03F6381338220021184616F0CE
:1018400052FF454B03F51463194641A3D3E9002326
:1018500041E90223404B03F5146319464FF000029F
:10186000474BC1E900233C4B03F5156319464FF084
:1018700000023D4B41E90223374B03F5DA6338227E
:101880000021184616F02FFF334B03F5DC63194691
:101890004FF00002364BC1E900232F4B03F50263E2
:1018A00038220021184616F01EFF2B4B03F5036368
:1018B00019464FF00002334BC1E90023264B03F6D3
:1018C000580338220021184616F00DFF224B03F56D
:1018D000076319464FF000022A4B41E902231E4BD1
:1018E00003F5096338220021184616F0FCFE1A4B56
:1018F00003F50A6319464FF00002224BC1E90023A9
:10190000154B03F6C80338220021184616F0EBFEEB
:10191000114B03F50E6319464FF00002194B41E9D4
:1019200002230D4B03F5176338220021184616F0E9
:10193000DAFE094B03F5186319464FF000020A4B13
:1019400026E000BFAFF30080000000000005E44087
:10195000FA7E6ABC749368BFD000002400408F40B8
:1019600000001040000049400000F03F00005940D6
:1019700000001440000059C00000344000003A400C
:101980000000F0BF000024400000000000408FC0B5
:10199000C1E90023324B03F6A81338220021184670
:1019A00016F0A1FE2E4B03F51C6319464FF0000202
:1019B0002C4B41E902232A4B03F51E6338220021F8
:1019C000184616F090FE264B03F51F6319464FF09C
:1019D0000002244BC1E90023214B03F53873382260
:1019E0000021184616F07FFE1D491BA3D3E90023F2
:1019F000C1E9B8231A494FF000021B4BC1E9BA23D1
:101A000017494FF00002194BC1E9BC23144B03F5F1
:101A1000467338220021184616F065FE10494FF033
:101A200000024FF08043C1E9CA230D4B03F5547304
:101A300038220021184616F056FE09494FF00002E0
:101A40004FF04043C1E9D62300BF07F50567BD4607
:101A500080BD00BFAFF300800000000000C0624006
:101A6000D00000240000F03F0000594000407F40BB
:101A700080B5ADF6781D00AF07F67813A3F67413A2
:101A8000186007F67813A3F6781319600023C7F8D7
:101A900074390023C7F870390023C7F86C3907F68A
:101AA0007813A3F66C1300221A7007F67813A3F6C6
:101AB00074131868FEF71EFC0346C7F86C39D7F894
:101AC0006C3907F67812A2F67412126813443B229E
:101AD0001A700023C7F8743937E0D7F8743907F65D
:101AE0007812A2F67412126813441B783B2B12D1A1
:101AF00007F60812D7F87039134400221A70002331
:101B0000C7F8703907F10C0207F60813114618469A
:101B100000F032F814E0D7F8743907F67812A2F61C
:101B2000741212681344197807F60812D7F870393E
:101B300013440A461A70D7F870390133C7F8703960
:101B4000D7F874390133C7F87439D7F87429D7F83E
:101B50006C399A42C1DD07F10C0207F67813A3F63F
:101B600078131146186816F086FE0023184607F60B
:101B70007817BD4680BD000090B5DBB000AF07F51B
:101B8000B473A3F5B273186007F5B473A3F5B47317
:101B900019600023C7F864310023C7F860310023BF
:101BA000C7F8E43007F1E80360220021184616F078
:101BB0009AFD0023C7F8803007F1840360220021DA
:101BC000184616F090FD07F5B473A3F5A67300222E
:101BD0001A60043360220021184616F084FD07F5D0
:101BE000B473A3F5B273186800F0B6FA07F5B473CE
:101BF000A3F5B2731868FEF77DFB0346C7F85031B2
:101C000014E0D7F8603107F5B472A2F5B272126829
:101C10001344197807F1E402D7F8603113440A46F7
:101C20001A70D7F860310133C7F86031D7F86021F6
:101C3000D7F850319A420ADAD7F8603107F5B47212
:101C4000A2F5B272126813441B78202BD9D107F188
:101C5000E402D7F86031134400221A70D7F86031DB
:101C60000133C7F8603119E0D7F8603107F5B47275
:101C7000A2F5B27212681344197807F18002D7F8FE
:101C8000643113440A461A70D7F860310133C7F83B
:101C90006031D7F864310133C7F86431D7F8602177
:101CA000D7F850319A420ADAD7F8603107F5B472A2
:101CB000A2F5B272126813441B78202BD4D107F11D
:101CC0008002D7F86431134400221A704FF0FF33BA
:101CD000C7F85C310023C7F8583107F5B473A3F592
:101CE000AA73AA4A92E8030083E8030007F5B473D5
:101CF000A3F5AE7107F5B473A3F5AA720B4692E88B
:101D0000030083E8030054E0D7F85C310133C7F8DF
:101D10005C310023C7F8583118E007F1E402D7F826
:101D20005C311344197807F5B473A3F5A672D7F89C
:101D3000583113440A461A70D7F858310133C7F89E
:101D40005831D7F85C310133C7F85C3107F1E40250
:101D5000D7F85C3113441B783A2B07D007F1E40223
:101D6000D7F85C3113441B78002BD6D107F5B47338
:101D7000A3F5A672D7F85831134400221A7007F55C
:101D8000B473A3F5AE7107F5B473A3F5AA720B464D
:101D900092E8030083E8030007F5B473A3F5AA7083
:101DA00007F11C0307F5B472A2F5AA7206CAFEF782
:101DB00077FC07F1E402D7F85C3113441B78002B61
:101DC000A2D1D7F85C31B3F1FF3F9DD097F88030B6
:101DD0003F2B40F0E98007F5B473A3F5AA735B6865
:101DE0006B491846FEF77CFA0346002B0DD107F528
:101DF000B473A3F5AA731B6893ED007B07F11C0372
:101E0000B0EE470B184600F07BFA07F5B473A3F564
:101E1000AA735B685F491846FEF762FA0346002B17
:101E20000DD107F5B473A3F5AA731B6893ED007B7E
:101E300007F11C03B0EE470B184600F061FA07F5F6
:101E4000B473A3F5AA735B6853491846FEF748FAC2
:101E50000346002B10D107F5B473A3F5AA731B68D2
:101E60001B6807EE903AB8EEE77B07F11C03B0EE73
:101E7000470B184600F044FA07F5B473A3F5AA73AC
:101E80005B6846491846FEF72BFA0346002B5ED1E5
:101E900007F5B473A3F5AA731B68C7F84831D7F8E0
:101EA0004831DB68002B5CD0D7F848311B69002B28
:101EB00057D00023C7F854310023C7F854313EE00F
:101EC000D7F848315B680133002B03F00103B8BF3A
:101ED0005B42D7F8482102339B0013445A68D7F875
:101EE0005431DB00134493ED007B07F11C03B0EE8B
:101EF000470B184600F004FA07F11C0207F5B4730B
:101F0000A3F5B4731146186816F010FC07F5B47306
:101F1000A3F5B4731868FEF7EDF903461A4607F502
:101F2000B473A3F5B4731B6813441D491A460B46DA
:101F30001B881380D7F854310133C7F85431D7F8D0
:101F400048311B68D7F854219A42B9DB09E007F100
:101F50001C0207F5B473A3F5B4731146186816F0A4
:101F6000E5FB07F5B473A3F5B4731868FEF7C2F97F
:101F700003461A4607F5B473A3F5B4731B681344FC
:101F800008491A460B461B881380D7E0D09E0108EB
:101F9000849E01083C9D0108B89E0108A89E010886
:101FA000C89E0108CC9E010807F5B473A3F5AA7377
:101FB0005B6865491846FEF793F90346002B0DD17F
:101FC00007F5B473A3F5AA731C6807F180031846DC
:101FD00000F029F9B0EE407B84ED007B07F5B47387
:101FE000A3F5AA735B6859491846FEF779F90346C9
:101FF000002B10D107F5B473A3F5AA731C6807F181
:102000008003184600F00FF9B0EE407BB0EE470BAE
:102010002046FFF727F907F5B473A3F5AA735B68A9
:102020004B491846FEF75CF90346002B10D107F127
:102030008003184600F0F7F8B0EE407B07F5B47364
:10204000A3F5AA731B68FDEEC77B17EE902A1A60F2
:1020500007F5B473A3F5AA735B683E491846FEF70B
:102060003FF90346002B69D107F5B473A3F5AE73AE
:102070001B682033C7F84C3107F18003184600F085
:10208000D2F8B0EE407BB5EEC07BF1EE10FA30DD59
:1020900007F5B473A3F5AA731B6801221A60D7F879
:1020A0004C311B68002B03D1D7F84C310A221A603F
:1020B000D7F84C311B680821184616F051F8034632
:1020C0001A46D7F84C31DA60D7F84C311B68082132
:1020D000184616F045F803461A46D7F84C311A61EF
:1020E000D7F84C3100229A60D7F84C3100225A6060
:1020F00024E007F5B473A3F5AA731B6800221A60E5
:10210000D7F84C31DB68002B05D0D7F84C31DB68B1
:10211000184616F049F8D7F84C311B69002B05D04A
:10212000D7F84C311B69184616F03EF8D7F84C31F9
:102130000022DA60D7F84C3100221A6100231846D9
:1021400007F5B677BD4690BD849E01083C9D010809
:10215000B89E01089C9E010880B586B000AF7860EB
:1021600000237B6100233B610023FB600023BB60F5
:102170007868FEF7BFF803467B617B69642B05DD59
:1021800064237B6102E03B6901333B613B697A6810
:1021900013441B78202B38D13A697B699A42F2DBD1
:1021A00033E03B697A6813441B78202B05D03B69E8
:1021B0007A6813441B780A2B17D1BB68002B10D107
:1021C0000123BB603B697A681A44FB6879680B4459
:1021D00012781A70FB680133FB603B6901333B6185
:1021E00013E03B6901333B610FE00023BB603B69B7
:1021F0007A681A44FB6879680B4412781A70FB6895
:102200000133FB603B6901333B613A697B699A4268
:10221000C7DBFB687A68134400221A700023184653
:102220001837BD4680BD80B58AB000AF7860002306
:10223000FB6100233B617868FEF75CF803467B6135
:102240007B69013B7A6813441B780A2B02D17B69B6
:10225000013B7B610023BB6120E0BB697A681344CA
:102260001B782E2B0BD1FB69012B04D14FF0000200
:102270004FF000033DE00123FB61BB693B61FB695B
:10228000012B08D1BB6901337A681A44BB697968AC
:102290000B4412781A70BB690133BB61BA697B6960
:1022A0009A42DADB786815F057FFF860FB6807EEB2
:1022B000903AB8EEE77B87ED087BFB69002B16D0E0
:1022C0007A693B69D31AC3F1010307EE903AB8EE7D
:1022D000E77BB0EE471BB2EE040B17F0ADF8B0EEA3
:1022E000406B97ED087B27EE067B87ED087BD7E9EF
:1022F000082343EC172BB0EE470B2837BD4680BDB3
:1023000080B58CB000AFF86087ED000B0023FB6256
:1023100000233B6297ED007BB5EE407BF1EE10FAB7
:1023200007D1FB6880491A460B461B88138000239F
:10233000EAE097ED007BB5EEC07BF1EE10FA0DD52B
:10234000FB6AFA6813442D221A70FB6A0133FB62A0
:1023500097ED007BB1EE477B87ED007B6CA3D3E963
:102360000023C7E9062307E097ED066BB2EE045B96
:1023700086EE057B87ED067B97ED067B9FED666B12
:10238000B4EEC67BF1EE10FA08DD97ED066B97ED23
:10239000007BB4EEC76BF1EE10FAE5DC97ED060BAF
:1023A00016F0DAFFB0EE407BFDEEC77B17EE903AF9
:1023B0007B617B69002B24DA7B695B427B61FB6A72
:1023C000FA68134430221A70FB6A0133FB62FB6A1D
:1023D000FA6813442E221A70FB6A0133FB62012350
:1023E000BB620AE0FB6AFA68134430221A70FB6A87
:1023F0000133FB62BB6A0133BB62BA6A7B699A42F2
:10240000F0DB00237B6276E00923BB6220E0BB6A3D
:1024100007EE903AB8EEE76B97ED067B26EE077B6A
:1024200097ED006B36EE477BB5EEC07BF1EE10FA10
:102430000BDBBB6ADAB2FB6AF9680B443032D2B20A
:102440001A70FB6A0133FB6205E0BB6A013BBB62A9
:10245000BB6A002BDBDABB6A07EE903AB8EEE76B9B
:1024600097ED067B26EE077B97ED006B36EE477BFC
:1024700087ED007B97ED066BB2EE045B86EE057B85
:1024800087ED067B97ED067BB6EE006BB4EEC67B60
:10249000F1EE10FA12D597ED067B9FED216BB4EEAD
:1024A000C67BF1EE10FA09DDFB6AFA6813442E22AE
:1024B0001A70FB6A0133FB6201233B6297ED007BDC
:1024C000B5EE407BF1EE10FA12D13B6A002B0FD033
:1024D000FB6A013BFA6813441B782E2B02D1FB6A7E
:1024E000013BFB62FB6AFA68134400221A7005E0A4
:1024F0007B6A01337B627B6A092B85DDFB6AFA68A4
:10250000134400221A70002318463037BD4680BDA0
:102510000000000084D797413A8C30E28E79453E26
:102520009A9999999999A93FD89E010880B594B034
:1025300000AFF860B9607A6004F04EFF0023BB631F
:102540000223FB6306233B6401237B642023BB64DB
:1025500007F1340207F138031146184605F03CF83C
:102560000346002B02D004F071FF65E00023FB64FA
:102570005CE0FA6C7B689A4206D2FB6CDB00BA68BE
:102580001344D3E9002303E04FF0FF324FF0FF3351
:10259000C7E90423FB6C01337A689A4207D9FB6CC4
:1025A0000133DB00BA681344D3E9002303E04FF0A2
:1025B000FF324FF0FF33C7E90623FB6C02337A6822
:1025C0009A4207D9FB6C0233DB00BA681344D3E9A3
:1025D000002303E04FF0FF324FF0FF33C7E9082339
:1025E000FB6C03337A689A4207D9FB6C0333DB0038
:1025F000BA681344D3E9002303E04FF0FF324FF0F1
:10260000FF33C7E90A23FB6CDA00FB68134407F1C8
:1026100010021946012004F04DFE0346002B02D0A3
:1026200004F014FF08E0FB6C0433FB64FA6C7B6875
:102630009A429ED304F00AFF5037BD4680BD80B455
:1026400087B000AFF860B9607A60FB683B61002337
:102650007B610EE07B69DB003A6913447A69D20042
:10266000B9681144D3E90023C1E900237B69013330
:102670007B617A697B689A42ECD300BF00BF1C374C
:10268000BD465DF8047B704780B592B000AF7860BE
:10269000396004F0A1FE0023FB6202233B630723A1
:1026A0007B630123BB632023FB6307F1280207F14F
:1026B0002C031146184604F08FFF0346002B02D06E
:1026C00004F0C4FE67E03B683B6400237B645CE08D
:1026D0007B6CB3F5A17F06D87B6CDB003A6C1344AE
:1026E000D3E9002303E04FF0FF324FF0FF33C7E997
:1026F00002237B6C0133B3F5A17F07D87B6C0133D8
:10270000DB003A6C1344D3E9002303E04FF0FF32BF
:102710004FF0FF33C7E904237B6C0233B3F5A17F8D
:1027200007D87B6C0233DB003A6C1344D3E90023F7
:1027300003E04FF0FF324FF0FF33C7E906237B6C15
:102740000333B3F5A17F07D87B6C0333DB003A6C0E
:102750001344D3E9002303E04FF0FF324FF0FF337F
:10276000C7E908237B6CDA007B68134407F1080291
:102770001946012004F09EFD0346002B02D004F010
:1027800065FE08E07B6C04337B647B6CB3F5A17F52
:102790009ED904F05BFE4837BD4680BD80B582B04F
:1027A00000AF786039607B6840F6182219463868B7
:1027B00016F069F800BF0837BD4680BD80B483B00D
:1027C00000AF78607B6893ED007BFCEEC77B17EE73
:1027D000903A18460C37BD465DF8047B7047000000
:1027E00080B52DED028B84B000AF00F01BFF484B8D
:1027F0005B6903F40033002B1BD1BFF34F8F00BF85
:10280000BFF36F8F00BF424B0022C3F85022BFF3CB
:102810004F8F00BFBFF36F8F00BF3D4B5B693C4ADA
:1028200043F400335361BFF34F8F00BFBFF36F8F8B
:1028300000E000BF364B5B6903F48033002B38D1D6
:10284000334B0022C3F88420BFF34F8F00BF304BBF
:10285000D3F88030BB60BB685B0BC3F30E037B60B7
:10286000BB68DB08C3F309033B607B685A0143F68E
:10287000E07313403A68920725491343C1F8603268
:102880003B685A1E3A60002BEFD17B685A1E7A6073
:10289000002BE5D1BFF34F8F00BF1D4B5B691C4A76
:1028A00043F480335361BFF34F8F00BFBFF36F8F8B
:1028B00000E000BF02F088FC00F02EF94FF4FA703F
:1028C00002F0DEFC00F02AFB00F0DCFA0AF030FA3D
:1028D00000F0A2FA00F09EF900F0F2F900F046FADA
:1028E00002F076F8FEF720FD0A4B93ED008B0A48C4
:1028F000FFF764FF07EE900AB8EE677BB4EE478BF4
:10290000F1EE10FA0AD003490348FFF7BDFE09E0D3
:1029100000ED00E0D000002400001E087349744858
:10292000FFF73CFF4FF47A7272497348FFF787FE56
:10293000704BD3E900236D4901F50261C1E9002321
:102940006C4BD3E91423694901F5066141E902237F
:10295000684BD3E96423654901F50961C1E90023A6
:10296000644BD3E9C823614901F50D6141E90223B4
:102970005E4B03F5E26319464FF000025F4B41E9FD
:10298000022301224FF400615D4805F05FF9002247
:1029900010215C4805F05AF9002201215A4805F03F
:1029A00055F9524BD3E9B8235849C1E900234F4B9D
:1029B00093EDB87B564B1B68FCEEC77B17EE902A55
:1029C000DA624A4B93EDB87BFCEEC77B17EE902A98
:1029D0004F4BDA604E4B1B6800225A624C4808F09D
:1029E00003FE4C480AF08CFD12F0CEFE3F4B03F57F
:1029F000176393ED007BB7EE006BB4EE467BF1EE10
:102A000010FA0DD1394B03F5176319464FF0000248
:102A10004FF00003C1E9002334493548FFF734FE85
:102A2000324B03F51B6313ED027BB7EE006BB4EE84
:102A3000467BF1EE10FA0DD12C4B03F51B631946C2
:102A40004FF000024FF0000341E9022327492848D4
:102A5000FFF7A4FE254B03F51E6393ED007BB7EE55
:102A6000006BB4EE467BF1EE10FA13D11F4B03F569
:102A70001E6319464FF000024FF00003C1E9002326
:102A80001B48FFF79BFE07EE900AB8EE677B174BDB
:102A900083ED027B154B93EDB86B1C4B93ED007BE4
:102AA000B4EE476BF1EE10FA9BD0104B93EDB87B70
:102AB000FCEEC77B17EE903AFB60154808F00CFE61
:102AC000134B1B68FA68DA62114AFB68D360104B3B
:102AD0001B6800225A620E4808F086FD034BD3E9BA
:102AE000B8230A49C1E900237BE700BFD0000024D6
:102AF00000001E08800E002400001C08000010408A
:102B000000100258000C025800040258180000245B
:102B1000800C0024302E002480B59CB000AF07F15B
:102B200024034C220021184615F0DDFD3B1D202218
:102B30000021184615F0D7FD022005F0A1F800236A
:102B40003B60324BDB6A314A23F00103D3622F4BE7
:102B5000DB6A03F001033B602D4B9B6923F4404388
:102B60002B4A43F480439361294B9B6903F4404310
:102B70003B603B6800BF264B9B6903F40053B3F5F1
:102B8000005FF8D102237B6201233B6340237B6318
:102B90000223BB640023FB6404233B650A237B659B
:102BA0000223BB650223FB6502233B660C237B6685
:102BB0000223BB660023FB6607F12403184605F0D9
:102BC00099F80346002B01D001F020FB3F237B60E6
:102BD0000323BB600023FB6000233B6100237B6178
:102BE0004023BB614FF48063FB6100233B623B1DCC
:102BF0000121184605F0ACFC0346002B01D001F082
:102C000005FB00BF7037BD4680BD00BF0004005803
:102C10000048025880B500AF274B284A1A60264B5F
:102C20004FF480025A60244B00229A60224B072204
:102C3000DA60214B00221A611F4B00225A611E4BA1
:102C40004FF080629A611C4B4FF08052DA611A4B50
:102C500000221A62184B00225A62174B00229A6215
:102C6000154B0022DA62144B4FF080425A63124B2C
:102C700000229A63104B0022DA630F4B00221A6481
:102C80000D4B00225A640C4B00229A640A4B00221E
:102C9000DA64094B00221A65074B00225A65064B7D
:102CA00000229A65044807F089FB0346002B01D0F7
:102CB00001F0ACFA00BF80BDE80A002400380040F3
:102CC00080B500AF274B284A1A60264B4FF480028C
:102CD0005A60244B00229A60224B0722DA60214B73
:102CE00000221A611F4B00225A611E4B4FF0806276
:102CF0009A611C4B0022DA611A4B00221A62194BAE
:102D000000225A62174B00229A62164B0022DA62A6
:102D1000144B4FF080425A63124B00229A63114BBE
:102D20000022DA630F4B00221A640E4B00225A6411
:102D30000C4B00229A640B4B0022DA64094B0022F0
:102D40001A65084B00225A65064B00229A65054811
:102D500007F034FB0346002B01D001F057FA00BF07
:102D600080BD00BF700B00240034014080B500AF6F
:102D7000274B284A1A60264B4FF480025A60244B96
:102D80004FF400329A60224B0722DA60204B002277
:102D90001A611F4B00225A611D4B4FF080629A61ED
:102DA0001B4B0022DA611A4B00221A62184B0022D8
:102DB0005A62174B00229A62154B0022DA62144BBA
:102DC0004FF080425A63124B00229A63104B00224C
:102DD000DA630F4B00221A640D4B00225A640C4B2D
:102DE00000229A640A4B0022DA64094B00221A6519
:102DF000074B00225A65064B00229A65044807F0EB
:102E0000DDFA0346002B01D001F000FA00BF80BDBF
:102E1000F80B00240050014080B584B000AF3B1D8A
:102E200000221A605A609A60144B154A1A60134BBC
:102E30004F225A60114B00229A60104B9622DA60A2
:102E40000E4B00229A610D4808F077FB0346002BD9
:102E500001D001F0DBF900237B600023FB603B1D08
:102E60001946064808F048FE0346002B01D001F041
:102E7000CDF900BF1037BD4680BD00BF800C0024D7
:102E80000014004080B500AF224B234A1A60214B4A
:102E90004FF4E1325A601F4B00229A601D4B002212
:102EA000DA601C4B00221A611A4B0C225A61194B32
:102EB00000229A61174B0022DA61164B00221A6237
:102EC000144B00225A62134B00229A62114808F0F8
:102ED000BFFE0346002B01D001F098F900210D48F8
:102EE00009F05CFE0346002B01D001F08FF90021B0
:102EF000084809F091FE0346002B01D001F086F945
:102F0000044809F012FE0346002B01D001F07EF9BF
:102F100000BF80BDCC0C00240048004080B58EB0BE
:102F200000AF07F1240300221A605A609A60DA6049
:102F30001A61A04BD3F8E0309E4A43F01003C2F868
:102F4000E0309C4BD3F8E03003F010033B623B6A67
:102F5000984BD3F8E030974A43F00403C2F8E030CE
:102F6000944BD3F8E03003F00403FB61FB69914B11
:102F7000D3F8E0308F4A43F02003C2F8E0308D4BA5
:102F8000D3F8E03003F02003BB61BB69894BD3F871
:102F9000E030884A43F08003C2F8E030854BD3F834
:102FA000E03003F080037B617B69824BD3F8E03033
:102FB000804A43F00103C2F8E0307E4BD3F8E030A2
:102FC00003F001033B613B697A4BD3F8E030794A67
:102FD00043F00203C2F8E030764BD3F8E03003F060
:102FE0000203FB60FB68734BD3F8E030714A43F097
:102FF0004003C2F8E0306F4BD3F8E03003F04003F9
:10300000BB60BB686B4BD3F8E0306A4A43F00803FF
:10301000C2F8E030674BD3F8E03003F008037B6080
:103020007B6800224021644804F010FE0022012148
:10303000624804F00BFE002245F20101604804F0F2
:1030400005FE002240F602015E4804F0FFFD00226A
:1030500004215D4804F0FAFD002250215B4804F091
:10306000F5FD10237B620023BB620023FB6207F1A6
:1030700024031946534804F021FC40237B620123BA
:10308000BB620023FB6200233B6307F12403194664
:10309000494804F013FC01237B620123BB62002337
:1030A000FB6200233B6307F124031946434804F005
:1030B00005FC44F201037B620123BB620023FB6237
:1030C00003233B6307F1240319463D4804F0F6FB54
:1030D00001237B620023BB620223FB6207F124030E
:1030E0001946394804F0EAFB4FF400637B62012380
:1030F000BB620023FB6200233B6307F124031946F4
:10310000304804F0DBFB4FF400637B620023BB62BA
:103110000223FB6207F124031946294804F0CEFB81
:103120004FF480537B620123BB620023FB620023C8
:103130003B6307F124031946214804F0BFFB4FF419
:1031400002537B620023BB620023FB6207F124036E
:1031500019461E4804F0B2FB04237B620123BB62C4
:103160000023FB6200233B6307F124031946164842
:1031700004F0A4FB50237B620123BB620023FB62AB
:1031800000233B6307F124031946104804F096FB23
:1031900002237B620123BB620023FB6203233B63A8
:1031A00007F124031946074804F088FB00BF3837AD
:1031B000BD4680BD00440258001402580008025861
:1031C000000402580010025800180258000C02585F
:1031D00080B483B000AF786000E000BF7B685A1E07
:1031E0007A60002BF9D100BF00BF0C37BD465DF8F7
:1031F000047B704780B500AF074B10229A61042012
:10320000FFF7E6FF044B4FF480129A611420FFF79A
:10321000DFFF00BF80BD00BF000C025880B584B046
:1032200000AF78600023FB6004E0FFF7E3FFFB687A
:103230000133FB60FA687B689A42F6DB00BF00BF8F
:103240001037BD4680BD000080B483B000AF0023BE
:103250007B6009E07B6801337B607B6842F210721F
:10326000934201D9002306E0064B1B6903F080035B
:10327000002BEFD1012318460C37BD465DF8047BC7
:10328000704700BF000C025880B483B000AF002329
:103290007B6009E07B6801337B607B6842F21072DF
:1032A000934201D9002306E0064B1B6903F010038B
:1032B000002BEFD1012318460C37BD465DF8047B87
:1032C000704700BF0010025880B584B000AF0023E3
:1032D0007B600520FFF77CFFFFF7B6FF0346002B5E
:1032E00003D12D4BD3E9002348E02C4B4FF0006273
:1032F0009A61642303222A492A4807F057FB0346B0
:10330000002B07D0254B4FF400629A61224BD3E982
:10331000002333E0214B4FF400629A613B1D0233DE
:103320001F4A12781A703B1D01331D4A52781A70D9
:103330003B1D1B4A92781A707B6807EE903AB8EEF4
:10334000677B9FED136B27EE067B87ED027B7B6827
:103350004FF4000293420AD3134B93ED007B37EEF8
:10336000077B97ED026B36EE477B87ED027B0A49C0
:10337000D7E90223C1E90023D7E9022343EC172B45
:10338000B0EE470B1037BD4680BD00BFAFF30080E5
:10339000000000000000A03E700E00240010025843
:1033A000900D0024700B0024000000240000000099
:1033B00080B584B000AF00237B6000233B60032016
:1033C000FFF706FFFFF760FF0346002B03D12C4BEE
:1033D000D3E9002348E02B4B4FF080529A616423DD
:1033E00003222949294807F0E1FA0346002B07D0B8
:1033F000244B4FF480529A61214BD3E9002333E0F0
:10340000204B4FF480529A613B4602331E4A127899
:103410001A703B4601331C4A52781A703B461A4ACE
:1034200092781A703B6807EE903AB8EE677B9FED92
:10343000126B27EE067B87ED027B3B684FF40002A0
:1034400093420AD3124B93ED007B37EE077B97ED47
:10345000026B36EE477B87ED027B0949D7E90223F1
:10346000C1E90023D7E9022343EC172BB0EE470B49
:103470001037BD4680BD00BF000000000000A03E28
:10348000780E0024000402585C0D0024E80A002491
:10349000000000240000000080B500AFFFF788FFA7
:1034A000B0EE407B0C4B83ED007B0C4B03F51463BB
:1034B00013ED026B084B93ED007B36EE077B9FED1F
:1034C000046B27EE067BB0EE470B80BDAFF30080A8
:1034D000BA490C022B870A40080E0024D0000024B1
:1034E00080B500AFFFF7F0FEB0EE407B0C4B83EDF4
:1034F000007B0C4B03F5106393ED006B084B93EDD1
:10350000007B36EE077B9FED046B27EE067BB0EE6B
:10351000470B80BDAFF300805839B4C876AE444045
:10352000F80D0024D000002480B584B000AF87EDF2
:10353000000B01220421364804F088FB97ED006B54
:10354000B0EE005B86EE057B87ED007B314B93EDA3
:10355000007B97ED006BB4EEC76BF1EE10FA05DD62
:103560002C4BD3E90023C7E900230CE097ED007B47
:10357000B5EEC07BF1EE10FA05D54FF000024FF02A
:103580000003C7E900239FED205B97ED007B87EEEA
:10359000056BB0EE460B16F09FF9B0EE407BFCEEEB
:1035A000C77B17EE903AFB60FB681B01FB6007F1DD
:1035B0000C0302331A78184B1A7007F10C0301330D
:1035C0001A78154B5A7007F10C031A78124B9A703F
:1035D00000224021114804F039FB642303220E49E4
:1035E0000F4806F0F1FF012240210C4804F02EFBA9
:1035F0000620FFF7EDFD00220421054804F026FB1C
:1036000000BF1037BD4680BD000000000000D03E66
:103610000018025800000024C40D002400140258B1
:10362000F80B002480B584B000AF3B4600221A603E
:103630005A609A60DA6001F047FF01233B70002373
:103640007B70164B7B6007233B7200237B72002349
:10365000BB720323FB7200233B7300237B730023A5
:10366000BB730123FB733B46184601F065FF012342
:103670007B700B4B7B600D233B720123BB720123DC
:103680007B730023FB733B46184601F055FF042073
:1036900001F032FF00BF1037BD4680BD000004308E
:1036A000004004300000000080B58AB000AF7860B0
:1036B0007B681B68B24A934201D101F0C1FD7B686F
:1036C0001B68B04A934240F07A85AF4B01229A6161
:1036D000AE4B03F5E26313ED027B9FEDA76BB4EEF7
:1036E000C67BF1EE10FA40F3AD81A84B03F5E2631F
:1036F00013ED027BB7EE086BB4EEC67BF1EE10FA69
:1037000027D5A34B00221A60A2494FF000024FF0C8
:103710000003C1E900239D4B03F5866319464FF072
:1037200000024FF00003C1E90023984B03F5AA63A0
:1037300019464FF000024FF0804341E90223934BBA
:1037400003F5E26319464FF000024FF0804341E970
:1037500002238E4B03F5E26313ED027BB7EE086B99
:10376000B4EEC67BF1EE10FA52DD884B03F5E2634E
:1037700013ED027BB0EE046BB4EEC67BF1EE10FAF3
:1037800046D5834B1B68B3F5C87F41DD804B0022D3
:103790001A60804B93ED007BB2EE046B27EE067B44
:1037A000FDEEC77B17EE901A784B03F5DA63D3E989
:1037B00000237948C9000144C1E90023754B93ED0A
:1037C000007B9FED6D6B37EE067B724B83ED007BCC
:1037D0006E4B03F5866393ED006B6C4B03F5E8636A
:1037E00093ED007BB4EEC76BF1EE10FA08DD674B8A
:1037F00003F5E26319464FF00002684B41E90223EA
:10380000644BD3E90023614901F58661C1E90023D6
:103810005E4B03F5E26313ED027BB0EE046BB4EE96
:10382000C67BF1EE10FA73DD584B03F5E26313ED3E
:10383000027BB0EE0C6BB4EEC67BF1EE10FA67D5EE
:10384000534B1B68B3F5C87F62DD514B00221A60F1
:10385000504B93ED007B9FED486B37EE467B4D4B15
:1038600083ED007B4B4BD3E90023484901F586618A
:10387000C1E90023454B03F5866393ED007BB5EE6C
:10388000C07BF1EE10FA43D8404B03F5866319462E
:103890004FF000024FF00003C1E900233B4B03F55A
:1038A000AA6319464FF000024FF0000341E90223DA
:1038B000364B03F5E26319464FF000024FF0000368
:1038C00041E902234FF47A7233493548FEF72EFE60
:1038D000314BD3E900232D4901F50261C1E90023F1
:1038E0002D4BD3E91423294901F5066141E902234F
:1038F000294BD3E96423254901F50961C1E9002376
:10390000254BD3E9C823214901F50D6141E9022383
:103910001E4B03F5E26313ED027BB0EE0C6BB4EECD
:10392000C67BF1EE10FA40F38880184B03F5E26392
:1039300013ED027BB1EE026BB4EEC67BF1EE10FA32
:103940007BD5124B03F5AA6353E902231549C1E95C
:1039500000230E4B03F5AA6319464FF000024FF007
:10396000000341E902234FF000024FF00003C7E9D2
:1039700008230023FB612FE09A9999999999B93FFF
:10398000001000400014004000040258D000002441
:10399000580E0024600E0024800E00240000084011
:1039A00000001C08680E0024C14B03F5D46313ED1E
:1039B000027BFDEEC77B17EE900AFFF72FFCFFF7A7
:1039C0008FFDB0EE406B97ED087B37EE067B87ED01
:1039D000087BFB690133FB61FB69632BE4DD97ED39
:1039E000087BB1EE476B9FEDAC5B86EE057B87ED08
:1039F000087BAF4B03F5106393ED006B97ED085B0D
:103A00009FEDA74B85EE047B36EE077BA84B03F5B5
:103A1000106383ED007BA64B03F5E26319464FF07C
:103A200000024FF0000341E90223A24BD3E9002337
:103A30009F4901F5AA6141E902239F4B1B680133AD
:103A40009D4A13609A4B03F5AA6313ED027BB5EE12
:103A5000407BF1EE10FA3CD1954B03F5D46313EDA6
:103A6000027BFDEEC77B17EE900AFFF7D7FBFFF74F
:103A700037FDB0EE407B8E4B03F5C66303ED027B52
:103A8000FFF70AFDB0EE406B894B03F5F66393ED4B
:103A9000007B26EE077B864B03F5CC6383ED007B32
:103AA0009FED810BFFF740FD84494FF000024FF07E
:103AB0000003C1E900239FED7C0B8148FDF7D2FB99
:103AC000804B4FF480029A617F4B4FF480329A61B1
:103AD00071E3774B03F5AA6313ED027BB7EE006B3E
:103AE000B4EE467BF1EE10FA0CD0714B03F5AA63ED
:103AF00013ED027BB0EE006BB4EE467BF1EE10FAF4
:103B000040F0F1826A4B03F5D46313ED027BFDEEC6
:103B1000C77B17EE900AFFF781FBFFF7E1FCB0EEE1
:103B2000407B6A4B83ED007B614B03F5AA6313ED89
:103B3000027BB7EE006BB4EE467BF1EE10FA40D19B
:103B4000FFF7AAFCB0EE407B614B83ED007B584B46
:103B500003F5F66393ED006B5D4B93ED007B26EE72
:103B6000077B5C4B83ED007B514B03F5F06313ED5A
:103B7000026B584B93ED007BB4EEC76BF1EE10FA7D
:103B800006DD54494FF000024FF00003C1E9002365
:103B90000121514804F042F80346012B0CD14D4954
:103BA0004FF000024FF00003C1E900239FED3E0BF0
:103BB0004A48FDF757FB04E0B7EE000B4748FDF716
:103BC00051FB3B4B03F5AA6313ED027BB0EE006B98
:103BD000B4EE467BF1EE10FA07D1354B03F5866360
:103BE000D3E900233B49C1E900234FF400613C487D
:103BF00004F014F80346012B03D14FF00002394BB7
:103C000002E04FF00002384B3849C1E90023284B4D
:103C100003F5946393ED006B344B93ED007BB4EEAE
:103C2000476BF1EE10FA05D12A4B93ED007BB0EE15
:103C3000C77B01E09FED1C7B264B83ED007B1C4B7B
:103C400003F5C66313ED026B194B03F5A26393ED05
:103C5000007BB4EEC76BF1EE10FA67D5234B93ED02
:103C6000007BB0EE470B2248FDF7FCFA104B03F542
:103C7000946393ED007BB7EE006BB4EE467BF1EE00
:103C800010FA37D10F4B4FF480029A610E4B01228C
:103C90009A614BE0AFF30080000000000000594043
:103CA0005839B4C876AE444000000000000000005F
:103CB000D0000024680E0024580E0024300E00248A
:103CC00088060024000C025800080258000E002448
:103CD000100E0024180E002400180258B808002402
:103CE000000402580000F03F0000F0BF080000246C
:103CF00070050024AA4B03F5946393ED007BBFEE9F
:103D0000006BB4EE467BF1EE10FA07D1A54B4022D2
:103D10009A61A54B4FF480329A6107E0A14B4FF4B2
:103D200080029A61A04B4FF480329A619F4BD3E995
:103D300000239B4901F5CC61C1E900239C4BD3E9E9
:103D40000023974901F5C66141E90223994B93EDA0
:103D5000006B994B93ED007B36EE477BB0EEC77B53
:103D60009FED896BB4EEC67BF1EE10FA14DD934B38
:103D700001221A608A4B03F5E26313ED027B9FED8B
:103D8000846BB4EEC67BF1EE10FA08D59FED820B82
:103D90008B48FDF767FA02E0884B00221A60864BD9
:103DA000D3E900238349C1E900237D4BD3E9E22312
:103DB0008449C1E900237A4B03F5B06393ED006BAE
:103DC0007D4B93ED007B36EE076B7F4B93ED007BD5
:103DD000B4EEC76BF1EE10FA1ED57B4B93ED006B82
:103DE0006F4B03F5B06393ED007B36EE477B764B6C
:103DF00083ED007B6A4B03F5E26313ED027B9FEDDD
:103E0000646BB4EEC67BF1EE10FA3CD59FED620B0D
:103E10006B48FDF727FA36E0674B93ED006B604B7C
:103E200003F5B06393ED007B36EE476B664B93ED85
:103E3000007BB4EEC76BF1EE10FA1EDD584B03F5B4
:103E4000B06393ED006B604B93ED007B36EE077B28
:103E50005D4B83ED007B524B03F5E26313ED027B78
:103E60009FED4B6BB4EEC67BF1EE10FA0BD59FEDD8
:103E70004A0B5348FDF7F6F905E04F4BD3E9002311
:103E80005149C1E900234A4B93ED006B4E4B93ED32
:103E9000007B36EE477B4D4B83ED007B4A4B93ED29
:103EA000007BB2EE046B27EE067BFDEEC77B17EEC0
:103EB000903ABB61BB69002B01DA0023BB61BB698F
:103EC00040F2E632934202DD40F2E633BB613E4B04
:103ED00093ED007BB2EE046B27EE066BBB6907EE39
:103EE000903AB8EEE77B36EE477B87ED047B384AA5
:103EF000BB69DB00134493ED007BB5EEC07BF1EEB4
:103F000010FA6DDDBB690133314ADB00134493EDD8
:103F1000007BB5EEC07BF1EE10FA61DDBB690133C9
:103F20002B4ADB00134493ED006B294ABB69DB008D
:103F3000134493ED007B36EE477B87ED027B97EDD4
:103F4000020B2448FDF78EF9214ABB69DB001344BC
:103F500093ED006B97ED045B97ED027B25EE077BFD
:103F600036EE077B1C4B83ED007B1C4B1B68012B43
:103F700004D19FED090B1248FDF774F9174B00228D
:103F80001A6045E0AFF300809A9999999999A93FF1
:103F90009A9999999999B93F000000000000000092
:103FA000D0000024000C025800080258100E002413
:103FB000000E0024200E0024180E0024540E0024AD
:103FC00088060024480E0024280E0024300E002409
:103FD000800E0024E803002410000024500E00246A
:103FE0007B4B1B68012B05D17A4BD3E900237A491F
:103FF000C1E90023784BD3E900237849C1E90023C4
:104000009FED710B7648FDF72DF9764B01221A6072
:10401000754B93EDE26B744B93EDD45B724B93ED68
:10402000C67B25EE077B36EE077B704B83ED007B6E
:104030006D4B93EDE66B6D4B93ED007BB4EEC76B70
:10404000F1EE10FA05D5684BD3E9E6236749C1E9DB
:104050000023654B93EDE46B644B93ED007BB4EE72
:10406000C76BF1EE10FA05DD5F4BD3E9E4235F493E
:10407000C1E900235D4B93ED007BB0EE470B5C483C
:10408000FDF7F0F8584B03F5B86313ED026B574B8F
:1040900093ED007B26EE076B504B93ED007B36EEE5
:1040A000077B4C4B83ED007B4A4B93ED007BB0EEDE
:1040B000470B5048FDF7D6F8464B93ED007BB0EE2A
:1040C000470BFFF731FA484B03F5B86313ED026B6A
:1040D000494B93ED007B36EE077BB0EE470B47482C
:1040E000FDF7C0F867E0404B03F5AA6313ED027BD0
:1040F000B0EE086BB4EE467BF1EE10FA5BD13A4BB2
:1041000003F5D46313ED027BFDEEC77B17EE900A37
:10411000FFF784F8FFF7E4F9B0EE407B324B03F58C
:10412000C66303ED027B304B03F5C66313ED026BF0
:104130002D4B03F5A26393ED007BB4EEC76BF1EE5C
:1041400010FA2FD5284B03F5946393ED007BB6EE60
:10415000006BB4EEC67BF1EE10FA07DD284B4FF48E
:1041600080029A61274B01229A611BE01E4B03F5E6
:10417000946393ED007BBEEE006BB4EEC67BF1EE74
:1041800010FA07D51E4B40229A611E4B4FF4803225
:104190009A6107E01A4B4FF480029A61194B4FF471
:1041A00080329A61104B03F5DA6393ED007BB0EE39
:1041B000470BFFF7B9F9144B4FF480329A6100BFF7
:1041C0002837BD4680BD00BF000000000000000091
:1041D000540E0024380E0024400E00241000002449
:1041E000E8030024500E0024D0000024480E0024D0
:1041F00090040024A0070024300E00248806002428
:10420000000C0258000802580004025880B400AFA5
:1042100072B600BF00BFFDE780B483B000AF0A4BA9
:10422000D3F8F430084A43F00203C2F8F430064BE6
:10423000D3F8F43003F002037B607B6800BF0C37D7
:10424000BD465DF8047B70470044025880B5BEB09F
:1042500000AF786007F1E40300221A605A609A60A8
:10426000DA601A6107F12803BC220021184614F015
:104270003AFA7B681B68814A934267D14FF48053B6
:10428000BB620023C7F8843007F12803184604F006
:104290002DFD0346002B01D0FFF7B8FF784BD3F874
:1042A000E830774A43F48043C2F8E830744BD3F8DF
:1042B000E83003F480437B627B6A714BD3F8E030D3
:1042C0006F4A43F00403C2F8E0306D4BD3F8E0309E
:1042D00003F004033B623B6A694BD3F8E030684A61
:1042E00043F00803C2F8E030654BD3F8E03003F048
:1042F0000803FB61FB690C23C7F8E4300223C7F80D
:10430000E8300023C7F8EC300023C7F8F03005236D
:10431000C7F8F43007F1E40319465A4803F0CEFA1F
:104320000823C7F8E4300223C7F8E8300023C7F8B1
:10433000EC300023C7F8F0300523C7F8F43007F15C
:10434000E4031946504803F0B9FA92E07B681B6811
:104350004E4A934244D14FF40053BB620023C7F846
:10436000883007F12803184604F0C0FC0346002BF0
:1043700001D0FFF74BFF424BD3F8F030404A43F4F3
:104380000053C2F8F0303E4BD3F8F03003F4005342
:10439000BB61BB693A4BD3F8E030394A43F01003B4
:1043A000C2F8E030364BD3F8E03003F010037B6105
:1043B0007B694FF44153C7F8E4300223C7F8E83073
:1043C0000023C7F8EC300023C7F8F0300523C7F806
:1043D000F43007F1E40319462D4803F06FFA48E082
:1043E0007B681B682B4A934243D14FF40053BB6256
:1043F0000023C7F8883007F12803184604F076FC3C
:104400000346002B01D0FFF701FF1D4BD3F8F0301E
:104410001B4A43F48013C2F8F030194BD3F8F03044
:1044200003F480133B613B69154BD3F8E030144A29
:1044300043F02003C2F8E030114BD3F8E03003F032
:104440002003FB60FB684FF42073C7F8E4300223BD
:10445000C7F8E8300023C7F8EC300023C7F8F03085
:104460000523C7F8F43007F1E40319460A4803F0BE
:1044700025FA00BFF837BD4680BD00BF00380040B8
:104480000044025800080258000C02580034014051
:1044900000100258005001400014025880B584B04A
:1044A00000AF78607B681B680E4A934216D10E4BB2
:1044B000D3F8E8300C4A43F02003C2F8E8300A4B46
:1044C000D3F8E83003F02003FB60FB6800220021F2
:1044D000372000F0D1FF372000F0E8FF00BF103791
:1044E000BD4680BD001400400044025880B5B8B0FD
:1044F00000AF786007F1CC0300221A605A609A601E
:10450000DA601A6107F11003BC220021184614F08A
:10451000EAF87B681B68254A934242D102233B613B
:104520000023C7F8843007F11003184604F0DEFBBF
:104530000346002B01D0FFF769FE1D4BD3F8E8308E
:104540001B4A43F48023C2F8E830194BD3F8E83013
:1045500003F48023FB60FB68154BD3F8E030144A6A
:1045600043F00803C2F8E030114BD3F8E03003F019
:104570000803BB60BB684FF44073C7F8CC3002231C
:10458000C7F8D0300023C7F8D4300223C7F8D8309A
:104590000723C7F8DC3007F1CC031946054803F0C0
:1045A0008DF900BFE037BD4680BD00BF0048004028
:1045B00000440258000C025880B590B000AF7860FB
:1045C0007B680F2B27D800227968362000F054FF33
:1045D000362000F06BFF294A7B681360284BD3F824
:1045E000E830274A43F01003C2F8E830244BD3F8F0
:1045F000E83003F01003FB60FB6807F1100207F1DD
:1046000014031146184604F02FFBBB6ABB63BB6B57
:10461000002B06D101E001232BE004F0F9FAF86346
:1046200004E004F0F5FA03465B00FB63FB6B154AFC
:10463000A2FB03239B0C013B7B63134B134A1A60C1
:10464000114B40F2E732DA600F4A7B6B53600E4B3E
:1046500000221A610C4B00229A600B4806F06DFF95
:104660000346002B04D1084806F0BEFF034600E0D5
:10467000012318464037BD4680BD00BF2C000024F2
:104680000044025883DE1B43C02D0024001000406C
:1046900080B400AF00BFFDE780B400AF00BFFDE70E
:1046A00080B400AF00BFFDE780B400AF00BFFDE7FE
:1046B00080B400AF00BFFDE780B400AF00BFBD46CF
:1046C0005DF8047B704780B400AF00BFBD465DF865
:1046D000047B704780B400AF00BFBD465DF8047B2B
:1046E000704780B400AF00BFBD465DF8047B7047E3
:1046F00080B500AF024807F01EF800BF80BD00BFC4
:10470000C02D002480B500AF024807F014F800BFA8
:1047100080BD00BF800C002480B500AF024801F0CE
:10472000DDFB00BF80BD00BF7C2E002480B400AF45
:1047300001231846BD465DF8047B704780B483B002
:1047400000AF78603960054B16221A604FF0FF33D6
:1047500018460C37BD465DF8047B7047E4610024C1
:1047600080B582B000AF78604FF0FF317868FFF716
:10477000E5FF00BFFDE780B586B000AFF860B96027
:104780007A6000237B610AE0AFF300800146BB68DA
:104790005A1CBA60CAB21A707B6901337B617A69AC
:1047A0007B689A42F0DB7B6818461837BD4680BDAF
:1047B00080B586B000AFF860B9607A6000237B6195
:1047C00009E0BB685A1CBA601B781846AFF300803A
:1047D0007B6901337B617A697B689A42F1DB7B6894
:1047E00018461837BD4680BD80B483B000AF7860EE
:1047F0004FF0FF3318460C37BD465DF8047B704719
:1048000080B483B000AF786039603B684FF40052E9
:104810005A60002318460C37BD465DF8047B70478C
:1048200080B483B000AF7860012318460C37BD46D2
:104830005DF8047B704780B485B000AFF860B96064
:104840007A60002318461437BD465DF8047B704734
:1048500080B487B000AF7860144A154BD31A7B61DF
:104860007B693B61134B1B68002B02D1114B124A31
:104870001A60104B1A687B6813443A699A4205D251
:104880000E4B0C221A604FF0FF3309E0094B1B68F6
:10489000FB60084B1A687B681344064A1360FB6888
:1048A00018461C37BD465DF8047B7047000008249D
:1048B000000400000C2E0024F0610024E4610024B8
:1048C00080B400AF374BD3F88830364A43F47003D6
:1048D000C2F88830344B1B6803F00F03062B07D84F
:1048E000314B1B6823F00F032F4A43F0070313607B
:1048F0002E4B1B682D4A43F0010313602B4B002203
:104900001A612A4B1A682949294B13400B60264B20
:104910001B6803F00803002B07D0234B1B6823F010
:104920000F03214A43F007031360204B00229A61D2
:104930001E4B0022DA611D4B00221A621B4B1D4ADE
:104940009A621A4B1C4ADA62184B1C4A1A63174BBC
:1049500000225A63154B194A9A63144B0022DA63FA
:10496000124B164A1A64114B00225A640F4B1B68F3
:104970000E4A23F4802313600C4B00221A66104B5E
:104980001A68104B1340B3F1005F02D20E4B0122A4
:104990001A600E4B43F2D2021A6000BFBD465DF8AA
:1049A000047B704700ED00E00020005200440258F4
:1049B0007FEDF6EA000202020000FF018002010121
:1049C0000010005C0000FFFF088100510040005211
:1049D00080B582B000AF0CF02BF978600A220E4946
:1049E00078680BF07FF80346FB7097F90330002BD3
:1049F00009D1FF2178680BF02DF9786007497868B4
:104A00000CF096F903E07968012009F051FC00BF31
:104A10000837BD4680BD00BF342E0024214A00085F
:104A200090B587B000AFF860B9601346FB71012103
:104A3000B8680BF00BFF0C2009F03AFA38613B69BB
:104A4000002B2DD03B6901221A703B69BA685A606D
:104A50003B6900225A703B6900229A603969B86844
:104A60000CF0EEF81449B8680CF0FCF81349B8687B
:104A70000CF03CF900221249B8680CF071F9114BA6
:104A80001C68104B1B681846FBF734FC03469AB2AF
:104A900001232146B8680FF00FF80023FB7505E0ED
:104AA0003969B86800F067F9FF23FB7597F917308B
:104AB00018461C37BD4690BDC94A0008FD4B00088A
:104AC000214C00082800002480B588B000AFF860B1
:104AD000B9607A60FB70FB68002B05D1434BC8229C
:104AE0004349444813F09AFDFB68BB617B68002B87
:104AF00016D1BB6903221A70BB699B68002B04D1D5
:104B0000B969B86800F037F907E03B49B8680CF0BC
:104B1000CBF8B969B86800F0DBF80023FB775FE0F9
:104B200097F90330002B0BD07B68002B05D0BB69B5
:104B300000229A6078680AF031FAFB78FB774FE040
:104B4000BB691B78012B10D1BB6902221A70BB69AB
:104B50007A689A602849B8680CF0A6F8B969B8680C
:104B600000F030F90023FB773AE0BB691B78022B99
:104B700015D1BB699B68002B07D1BB697A689A6025
:104B8000B969B86800F01EF906E0BB699B687B61F3
:104B9000796878690AF01AFB0023FB7720E0BB698B
:104BA0001B78032B0ED17B681B891946B8680BF064
:104BB00067F9BB6900229A6078680AF0EFF9002370
:104BC000FB770DE07B681B891946B8680BF058F934
:104BD000BB6900229A6078680AF0E0F90023FB774D
:104BE00097F91F3018462037BD4680BDE09E01086A
:104BF000FC9E0108089F0108814C000880B584B024
:104C000000AF78600B46FB707B68FB60FB68002B95
:104C100002D0F86808F0E6FF00BF1037BD4680BD3F
:104C200080B584B000AF786039607B68BB60BB68DA
:104C3000002B17D0BB689B68002B08D00F49386841
:104C40000CF032F8B968386800F042F807E0BB6849
:104C50001B78032B03D1B968386800F08CF8002367
:104C6000FB7304E038680AF031FFF323FB7397F914
:104C70000F3018461037BD4680BD00BF814C00087C
:104C800080B586B000AFF860B9601346FB80FB6862
:104C90007B617B6900225A707B699B68002B08D07E
:104CA0000A49B8680CF000F87969B86800F010F8A3
:104CB00007E07B691B78032B03D17969B86800F0A2
:104CC0005AF8002318461837BD4680BD814C0008AD
:104CD00080B586B000AF786039600023FB7536E0A0
:104CE0003B689B683B613B6959683B695A89012372
:104CF00078680EF0E1FE0346FB7597F91730002B3C
:104D00001DD13B695B89FB813B691A683B689A60EE
:104D10003B689B68002B04D03B689B6818460AF0F0
:104D2000DDF938690AF03AF903467B737B7B002B87
:104D3000F7D0FB89194678680BF0A2F807E097F9DD
:104D40001730B3F1FF3F02D13B683A699A6097F997
:104D50001730002B0BD13B689B68002B07D03B68BA
:104D60009B685A897B68B3F864309A42B8D900BF0F
:104D70001837BD4680BD80B582B000AF786039601D
:104D8000002178680BF05CFF002178680BF08CFF45
:104D9000002178680BF066FF002178680BF0A6FF11
:104DA0000022002178680BF0DBFF3B68002B02D06B
:104DB000386808F017FF78680AF09EFD00BF0837D2
:104DC000BD4680BD90B5B7B000AF786039600023B4
:104DD000C7F8D4303B681A78D7F8D4301A703B68DB
:104DE0005A68D7F8D4305A603B689A68D7F8D430FC
:104DF0009A6007F1700364220021184613F073FCD7
:104E000007F10C0364220021184613F06CFC3B6888
:104E10009B6859683B689B681B891A4607F17003B9
:104E2000184613F092FC07F10C0207F170031146CB
:104E30001846FCF71DFE1E4B1A6807F10C031146BD
:104E4000184613F073FCD7F8D4309B6807F10C02B6
:104E50005A603B689B681A893B689B685B89D31AD8
:104E60009CB207F10C031846FBF744FA03469AB2CA
:104E7000D7F8D4309B68224492B21A8107F10C0310
:104E80001846FBF737FA0246D7F8D4309B6892B23F
:104E90005A81D7F8D4107868FFF71AFF3B689B68EF
:104EA00018460AF07BF800BFDC37BD4690BD00BF56
:104EB00028000024DFF834D0FFF702FD0C480D492C
:104EC0000D4A002302E0D458C4500433C4188C4265
:104ED000F9D30A4A0A4C002301E013600432A242CB
:104EE000FBD313F0A1FCFDF77BFC70470000082406
:104EF00000000024B000002470ED0108B000002480
:104F0000EC610024FEE780B483B000AF78603960C4
:104F10007B68002B0BD03B68DB68002B07D03B681D
:104F20009B68002B03D03B681B69002B02D14FF01C
:104F3000FF3314E03B681A687B689A603B685A68E4
:104F40007B68DA603B68DA687B685A613B689A681C
:104F50007B681A613B681A697B689A61002318466E
:104F60000C37BD465DF8047B704780B586B000AF56
:104F700078600023FB600023BB6000237B6100237B
:104F80003B617B685B68002B7CD17B689B68002B56
:104F900002D07B689B6898477B6820221A600023B8
:104FA0007B611CE07B685B6907F10802122178696C
:104FB00098470346002B03DA6FF004033B610BE0D4
:104FC000BB6803F01F037A699A4205D17B687A694E
:104FD0001A6000233B6105E07B6901337B617B69DB
:104FE0001F2BDFD97B681B681F2B02D96FF00203D0
:104FF0003B613B69002B45D17B681B697A6810686F
:105000004FF40042002198470346002B37DB7B68B2
:105010005B697A68106807F1080200219847034627
:10502000002B28DB7B689B6998470346FB601CE0EC
:105030007B689B69984703461A46FB68D31AB3F509
:10504000FA7F0ED87B685B697A68106807F10802FE
:10505000002198470346002B07DA6FF004033B61F9
:1050600010E06FF001033B610CE0BB6803F4004308
:10507000002BDDD106E06FF004033B6102E06FF02E
:1050800003033B613B69002B12D17B689B69984706
:105090000346FB6000BF7B689B69984703461A463E
:1050A000FB68D31AB3F5FA6FF5D97B6801225A6011
:1050B0003B6918461837BD4680BD80B584B000AF47
:1050C00078600023FB607B685B697A68106807F191
:1050D0000C02012198470346002B02DA6FF004030B
:1050E0006EE07B685B697A68106807F10C02012149
:1050F00098470346002B02DA6FF0040360E0FB6878
:1051000003F00403002B01D1012359E07B685B69A4
:105110007A68106807F10C02002198470346002BBB
:1051200002DA6FF004034BE0FB6803F48053002BBA
:105130001BD1FB6803F40053002B06D0FB6803F47B
:105140008073002B01D002233AE0FB6803F4005384
:10515000002B01D0032333E0FB6803F48073002BA2
:1051600001D004232CE005232AE07B685B697A6880
:10517000106807F10C021F2198470346002B02DA42
:105180006FF004031CE0FB6803F48053002B01D193
:10519000062315E0FB6803F01C03182B01D1022342
:1051A0000EE0FB6803F01C03082B01D1032307E08A
:1051B000FB6803F01C03142B01D1042300E005233A
:1051C00018461037BD4680BD80B582B000AF0320C1
:1051D00000F047F903F072FB0246154B9B691B0A6E
:1051E00003F00F031349CB5C03F01F0322FA03F310
:1051F0007B600F4B9B6903F00F030E4AD35C03F0F7
:105200001F037A6822FA03F30B4A13600B4A7B6888
:1052100013600F20FFF7D0F90346002B01D00123C4
:1052200002E0FEF7F9FF002318460837BD4680BDAF
:105230000044025810C90108240000242000002462
:1052400080B400AF064B1B781A46064B1B6813440C
:10525000044A136000BFBD465DF8047B704700BF81
:1052600030000024102E002480B400AF034B1B68D4
:105270001846BD465DF8047B704700BF102E002421
:1052800080B584B000AF7860FFF7EEFFB8607B6850
:10529000FB60FB68B3F1FF3F05D00A4B1B781A4651
:1052A000FB681344FB6000BFFFF7DEFF0246BB68EC
:1052B000D31AFA689A42F7D800BF00BF1037BD462C
:1052C00080BD00BF3000002480B400AF034B1B68DA
:1052D0001B0C1846BD465DF8047B70470010005C4F
:1052E00080B483B000AF7860064B5B6823F4600243
:1052F00004497B6813434B6000BF0C37BD465DF823
:10530000047B70470004005880B485B000AF78601B
:105310007B6803F00703FB600B4BDB68BB60BA687C
:105320004FF6FF031340BB60FB681A02BB681A43C9
:10533000064B1343BB60044ABB68D36000BF1437FD
:10534000BD465DF8047B704700ED00E00000FA0503
:1053500080B400AF044BDB681B0A03F00703184658
:10536000BD465DF8047B704700ED00E080B483B07B
:1053700000AF0346FB80B7F90630002B0BDBFB8840
:1053800003F01F020749B7F906305B09012000FA54
:1053900002F241F8232000BF0C37BD465DF8047BC4
:1053A000704700BF00E100E080B483B000AF034667
:1053B0003960FB80B7F90630002B0ADB3B68DAB2B4
:1053C0000C49B7F906301201D2B20B4483F800231E
:1053D0000AE03B68DAB20849FB8803F00F03043B9C
:1053E0001201D2B20B441A7600BF0C37BD465DF8ED
:1053F000047B704700E100E000ED00E080B489B07C
:1054000000AFF860B9607A60FB6803F00703FB61E6
:10541000FB69C3F10703042B28BF0423BB61FB69AD
:105420000433062B02D9FB69033B00E000237B61B8
:105430004FF0FF32BB6902FA03F3DA43BB681A404C
:105440007B699A404FF0FF317B6901FA03F3D9433E
:105450007B680B40134318462437BD465DF8047B38
:10546000704780B582B000AF78607868FFF74CFF76
:1054700000BF0837BD4680BD80B586B000AF03468B
:10548000B9607A60FB81FFF763FF78617A68B96879
:105490007869FFF7B3FF0246B7F90E301146184698
:1054A000FFF782FF00BF1837BD4680BD80B582B0D0
:1054B00000AF0346FB80B7F906301846FFF756FFEA
:1054C00000BF0837BD4680BD80B400AFBFF35F8F1B
:1054D00000BF074B5B6A064A23F480335362054BD7
:1054E00000225A6000BFBD465DF8047B704700BFD4
:1054F00000ED00E090ED00E080B483B000AF786094
:105500000B4A7B6843F0010353600A4B5B6A094A0C
:1055100043F480335362BFF34F8F00BFBFF36F8FED
:1055200000BF00BF0C37BD465DF8047B704700BF6D
:1055300090ED00E000ED00E080B483B000AF786053
:105540007B685A781D4B9A607B681B78002B29D0AA
:105550001A4A7B685B68D3607B681B7B1A077B6891
:10556000DB7A1B061A437B689B7ADB041A437B6851
:105570005B7B9B041A437B689B7B5B041A437B68C1
:10558000DB7B1B041A437B685B7A1B021A437B6834
:105590001B7A5B0013437A6812781146074A0B4363
:1055A000136105E0054B0022DA60044B00221A610A
:1055B00000BF0C37BD465DF8047B704790ED00E0FE
:1055C00080B584B000AF78607B68002B01D10123E7
:1055D000C8E07B68DB6E002B02D1786807F00AFD1B
:1055E0007B682322DA66614BD3F8F4305F4A43F0DC
:1055F0000203C2F8F4305D4BD3F8F43003F0020339
:10560000BB60BB687B681B7A002B03D10020FFF7CF
:1056100067FE03E04FF40000FFF762FE7B681B6843
:1056200003F580531B687A68126843F0010302F5A2
:1056300080521360FFF718FEF8600FE0FFF714FECA
:105640000246FB68D31AB3F5FA7F07D97B680422B8
:105650005A677B68E022DA66012383E07B681B6877
:1056600003F580531B6803F00103002BE6D1786833
:1056700001F0A2FA03F09CFA03463D4AA2FB032381
:105680009A0C7B681B68013AC3F8DC20786801F04B
:10569000F5F97B681B6803F58053D3F8003123F4D8
:1056A000E0137A68126843F4002302F58052C2F8CE
:1056B00000317B685B6903F00303002B07D07B6834
:1056C00001225A677B68E022DA6601234AE07B68A0
:1056D0001B6803F58053D3F80821264B13407A68E2
:1056E000526951007A6812680B4302F58052C2F881
:1056F0000831786801F0B8FA786801F0FEFA7B6842
:105700005B6805331B781A027B685B6804331B787F
:1057100019467B681B680A43C3F800237B685B68F3
:1057200003331B781A067B685B6802331B781B0403
:105730001A437B685B6801331B781B021A437B6842
:105740005B681B7819467B681B680A43C3F804230F
:105750007B6800225A677B681022DA667B68102219
:105760001A67002318461037BD4680BD0044025812
:1057700083DE1B430180FFFF80B487B000AFF86079
:10578000B9607A603B60FA68BB6810339B001344D1
:105790005B687B617B68002B02D0BB68032B04D95C
:1057A000FB6801225A67012321E07A687B691A604D
:1057B0007A687B691A617B69DB6843F080727B6978
:1057C000DA603B68002B0BD03A687B699A603A68D4
:1057D0007B695A617B69DB6843F000727B69DA6040
:1057E0007B69DB6843F000427B69DA60002318467E
:1057F0001C37BD465DF8047B704780B483B000AFB2
:1058000078607B68DB6E102B4ED17B682322DA66D2
:105810007B681B681A687B681B6842F002021A608A
:105820007B681B681A687B681B6842F001021A607B
:105830007B681B68D3F8002D7B681B6842F001026F
:10584000C3F8002D7B681B6803F58053D3F804313F
:105850007A68126843F0010302F58052C2F80431FD
:105860007B681B6803F58053D3F808317A681268A7
:1058700043F0010302F58052C2F808317B681B68CF
:1058800003F58053D3F860317A68126843F481736A
:1058900002F58052C2F860317B681022DA667B68BC
:1058A00022221A67002300E0012318460C37BD4668
:1058B0005DF8047B704780B483B000AF78607B688C
:1058C000DB6E002B40D07B682322DA667B681B6886
:1058D00003F58053D3F804317A68126823F001038A
:1058E00002F58052C2F804317B681B6803F58053CF
:1058F000D3F808317A68126823F0010302F5805268
:10590000C2F808317B681B681A687B681B6822F044
:1059100001021A607B681B68D3F8002D7B681B6846
:1059200042F00102C3F8002D7B681B681A687B688F
:105930001B6822F002021A607B681022DA667B681C
:1059400010221A67002300E0012318460C37BD46D9
:105950005DF8047B704780B586B000AFF860B96031
:105960007A60BB68002B07D1FB685B6F43F00102D4
:10597000FB685A67012376E0FB68DB6E102B71D160
:105980000022B968F86801F017FA0346002B07D027
:10599000FB685B6F43F00202FB685A67012362E019
:1059A000FB689A6AFB68063253F822307B61FB6819
:1059B0009B6A5A1CFB689A62FB689B6A032B04D99A
:1059C000FB689B6A1A1FFB689A62FB68996AFB680E
:1059D0001A68FB68063153F8213002F58052C2F88C
:1059E0002031FFF741FC386136E0FB681B6803F5A6
:1059F0008053D3F8603103F48053002B12D0FB683E
:105A00005B6F43F00802FB685A67FB681B6803F58D
:105A10008053D3F86021FB689A67FB68E022DA665E
:105A2000012320E07B68B3F1FF3F15D0FFF71CFC9A
:105A300002463B69D31A7A689A4202D37B68002BEC
:105A40000AD1FB685B6F43F00402FB685A67FB688E
:105A5000E022DA66012306E07B69DB68002BC4DB09
:105A6000002300E0012318461837BD4680BD80B4EE
:105A700089B000AF78607B684433BB60BB681B694A
:105A8000FB61BB68FA6953F82230BB6100237B617C
:105A900000233B610023FB60BB689B69002B6BD03C
:105AA0000023CEE07B6901337B61BB69DB6803F0D7
:105AB0008053002B36D03B6901333B613B69012B9E
:105AC00001D1FB69FB60FB690133FB61FB69032BBF
:105AD00002D9FB69043BFB61BB68FA6953F82230C9
:105AE000BB61BB69DB68002B11DBBB69DB6803F0C2
:105AF0008043002B0BD0BB680122DA61FB690133C4
:105B0000FB61FB69032B02D9FB69043BFB61BB68AA
:105B1000FA691A61BB68FA685A61BB683A699A61A6
:105B200001238EE0BB69DB6803F00053002B12D029
:105B3000FB69FB6001233B61FB690133FB61FB698E
:105B4000032B02D9FB69043BFB61BB68FA6953F87C
:105B50002230BB6110E03B6901333B61FB690133DB
:105B6000FB61FB69032B02D9FB69043BFB61BB684A
:105B7000FA6953F82230BB61BB69DB68002B02DB9A
:105B80007B69032B8ED93B69002B56D0BB68FA6921
:105B90001A61BB68FA685A61FB68FB61BB68FA6905
:105BA00053F82230BB6100237B613BE0BB691A697B
:105BB000BB691A60BB694FF08072DA60BB695B69D0
:105BC000002B09D0BB695A69BB699A60BB69DB6865
:105BD00043F00072BB69DA60BB69DB6843F00042E6
:105BE000BB69DA60BB681B6A002B05D0BB69DB6848
:105BF00043F08042BB69DA603B69013B7A699A42B3
:105C00000DD2FB690133FB61FB69032B02D9FB69F0
:105C1000043BFB61BB68FA6953F82230BB617B69C6
:105C200001337B617A693B699A42BFD37B681A680A
:105C3000BB6902F58052C2F82831BB6800229A6124
:105C4000002318462437BD465DF8047B704780B5B5
:105C50008AB000AF786039607B6844333B613B6950
:105C60005B697B620023FB613B697A6A53F82230EF
:105C7000BB613B687B617B69002B04D17B6801229F
:105C80005A6701237DE03B699B69002B0FD178683F
:105C9000FFF7EDFE0346002B01D1012371E03B69C4
:105CA0005B697B623B697A6A53F82230BB610023EF
:105CB0003B6231E0BB691B691A467B691A607B68ED
:105CC0005A697B695A60BB695B69002B0BD07B69A1
:105CD0009B687B61BB695B691A467B691A607B685C
:105CE0005A697B695A60BB69DB68C3F30E03FB61C9
:105CF0007B6A01337B627B6A032B02D97B6A043B9C
:105D00007B623B697A6A53F82230BB617B699B688E
:105D10007B613B6A01333B623B699B69013B3A6AA9
:105D20009A42C7D3BB69DB68C3F30E02FB69D31A7F
:105D3000FB60BB691B691A467B691A607B685B69FB
:105D4000FA689A4203D87B69FA685A6018E0BB691E
:105D50005B69002B12D07B685A697B695A607B694A
:105D60009B687B61BB695B691A467B691A607B68CB
:105D70005B69FA68D21A7B695A6001E0012300E08E
:105D8000002318462837BD4680BD80B586B000AFD9
:105D9000786039607B6844333B613B695B697B6158
:105DA0003B699B69002B07D17868FFF760FE0346CB
:105DB000002B01D1012317E03B699A697B691344E9
:105DC000013B7B617B69032B02D97B69043B7B61CF
:105DD0003B697A6953F82230FB60FB68DB68C3F3E8
:105DE0000E023B681A60002318461837BD4680BD76
:105DF00080B489B000AF78607B684433FB60FB6897
:105E00005B69FB61FB68FA6953F82230BB61FB6890
:105E10009B697B61FB689B69002B01D1012357E0E3
:105E2000FB68DB69002B02D07B6901337B610023B7
:105E30003B613BE0BB691A69BB691A60BB694FF003
:105E40008072DA60BB695B69002B09D0BB695A6953
:105E5000BB699A60BB69DB6843F00072BB69DA60BA
:105E6000BB69DB6843F00042BB69DA60FB681B6A10
:105E7000002B05D0BB69DB6843F08042BB69DA6068
:105E80007B69013B3A699A420DD2FB690133FB61A0
:105E9000FB69032B02D9FB69043BFB61FB68FA69D0
:105EA00053F82230BB613B6901333B613A697B693E
:105EB0009A42BFD37B681A68BB6902F58052C2F868
:105EC0002831FB6800229A617B6800221A66002351
:105ED00018462437BD465DF8047B704780B582B014
:105EE00000AF78607B681B6803F58053D3F860319E
:105EF00003F04003402B15D17B681B6803F58053EA
:105F0000D3F8343103F04003402B0BD1786800F014
:105F1000E9F87B681B6803F580531A4648F2400392
:105F2000C2F860317B681B6803F58053D3F8603199
:105F300003F00103012B15D17B681B6803F5805327
:105F4000D3F8343103F00103012B0BD1786800F052
:105F5000BFF87B681B6803F580531A4648F20103BB
:105F6000C2F860317B681B6803F58053D3F8603159
:105F700003F48043B3F5804F4ED17B681B6803F573
:105F80008053D3F8343103F48043B3F5804F43D1C9
:105F90007B685B6F43F008027B685A677B681B680D
:105FA00003F58053D3F8603103F48053B3F5805F79
:105FB0001CD17B681B6803F58053D3F8602141F244
:105FC000021313407A6893677B681B6803F580535C
:105FD000D3F834317A68126823F4404302F58052D2
:105FE000C2F834317B68E022DA6612E07B681B6815
:105FF00003F58053D3F8603103F4CD427B689A6790
:106000007B681B6803F580531A464FF4CD43C2F8F2
:106010006031786800F070F87B681B68D3F8B030A6
:1060200003F4C043B3F5C04F0ED17B681B68D3F8AF
:10603000B8207B68DA677B68E022DA66786800F06F
:1060400065F87B680022DA677B681B68D3F8B0309C
:1060500003F01003102B0FD17B681B68D3F8C030FE
:1060600003F060027B68C3F88020786800F058F87D
:106070007B680022C3F880207B681B68D3F8B030AF
:1060800003F02003202B0FD17B681B68D3F8C030AE
:1060900003F00F027B68C3F88420786800F04AF8A8
:1060A0007B680022C3F88420084B9B6A03F48003BA
:1060B000002B06D0054B4FF480029A62786800F0FE
:1060C00043F800BF0837BD4680BD00BF80000058C0
:1060D00080B483B000AF786000BF0C37BD465DF878
:1060E000047B704780B483B000AF786000BF0C378A
:1060F000BD465DF8047B704780B483B000AF786024
:1061000000BF0C37BD465DF8047B704780B483B098
:1061100000AF786000BF0C37BD465DF8047B704768
:1061200080B483B000AF786000BF0C37BD465DF827
:10613000047B704780B483B000AF786000BF0C3739
:10614000BD465DF8047B704780B483B000AF7860D3
:1061500000BF0C37BD465DF8047B704780B586B044
:1061600000AFF860B9607A603B60FB681B68D3F8E9
:10617000003203F00103002B01D001233EE0FB6855
:106180001B68D3F800327B617B6923F07872BB68AF
:106190005B0513437B617B6923F4F8127B681B0466
:1061A00013437B617B6943F00C037B617B6943F0A4
:1061B00001037B61FB681B687A69C3F80022FFF763
:1061C00053F8386109E0FFF74FF802463B69D31AEC
:1061D000B3F57A7F01D9012310E0FB681B68D3F87F
:1061E000003203F00103002BEDD1FB681B68D3F8EC
:1061F00004329BB21A463B681A60002318461837CF
:10620000BD4680BD80B586B000AFF860B9607A60E9
:106210003B60FB681B68D3F8003203F00103002BDE
:1062200001D001233CE0FB681B68D3F800327B619E
:106230007B6923F07872BB685B0513437B617B69E4
:1062400023F4F8127B681B0413437B617B6923F002
:106250000C0343F004037B617B6943F001037B6122
:106260003B689AB2104BC3F804220F4A7B69C2F80C
:106270000032FEF7F9FF386109E0FEF7F5FF02464C
:106280003B69D31AB3F57A7F01D9012308E0FB6893
:106290001B68D3F8003203F00103002BEDD100237B
:1062A00018461837BD4680BD0080024080B483B0D8
:1062B00000AF786039603B68002B01D10123C3E156
:1062C0007B681B681B6803F00C023B68DA627B6822
:1062D0001B681B6803F01003002B14BF012300236D
:1062E000DBB21A463B6883F828207B681B681B6872
:1062F00003F060023B685A627B681B681B6803F40A
:106300008073002B0CBF01230023DBB21A463B68CD
:1063100083F820207B681B681B6803F40073002B44
:1063200014BF01230023DBB21A463B68DA777B688F
:106330001B681B6803F48063002B0CBF0123002340
:10634000DBB21A463B689A777B681B681B6803F4CC
:106350000063002B14BF01230023DBB21A463B6805
:106360005A777B681B681B6803F48053002B14BFAB
:1063700001230023DBB21A463B681A777B681B684F
:106380001B6803F400523B689A617B681B681B68BA
:1063900003F480423B685A617B681B681B6803F406
:1063A0008033002B14BF01230023DBB21A463B6865
:1063B0009A747B681B681B6803F40033002B0CBFC6
:1063C00001230023DBB21A463B685A747B681B68C2
:1063D0001B6803F40023002B0CBF01230023DBB256
:1063E0001A463B681A747B681B681B6803F48013A9
:1063F000002B14BF01230023DBB21A463B68DA737B
:106400007B681B681B6803F40013002B14BF012377
:106410000023DBB21A463B689A737B681B681B68D3
:1064200003F48003002B14BF01230023DBB21A46C0
:106430003B685A737B681B681B6803F40003002BDE
:1064400014BF01230023DBB21A463B681A737B6832
:106450001B681B6803F0E0623B689A607B681B68FE
:106460001B6803F00063002B14BF01230023DBB281
:106470001A463B681A717B681B681B6803F0E04290
:106480003B681A607B681B685B68C3F30D023B685E
:106490005A637B681B685B6803F48033002B0CBF76
:1064A00001230023DBB21A463B6883F832207B6865
:1064B0001B685B6803F40033002B14BF0123002327
:1064C000DBB21A463B6883F831207B681B685B6847
:1064D00003F48023002B14BF01230023DBB21A46F0
:1064E0003B6883F830207B681B685B6803F080732F
:1064F000002B14BF01230023DBB21A463B6883F84C
:1065000038207B681B685B685B0E03F01F023B68EA
:10651000DA637B681B68DB6803F48073002B14BFAD
:1065200001230023DBB21A463B6883F840207B68D6
:106530001B68DB6803F00F023B685A647B681B68CA
:106540001B6F03F00203002B14BF01230023DBB2F7
:106550001A463B6883F854207B681B681B6F03F066
:106560008003002B0CBF01230023DBB21A463B68DB
:1065700083F84C207B681B681B6F03F070023B683C
:106580001A657B681B681B6F1B0C9AB23B689A6488
:106590007B681B68D3F8903003F00103002B14BF15
:1065A00001230023DBB21A463B6883F856207B6840
:1065B0001B68D3F8903003F00203002B14BF0123B3
:1065C0000023DBB21A463B6883F855207B681B68C2
:1065D000D3F8003D03F072023B689A657B681B6844
:1065E000D3F8303D03F023023B68DA657B681B6813
:1065F000D3F8303D03F00803002B14BF0123002320
:10660000DBB21A463B6883F862207B681B68D3F8CC
:10661000303D03F01003002B14BF01230023DBB235
:106620001A463B6883F861207B681B68D3F8303DCD
:1066300003F04003002B0CBF01230023DBB21A46FA
:106640003B6883F86020002318460C37BD465DF890
:10665000047B704780B582B000AF786039603B68DA
:10666000002B01D101230AE07B681B6F102B05D1A1
:106670003968786800F060F8002300E001231846CC
:106680000837BD4680BD000080B584B000AF78609B
:106690007B681B68D3F80032FB60FB6823F47063EF
:1066A000FB6002F085FAB860BB681E4A934208D9C5
:1066B000BB681D4A934204D8FB6843F40073FB6037
:1066C00027E0BB68184A934208D9BB68174A93422F
:1066D00004D2FB6843F44073FB601AE0BB68134AC2
:1066E000934203D3BB68124A934211D9BB68104A44
:1066F000934208D9BB680F4A934204D8FB6843F41D
:106700008073FB6005E0FB6843F48063FB6000E09E
:1067100000BF7B681B68FA68C3F8002200BF10370F
:10672000BD4680BDFF2C3101BF0E160200879303CA
:10673000FFE0F5057FD1F00880B485B000AF786048
:1067400039603B689A683B681B681A433B681B7951
:10675000DB061A433B681B7BDB051A433B685B7B0C
:106760009B051A433B689B7B5B051A433B68DB7BBD
:106770001B0513433A68127C002A02D14FF4002211
:1067800000E0002213433A68527C002A02D14FF401
:10679000003200E000221A433B689B7C1B041A4332
:1067A0003B685B691A433B689B691A433B681B7FE4
:1067B0001B031A433B685B7FDB0213433A68927FFB
:1067C000002A02D14FF4806200E000221A433B68A5
:1067D000DB7F5B0213433A6892F82020002A02D143
:1067E0004FF4807200E000221A433B685B6A1A4350
:1067F0003B6893F828301B011A433B68DB6A13435C
:10680000FB607B681B681A68564B13407A681268F5
:10681000F9680B4313603B68DB6B5A063B6893F8DF
:1068200038301B061A433B6893F830309B041A43F8
:106830003B6893F831305B0413433A6892F8322096
:10684000002A02D14FF4803200E000221A433B6854
:106850005B6B1343FB607B681B685A68424B1340B9
:106860007A681268F9680B4353603B6893F84030CC
:106870001A023B685B6C1343FB607B681B68DA6839
:106880003A4B13407A681268F9680B43D3603B684F
:1068900093F854305A003B681B6D13433A6892F8E2
:1068A0004C20002A01D1802200E000221A433B68DC
:1068B0009B6C1B041343FB607B681B681A6F4FF6CD
:1068C0000D7313407A681268F9680B4313673B68CD
:1068D00093F856301A463B6893F855305B001343E3
:1068E000FB607B681B68D3F8903023F003017B6862
:1068F0001B68FA680A43C3F890207B681B68D3F8CA
:10690000003D23F072013B689A6D7B681B680A4367
:10691000C3F8002D3B68DB6D3A6892F86020002ACE
:1069200001D1402200E000221A433B6893F8613015
:106930001B011A433B6893F86230DB001343FB6092
:106940007B681B68D3F8303D23F07B017B681B68B4
:10695000FA680A43C3F8302D00BF1437BD465DF80E
:10696000047B7047838004000080F8C0F0FEFFFFC6
:1069700080B485B000AF786039607B681B6803F530
:1069800080531A68384B13403A6811687A68126865
:106990000B4302F5805213603B681B791A033B6876
:1069A0009B681A433B681B7BDB031343FB607B68DC
:1069B0001B6803F580535A682C4B13407A681268A1
:1069C000F9680B4302F5805253603B685B7B1A0405
:1069D0003B681B6A1343FB607B681B6803F58053AD
:1069E000D3F80021224B13407A681268F9680B43F0
:1069F00002F58052C2F800313B681A693B681B7D82
:106A00001B011A433B685B7F1B031343FB607B68DE
:106A10001B6803F58053D3F80421164B13407A68A2
:106A20001268F9680B4302F58052C2F804313B68E2
:106A30001B7FDA073B689B691343FB607B681B681D
:106A400003F58053D3F808210B4B13407A68126882
:106A5000F9680B4302F58052C2F8083100BF1437C1
:106A6000BD465DF8047B7047FD87FFFFFE2FFFFFEB
:106A700000C0FEFFEFEFC0FFFFFFC07F80B5A4B0F6
:106A800000AF7860012387F83B3000233B6500238B
:106A900087F84930002387F84B30012387F83030DE
:106AA000012387F85E30012387F83A30002387F806
:106AB0005430012387F88C304FF400537B6400235B
:106AC00087F864300023BB66002387F88D300023ED
:106AD00087F88E304FF4C3633B66002387F8383065
:106AE00000237B63012387F83D30002387F83E3085
:106AF000002387F848300023FB6700237B670023CF
:106B0000BB65002387F86C30002387F882300123AF
:106B100087F84A302023C7F88830012387F84C30A3
:106B2000002387F85D304FF04053FB624FF4804301
:106B30003B64002387F839300223C7F884300023F0
:106B400087F88030002387F88130002387F85C3095
:106B5000012387F83C3000233B67012387F8783016
:106B600007F12C0319467868FFF7E6FD01233B7314
:106B700001233B610023BB60002387F824300023FE
:106B80007B7500233B754FF400133B6200233B777A
:106B90004FF40013BB61002387F825304FF40673D0
:106BA000BB6207F1080319467868FFF7E1FE00BFF2
:106BB0009037BD4680BD000080B584B000AF7860DE
:106BC0007B681B68D3F80032FB60FB6823F47063BA
:106BD000FB6001F0EDFFB860BB681E4A934208D924
:106BE000BB681D4A934204D8FB6843F40073FB6002
:106BF00027E0BB68184A934208D9BB68174A9342FA
:106C000004D2FB6843F44073FB601AE0BB68134A8C
:106C1000934203D3BB68124A934211D9BB68104A0E
:106C2000934208D9BB680F4A934204D8FB6843F4E7
:106C30008073FB6005E0FB6843F48063FB6000E069
:106C400000BF7B681B68FA68C3F8002200BF1037DA
:106C5000BD4680BDFF2C3101BF0E16020087930395
:106C6000FFE0F5057FD1F00880B485B000AF786013
:106C70000023FB601DE07B68D968FA6813465B005F
:106C80001344DB000B44BB60BB6800221A60BB6886
:106C900000225A60BB6800229A60BB680022DA605A
:106CA000B9687B68FA68063243F82210FB68013342
:106CB000FB60FB68032BDED97B6800229A627B684D
:106CC0001B6803F580531A460323C2F82C317B68F6
:106CD000DA687B681B6803F58053C3F814217B686E
:106CE000DA687B681B6803F58053C3F8202100BF76
:106CF0001437BD465DF8047B704780B485B000AFA3
:106D000078600023FB6024E07B681969FA68134609
:106D10005B001344DB000B44BB60BB6800221A60BD
:106D2000BB6800225A60BB6800229A60BB680022E0
:106D3000DA60BB6800221A61BB6800225A61BA6837
:106D40007968FB6810339B000B445A60FB68013381
:106D5000FB60FB68032BD7D97B6800225A657B68F0
:106D600000229A657B680022DA657B6800225A66F9
:106D70007B6800221A667B681B6803F580531A46FD
:106D80000323C2F830317B681A697B681B6803F5FE
:106D90008053C3F81C217B681B6903F148027B68A0
:106DA0001B6803F58053C3F8282100BF1437BD4684
:106DB0005DF8047B7047000080B48DB000AFF860D0
:106DC000B9607A60FB6818337B617B691B69FB6281
:106DD0007B691B693B610023BB627B69FA6A53F8DC
:106DE00022303B62BB689B68FB610023BB613B6A4E
:106DF000DB6803F00043B3F1004F07D07A69FB6A08
:106E000004339B0013445B68002B01D002234AE249
:106E1000BB681B6803F00403002B44D03B6ADA68AC
:106E2000724B1340BA68526A1A433B6ADA603B6A93
:106E3000DB6843F480323B6ADA60FB681B681A6ED9
:106E4000FB681B6842F480121A66BB681B6803F07B
:106E50000803002B27D03B6A9B689AB2BB68DB6AA9
:106E60001B041A433B6A9A603B6ADB6843F40032B6
:106E70003B6ADA603B6ADB6823F44022BB681B6B29
:106E80001A433B6ADA60FB681B685A6EFB681B6832
:106E900042F480125A66FB681B681A6DFB681B6817
:106EA00042F080621A65BB681B6803F01003002B78
:106EB0000ED03B6A9A684E4B1340BA6892691A43E7
:106EC0003B6A9A603B6ADB6843F080623B6ADA6047
:106ED000BB681B6803F00403002B05D1BB681B686B
:106EE00003F01003002B30D03B6ADB6843F0804294
:106EF0003B6ADA603B6ADB6843F000423B6ADA6077
:106F0000FB6A0133FB62FB6A032B02D9FB6A043B79
:106F1000FB627B69FA6A53F822303B62BB6A013339
:106F2000BB623B6ADB6803F00043B3F1004F0CD156
:106F30007B693A6953F822303B623B6ADB6823F095
:106F400000423B6ADA600223ADE1BB6A0133BB62F7
:106F5000FB691B681A463B6A1A603B6A9A68244BB5
:106F60001340FA6952681A433B6A9A60FB699B684E
:106F7000002B12D0FB699B68FB61FB691B681A46FA
:106F80003B6A5A603B6A9A681A4B1340FA69526826
:106F900012041A433B6A9A6008E03B6A00225A6076
:106FA0003B6A9A68134B13403A6A9360BB681B684C
:106FB00003F01003002B21D03B6ADB6823F4F002BE
:106FC000BB681B6ADB041A433B6ADA603B6ADA6817
:106FD000094B1340BA68D2691A433B6ADA603B6ACC
:106FE000DB6843F480223B6ADA602EE00000FFFF9A
:106FF00000C0FFFFFFFF00C00000FCFF3B6ADA6833
:10700000934B1340BA6852681A433B6ADA60BB6814
:107010001B6803F00103002B08D03B6ADB6823F4F4
:107020004032BB685B691A433B6ADA60BB681B6825
:1070300003F02003002B08D03B6ADB6823F040629A
:10704000BB681B691A433B6ADA60BB681B6803F0C4
:107050000403002B08D03B6A9B6823F44042BB68C2
:107060009B6A1A433B6A9A603B6ADB6843F00052B2
:107070003B6ADA603B6ADB6823F080423B6ADA6095
:107080003B6ADB6843F000423B6ADA60BB681B681E
:1070900003F00203002B00F0CB803B6ADB6823F097
:1070A0006072BB68DB681A433B6ADA60C0E03B6A27
:1070B000DB6823F080523B6ADA60FB6A0133FB62D3
:1070C000FB6A032B02D9FB6A043BFB627B69FA6A09
:1070D00053F822303B623B6ADB6823F000523B6A84
:1070E000DA603B6ADB6803F00043B3F1004F07D07E
:1070F0007A69FB6A04339B0013445B68002B26D03B
:107100003B69FB627B69FA6A53F822303B620023D9
:107110007B6216E03B6ADB6823F000423B6ADA6080
:10712000FB6A0133FB62FB6A032B02D9FB6A043B57
:10713000FB627B69FA6A53F822303B627B6A013357
:107140007B627A6ABB6A9A42E4D30223ABE0BB6AF1
:107150000133BB62FB699B68FB61FB691B681A46D4
:107160003B6A1A603B6A9A683A4B1340FA69526864
:107170001A433B6A9A60FB699B68002B12D0FB693B
:107180009B68FB61FB691B681A463B6A5A603B6A55
:107190009A68314B1340FA69526812041A433B6AE9
:1071A0009A6008E03B6A00225A603B6A9A682A4B60
:1071B00013403A6A9360BB681B6803F01003002B0E
:1071C0000FD03B6ADA68254B1340BA68D2691A437C
:1071D0003B6ADA603B6ADB6843F480223B6ADA6030
:1071E00017E03B6ADA681A4B1340BA6852681A43D0
:1071F0003B6ADA60BB681B6803F00103002B08D010
:107200003B6ADB6823F44032BB685B691A433B6A24
:10721000DA60BB690133BB613B6ADB6843F0004263
:107220003B6ADA603B6ADB6823F080423B6ADA60E3
:10723000FB699B68002B7FF43AAF7B68002B0FD073
:107240003B6A9B6843F000423B6A9A600EE000BFD5
:107250000080FFFF00C0FFFFFFFF00C00000FCFF39
:107260003B6A9B6823F000423B6A9A603B6ADB689A
:1072700043F080523B6ADA607B695A6A7969FB6A3B
:1072800004339B000B445A607B69FA6A1A6172B638
:1072900000BF7B699A6ABB6913445A1C7B699A6276
:1072A00062B600BF002318463437BD465DF8047B44
:1072B000704700BF80B58AB000AFF860B9607A60EF
:1072C000BB683B627B68FB610823FB75404B1B7D01
:1072D000012B01D1022376E03D4B01221A75BB68D8
:1072E000B3F1006F06D3BB68B3F1016F02D2012383
:1072F000BB610CE0BB68B3F1016F06D3BB68B3F1AF
:10730000026F02D20223BB6101E001235BE0304B3C
:1073100000229A61B9694CF2503000F0C1F803467E
:1073200087F8273097F82730002B47D1BB69012B0E
:1073300006D1284BDB68274A43F00203D36007E0FD
:10734000244BD3F80C31234A43F00203C2F80C312A
:10735000BFF36F8F00BFBFF34F8F00BFFB691A6889
:107360003B6A1A603B6A04333B62FB690433FB618E
:10737000FB7D013BFB75FB7D002BEFD1BFF36F8FD6
:1073800000BFBFF34F8F00BFB9694CF2503000F01F
:1073900087F8034687F82730BB69012B06D10D4BD0
:1073A000DB680C4A23F00203D36007E0094BD3F8F3
:1073B0000C31084A23F00203C2F80C31044B0022BE
:1073C0001A7597F8273018462837BD4680BD00BF8C
:1073D000142E00240020005280B400AF184BDB684C
:1073E00003F00103002B0DD0154B164A5A60144BC5
:1073F000154A5A60124BDB6803F00103002B01D0E1
:10740000012318E00E4BD3F80C3103F00103002BDD
:1074100010D00B4B0B4AC3F80421094B0A4AC3F89E
:107420000421074BD3F80C3103F00103002B01D0EA
:10743000012300E000231846BD465DF8047B704739
:107440000020005223016745AB89EFCD80B400AF27
:10745000124BDB68114A43F00103D3600F4BDB682A
:1074600003F00103002B01D1012311E00B4BD3F8F2
:107470000C310A4A43F00103C2F80C31074BD3F830
:107480000C3103F00103002B01D1012300E00023A4
:107490001846BD465DF8047B704700BF00200052CF
:1074A00080B586B000AF7860396004237B6100232B
:1074B0003B61FDF7D9FEF8603B68022B13D1414BCD
:1074C0007B6110E07B68B3F1FF3F0CD0FDF7CCFE91
:1074D0000246FB68D31A7A689A4202D37B68002B73
:1074E00001D103236AE07A69374B13407A699A42E3
:1074F0000AD1364B1A697B6913407A699A420CBFEC
:1075000001230023DBB20CE0304BD3F81031DA4317
:107510007B69134023F00043002B0CBF01230023A1
:10752000DBB2002BCED13B68012B05D1274B1A696A
:10753000274B13403B6107E0244BD3F81021244B29
:10754000134043F000433B613B6923F00043002BB1
:1075500017D0204B9A693B6913431E4A93613A69DD
:10756000194B13403A699A4203D1184A3B69536157
:1075700005E0164A3B6923F00043C2F814310123A9
:107580001CE03B68012B0BD1104B1B6903F48033CB
:10759000B3F5803F11D10D4B4FF480325A610CE0AE
:1075A0000A4BD3F8103103F48033B3F5803F04D194
:1075B000064B4FF48032C3F81421002318461837C5
:1075C000BD4680BD040000800F00EF1F0020005268
:1075D0000000EE17142E002480B584B000AF786050
:1075E00039600023FB735E4B1B7D012B01D102230D
:1075F000B2E05B4B01221A75594B00229A617B68FD
:107600005B6803F00103002B09D001214CF25030DC
:10761000FFF746FF0346002B01D00123FB737B6875
:107620005B6803F00203002B09D002214CF25030BA
:10763000FFF736FF0346002B01D00123FB73FB7BD2
:10764000002B40F085807B681B68012B36D17B685E
:107650001A697B685B681946104600F087F87B68FA
:107660005B6803F00103002B0FD001214CF2503076
:10767000FFF716FF0346002B01D00123FB73394BA4
:10768000DB68384A23F00803D3607B685B6803F04B
:107690000203002B5CD002214CF25030FFF700FFB8
:1076A0000346002B01D00123FB732E4BD3F80C3182
:1076B0002C4A23F00803C2F80C3149E03B684FF034
:1076C000FF321A607B689B68BB6039E07B68596851
:1076D0007B681B691A46B86800F0B2F87B685B6883
:1076E00003F00103002B0CD001214CF25030FFF7C6
:1076F000D7FE0346FB731B4BDA681A491A4B13403B
:10770000CB607B685B6803F00203002B0ED0022184
:107710004CF25030FFF7C4FE0346FB73114BD3F815
:107720000C211049104B1340C1F80C31FB7B002B8E
:1077300003D03B68BA681A600AE0BB680133BB60DB
:107740007B68DA687B689B681344BA689A42BDD349
:10775000034B00221A75FB7B18461037BD4680BDCF
:10776000142E002400200052FBF8FFFF80B483B0E9
:1077700000AF786039603B6803F00303032B22D12C
:107780002E4BDB682D4A23F03003D3602B4BD3F80C
:107790000C312A4A23F03003C2F80C31274BDA6847
:1077A00026497B681343CB60244BD3F80C21234933
:1077B0007B681343C1F80C31204B9B691F4A43F08F
:1077C0001003936133E03B6803F00103002B11D0F9
:1077D0001A4BDB68194A23F03003D360174BDA6881
:1077E00016497B681343CB60144BDB68134A43F0A4
:1077F0008803D3603B6803F00203002B17D00F4BC4
:10780000D3F80C310D4A23F03003C2F80C310B4B86
:10781000D3F80C2109497B681343C1F80C31074B9D
:10782000D3F80C31054A43F08803C2F80C3100BF8D
:107830000C37BD465DF8047B704700BF0020005246
:1078400080B485B000AFF860B9607A60BB6803F0BF
:107850000103002B10D0184BDB68174A23F4E663B2
:10786000D360154BDA68FB6819027B680B4313433E
:10787000114A43F08403D360BB6803F00203002B7A
:1078800014D00D4BD3F80C310B4A23F4E663C2F845
:107890000C31094BD3F80C21FB6819027B680B43B0
:1078A0001343054A43F08403C2F80C3100BF143778
:1078B000BD465DF8047B70470020005280B489B05B
:1078C00000AF786039600023FB61894B7B6194E1F4
:1078D0003B681A680121FB6901FA03F313403B611D
:1078E0003B69002B00F086813B685B6803F0030373
:1078F000012B05D03B685B6803F00303022B30D1FA
:107900007B689B68BB61FB695B00032202FA03F39F
:10791000DB43BA691340BB613B68DA68FB695B0013
:1079200002FA03F3BA691343BB617B68BA699A60D0
:107930007B685B68BB610122FB6902FA03F3DB43EE
:10794000BA691340BB613B685B681B0903F0010225
:10795000FB6902FA03F3BA691343BB617B68BA6936
:107960005A603B685B6803F00303032B17D07B6806
:10797000DB68BB61FB695B00032202FA03F3DB43B4
:10798000BA691340BB613B689A68FB695B0002FA05
:1079900003F3BA691343BB617B68BA69DA603B6879
:1079A0005B6803F00303022B23D1FB69DA087B68D1
:1079B000083253F82230BB61FB6903F007039B00D8
:1079C0000F2202FA03F3DB43BA691340BB613B6841
:1079D0001A69FB6903F007039B0002FA03F3BA6913
:1079E0001343BB61FB69DA087B680832B96943F865
:1079F00022107B681B68BB61FB695B00032202FAF3
:107A000003F3DB43BA691340BB613B685B6803F077
:107A10000302FB695B0002FA03F3BA691343BB611B
:107A20007B68BA691A603B685B6803F44033002BDB
:107A300000F0E0802F4BD3F8F4302E4A43F00203DD
:107A4000C2F8F4302B4BD3F8F43003F00203FB60A0
:107A5000FB68294AFB699B08023352F82330BB615B
:107A6000FB6903F003039B000F2202FA03F3DB43DD
:107A7000BA691340BB617B68204A934252D07B684D
:107A80001F4A934231D07B681E4A93422BD07B68B9
:107A90001D4A934225D07B681C4A93421FD07B68C5
:107AA0001B4A934219D07B681A4A934213D07B68D1
:107AB000194A93420DD07B68184A934207D07B68DD
:107AC000174A934201D109232DE00A232BE0082312
:107AD00029E0072327E0062325E0052323E00423EC
:107AE00021E003231FE002231DE001231BE000BF70
:107AF000800000580044025800040058000002585A
:107B00000004025800080258000C025800100258E5
:107B10000014025800180258001C02580020025895
:107B2000002402580023FA6902F0030292009340F5
:107B3000BA691343BB613849FB699B080233BA69D0
:107B400041F823204FF0B0431B68BB613B69DB4326
:107B5000BA691340BB613B685B6803F48013002B78
:107B600003D0BA693B691343BB614FF0B042BB69B4
:107B700013604FF0B0435B68BB613B69DB43BA699C
:107B80001340BB613B685B6803F40013002B03D018
:107B9000BA693B691343BB614FF0B042BB695360A4
:107BA0007B695B68BB613B69DB43BA691340BB61BE
:107BB0003B685B6803F40033002B03D0BA693B6970
:107BC0001343BB617B69BA695A607B691B68BB61FF
:107BD0003B69DB43BA691340BB613B685B6803F4F4
:107BE0008033002B03D0BA693B691343BB617B69C7
:107BF000BA691A60FB690133FB613B681A68FB696B
:107C000022FA03F3002B7FF463AE00BF00BF2437DA
:107C1000BD465DF8047B70470004005880B485B011
:107C200000AF78600B467B807B681A697B881340C5
:107C3000002B02D00123FB7301E00023FB73FB7BCD
:107C400018461437BD465DF8047B704780B483B096
:107C500000AF78600B467B8013467B707B78002BEF
:107C600003D07A887B689A6103E07B881A047B687A
:107C70009A6100BF0C37BD465DF8047B7047000079
:107C800080B584B000AF7860194BDB6803F0040363
:107C9000042B0AD0164BDB6803F007037A689A427C
:107CA00001D001231FE000231DE0114BDB6823F00E
:107CB00007020F497B681343CB60FDF7D5FAF860E4
:107CC00009E0FDF7D1FA0246FB68D31AB3F57A7FD3
:107CD00001D9012307E0064B5B6803F40053B3F5B9
:107CE000005FEED1002318461037BD4680BD00BFAF
:107CF0000048025880B58CB000AF78607B68002BDC
:107D000002D1012300F01DBC7B681B6803F0010356
:107D1000002B00F08780994B1B6903F03803FB624E
:107D2000964B9B6ABB62FB6A102B07D0FB6A182B31
:107D300010D1BB6A03F00303022B0BD18F4B1B68DE
:107D400003F40033002B6CD07B685B68002B68D198
:107D50000123F6E37B685B68B3F5803F06D1874B70
:107D60001B68864A43F4803313602EE07B685B68AF
:107D7000002B0CD1814B1B68804A23F480331360A5
:107D80007E4B1B687D4A23F4802313601DE07B68D3
:107D90005B68B3F5A02F0CD1784B1B68774A43F48E
:107DA00080231360754B1B68744A43F4803313605F
:107DB0000BE0724B1B68714A23F4803313606F4BE6
:107DC0001B686E4A23F4802313607B685B68002B7A
:107DD00013D0FDF749FA786208E0FDF745FA02464C
:107DE0007B6AD31A642B01D90323AAE3634B1B6874
:107DF00003F40033002BF0D014E0FDF735FA78627D
:107E000008E0FDF731FA02467B6AD31A642B01D9E8
:107E1000032396E3594B1B6803F40033002BF0D186
:107E200000E000BF7B681B6803F00203002B00F03A
:107E3000CB80524B1B6903F038033B624F4B9B6A6C
:107E4000FB613B6A002B07D03B6A182B56D1FB69BC
:107E500003F00303002B51D1484B1B6803F00403CC
:107E6000002B05D07B68DB68002B01D1012368E380
:107E7000424B1B6823F019027B68DB683F491343C0
:107E80000B60FDF7F1F9786208E0FDF7EDF90246C5
:107E90007B6AD31A022B01D9032352E3374B1B68A9
:107EA00003F00403002BF0D0FDF70EFA034641F275
:107EB0000302934217D87B681B69402B08D12F4BD4
:107EC0005B6823F47C332D4A43F4003353607BE03A
:107ED0002A4B5B6823F47C327B681B691B032749B0
:107EE00013434B6070E0254B5B6823F0FE427B68D8
:107EF0001B691B06214913434B6065E07B68DB6807
:107F0000002B48D01D4B1B6823F019027B68DB68EF
:107F10001A4913430B60FDF7A7F9786208E0FDF7F3
:107F2000A3F902467B6AD31A022B01D9032308E383
:107F3000124B1B6803F00403002BF0D0FDF7C4F9CB
:107F4000034641F2030293421AD87B681B69402B17
:107F500008D10A4B5B6823F47C33084A43F40033AE
:107F6000536031E0054B5B6823F47C327B681B690E
:107F70001B03024913434B6026E000BF0044025834
:107F80009A4B5B6823F0FE427B681B691B0697498E
:107F900013434B6018E0954B1B68944A23F0010390
:107FA0001360FDF761F9786208E0FDF75DF90246BC
:107FB0007B6AD31A022B01D90323C2E28B4B1B68C5
:107FC00003F00403002BF0D17B681B6803F010035F
:107FD000002B00F0A980854B1B6903F03803BB61BF
:107FE000824B9B6A7B61BB69082B07D0BB69182B4E
:107FF0003AD17B6903F00303012B35D17B4B1B681E
:1080000003F48073002B05D07B68DB69802B01D0E3
:10801000012396E2FDF758F9034641F20302934229
:1080200017D87B681B6A202B08D1704B5B6823F044
:10803000F8436E4A43F08043536075E06B4B5B68D6
:1080400023F0F8427B681B6A9B06684913434B6028
:108050006AE0664BDB6823F07C527B681B6A1B0678
:1080600062491343CB605FE07B68DB69002B42D041
:108070005E4B1B685D4A43F080031360FDF7F4F824
:10808000786208E0FDF7F0F802467B6AD31A022B0B
:1080900001D9032355E2554B1B6803F48073002B71
:1080A000F0D0FDF711F9034641F20302934217D8CD
:1080B0007B681B6A202B08D14C4B5B6823F0F8438C
:1080C0004A4A43F0804353602EE0484B5B6823F0FC
:1080D000F8427B681B6A9B06444913434B6023E0CC
:1080E000424BDB6823F07C527B681B6A1B063F49CE
:1080F0001343CB6018E03D4B1B683C4A23F08003E0
:108100001360FDF7B1F8786208E0FDF7ADF80246BC
:108110007B6AD31A022B01D9032312E2334B1B686B
:1081200003F48073002BF0D17B681B6803F0080315
:10813000002B36D07B685B69002B19D02B4B5B6F13
:108140002A4A43F001035367FDF78EF8786208E08E
:10815000FDF78AF802467B6AD31A022B01D9032362
:10816000EFE1224B5B6F03F00203002BF0D018E02D
:108170001E4B5B6F1D4A23F001035367FDF774F834
:10818000786208E0FDF770F802467B6AD31A022B8A
:1081900001D90323D5E1154B5B6F03F00203002BDC
:1081A000F0D17B681B6803F02003002B39D07B687B
:1081B0009B69002B1CD00D4B1B680C4A43F4805369
:1081C0001360FDF751F8786208E0FDF74DF80246BC
:1081D0007B6AD31A022B01D90323B2E1034B1B683C
:1081E00003F40053002BF0D01BE000BF0044025802
:1081F0009B4B1B689A4A23F480531360FDF734F8B5
:10820000786208E0FDF730F802467B6AD31A022B49
:1082100001D9032395E1924B1B6803F40053002B13
:10822000F0D17B681B6803F00403002B00F0818011
:108230008C4B1B688B4A43F480731360FDF714F872
:10824000786208E0FDF710F802467B6AD31A642BC7
:1082500001D9032375E1834B1B6803F48073002B62
:10826000F0D07B689B68012B06D17D4B1B6F7C4A4D
:1082700043F0010313672DE07B689B68002B0CD152
:10828000774B1B6F764A23F001031367744B1B6F08
:10829000734A23F0040313671CE07B689B68052B7B
:1082A0000CD16F4B1B6F6E4A43F0040313676C4B8A
:1082B0001B6F6B4A43F0010313670BE0684B1B6FA6
:1082C000674A23F001031367654B1B6F644A23F071
:1082D000040313677B689B68002B15D0FCF7C4FF71
:1082E00078620AE0FCF7C0FF02467B6AD31A41F2CB
:1082F0008832934201D9032323E1594B1B6F03F0CA
:108300000203002BEED014E0FCF7AEFF78620AE027
:10831000FCF7AAFF02467B6AD31A41F288329342E5
:1083200001D903230DE14E4B1B6F03F00203002B19
:10833000EED17B685B6A002B00F00281484B1B6921
:1083400003F03803182B00F0BD807B685B6A022BBA
:1083500040F09E80424B1B68414A23F080731360BB
:10836000FCF782FF786208E0FCF77EFF02467B6A3A
:10837000D31A022B01D90323E3E0394B1B6803F026
:108380000073002BF0D1364B9A6A374B13407A6852
:10839000916A7A68D26A12010A43314913438B62A7
:1083A0007B681B6B013BC3F308027B685B6B013B83
:1083B0005B029BB21A437B689B6B013B1B0403F47B
:1083C000FE031A437B68DB6B013B1B0603F0FE4395
:1083D000234913430B63224BDB6A214A23F0010339
:1083E000D3621F4B5A6B214B13407A68926CD200B8
:1083F0001B4913434B631A4BDB6A23F00C027B6867
:108400001B6C17491343CB62154BDB6A23F0020246
:108410007B685B6C12491343CB62114BDB6A104AD9
:1084200043F48033D3620E4BDB6A0D4A43F40033CE
:10843000D3620B4BDB6A0A4A43F48023D362084BB6
:10844000DB6A074A43F00103D362054B1B68044A09
:1084500043F080731360FCF707FF786211E000BF00
:1084600000440258004802580CFCFFFF0700FFFFC1
:10847000FCF7FAFE02467B6AD31A022B01D90323CA
:108480005FE0324B1B6803F00073002BF0D057E025
:108490002E4B1B682D4A23F080731360FCF7E4FE1B
:1084A000786208E0FCF7E0FE02467B6AD31A022BF2
:1084B00001D9032345E0254B1B6803F00073002B13
:1084C000F0D13DE0214B9B6A3B61204B1B6BFB6075
:1084D0007B685B6A012B31D03B6903F003027B6848
:1084E0009B6A9A422AD13B691B0903F03F027B68D1
:1084F000DB6A9A4222D1FB68C3F308027B681B6BDC
:10850000013B9A421AD1FB685B0A03F07F027B6849
:108510005B6B013B9A4211D1FB681B0C03F07F029D
:108520007B689B6B013B9A4208D1FB681B0E03F0F2
:108530007F027B68DB6B013B9A4201D0012300E0A4
:10854000002318463037BD4680BD00BF00440258A6
:1085500080B586B000AF786039607B68002B01D1B0
:1085600001239CE18A4B1B6803F00F033A689A428F
:1085700010D9874B1B6823F00F0285493B681343D2
:108580000B60834B1B6803F00F033A689A4201D0DB
:10859000012384E17B681B6803F00403002B10D0E7
:1085A0007B681A697B4B9B6903F070039A4208D978
:1085B000784B9B6923F070027B681B6975491343F4
:1085C0008B617B681B6803F00803002B10D07B686D
:1085D0005A69704BDB6903F070039A4208D96D4BFE
:1085E000DB6923F070027B685B696A491343CB61E6
:1085F0007B681B6803F01003002B10D07B689A691E
:10860000644BDB6903F4E0639A4208D9614BDB6990
:1086100023F4E0627B689B695E491343CB617B680E
:108620001B6803F02003002B10D07B68DA69594BDC
:108630001B6A03F070039A4208D9564B1B6A23F059
:1086400070027B68DB69534913430B627B681B68CC
:1086500003F00203002B10D07B68DA684D4B9B6956
:1086600003F00F039A4208D94A4B9B6923F00F028B
:108670007B68DB68474913438B617B681B6803F0A9
:108680000103002B55D0434B9B6923F470627B6838
:108690009B68404913438B617B685B68022B07D161
:1086A0003C4B1B6803F40033002B21D10123F6E07F
:1086B0007B685B68032B07D1364B1B6803F00073A4
:1086C000002B15D10123EAE07B685B68012B07D101
:1086D000304B1B6803F48073002B09D10123DEE0CB
:1086E0002C4B1B6803F00403002B01D10123D6E0BF
:1086F000284B1B6923F007027B685B6825491343FD
:108700000B61FCF7B1FD78610AE0FCF7ADFD0246B4
:108710007B69D31A41F28832934201D90323BEE028
:108720001C4B1B6903F038027B685B68DB009A42D4
:10873000EBD17B681B6803F00203002B10D07B6831
:10874000DA68144B9B6903F00F039A4208D2114B6D
:108750009B6923F00F027B68DB680E4913438B6132
:108760000B4B1B6803F00F033A689A4214D2084B74
:108770001B6823F00F0206493B6813430B60044B50
:108780001B6803F00F033A689A4205D0012386E084
:1087900000200052004402587B681B6803F0040369
:1087A000002B10D07B681A693F4B9B6903F0700364
:1087B0009A4208D23C4B9B6923F070027B681B698C
:1087C000394913438B617B681B6803F00803002B56
:1087D00010D07B685A69344BDB6903F070039A420E
:1087E00008D2314BDB6923F070027B685B692E494C
:1087F0001343CB617B681B6803F01003002B10D080
:108800007B689A69284BDB6903F4E0639A4208D2DB
:10881000254BDB6923F4E0627B689B6922491343A3
:10882000CB617B681B6803F02003002B10D07B68B2
:10883000DA691D4B1B6A03F070039A4208D21A4B87
:108840001B6A23F070027B68DB69174913430B62D4
:1088500000F034F80246144B9B691B0A03F00F0327
:108860001249CB5C03F01F0322FA03F33B610E4B6A
:108870009B6903F00F030D4AD35C03F01F033A69B1
:1088800022FA03F30A4A13600A4A3B6913600A4B4F
:108890001B681846FBF790FE0346FB73FB7B1846EC
:1088A0001837BD4680BD00BF0044025810C90108FA
:1088B00024000024200000242C00002480B489B06F
:1088C00000AFB34B1B6903F03803182B00F255813E
:1088D00001A252F823F000BF3D8900087B8B0008FD
:1088E0007B8B00087B8B00087B8B00087B8B000850
:1088F0007B8B00087B8B0008638900087B8B00085A
:108900007B8B00087B8B00087B8B00087B8B00082F
:108910007B8B00087B8B0008698900087B8B000833
:108920007B8B00087B8B00087B8B00087B8B00080F
:108930007B8B00087B8B00086F890008944B1B68B9
:1089400003F02003002B09D0914B1B68DB0803F0D8
:108950000303904A22FA03F3BB6111E18D4BBB6123
:108960000EE18D4BBB610BE18C4BBB6108E1884B89
:108970009B6A03F003037B61854B9B6A1B0903F031
:108980003F033B61824BDB6A03F00103FB60804BDA
:108990005B6BDB08C3F30C03FA6802FB03F307EE1F
:1089A000903AF8EE677AC7ED027A3B69002B00F047
:1089B000E1807B69022B00F083807B69022B00F24F
:1089C000A1807B69002B03D07B69012B56D099E0F5
:1089D0006F4B1B6803F02003002B2DD06C4B1B68E2
:1089E000DB0803F003036B4A22FA03F37B607B6826
:1089F00007EE903AF8EE676A3B6907EE903AF8EEB8
:108A0000677A86EEA77A624B1B6BC3F3080307EE07
:108A1000903AF8EE676A97ED026ADFED615AC6EEAA
:108A2000257A76EEA77AF7EE006A77EEA67A67EEF9
:108A3000277AC7ED077A87E03B6907EE903AF8EEB0
:108A4000677ADFED586A86EEA77A514B1B6BC3F34A
:108A5000080307EE903AF8EE676A97ED026ADFEDD9
:108A6000505AC6EE257A76EEA77AF7EE006A77EED0
:108A7000A67A67EE277AC7ED077A65E03B6907EECD
:108A8000903AF8EE677ADFED486A86EEA77A404BB7
:108A90001B6BC3F3080307EE903AF8EE676A97ED95
:108AA000026ADFED3F5AC6EE257A76EEA77AF7EE38
:108AB000006A77EEA67A67EE277AC7ED077A43E079
:108AC0003B6907EE903AF8EE677ADFED386A86EE9A
:108AD000A77A2F4B1B6BC3F3080307EE903AF8EE0F
:108AE000676A97ED026ADFED2E5AC6EE257A76EEBA
:108AF000A77AF7EE006A77EEA67A67EE277AC7EDD7
:108B0000077A21E03B6907EE903AF8EE677ADFEDED
:108B1000266A86EEA77A1E4B1B6BC3F3080307EE8B
:108B2000903AF8EE676A97ED026ADFED1D5AC6EEDD
:108B3000257A76EEA77AF7EE006A77EEA67A67EEE8
:108B4000277AC7ED077A00BF114B1B6B5B0A03F056
:108B50007F0301333B603B6807EE903AB8EE677ADB
:108B6000D7ED076AC6EE877AFCEEE77A17EE903A01
:108B7000BB6105E00023BB6102E0074BBB6100BFA6
:108B8000BB6918462437BD465DF8047B704700BFBB
:108B9000004402580090D00300093D0000127A0002
:108BA000000000460024744C0024744A0024F44A57
:108BB00080B582B000AFFFF781FE0246104B9B6983
:108BC0001B0A03F00F030F49CB5C03F01F0322FACB
:108BD00003F37B600A4B9B6903F00F03094AD35CE4
:108BE00003F01F037A6822FA03F3074A1360074A67
:108BF0007B681360044B1B6818460837BD4680BD70
:108C00000044025810C90108240000242000002458
:108C100080B500AFFFF7CCFF0246064BDB691B09AE
:108C200003F007030449CB5C03F01F0322FA03F3AC
:108C3000184680BD0044025810C9010880B500AF35
:108C4000FFF7B6FF0246064BDB691B0A03F007037A
:108C50000449CB5C03F01F0322FA03F3184680BDDE
:108C60000044025810C9010880B483B000AF786096
:108C700039607B683F221A601A4B1B6903F00702B8
:108C80007B685A60174B9B6903F470627B689A603B
:108C9000144B9B6903F00F027B68DA60114B9B69F0
:108CA00003F070027B681A610E4BDB6903F07002FF
:108CB0007B685A610B4BDB6903F4E0627B689A6165
:108CC000084B1B6A03F070027B68DA61064B1B6875
:108CD00003F00F023B681A6000BF0C37BD465DF819
:108CE000047B7047004402580020005280B586B0D3
:108CF00000AF78600023FB750023BB757B681B68A1
:108D000003F00063002B3FD07B685B6EB3F5401F20
:108D10002AD0B3F5401F24D8B3F5001F18D0B3F5FF
:108D2000001F1ED8002B03D0B3F5801F07D018E01A
:108D3000A34BDB6AA24A43F40033D36215E07B689D
:108D400004330221184601F0D5F90346FB750CE007
:108D50007B6824330221184601F07EFA0346FB7536
:108D600003E00123FB7500E000BFFB7D002B09D170
:108D7000934B1B6D23F440127B685B6E9049134349
:108D80000B6501E0FB7DBB757B681B6803F480739A
:108D9000002B3DD07B685B6D042B26D801A252F8D6
:108DA00023F000BFB98D0008C78D0008D98D0008D9
:108DB000F18D0008F18D0008814BDB6A804A43F495
:108DC0000033D36215E07B6804330021184601F0BC
:108DD00091F90346FB750CE07B68243300211846AB
:108DE00001F03AFA0346FB7503E00123FB7500E04E
:108DF00000BFFB7D002B09D1714B1B6D23F00702D7
:108E00007B685B6D6E4913430B6501E0FB7DBB75B1
:108E10007B681B6803F40073002B42D07B689B6D5A
:108E2000B3F5807F2BD0B3F5807F25D8C02B28D019
:108E3000C02B21D8802B16D0802B1DD8002B02D020
:108E4000402B07D018E05E4BDB6A5D4A43F40033E9
:108E5000D36217E07B6804330021184601F04AF919
:108E60000346FB750EE07B6824330021184601F0B1
:108E7000F3F90346FB7505E00123FB7502E000BF33
:108E800000E000BFFB7D002B09D14D4B1B6D23F48F
:108E9000E0727B689B6D4A4913430B6501E0FB7DE3
:108EA000BB757B681B6803F48063002B49D07B682B
:108EB000D3F8A430B3F5000F30D0B3F5000F2AD8A3
:108EC000B3F5C00F2CD0B3F5C00F24D8B3F5800F85
:108ED00018D0B3F5800F1ED8002B03D0B3F5001FB8
:108EE00007D018E0364BDB6A354A43F40033D362CF
:108EF00017E07B6804330021184601F0FBF80346B5
:108F0000FB750EE07B6824330021184601F0A4F9BC
:108F10000346FB7505E00123FB7502E000BF00E09E
:108F200000BFFB7D002B0AD1254B9B6D23F4600213
:108F30007B68D3F8A430224913438B6501E0FB7DA5
:108F4000BB757B681B6803F40063002B4BD07B6808
:108F5000D3F8A830B3F1806F30D0B3F1806F2AD846
:108F6000B3F1407F2ED0B3F1407F24D8B3F1007F1E
:108F700018D0B3F1007F1ED8002B03D0B3F1807F4F
:108F800007D018E00E4BDB6A0D4A43F40033D3627E
:108F900019E07B6804330021184601F0ABF8034662
:108FA000FB7510E07B6824330021184601F054F96A
:108FB0000346FB7507E00123FB7504E000BF02E0F8
:108FC0000044025800BFFB7D002B0AD1994B9B6DDA
:108FD00023F0E0627B68D3F8A830964913438B6591
:108FE00001E0FB7DBB757B681B6803F00073002B01
:108FF00032D07B689B6C302B1CD0302B17D8202BA9
:109000000CD0202B13D8002B16D0102B0FD1894B4E
:10901000DB6A884A43F40033D3620EE07B68043392
:109020000221184601F066F80346FB7505E00123AE
:10903000FB7502E000BF00E000BFFB7D002B09D103
:109040007C4BDB6C23F030027B689B6C79491343CB
:10905000CB6401E0FB7DBB757B681B6803F4805328
:10906000002B47D07B68DB6DB3F5804F30D0B3F574
:10907000804F2AD8B3F5405F2CD0B3F5405F24D899
:10908000B3F5005F18D0B3F5005F1ED8002B03D0F6
:10909000B3F5805F07D018E0664BDB6A654A43F49E
:1090A0000033D36217E07B6804330021184601F0D7
:1090B00021F80346FB750EE07B6824330021184637
:1090C00001F0CAF80346FB7505E00123FB7502E0D9
:1090D00000BF00E000BFFB7D002B09D1554B1B6D8D
:1090E00023F4E0427B68DB6D524913430B6501E0DA
:1090F000FB7DBB757B681B6803F40053002B49D0D4
:109100007B681B6EB3F5A02F2ED0B3F5A02F28D807
:10911000B3F5802F2AD0B3F5802F22D8B3F5403F86
:1091200026D0B3F5403F1CD8B3F5003F10D0B3F5BF
:10913000003F16D8002B1DD0B3F5803F11D17B68BE
:1091400004330121184600F0D5FF0346FB7512E0F9
:109150007B6824330121184601F07EF80346FB7535
:1091600009E00123FB7506E000BF04E000BF02E058
:1091700000BF00E000BFFB7D002B09D12D4B1B6D14
:1091800023F4E0227B681B6E2A4913430B6501E040
:10919000FB7DBB757B681B6803F48043002B4DD0BF
:1091A0007B68D3F8AC30B3F1A04F2ED0B3F1A04F11
:1091B00028D8B3F1804F2AD0B3F1804F22D8B3F131
:1091C000405F26D0B3F1405F1CD8B3F1005F10D0F0
:1091D000B3F1005F16D8002B1DD0B3F1805F11D121
:1091E0007B6804330121184600F084FF0346FB75B9
:1091F00012E07B6824330121184601F02DF8034664
:10920000FB7509E00123FB7506E000BF04E000BF29
:1092100002E000BF00E000BFFB7D002B0CD1054B3E
:109220009B6D23F0E0427B68D3F8AC3001491343D7
:109230008B6503E000440258FB7DBB757B681B68AF
:1092400003F40043002B2FD07B68DB6EB3F1005F8B
:109250000ED0B3F1005F14D8002B15D0B3F1805FAE
:109260000FD1AF4BDB6AAE4A43F40033D3620CE05C
:109270007B6804330121184600F03CFF0346FB7570
:1092800003E00123FB7500E000BFFB7D002B09D14B
:10929000A34B1B6D23F040527B68DB6EA049134348
:1092A0000B6501E0FB7DBB757B681B6803F0807379
:1092B000002B32D07B685B6C032B1BD801A252F8C9
:1092C00023F000BFFB920008D5920008E39200084B
:1092D000FB920008924BDB6A914A43F40033D3625D
:1092E0000CE07B6804330221184600F003FF0346BC
:1092F000FB7503E00123FB7500E000BFFB7D002B45
:1093000009D1874BDB6C23F003027B685B6C8449DB
:109310001343CB6401E0FB7DBB757B681B6803F4E2
:109320008003002B00F086807E4B1B687D4A43F44F
:1093300080731360FBF798FF386109E0FBF794FF37
:1093400002463B69D31A642B02D90323FB7505E05F
:10935000744B1B6803F48073002BEFD0FB7D002B54
:1093600066D16F4B1A6F7B68D3F8B030534003F46B
:109370004073002B13D06A4B1B6F23F44073FB60C8
:10938000674B1B6F664A43F480331367644B1B6F54
:10939000634A23F480331367614AFB6813677B6871
:1093A000D3F8B030B3F5807F15D1FBF75DFF38619E
:1093B0000BE0FBF759FF02463B69D31A41F28832B2
:1093C000934202D90323FB7505E0554B1B6F03F055
:1093D0000203002BEDD0FB7D002B26D17B68D3F858
:1093E000B03003F44073B3F5407F0DD14C4B1B6993
:1093F00023F47C527B68D3F8B03019094A4B0B40F8
:10940000474913430B6105E0454B1B69444A23F46C
:109410007C531361424B1A6F7B68D3F8B030C3F3AF
:109420000B033F4913430B6704E0FB7DBB7501E071
:10943000FB7DBB757B681B6803F00103002B00F00C
:1094400085807B689B6F282B66D801A252F823F099
:109450002D95000819950008199500081995000820
:109460001995000819950008199500081995000824
:10947000F594000819950008199500081995000839
:109480001995000819950008199500081995000804
:109490000795000819950008199500081995000806
:1094A00019950008199500081995000819950008E4
:1094B0002D950008199500081995000819950008C0
:1094C00019950008199500081995000819950008C4
:1094D0002D950008199500081995000819950008A0
:1094E00019950008199500081995000819950008A4
:1094F0002D9500087B6804330121184600F0FAFD21
:109500000346FB7513E07B6824330121184600F005
:10951000A3FE0346FB750AE00123FB7507E000BFCD
:109520000044025800480258CFFFFF0000BFFB7DF7
:10953000002B09D1964B5B6D23F038027B689B6F43
:10954000934913434B6501E0FB7DBB757B681B684A
:1095500003F00203002B38D07B685B6F052B21D80A
:1095600001A252F823F000BFAB95000881950008D6
:1095700093950008AB950008AB950008AB950008E3
:109580007B6804330121184600F0B4FD0346FB75E7
:109590000CE07B6824330121184600F05DFE034691
:1095A000FB7503E00123FB7500E000BFFB7D002B92
:1095B00009D1774B5B6D23F007027B685B6F7449C1
:1095C00013434B6501E0FB7DBB757B681B6803F0B3
:1095D0000403002B3AD07B68D3F89030052B21D8B8
:1095E00001A252F823F000BF2B9600080196000854
:1095F000139600082B9600082B9600082B9600085F
:109600007B6804330121184600F074FD0346FB75A6
:109610000CE07B6824330121184600F01DFE034650
:10962000FB7503E00123FB7500E000BFFB7D002B11
:109630000AD1574B9B6D23F007027B68D3F890301B
:10964000534913438B6501E0FB7DBB757B681B6849
:1096500003F02003002B4BD07B68D3F88C30B3F1A0
:10966000A04F2ED0B3F1A04F28D8B3F1804F2AD00D
:10967000B3F1804F22D8B3F1405F26D0B3F1405F01
:109680001CD8B3F1005F10D0B3F1005F16D8002BE7
:109690001DD0B3F1805F11D17B68043300211846DF
:1096A00000F028FD0346FB7512E07B68243302219D
:1096B000184600F0D1FD0346FB7509E00123FB7558
:1096C00006E000BF04E000BF02E000BF00E000BF12
:1096D000FB7D002B0AD12E4B5B6D23F0E0427B68B3
:1096E000D3F88C302A4913434B6501E0FB7DBB75F1
:1096F0007B681B6803F04003002B4DD07B68D3F8D8
:109700009830B3F5A05F2ED0B3F5A05F28D8B3F59D
:10971000805F2AD0B3F5805F22D8B3F5406F26D0A2
:10972000B3F5406F1CD8B3F5006F10D0B3F5006FE0
:1097300016D8002B1DD0B3F5806F11D17B68043390
:109740000021184600F0D6FC0346FB7512E07B684A
:1097500024330221184600F07FFD0346FB7509E023
:109760000123FB7506E000BF04E000BF02E000BF7C
:1097700000E000BFFB7D002B0CD1054B9B6D23F45B
:10978000E0527B68D3F89830014913438B6503E0BE
:1097900000440258FB7DBB757B681B6803F08003A7
:1097A000002B4BD07B68D3F89C30B3F5204F2ED0E4
:1097B000B3F5204F28D8B3F5004F2AD0B3F5004FAA
:1097C00022D8B3F5C04F26D0B3F5C04F1CD8B3F59F
:1097D000804F10D0B3F5804F16D8002B1DD0B3F5B5
:1097E000005F11D17B6804330021184600F082FC31
:1097F0000346FB7512E07B6824330221184600F013
:109800002BFD0346FB7509E00123FB7506E000BF55
:1098100004E000BF02E000BF00E000BFFB7D002BC2
:109820000AD19D4B9B6D23F460427B68D3F89C303A
:10983000994913438B6501E0FB7DBB757B681B6811
:1098400003F00803002B1AD07B68D3F88030B3F5FF
:10985000805F0AD17B6824330221184600F0FCFCAB
:109860000346002B01D00123BB758B4B5B6D23F4AA
:1098700040527B68D3F88030874913434B657B683F
:109880001B6803F01003002B1AD07B68D3F89430C8
:10989000B3F5807F0AD17B6824330221184600F09B
:1098A000DBFC0346002B01D00123BB757A4B9B6D7B
:1098B00023F440727B68D3F89430774913438B6567
:1098C0007B681B6803F40023002B34D07B68D3F83B
:1098D000A030B3F5003F1DD0B3F5003F17D8002BE3
:1098E00003D0B3F5803F09D011E07B680433002139
:1098F000184600F0FFFB0346FB750CE07B68243341
:109900000221184600F0A8FC0346FB7503E0012382
:10991000FB7500E000BFFB7D002B0AD15E4B9B6D09
:1099200023F440327B68D3F8A0305B4913438B6546
:1099300001E0FB7DBB757B681B6803F48023002B73
:1099400033D07B68D3F88430B3F5401F1CD0B3F517
:10995000401F16D8B3F5801F03D0B3F5001F07D002
:109960000FE04D4BDB6A4C4A43F40033D3620CE00A
:109970007B6824330121184600F06EFC0346FB751A
:1099800003E00123FB7500E000BFFB7D002B0AD143
:10999000414B5B6D23F440127B68D3F884303E4921
:1099A00013434B6501E0FB7DBB757B681B6803F4CB
:1099B0008033002B29D07B68DB6C002B03D0B3F500
:1099C000803F07D00FE0344BDB6A334A43F4003367
:1099D000D3620BE07B6804330221184600F08AFB57
:1099E0000346FB7502E00123FB7500BFFB7D002BE6
:1099F00009D1294BDB6C23F480327B68DB6C264970
:109A00001343CB6401E0FB7DBB757B681B6803F0EF
:109A10000053002B0AD07B6824330221184600F043
:109A20001BFC0346002B01D00123BB757B681B6820
:109A300003F40033002B33D07B68DB6FB3F5407F3A
:109A400017D0B3F5407F11D8B3F5007F13D0B3F52D
:109A5000007F0BD8002B10D0B3F5807F06D10E4BC2
:109A6000DB6A0D4A43F40033D36207E00123FB7540
:109A700004E000BF02E000BF00E000BFFB7D002B60
:109A80000CD1054B5B6D23F440727B68DB6F0249A0
:109A900013434B6504E000BF00440258FB7DBB75D7
:109AA0007B681B6803F48013002B08D0314B1B6DBF
:109AB00023F000427B681B6F2E4913430B657B68C4
:109AC0001B6803F08053002B09D02A4B1B6923F439
:109AD00080427B68D3F8B430264913430B617B681E
:109AE0001B6803F40013002B08D0224B1B6D23F0DE
:109AF00080727B689B6E1F4913430B657B681B68F4
:109B000003F08043002B0DD01A4B1B69194A23F434
:109B100000431361174B1A697B68D3F8B8301549B5
:109B200013430B617B681B68002B08DA114BDB6C5D
:109B300023F040527B681B6D0E491343CB647B6856
:109B40001B6803F40003002B09D00A4B5B6D23F460
:109B500040027B68D3F88830064913434B65BB7DD0
:109B6000002B01D1002300E0012318461837BD4621
:109B700080BD00BF0044025880B500AFFFF718F861
:109B80000246064B1B6A1B0903F007030449CB5C22
:109B900003F01F0322FA03F3184680BD0044025865
:109BA00010C9010880B489B000AF7860A14B9B6AEE
:109BB00003F00303BB619F4B9B6A1B0B03F03F0346
:109BC0007B619C4BDB6A1B0903F001033B61994BF2
:109BD000DB6BDB08C3F30C033A6902FB03F307EE0C
:109BE000903AF8EE677AC7ED037A7B69002B00F0B4
:109BF0001181BB69022B00F08380BB69022B00F24C
:109C0000A180BB69002B03D0BB69012B56D099E022
:109C1000884B1B6803F02003002B2DD0854B1B685D
:109C2000DB0803F00303844A22FA03F3BB60BB683A
:109C300007EE903AF8EE676A7B6907EE903AF8EE25
:109C4000677A86EEA77A7B4B9B6BC3F3080307EE1C
:109C5000903AF8EE676A97ED036ADFED785AC6EE40
:109C6000257A76EEA77AF7EE006A77EEA67A67EEA7
:109C7000277AC7ED077A87E07B6907EE903AF8EE1E
:109C8000677ADFED6F6A86EEA77A6A4B9B6BC3F348
:109C9000080307EE903AF8EE676A97ED036ADFED86
:109CA000675AC6EE257A76EEA77AF7EE006A77EE67
:109CB000A67A67EE277AC7ED077A65E07B6907EE3B
:109CC000903AF8EE677ADFED5F6A86EEA77A594B35
:109CD0009B6BC3F3080307EE903AF8EE676A97EDC3
:109CE000036ADFED565AC6EE257A76EEA77AF7EECE
:109CF000006A77EEA67A67EE277AC7ED077A43E027
:109D00007B6907EE903AF8EE677ADFED4F6A86EEF0
:109D1000A77A484B9B6BC3F3080307EE903AF8EE23
:109D2000676A97ED036ADFED455AC6EE257A76EE4F
:109D3000A77AF7EE006A77EEA67A67EE277AC7ED84
:109D4000077A21E07B6907EE903AF8EE677ADFED5B
:109D50003D6A86EEA77A374B9B6BC3F3080307EE89
:109D6000903AF8EE676A97ED036ADFED345AC6EE73
:109D7000257A76EEA77AF7EE006A77EEA67A67EE96
:109D8000277AC7ED077A00BF2A4B9B6B5B0A03F06B
:109D90007F0307EE903AF8EE677AB7EE007A37EE77
:109DA000877AD7ED076AC6EE877AFCEEE77A17EE78
:109DB000902A7B681A601F4B9B6B1B0C03F07F0380
:109DC00007EE903AF8EE677AB7EE007A37EE877AC8
:109DD000D7ED076AC6EE877AFCEEE77A17EE902A8F
:109DE0007B685A60134B9B6B1B0E03F07F0307EEDF
:109DF000903AF8EE677AB7EE007A37EE877AD7EDC9
:109E0000076AC6EE877AFCEEE77A17EE902A7B683F
:109E10009A6008E07B6800221A607B6800225A6022
:109E20007B6800229A6000BF2437BD465DF8047B42
:109E3000704700BF004402580090D0030000004665
:109E40000024744C0024744A0024F44A80B489B07D
:109E500000AF7860A14B9B6A03F00303BB619F4B8B
:109E60009B6A1B0D03F03F037B619C4BDB6A1B0A63
:109E700003F001033B61994B5B6CDB08C3F30C03FC
:109E80003A6902FB03F307EE903AF8EE677AC7ED02
:109E9000037A7B69002B00F01181BB69022B00F073
:109EA0008380BB69022B00F2A180BB69002B03D029
:109EB000BB69012B56D099E0884B1B6803F0200347
:109EC000002B2DD0854B1B68DB0803F00303844A6D
:109ED00022FA03F3BB60BB6807EE903AF8EE676ABC
:109EE0007B6907EE903AF8EE677A86EEA77A7B4BAD
:109EF0001B6CC3F3080307EE903AF8EE676A97ED20
:109F0000036ADFED785AC6EE257A76EEA77AF7EE89
:109F1000006A77EEA67A67EE277AC7ED077A87E0C0
:109F20007B6907EE903AF8EE677ADFED6F6A86EEAE
:109F3000A77A6A4B1B6CC3F3080307EE903AF8EE5E
:109F4000676A97ED036ADFED675AC6EE257A76EE0B
:109F5000A77AF7EE006A77EEA67A67EE277AC7ED62
:109F6000077A65E07B6907EE903AF8EE677ADFEDF5
:109F70005F6A86EEA77A594B1B6CC3F3080307EEA2
:109F8000903AF8EE676A97ED036ADFED565AC6EE2F
:109F9000257A76EEA77AF7EE006A77EEA67A67EE74
:109FA000277AC7ED077A43E07B6907EE903AF8EE2F
:109FB000677ADFED4F6A86EEA77A484B1B6CC3F3D6
:109FC000080307EE903AF8EE676A97ED036ADFED53
:109FD000455AC6EE257A76EEA77AF7EE006A77EE56
:109FE000A67A67EE277AC7ED077A21E07B6907EE4C
:109FF000903AF8EE677ADFED3D6A86EEA77A374B46
:10A000001B6CC3F3080307EE903AF8EE676A97ED0E
:10A01000036ADFED345AC6EE257A76EEA77AF7EEBC
:10A02000006A77EEA67A67EE277AC7ED077A00BF57
:10A030002A4B1B6C5B0A03F07F0307EE903AF8EEA5
:10A04000677AB7EE007A37EE877AD7ED076AC6EE01
:10A05000877AFCEEE77A17EE902A7B681A601F4B2E
:10A060001B6C1B0C03F07F0307EE903AF8EE677A47
:10A07000B7EE007A37EE877AD7ED076AC6EE877AB1
:10A08000FCEEE77A17EE902A7B685A60134B1B6C44
:10A090001B0E03F07F0307EE903AF8EE677AB7EEF7
:10A0A000007A37EE877AD7ED076AC6EE877AFCEE3C
:10A0B000E77A17EE902A7B689A6008E07B680022B6
:10A0C0001A607B6800225A607B6800229A6000BF99
:10A0D0002437BD465DF8047B704700BF004402583A
:10A0E0000090D003000000460024744C0024744A01
:10A0F0000024F44A80B584B000AF78603960002352
:10A10000FB73534B9B6A03F00303032B01D1012321
:10A1100099E04F4B1B684E4A23F080631360FBF7B6
:10A12000A3F8B86008E0FBF79FF80246BB68D31AB3
:10A13000022B01D9032386E0454B1B6803F0006323
:10A14000002BF0D1424B9B6A23F47C327B681B6866
:10A150001B033F4913438B627B685B68013BC3F37E
:10A1600008027B689B68013B5B029BB21A437B68D9
:10A17000DB68013B1B0403F4FE031A437B681B6985
:10A18000013B1B0603F0FE43314913438B63304B05
:10A19000DB6A23F0C0027B685B692D491343CB6205
:10A1A0002B4BDB6A23F020027B689B692849134311
:10A1B000CB62274BDB6A264A23F01003D362244B81
:10A1C000DA6B244B13407A68D269D20020491343DA
:10A1D000CB631F4BDB6A1E4A43F01003D3623B681C
:10A1E000002B06D11A4BDB6A194A43F40023D362D1
:10A1F0000FE03B68012B06D1154BDB6A144A43F490
:10A200008013D36205E0124BDB6A114A43F400135A
:10A21000D3620F4B1B680E4A43F080631360FBF759
:10A2200023F8B86008E0FBF71FF80246BB68D31AB2
:10A23000022B01D9032306E0054B1B6803F00063E2
:10A24000002BF0D0FB7B18461037BD4680BD00BF09
:10A25000004402580700FFFF80B584B000AF78606B
:10A2600039600023FB73534B9B6A03F00303032BFA
:10A2700001D1012399E04F4B1B684E4A23F08053D4
:10A280001360FAF7F1FFB86008E0FAF7EDFF024655
:10A29000BB68D31A022B01D9032386E0454B1B6808
:10A2A00003F00053002BF0D1424B9B6A23F07C72E9
:10A2B0007B681B681B053F4913438B627B685B68A7
:10A2C000013BC3F308027B689B68013B5B029BB2C6
:10A2D0001A437B68DB68013B1B0403F4FE031A434B
:10A2E0007B681B69013B1B0603F0FE4331491343A6
:10A2F0000B64304BDB6A23F440627B685B692D4959
:10A300001343CB622B4BDB6A23F400727B689B699F
:10A3100028491343CB62274BDB6A264A23F4807318
:10A32000D362244B5A6C244B13407A68D269D20012
:10A33000204913434B641F4BDB6A1E4A43F480736E
:10A34000D3623B68002B06D11A4BDB6A194A43F4EF
:10A350008003D3620FE03B68012B06D1154BDB6A0B
:10A36000144A43F40003D36205E0124BDB6A114A3E
:10A3700043F08073D3620F4B1B680E4A43F0805347
:10A380001360FAF771FFB86008E0FAF76DFF024654
:10A39000BB68D31A022B01D9032306E0054B1B68C7
:10A3A00003F00053002BF0D0FB7B18461037BD465E
:10A3B00080BD00BF004402580700FFFF80B584B095
:10A3C00000AF78607B68002B01D10123F1E07B684E
:10A3D00000229A627B681B68784A93420FD07B68A0
:10A3E0001B68774A93420AD07B681B68754A934280
:10A3F00005D07B68DB680F2B01D90123D9E0786891
:10A4000001F080F8F8607B681B686C4A93420CD0BE
:10A410007B681B686A4A934207D07B681B68694A5D
:10A42000934202D0FB68082B11D87B681B68634AF3
:10A43000934209D07B681B68614A934204D07B68D1
:10A440001B68604A934204D1FB68102B01D9012399
:10A45000AFE07B6893F88130DBB2002B06D17B68DC
:10A46000002283F880207868F9F7F0FE7B680222EA
:10A4700083F881207B681B681A687B681B6822F060
:10A4800001021A607B681B689B6803F4F813BB60C9
:10A490007B689B69B3F1806F19D17B685B68B3F50A
:10A4A000800F03D17B689B6B002B08D07B685B68B7
:10A4B000002B0CD17B689B6BB3F1805F07D17B686D
:10A4C0001B681A687B681B6842F480521A607B68BC
:10A4D000DA697B689B6A1A43BB681A437B68DB6B4B
:10A4E00042EA03017B68DA687B681B680A439A606A
:10A4F0007B685A6B7B685B6A1A437B689B6B1A4369
:10A500007B689B691A437B681B691A437B685B699C
:10A510001A437B681B6A1A437B685B681A437B6833
:10A52000DB6C1A437B689B681A437B689B6C42EA2E
:10A5300003017B689A6D7B681B680A43DA607B685D
:10A540005B68002B13D17B681B689B6823F4C052A7
:10A550007B681B6842F400629A607B681B689B689A
:10A5600023F4C0627B681B6842F480629A607B6857
:10A570001B681A6D7B681B6822F001021A657B68F4
:10A580005B6803F48003002B0AD07B681B68DB68E0
:10A5900023F000417B685A6D7B681B680A43DA60D0
:10A5A0007B680022C3F884207B68012283F8812025
:10A5B000002318461037BD4680BD00BF0030014063
:10A5C00000380040003C004080B58AB002AFF8601F
:10A5D000B9603B601346FB80FB681B682033FB615E
:10A5E0000023FB76FB6893F88030012B01D1022316
:10A5F000D7E1FB68012283F88020FAF735FE786105
:10A60000FB6893F88130DBB2012B07D00223FB7685
:10A61000FB68002283F88020FB7EC2E1BB68002B30
:10A6200002D0FB88002B07D10123FB76FB680022B8
:10A6300083F88020FB7EB4E1FB68032283F881204D
:10A64000FB680022C3F88420FB68BA68DA65FB68FF
:10A65000FA88A3F86020FB68FA88A3F86220FB68F8
:10A6600000225A66FB680022A3F86820FB680022DB
:10A67000A3F86A20FB6800225A67FB6800221A6769
:10A68000FB689B68B3F5C02F07D1FB681B681A688D
:10A69000FB681B6842F400621A60FB681B685A681A
:10A6A000964B1340F988FA6812680B435360FB68B5
:10A6B0001B681A68FB681B6842F001021A60FB689D
:10A6C0005B68B3F5800F07D1FB681B681A68FB68ED
:10A6D0001B6842F400721A60FB68DB680F2B47D9D5
:10A6E0003FE0FB681B685B6903F00203022B14D197
:10A6F000FB68DA6DFB681B6812681A62FB68DB6D29
:10A700001A1DFB68DA65FB68B3F862309BB2013B47
:10A710009AB2FB68A3F8622023E0FAF7A5FD02468F
:10A720007B69D31A3A689A4203D83B68B3F1FF3F7A
:10A7300002D13B68002B14D1F86800F015FEFB68CD
:10A74000002283F88020FB68D3F8843043F48072C1
:10A75000FB68C3F88420FB68012283F8812003236F
:10A760001FE1FB68B3F862309BB2002BB9D1F2E075
:10A77000FB68DB68072B40F2E7805DE0FB681B6845
:10A780005B6903F00203022B32D1FB68B3F862303D
:10A790009BB2012B18D9FB68DB6B002B14D0FB6834
:10A7A000DA6DFB681B6812681A62FB68DB6D1A1DA4
:10A7B000FB68DA65FB68B3F862309BB2023B9AB281
:10A7C000FB68A3F8622037E0FB68DB6D1A88FB6941
:10A7D0001A80FB68DB6D9A1CFB68DA65FB68B3F8CE
:10A7E00062309BB2013B9AB2FB68A3F8622023E07F
:10A7F000FAF73AFD02467B69D31A3A689A4203D8BF
:10A800003B68B3F1FF3F02D13B68002B14D1F868DD
:10A8100000F0AAFDFB68002283F88020FB68D3F8D3
:10A82000843043F48072FB68C3F88420FB68012203
:10A8300083F881200323B4E0FB68B3F862309BB255
:10A84000002B9BD187E0FB681B685B6903F0020368
:10A85000022B55D1FB68B3F862309BB2032B18D999
:10A86000FB68DB6B402B14D9FB68DA6DFB681B6857
:10A8700012681A62FB68DB6D1A1DFB68DA65FB68FB
:10A88000B3F862309BB2043B9AB2FB68A3F8622033
:10A890005AE0FB68B3F862309BB2012B17D9FB6812
:10A8A000DB6B002B13D0FB68DB6D1A88FB691A8009
:10A8B000FB68DB6D9A1CFB68DA65FB68B3F86230F5
:10A8C0009BB2023B9AB2FB68A3F862203CE0FB68B3
:10A8D000DA6DFB681B68203312781A70FB68DB6D39
:10A8E0005A1CFB68DA65FB68B3F862309BB2013B27
:10A8F0009AB2FB68A3F8622026E000BF0000FFFFC9
:10A90000FAF7B2FC02467B69D31A3A689A4203D836
:10A910003B68B3F1FF3F02D13B68002B14D1F868CC
:10A9200000F022FDFB68002283F88020FB68D3F84A
:10A93000843043F48072FB68C3F88420FB680122F2
:10A9400083F8812003232CE0FB68B3F862309BB2CC
:10A95000002B7FF478AF3B6800937B6900220821CD
:10A96000F86800F0A1FD0346002B07D0FB68D3F880
:10A97000843043F02002FB68C3F88420F86800F0BC
:10A98000F3FCFB68002283F88020FB68012283F837
:10A990008120FB68D3F88430002B01D0012300E034
:10A9A000FB7E18462037BD4680BD00BF80B58AB00B
:10A9B00002AFF860B9603B601346FB800023FB7771
:10A9C000FB681B683033BB61FB685B68B3F5800FC5
:10A9D00012D1FB689B68002B0ED1FB68042283F820
:10A9E0008120FA883B6800931346BA68B968F86812
:10A9F00000F0CEF90346C7E1FB6893F88030012BE5
:10AA000001D10223C0E1FB68012283F88020FAF71C
:10AA10002BFC7861FB6893F88130DBB2012B07D007
:10AA20000223FB77FB68002283F88020FB7FABE1E9
:10AA3000BB68002B02D0FB88002B07D10123FB77DA
:10AA4000FB68002283F88020FB7F9DE1FB680422E5
:10AA500083F88120FB680022C3F88420FB68BA6871
:10AA60005A66FB68FA88A3F86820FB68FA88A3F89E
:10AA70006A20FB680022DA65FB680022A3F86020E8
:10AA8000FB680022A3F86220FB6800221A67FB68BB
:10AA900000225A67FB689B68B3F5C02F07D1FB689B
:10AAA0001B681A68FB681B6822F400621A60FB6866
:10AAB0001B685A68944B1340F988FA6812680B4374
:10AAC0005360FB681B681A68FB681B6842F0010250
:10AAD0001A60FB685B68B3F5800F07D1FB681B68E1
:10AAE0001A68FB681B6842F400721A60FB68DB6836
:10AAF0000F2B48D940E0FB681B685A6948F20803ED
:10AB00001340002B14D0FB681A68FB685B6E126B55
:10AB10001A60FB685B6E1A1DFB685A66FB68B3F827
:10AB20006A309BB2013B9AB2FB68A3F86A2023E02B
:10AB3000FAF79AFB02467B69D31A3A689A4203D81D
:10AB40003B68B3F1FF3F02D13B68002B14D1F8689A
:10AB500000F00AFCFB68002283F88020FB68D3F831
:10AB6000843043F48072FB68C3F88420FB680122C0
:10AB700083F88120032307E1FB68B3F86A309BB2B6
:10AB8000002BB8D1EDE0FB68DB68072B40F2E280D8
:10AB90005BE0FB681B685B6903F46043002B30D00B
:10ABA000FB681B685B6903F40043002B14D0FB684F
:10ABB0001A68FB685B6E126B1A60FB685B6E1A1D8D
:10ABC000FB685A66FB68B3F86A309BB2023B9AB2E4
:10ABD000FB68A3F86A2038E0FB685B6EBA691288EC
:10ABE00092B21A80FB685B6E9A1CFB685A66FB681F
:10ABF000B3F86A309BB2013B9AB2FB68A3F86A20B3
:10AC000023E0FAF731FB02467B69D31A3A689A428D
:10AC100003D83B68B3F1FF3F02D13B68002B14D14E
:10AC2000F86800F0A1FBFB68002283F88020FB6835
:10AC3000D3F8843043F48072FB68C3F88420FB6847
:10AC4000012283F8812003239EE0FB68B3F86A3079
:10AC50009BB2002B9DD184E0FB681B685B6903F409
:10AC60006043002B52D0FB681B685B6903F4004310
:10AC7000002B14D0FB681A68FB685B6E126B1A60BD
:10AC8000FB685B6E1A1DFB685A66FB68B3F86A3096
:10AC90009BB2043B9AB2FB68A3F86A205AE0FB68B7
:10ACA0001B685B6903F4C043B3F5005F14D9FB680C
:10ACB0005B6EBA69128892B21A80FB685B6E9A1C4E
:10ACC000FB685A66FB68B3F86A309BB2023B9AB2E3
:10ACD000FB68A3F86A203DE0FB681B6803F13002C3
:10ACE000FB685B6E1278D2B21A70FB685B6E5A1CFE
:10ACF000FB685A66FB68B3F86A309BB2013B9AB2B4
:10AD0000FB68A3F86A2025E00000FFFFFAF7ACFA21
:10AD100002467B69D31A3A689A4203D83B68B3F17A
:10AD2000FF3F02D13B68002B14D1F86800F01CFBF8
:10AD3000FB68002283F88020FB68D3F8843043F45A
:10AD40008072FB68C3F88420FB68012283F88120AD
:10AD5000032319E0FB68B3F86A309BB2002B7FF441
:10AD60007BAFF86800F000FBFB68002283F88020CE
:10AD7000FB68012283F88120FB68D3F88430002B24
:10AD800001D0012300E0FB7F18462037BD4680BD7F
:10AD900080B58EB002AFF860B9607A607B80002326
:10ADA00087F82B30FB681B6820337B62FB681B68CD
:10ADB00030333B62FB6893F88030012B01D10223D2
:10ADC000CEE2FB68012283F88020FAF74DFAF861A1
:10ADD0007B88FB857B88BB85FB6893F88130FB769D
:10ADE000FB685B687B61FB7E012B14D07B69B3F54C
:10ADF000800F06D1FB689B68002B02D1FB7E042BE1
:10AE000009D0022387F82B30FB68002283F88020CA
:10AE100097F82B30A4E2BB68002B05D07B68002B91
:10AE200002D07B88002B09D1012387F82B30FB68E7
:10AE3000002283F8802097F82B3091E2FB6893F88A
:10AE40008130DBB2042B03D0FB68052283F881201C
:10AE5000FB680022C3F88420FB687A685A66FB68A6
:10AE60007A88A3F86A20FB687A88A3F86820FB68D0
:10AE7000BA68DA65FB687A88A3F86220FB687A888A
:10AE8000A3F86020FB6800221A67FB6800225A675B
:10AE9000FB681B685A68814B13407988FA6812680E
:10AEA0000B435360FB681B681A68FB681B6842F021
:10AEB00001021A60FB685B68B3F5800F07D1FB687D
:10AEC0001B681A68FB681B6842F400721A60FB6812
:10AED000DB680F2B70D968E0FB681B685B6903F0C7
:10AEE0000203022B1AD1FB8D002B17D0FB68DA6D01
:10AEF000FB681B6812681A62FB68DB6D1A1DFB6831
:10AF0000DA65FB68B3F862309BB2013B9AB2FB682A
:10AF1000A3F86220FB68B3F86230FB85FB681B680E
:10AF20005A6948F208031340002B1AD0BB8D002B3E
:10AF300017D0FB681A68FB685B6E126B1A60FB68BF
:10AF40005B6E1A1DFB685A66FB68B3F86A309BB2E9
:10AF5000013B9AB2FB68A3F86A20FB68B3F86A3039
:10AF6000BB85FAF781F90246FB69D31ABA6B9A429C
:10AF700003D8BB6BB3F1FF3F02D1BB6B002B14D1E5
:10AF8000F86800F0F1F9FB68002283F88020FB6884
:10AF9000D3F8843043F48072FB68C3F88420FB68E4
:10AFA000012283F881200323DAE1FB8D002B93D16A
:10AFB000BB8D002B90D1ACE1FB68DB68072B40F226
:10AFC000A081A9E0FB681B685B6903F00203022B08
:10AFD00039D1FB8D002B36D0FB8D012B1CD9FB68A2
:10AFE000DB6B002B18D0FB68DA6DFB681B681268FE
:10AFF0001A62FB68DB6D1A1DFB68DA65FB68B3F843
:10B0000062309BB2023B9AB2FB68A3F86220FB68F5
:10B01000B3F86230FB8516E0FB68DB6D1A887B6A4B
:10B020001A80FB68DB6D9A1CFB68DA65FB68B3F875
:10B0300062309BB2013B9AB2FB68A3F86220FB68C6
:10B04000B3F86230FB85FB681B685B6903F46043FF
:10B05000002B3DD0BB8D002B3AD0FB681B685B6991
:10B0600003F40043002B1BD0FB681A68FB685B6E7F
:10B07000126B1A60FB685B6E1A1DFB685A66FB68F0
:10B08000B3F86A309BB2023B9AB2FB68A3F86A201D
:10B09000FB68B3F86A30BB851AE000BF0000FFFF11
:10B0A000FB685B6E3A6A128892B21A80FB685B6E2C
:10B0B0009A1CFB685A66FB68B3F86A309BB2013B86
:10B0C0009AB2FB68A3F86A20FB68B3F86A30BB85C4
:10B0D000FAF7CAF80246FB69D31ABA6B9A4203D848
:10B0E000BB6BB3F1FF3F02D1BB6B002B14D1F868EF
:10B0F00000F03AF9FB68002283F88020FB68D3F85F
:10B10000843043F48072FB68C3F88420FB6801221A
:10B1100083F88120032323E1FB8D002B7FF452AFC2
:10B12000BB8D002B7FF44EAFF3E0FB681B685B69BF
:10B1300003F00203022B5AD1FB8D002B57D0FB8D5D
:10B14000032B1CD9FB68DB6B402B18D9FB68DA6D2D
:10B15000FB681B6812681A62FB68DB6D1A1DFB68CE
:10B16000DA65FB68B3F862309BB2043B9AB2FB68C5
:10B17000A3F86220FB68B3F86230FB8537E0FB8DF3
:10B18000012B1BD9FB68DB6B002B17D0FB68DB6D39
:10B190001A887B6A1A80FB68DB6D9A1CFB68DA658B
:10B1A000FB68B3F862309BB2023B9AB2FB68A3F82B
:10B1B0006220FB68B3F86230FB8518E0FB68DA6D4B
:10B1C000FB681B68203312781A70FB68DB6D5A1C11
:10B1D000FB68DA65FB68B3F862309BB2013B9AB258
:10B1E000FB68A3F86220FB68B3F86230FB85FB685C
:10B1F0001B685B6903F46043002B5ED0BB8D002BA2
:10B200005BD0FB681B685B6903F40043002B18D01C
:10B21000FB681A68FB685B6E126B1A60FB685B6EFA
:10B220001A1DFB685A66FB68B3F86A309BB2043B90
:10B230009AB2FB68A3F86A20FB68B3F86A30BB8552
:10B240003BE0FB681B685B6903F4C043B3F5005F38
:10B2500018D9FB685B6E3A6A128892B21A80FB6852
:10B260005B6E9A1CFB685A66FB68B3F86A309BB247
:10B27000023B9AB2FB68A3F86A20FB68B3F86A3015
:10B28000BB851AE0FB681B6803F13002FB685B6E4C
:10B290001278D2B21A70FB685B6E5A1CFB685A6651
:10B2A000FB68B3F86A309BB2013B9AB2FB68A3F823
:10B2B0006A20FB68B3F86A30BB85F9F7D5FF024610
:10B2C000FB69D31ABA6B9A4203D8BB6BB3F1FF3F49
:10B2D00002D1BB6B002B14D1F86800F045F8FB6875
:10B2E000002283F88020FB68D3F8843043F4807216
:10B2F000FB68C3F88420FB68012283F881200323C4
:10B300002EE0FB8D002B7FF410AFBB8D002B7FF464
:10B310000CAFBB6B0093FB6900220821F86800F0BA
:10B32000C3F80346002B07D0FB68D3F8843043F002
:10B330002002FB68C3F88420F86800F015F8FB6869
:10B34000002283F88020FB68012283F88120FB68BB
:10B35000D3F88430002B01D0012301E097F82B3083
:10B3600018463037BD4680BD80B485B000AF7860E8
:10B370007B681B685B69FB607B681B689A697B68FC
:10B380001B6842F008029A617B681B689A697B68B7
:10B390001B6842F010029A617B681B681A687B6820
:10B3A0001B6822F001021A607B681B6819697B68C0
:10B3B0001A683C4B0B4013617B681B689A687B687A
:10B3C0001B6822F440429A607B6893F88130DBB2BC
:10B3D000042B14D0FB6803F02003002B0FD07B68F4
:10B3E000D3F8843043F080027B68C3F884207B6804
:10B3F0001B689A697B681B6842F020029A617B682F
:10B4000093F88130DBB2032B14D0FB6803F04003C8
:10B41000002B0FD07B68D3F8843043F004027B68A4
:10B42000C3F884207B681B689A697B681B6842F0BC
:10B4300040029A61FB6803F40073002B0FD07B6815
:10B44000D3F8843043F001027B68C3F884207B6822
:10B450001B689A697B681B6842F400729A61FB68FA
:10B4600003F48073002B0FD07B68D3F8843043F053
:10B4700008027B68C3F884207B681B689A697B6834
:10B480001B6842F480729A617B680022A3F86220F4
:10B490007B680022A3F86A2000BF1437BD465DF820
:10B4A000047B704790FCFFFF80B584B000AFF8606C
:10B4B000B9603B601346FB7110E0F9F7D5FE024618
:10B4C0003B68D31ABA699A4203D8BB69B3F1FF3F0C
:10B4D00002D1BB69002B01D103230FE0FB681B687D
:10B4E0005A69BB681340BA689A420CBF0123002313
:10B4F000DBB21A46FB799A42DFD000231846103798
:10B50000BD4680BD80B485B000AF78607B68DB6BE2
:10B510005B090133FB607B68DB680133BB60BB68A0
:10B520000733DB08BB60BB68FA6802FB03F318460D
:10B530001437BD465DF8047B704780B582B000AF1C
:10B5400078607B68002B01D1012349E07B6893F888
:10B550003D30DBB2002B06D17B68002283F83C2013
:10B560007868F8F79BFF7B68022283F83D207B68B0
:10B570001A687B6804331946104600F023FA7B688A
:10B58000012283F848207B68012283F83E207B68F3
:10B59000012283F83F207B68012283F840207B68EA
:10B5A000012283F841207B68012283F842207B68D6
:10B5B000012283F843207B68012283F844207B68C2
:10B5C000012283F845207B68012283F846207B68AE
:10B5D000012283F847207B68012283F83D20002365
:10B5E00018460837BD4680BD80B485B000AF78608E
:10B5F0007B6893F83D30DBB2012B01D0012354E08E
:10B600007B68022283F83D207B681B68DA687B68D0
:10B610001B6842F00102DA607B681B68264A93428D
:10B6200022D07B681B68B3F1804F1DD07B681B68FC
:10B63000224A934218D07B681B68214A934213D058
:10B640007B681B681F4A93420ED07B681B681E4AAA
:10B65000934209D07B681B681C4A934204D07B68E4
:10B660001B681B4A934215D17B681B689A68194B6B
:10B670001340FB60FB68062B15D0FB68B3F5803FD9
:10B6800011D07B681B681A687B681B6842F0010256
:10B690001A6008E07B681B681A687B681B6842F0C8
:10B6A00001021A6000E000BF002318461437BD46AF
:10B6B0005DF8047B704700BF0000014000040040BB
:10B6C00000080040000C0040000401400018004049
:10B6D000004001400700010080B483B000AF7860F3
:10B6E0007B681B68DA687B681B6822F00102DA60FD
:10B6F0007B681B681A6A41F211131340002B0FD1AB
:10B700007B681B681A6A40F244431340002B07D140
:10B710007B681B681A687B681B6822F001021A604C
:10B720007B68012283F83D20002318460C37BD4674
:10B730005DF8047B704780B582B000AF78607B68AD
:10B740001B681B6903F00203022B22D17B681B6874
:10B75000DB6803F00203022B1BD17B681B686FF0D0
:10B7600002021A617B6801221A777B681B689B6959
:10B7700003F00303002B03D0786800F005F905E01F
:10B78000786800F0F7F8786800F008F97B68002224
:10B790001A777B681B681B6903F00403042B22D112
:10B7A0007B681B68DB6803F00403042B1BD17B68F8
:10B7B0001B686FF004021A617B6802221A777B68AB
:10B7C0001B689B6903F44073002B03D0786800F07A
:10B7D000DBF805E0786800F0CDF8786800F0DEF876
:10B7E0007B6800221A777B681B681B6903F00803DB
:10B7F000082B22D17B681B68DB6803F00803082B49
:10B800001BD17B681B686FF008021A617B680422F9
:10B810001A777B681B68DB6903F00303002B03D0F6
:10B82000786800F0B1F805E0786800F0A3F878686F
:10B8300000F0B4F87B6800221A777B681B681B69EC
:10B8400003F01003102B22D17B681B68DB6803F028
:10B850001003102B1BD17B681B686FF010021A615C
:10B860007B6808221A777B681B68DB6903F44073E6
:10B87000002B03D0786800F087F805E0786800F0C6
:10B8800079F8786800F08AF87B6800221A777B687C
:10B890001B681B6903F00103012B0ED17B681B6839
:10B8A000DB6803F00103012B07D17B681B686FF095
:10B8B00001021A617868F7F7F7FE7B681B681B695D
:10B8C00003F08003802B0ED17B681B68DB6803F0DC
:10B8D0008003802B07D17B681B686FF080021A61A0
:10B8E000786800F0A1F97B681B681B6903F480731A
:10B8F000B3F5807F0ED17B681B68DB6803F08003A3
:10B90000802B07D17B681B686FF480721A6178689E
:10B9100000F094F97B681B681B6903F04003402B1F
:10B920000ED17B681B68DB6803F04003402B07D116
:10B930007B681B686FF040021A61786800F038F885
:10B940007B681B681B6903F02003202B0ED17B68EA
:10B950001B68DB6803F02003202B07D17B681B6882
:10B960006FF020021A61786800F054F900BF0837C0
:10B97000BD4680BD80B483B000AF786000BF0C3797
:10B98000BD465DF8047B704780B483B000AF78603B
:10B9900000BF0C37BD465DF8047B704780B483B0B0
:10B9A00000AF786000BF0C37BD465DF8047B704780
:10B9B00080B483B000AF786000BF0C37BD465DF83F
:10B9C000047B704780B485B000AF786039607B68D5
:10B9D0001B68FB607B68404A934213D07B68B3F1DD
:10B9E000804F0FD07B683D4A93420BD07B683C4A26
:10B9F000934207D07B683B4A934203D07B683A4A24
:10BA0000934208D1FB6823F07003FB603B685B68DE
:10BA1000FA681343FB607B682F4A93421FD07B6810
:10BA2000B3F1804F1BD07B682C4A934217D07B68C0
:10BA30002B4A934213D07B682A4A93420FD07B68EB
:10BA4000294A93420BD07B68284A934207D07B68EF
:10BA5000274A934203D07B68264A934208D1FB6869
:10BA600023F44073FB603B68DB68FA681343FB60B8
:10BA7000FB6823F080023B685B691343FB607B68D3
:10BA8000FA681A603B689A687B68DA623B681A68F1
:10BA90007B689A627B68104A93420FD07B68124A97
:10BAA00093420BD07B68114A934207D07B68104ABF
:10BAB000934203D07B680F4A934203D13B681A69D3
:10BAC0007B681A637B6801225A6100BF1437BD4648
:10BAD0005DF8047B704700BF000001400004004097
:10BAE00000080040000C00400004014000400140FC
:10BAF000004401400048014080B485B000AF786048
:10BB000039607B6893F83C30012B01D102236DE052
:10BB10007B68012283F83C207B68022283F83D2069
:10BB20007B681B685B68FB607B681B689B68BB600D
:10BB30007B681B68304A934204D07B681B682F4A9D
:10BB4000934208D1FB6823F47003FB603B685B6899
:10BB5000FA681343FB60FB6823F07003FB603B68EB
:10BB60001B68FA681343FB607B681B68FA685A60BD
:10BB70007B681B68204A934222D07B681B68B3F124
:10BB8000804F1DD07B681B681D4A934218D07B688C
:10BB90001B681C4A934213D07B681B681A4A934265
:10BBA0000ED07B681B68154A934209D07B681B68DE
:10BBB000164A934204D07B681B68154A93420CD105
:10BBC000BB6823F08003BB603B689B68BA68134383
:10BBD000BB607B681B68BA689A607B68012283F847
:10BBE0003D207B68002283F83C2000231846143750
:10BBF000BD465DF8047B7047000001400004014031
:10BC00000004004000080040000C00400018004004
:10BC10000040014080B483B000AF786000BF0C37B3
:10BC2000BD465DF8047B704780B483B000AF786098
:10BC300000BF0C37BD465DF8047B704780B483B00D
:10BC400000AF786000BF0C37BD465DF8047B7047DD
:10BC500080B582B000AF78607B68002B01D10123F2
:10BC600042E07B68D3F88430002B06D17B68002249
:10BC700083F880207868F8F739FC7B682422C3F8C1
:10BC800084207B681B681A687B681B6822F00102AD
:10BC90001A60786800F02CF80346012B01D10123CB
:10BCA00022E07B689B6A002B02D0786800F088FD58
:10BCB0007B681B685A687B681B6822F490425A6054
:10BCC0007B681B689A687B681B6822F02A029A606E
:10BCD0007B681B681A687B681B6842F001021A6067
:10BCE000786800F00FFE034618460837BD4680BD51
:10BCF0002DE9B04F92B000AF7861002387F8423051
:10BD00007B699A687B691B691A437B695B691A4383
:10BD10007B69DB6913437B647B691B681A68BE4BD4
:10BD200013407A691268796C0B4313607B691B6856
:10BD30005B6823F440517B69DA687B691B680A43BE
:10BD40005A607B699B697B647B691B68B34A934239
:10BD500004D07B691B6A7A6C13437B647B691B6824
:10BD60009A68AF4B13407A691268796C0B43936001
:10BD70007B691B68DB6A23F00F017B695A6A7B6968
:10BD80001B680A43DA627B691B68A64A934277D133
:10BD9000A54B5B6D03F03803282B6DD801A252F838
:10BDA00023F000BF49BE000879BE000879BE000834
:10BDB00079BE000879BE000879BE000879BE000887
:10BDC00079BE000851BE000879BE000879BE00089F
:10BDD00079BE000879BE000879BE000879BE000867
:10BDE00079BE000859BE000879BE000879BE000877
:10BDF00079BE000879BE000879BE000879BE000847
:10BE000079BE000861BE000879BE000879BE00084E
:10BE100079BE000879BE000879BE000879BE000826
:10BE200079BE000869BE000879BE000879BE000826
:10BE300079BE000879BE000879BE000879BE000806
:10BE400079BE000871BE0008012387F8433022E262
:10BE5000042387F843301EE2082387F843301AE2B0
:10BE6000102387F8433016E2202387F8433012E28C
:10BE7000402387F843300EE2802387F843300AE2FC
:10BE80007B691B68694A934230D1674B5B6D03F055
:10BE90000703052B26D801A252F823F0B5BE0008EF
:10BEA000BDBE0008C5BE0008CDBE0008D5BE000856
:10BEB000DDBE0008002387F84330ECE1042387F857
:10BEC0004330E8E1082387F84330E4E1102387F8A2
:10BED0004330E0E1202387F84330DCE1402387F85A
:10BEE0004330D8E1802387F84330D4E17B691B6875
:10BEF0004F4A934230D14C4B5B6D03F00703052B47
:10BF000026D801A252F823F021BF000829BF00085B
:10BF100031BF000839BF000841BF000849BF000811
:10BF2000002387F84330B6E1042387F84330B2E1B9
:10BF3000082387F84330AEE1102387F84330AAE1A5
:10BF4000202387F84330A6E1402387F84330A2E15D
:10BF5000802387F843309EE17B691B68354A934212
:10BF600030D1314B5B6D03F00703052B26D801A2BE
:10BF700052F823F08DBF000895BF00089DBF000850
:10BF8000A5BF0008ADBF0008B5BF0008002387F8B3
:10BF9000433080E1042387F843307CE1082387F8AD
:10BFA000433078E1102387F8433074E1202387F889
:10BFB000433070E1402387F843306CE1802387F8F9
:10BFC000433068E17B691B681B4A934242D1164BA0
:10BFD0005B6D03F00703052B38D801A252F823F05C
:10BFE000F9BF000801C0000809C0000811C000081E
:10BFF0003DC0000845C00008002387F843304AE1EF
:10C00000042387F8433046E1082387F8433042E1B0
:10C01000102387F843303EE1F369FFCF000C00584E
:10C02000FFF4FF110010014000440258004400409A
:10C0300000480040004C004000500040202387F89A
:10C04000433028E1402387F8433024E1802387F8F8
:10C05000433020E17B691B68CB4A934276D1CB4BBE
:10C060005B6D03F03803282B6CD801A252F823F043
:10C0700015C1000845C1000845C1000845C10008B8
:10C0800045C1000845C1000845C1000845C1000878
:10C090001DC1000845C1000845C1000845C1000890
:10C0A00045C1000845C1000845C1000845C1000858
:10C0B00025C1000845C1000845C1000845C1000868
:10C0C00045C1000845C1000845C1000845C1000838
:10C0D0002DC1000845C1000845C1000845C1000840
:10C0E00045C1000845C1000845C1000845C1000818
:10C0F00035C1000845C1000845C1000845C1000818
:10C1000045C1000845C1000845C1000845C10008F7
:10C110003DC10008012387F84330BCE0042387F8C1
:10C120004330B8E0082387F84330B4E0102387F8A1
:10C130004330B0E0202387F84330ACE0402387F859
:10C140004330A8E0802387F84330A4E07B691B6874
:10C150008F4A934230D18D4B5B6D03F00703052B63
:10C1600026D801A252F823F081C1000889C1000835
:10C1700091C1000899C10008A1C10008A9C1000827
:10C18000002387F8433086E0042387F8433082E0B9
:10C19000082387F843307EE0102387F843307AE0A5
:10C1A000202387F8433076E0402387F8433072E05D
:10C1B000802387F843306EE07B691B68754A9342A1
:10C1C00030D1724B5B6D03F00703052B26D801A21B
:10C1D00052F823F0EDC10008F5C10008FDC10008C8
:10C1E00005C200080DC2000815C20008002387F828
:10C1F000433050E0042387F843304CE0082387F8AD
:10C20000433048E0102387F8433044E0202387F888
:10C21000433040E0402387F843303CE0802387F8F8
:10C22000433038E07B691B685B4A934230D1574BFF
:10C230009B6D03F00703052B26D801A252F823F0CB
:10C2400059C2000861C2000869C2000871C2000832
:10C2500079C2000881C20008022387F843301AE03F
:10C26000042387F8433016E0082387F8433012E0B0
:10C27000102387F843300EE0202387F843300AE08C
:10C28000402387F8433006E0802387F8433002E0FC
:10C29000802387F843307B691B683F4A934240F014
:10C2A000F88097F84330202B46DC022BC0F28280C6
:10C2B000023B1E2B7ED801A252F823F03FC3000898
:10C2C000B5C3000847C30008B5C30008B5C30008DC
:10C2D000B5C3000857C30008B5C30008B5C30008BC
:10C2E000B5C30008B5C30008B5C30008B5C300084E
:10C2F000B5C3000867C30008B5C30008B5C300088C
:10C30000B5C30008B5C30008B5C30008B5C300082D
:10C31000B5C30008B5C30008B5C30008B5C300081D
:10C32000B5C30008B5C30008B5C30008B5C300080D
:10C33000B5C30008A7C30008402B37D03AE0FDF78B
:10C340001BFCF8633CE007F124031846FDF72AFCC8
:10C35000BB6AFB6334E007F118031846FDF776FD6E
:10C36000FB69FB632CE0094B1B6803F02003002BE7
:10C3700016D0064B1B68DB0803F00303074A22FABA
:10C3800003F3FB631CE000BF0014014000440258AB
:10C3900000780040007C0040000C00580090D00362
:10C3A0009D4BFB630CE09D4BFB6309E04FF40043A6
:10C3B000FB6305E00023FB63012387F8423000BFE5
:10C3C000FB6B002B00F0DE817B695B6A944A32F8DC
:10C3D00013301A46FB6BB3FBF2F33B637B695A687D
:10C3E00013465B0013443A6B9A4205D37B695B6842
:10C3F0001B033A6B9A4203D9012387F84230C1E10B
:10C40000FB6B0022BB60FA607B695B6A844A32F88E
:10C4100013309BB200223B607A60D7E90023D7E952
:10C420000201F3F7C5FF02460B46104619464FF0CE
:10C4300000024FF000030B0243EA10630202796925
:10C440004968490800200C46054612EB040843EBF6
:10C4500005097B695B6800229A46934652465B4613
:10C4600040464946F3F7A4FF02460B461346BB631A
:10C47000BB6BB3F5407F08D3BB6BB3F5801F04D211
:10C480007B691B68BA6BDA607CE1012387F8423074
:10C4900078E17B69DB69B3F5004F40F0C58097F820
:10C4A0004330202B48DC002B7BDB202B79D801A2EA
:10C4B00052F823F03FC5000847C50008A3C500088F
:10C4C000A3C500084FC50008A3C50008A3C5000800
:10C4D000A3C500085FC50008A3C50008A3C50008E0
:10C4E000A3C50008A3C50008A3C50008A3C500088C
:10C4F000A3C500086FC50008A3C50008A3C50008B0
:10C50000A3C50008A3C50008A3C50008A3C500086B
:10C51000A3C50008A3C50008A3C50008A3C500085B
:10C52000A3C50008A3C50008A3C50008A3C500084B
:10C53000A3C5000895C50008402B2ED031E0FCF7BC
:10C5400067FBF86333E0FCF779FBF8632FE007F152
:10C5500024031846FDF726FBBB6AFB6327E007F1BF
:10C5600018031846FDF772FCFB69FB631FE02D4BB7
:10C570001B6803F02003002B09D02A4B1B68DB0843
:10C5800003F00303244A22FA03F3FB630FE0224B78
:10C59000FB630CE0214BFB6309E04FF40043FB63BA
:10C5A00005E00023FB63012387F8423000BFFB6BEB
:10C5B000002B00F0E7807B695B6A194A32F8133080
:10C5C0001A46FB6BB3FBF2F35A007B695B685B08AE
:10C5D0001A447B695B68B2FBF3F3BB63BB6B0F2B45
:10C5E00016D9BB6BB3F5803F12D2BB6B9BB223F065
:10C5F0000F03FB86BB6B5B089BB203F007039AB289
:10C60000FB8E1343FB867B691B68FA8EDA60B9E008
:10C61000012387F84230B5E00090D00300093D00C7
:10C6200020C901080044025897F84330202B49DC08
:10C63000002B7CDB202B7AD801A252F823F000BF1C
:10C64000CBC60008D3C600082FC700082FC70008B4
:10C65000DBC600082FC700082FC700082FC7000837
:10C66000EBC600082FC700082FC700082FC7000817
:10C670002FC700082FC700082FC700082FC70008C2
:10C68000FBC600082FC700082FC700082FC70008E7
:10C690002FC700082FC700082FC700082FC70008A2
:10C6A0002FC700082FC700082FC700082FC7000892
:10C6B0002FC700082FC700082FC700082FC7000882
:10C6C00021C70008402B2ED031E0FCF7A1FAF86317
:10C6D00033E0FCF7B3FAF8632FE007F124031846C0
:10C6E000FDF760FABB6AFB6327E007F11803184601
:10C6F000FDF7ACFBFB69FB631FE02D4B1B6803F0F0
:10C700002003002B09D02A4B1B68DB0803F003032E
:10C71000284A22FA03F3FB630FE0264BFB630CE08D
:10C72000254BFB6309E04FF40043FB6305E0002366
:10C73000FB63012387F8423000BFFB6B002B21D045
:10C740007B695B6A1D4A32F813301A46FB6BB3FBF8
:10C75000F2F27B695B685B081A447B695B68B2FB39
:10C76000F3F3BB63BB6B0F2B09D9BB6BB3F5803FF6
:10C7700005D2BB6B9AB27B691B68DA6002E00123C9
:10C7800087F842307B690122A3F86A207B69012285
:10C79000A3F868207B6900221A677B6900225A6728
:10C7A00097F8423018464837BD46BDE8B08F00BF05
:10C7B000004402580090D00300093D0020C9010840
:10C7C00080B483B000AF78607B689B6A03F001039C
:10C7D000002B0AD07B681B685B6823F400317B6800
:10C7E000DA6A7B681B680A435A607B689B6A03F0BD
:10C7F0000203002B0AD07B681B685B6823F480313E
:10C800007B681A6B7B681B680A435A607B689B6A6B
:10C8100003F00403002B0AD07B681B685B6823F4D9
:10C8200080217B685A6B7B681B680A435A607B686F
:10C830009B6A03F00803002B0AD07B681B685B68C7
:10C8400023F400417B689A6B7B681B680A435A603B
:10C850007B689B6A03F01003002B0AD07B681B687F
:10C860009B6823F480517B68DA6B7B681B680A4302
:10C870009A607B689B6A03F02003002B0AD07B68D8
:10C880001B689B6823F400517B681A6C7B681B68EB
:10C890000A439A607B689B6A03F04003002B1AD01E
:10C8A0007B681B685B6823F480117B685A6C7B682B
:10C8B0001B680A435A607B685B6CB3F5801F0AD122
:10C8C0007B681B685B6823F4C0017B689A6C7B689B
:10C8D0001B680A435A607B689B6A03F08003002B45
:10C8E0000AD07B681B685B6823F400217B68DA6CE4
:10C8F0007B681B680A435A6000BF0C37BD465DF871
:10C90000047B704780B586B002AF78607B680022F8
:10C91000C3F88C20F8F7A8FCF8607B681B681B68DC
:10C9200003F00803082B0ED16FF07E430093FB68E1
:10C9300000224FF40011786800F02FF80346002B16
:10C9400001D0032325E07B681B681B6803F0040308
:10C95000042B0ED16FF07E430093FB6800224FF44E
:10C960008001786800F019F80346002B01D00323FA
:10C970000FE07B682022C3F884207B682022C3F864
:10C9800088207B680022DA667B68002283F880209A
:10C99000002318461037BD4680BD80B59CB000AF5F
:10C9A000F860B9603B601346FB71A9E0BB6FB3F15F
:10C9B000FF3F00F0A580F8F757FC02463B68D31A0A
:10C9C000BA6F9A4202D3BB6F002B40D1FB681B6841
:10C9D0003B653B6D53E8003FFB64FB6C23F4D07375
:10C9E0007B66FB681B681A467B6EFB65BA65B96D92
:10C9F000FA6D41E800237B657B6D002BE6D1FB6877
:10CA00001B680833FB63FB6B53E8003FBB63BB6BE6
:10CA100023F001033B66FB681B6808333A6EBA6477
:10CA20007B64796CBA6C41E800233B643B6C002B5F
:10CA3000E5D1FB682022C3F88420FB682022C3F8DC
:10CA40008820FB68002283F88020032369E0FB68CC
:10CA50001B681B6803F00403002B51D0FB681B68A4
:10CA6000DB6903F40063B3F5006F49D1FB681B6811
:10CA70004FF400621A62FB681B68BB62BB6A53E832
:10CA8000003F7B627B6A23F4D073FB66FB681B6804
:10CA90001A46FB6E7B633A63396B7A6B41E800237D
:10CAA000FB62FB6A002BE6D1FB681B6808337B61E5
:10CAB0007B6953E8003F3B613B6923F00103BB66A0
:10CAC000FB681B680833BA6E3A62FB61F9693A6A1F
:10CAD00041E80023BB61BB69002BE5D1FB68202244
:10CAE000C3F88420FB682022C3F88820FB6820223A
:10CAF000C3F88C20FB68002283F88020032310E019
:10CB0000FB681B68DA69BB681340BA689A420CBFBD
:10CB100001230023DBB21A46FB799A423FF446AF69
:10CB2000002318467037BD4680BD80B485B000AF85
:10CB300078607B6893F88030012B01D1022327E0D5
:10CB40007B68012283F880207B682422C3F884203C
:10CB50007B681B681B68FB607B681B681A687B68C6
:10CB60001B6822F001021A60FB6823F00053FB608F
:10CB70007B6800225A667B681B68FA681A607B68CB
:10CB80002022C3F884207B68002283F880200023C1
:10CB900018461437BD465DF8047B704780B584B0F5
:10CBA00000AF786039607B6893F88030012B01D149
:10CBB00002232DE07B68012283F880207B682422F9
:10CBC000C3F884207B681B681B68FB607B681B685C
:10CBD0001A687B681B6822F001021A607B681B6878
:10CBE0009B6823F060417B681B683A680A439A603F
:10CBF000786800F04FF87B681B68FA681A607B68F9
:10CC00002022C3F884207B68002283F88020002340
:10CC100018461037BD4680BD80B584B000AF78603F
:10CC200039607B6893F88030012B01D102232DE01D
:10CC30007B68012283F880207B682422C3F884204B
:10CC40007B681B681B68FB607B681B681A687B68D5
:10CC50001B6822F001021A607B681B689B6823F046
:10CC600060617B681B683A680A439A60786800F0E4
:10CC700011F87B681B68FA681A607B682022C3F889
:10CC800084207B68002283F8802000231846103718
:10CC9000BD4680BD80B485B000AF78607B685B6EB8
:10CCA000002B08D17B680122A3F86A207B6801224F
:10CCB000A3F8682031E01023FB731023BB737B685B
:10CCC0001B689B685B0EDBB203F007037B737B681A
:10CCD0001B689B685B0FDBB203F007033B73BB7BF6
:10CCE0003A7B11498A5C02FB03F33A7B0F498A5C69
:10CCF00093FBF2F39AB27B68A3F86A20FB7B7A7B02
:10CD000009498A5C02FB03F37A7B08498A5C93FB3E
:10CD1000F2F39AB27B68A3F8682000BF1437BD46CF
:10CD20005DF8047B704700BF38C9010840C901089D
:10CD300080B584B004AF8F4BC0221A708D4BA822EF
:10CD40005A708C4B01229A708A4B1422DA708A4BEB
:10CD5000FF221A70884BFF225A70874BFF229A706D
:10CD6000854B0022DA70854B00221A70834B00221B
:10CD70005A70824B00229A70804B0022DA7000F0C9
:10CD8000E1FD7C4B1B781A067A4B5B781B041A4337
:10CD9000784B9B781B021343764AD27813431A06CA
:10CDA000744B1B781906734B5B781B041943714B4A
:10CDB0009B781B020B436F49C9780B431B0203F49A
:10CDC0007F031A436B4B1B7819066A4B5B781B0475
:10CDD0001943684B9B781B020B436649C9780B4388
:10CDE0001B0A03F47F431A43624B1B781906614BFD
:10CDF0005B781B0419435F4B9B781B020B435D4917
:10CE0000C9780B431B0E13435D4A13605A4B1B78C2
:10CE10001A06594B5B781B041A43574B9B781B022D
:10CE20001343554AD27813431A06534B1B781906FD
:10CE3000514B5B781B0419434F4B9B781B020B43F0
:10CE40004D49C9780B431B0203F47F031A434A4B35
:10CE50001B781906484B5B781B041943464B9B789B
:10CE60001B020B434449C9780B431B0A03F47F435D
:10CE70001A43414B1B7819063F4B5B781B0419433F
:10CE80003D4B9B781B020B433B49C9780B431B0E60
:10CE900013433C4A1360394B1B781A06374B5B78B7
:10CEA0001B041A43354B9B781B021343334AD27839
:10CEB00013431A06314B1B781906304B5B781B0461
:10CEC00019432E4B9B781B020B432C49C9780B430B
:10CED0001B0203F47F031A43284B1B781906274BC8
:10CEE0005B781B041943254B9B781B020B4323499A
:10CEF000C9780B431B0A03F47F431A431F4B1B786B
:10CF000019061E4B5B781B0419431C4B9B781B02B4
:10CF10000B431A49C9780B431B0E13431A4A13607B
:10CF20001A4B02931A4B019300230093164B154A98
:10CF30001349184801F0EEF9164801F09DFB154B16
:10CF400093F82D309B0803F00103DBB2002B03D0D4
:10CF5000104801F0A1FB02E00E4801F009FC0E4967
:10CF60000C4801F09BFC0B4800F018F800BFBD46D0
:10CF700080BD00BF702E0024742E0024782E002463
:10CF8000642E0024682E00246C2E0024AD7F01083E
:10CF900041D50008302E00249DCF000880B582B016
:10CFA00000AF78607B6893F82D3003F00103DBB2AB
:10CFB000002B0BD0012202210C48FAF747FE002279
:10CFC0004FF480410A48FAF741FE0AE000220221AC
:10CFD0000648FAF73BFE01224FF480410448FAF775
:10CFE00035FE00BF0837BD4680BD00BF00100258A7
:10CFF0000004025880B58EB000AF786007F12403BA
:10D0000000221A605A609A60DA601A617B681B68B5
:10D010005D4A934240F0B3805C4BD3F8D8305B4A12
:10D0200043F40043C2F8D830584BD3F8D83003F457
:10D0300000433B623B6A554BD3F8D830534A43F424
:10D040008033C2F8D830514BD3F8D83003F4803352
:10D05000FB61FB694D4BD3F8D8304C4A43F40033A5
:10D06000C2F8D830494BD3F8D83003F40033BB6151
:10D07000BB69464BD3F8E030444A43F00403C2F89E
:10D08000E030424BD3F8E03003F004037B617B696E
:10D090003E4BD3F8E0303D4A43F00103C2F8E030A4
:10D0A0003A4BD3F8E03003F001033B613B69374B67
:10D0B000D3F8E030354A43F00203C2F8E030334B96
:10D0C000D3F8E03003F00203FB60FB682F4BD3F88A
:10D0D000E0302E4A43F04003C2F8E0302B4BD3F847
:10D0E000E03003F04003BB60BB6832237B62022365
:10D0F000BB620023FB6202233B630B237B6307F1CC
:10D10000240319462248FAF7D9FB86237B620223BF
:10D11000BB620023FB6202233B630B237B6307F1AB
:10D12000240319461B48FAF7C9FB4FF400537B62EE
:10D130000223BB620023FB6202233B630B237B635E
:10D1400007F1240319461448FAF7B8FB4FF42053AB
:10D150007B620223BB620023FB6202233B630B233F
:10D160007B6307F1240319460C48FAF7A7FB00225A
:10D1700005213D20F8F780F93D20F8F797F900BF29
:10D180003837BD4680BD00BF0080024000440258D1
:10D190000008025800000258000402580018025803
:10D1A00080B586B000AF78600023FB7400237B61FC
:10D1B0004A4B4B4A1A6002233B7300237B730023C4
:10D1C000BB730323FB7300233B7488237B74434AA4
:10D1D00007F10C035360414B01221A723F4B414A45
:10D1E000DA603E4B404A1A613C4B4FF4C0625A61D0
:10D1F0003A48F8F7E5F90346FB74342200213B482E
:10D200000BF071FA394B21221A60384B4FF440323F
:10D210005A61364B00221A61354800F043FF7B68A3
:10D22000062283F82C202D4B5B681A787B6883F8E4
:10D2300026202A4B5B685A787B6883F82720274B87
:10D240005B689A787B6883F82820244B5B68DA78DF
:10D250007B6883F82920214B5B681A797B6883F807
:10D260002A201E4B5B685A797B6883F82B207B68E9
:10D2700040F2DC529A847B6893F82D3043F00A0325
:10D28000DAB27B6883F82D2000237B610EE07A6997
:10D2900013465B0013445B02164A1A440023796963
:10D2A0000E48F8F769FA7B6901337B617B69032BD0
:10D2B000EDD911491148F7F726FE1048F7F755FE4A
:10D2C000FB7C002B03D1786800F0CEF901E0F6F783
:10D2D0009DFF00BF1837BD4680BD00BF7C2E0024D7
:10D2E000008002406000043000000430042F00245D
:10D2F00048C901080002043034000024083000242A
:10D3000080B592B000AF7860396000237B64002361
:10D3100087F83F3007F10C033022002118460BF04C
:10D32000E2F93B683B6445E07B6C032B02D96FF06C
:10D330000B0352E03B6C59687A6C13465B00134454
:10D340009B0048333B443C3B19603B6C5B8919466E
:10D350007A6C13465B0013449B0048333B44383BD4
:10D3600019607B6C002B11D07B6C5A1E07F10C00EE
:10D37000796C0B465B000B449B00C11813465B00A5
:10D3800013449B0048333B44343B19603B6C1B689F
:10D39000002B09D17A6C13465B0013449B00483381
:10D3A0003B44343B00221A607B6C01337B643B6C52
:10D3B0001B683B643B6C002BB6D13B681B891A464B
:10D3C000084B5A60074A07F10C0393601422054981
:10D3D0000548F8F7C0FA97F93F3018464837BD4678
:10D3E00080BD00BF042F00247C2E002480B598B09F
:10D3F00002AF786000233B650023BB6000237B65A0
:10D4000007F10C033022002118460BF06CF90023C1
:10D410007B6514E07B6D5A1C07F10C0113465B0021
:10D4200013449B0019447A6D13465B0013449B0020
:10D4300058333B44443B19607B6D01337B657B6D06
:10D44000022BE7D92A48F8F712FB0346002B4AD0F3
:10D4500007F10C0319462648F8F7F9FB07F1080312
:10D4600019462348F8F791FC2148F8F7C1FCFB68FE
:10D47000BA68BB647A647B6C002B1DDDBB6C03F067
:10D480001F027B6C13443B64BB6CFB63BFF34F8F89
:10D4900000BF184AFB6BC2F85C32FB6B2033FB63A6
:10D4A0003B6C203B3B643B6C002BF2DCBFF34F8FAB
:10D4B00000BFBFF36F8F00BF00BF0F4800F066FED4
:10D4C000F864FB6C0D4A1A61BB6899B2FB68BA68D4
:10D4D00092B201920093FB6C4122002001F0A4FB68
:10D4E00038653B6D00E0002318465837BD4680BDC7
:10D4F0007C2E002400ED00E048C901089DD50008FD
:10D5000080B584B000AF78607868FFF76FFFF8608F
:10D51000FB68002B10D07B681B697968F868984716
:10D520000346FB7297F90B30002B06D0F86801F028
:10D5300035FD0023FB6000E000BF1037BD4680BD15
:10D5400080B582B000AF78607B68002B06D10E4BAF
:10D550004FF4FF720D490E480BF060F87B687322A0
:10D5600083F82E207B68742283F82F207B68094A79
:10D570005A617B68084A9A617868FFF711FE0023B8
:10D5800018460837BD4680BD309F01084C9F0108F2
:10D590005C9F01081964010801D3000880B584B0BC
:10D5A00000AF78607B68FB60F968034800F05CFEC0
:10D5B00000BF1037BD4680BD48C9010880B500AF27
:10D5C000F7F752FE0346184680BD000080B500AF55
:10D5D0000248F9F759F80023184680BD7C2E002434
:10D5E00080B400AF00231846BD465DF8047B704749
:10D5F00080B584B000AFF860B9607A607B68BA68C3
:10D60000F9680748F8F7AAFD0346002B02D04FF04F
:10D61000FF3300E0002318461037BD4680BD00BF31
:10D620007C2E002480B584B000AFF860B9607A60C9
:10D630007B68BA68F9680748F8F7E4FD0346002BF1
:10D6400002D04FF0FF3300E0002318461037BD46EC
:10D6500080BD00BF7C2E002480B500AFF7F704FE2C
:10D660000346184680BD000080B5A0B000AF7860CA
:10D670000023FB670023BB6700237B673A48F7F76B
:10D680001CFD38677B6893F82D309B0803F001037D
:10D69000DBB2002B0CD03B6F012B09DC3348F8F7D1
:10D6A0000AF9786801F064F8786801F0C7F856E084
:10D6B0007B6893F82D3003F00403002B4FD13B6FB0
:10D6C000012B4CDD3B6F023B032B2BD801A252F800
:10D6D00023F000BFE5D60008F7D6000807D70008FA
:10D6E00017D700084FF400537B674FF48043BB67A4
:10D6F0000123FB6717E000237B674FF48043BB6780
:10D700000123FB670FE04FF400537B670023BB67E7
:10D710000123FB6707E000237B670023BB6701232E
:10D72000FB6700E000BFFB6F002B18D007F10C0374
:10D7300019460E48F8F7BAFD7B6F7B62BB6F3B6200
:10D7400007F10C0319460948F8F784FF0748F8F772
:10D7500054F8786800F0A0FF786801F03BF800BF4B
:10D760008037BD4680BD00BF083000247C2E0024D9
:10D7700080B483B000AF0346FB80FB881B021AB263
:10D78000FB881B0A9BB21BB213431BB29BB2184609
:10D790000C37BD465DF8047B704780B483B000AFA2
:10D7A00078607B681A067B681B0203F47F031A43C8
:10D7B0007B681B0A03F47F431A437B681B0E1343E9
:10D7C00018460C37BD465DF8047B704780B489B0BD
:10D7D00000AF786039607B68FB610023FB81002328
:10D7E0007B61FB6903F001033B613B69002B0DD0BA
:10D7F0003B68002B0ADDFA69531CFB6107F10E033D
:10D80000013312781A703B68013B3B60FB69BB61D6
:10D810000AE0BB699A1CBA611B881A467B691344EB
:10D820007B613B68023B3B603B68012BF1DC3B6862
:10D83000002B04DD07F10E03BA6912781A70FB8918
:10D840001A467B6913447B617B691A0C7B699BB226
:10D8500013447B617B691A0C7B699BB213447B6127
:10D860003B69002B07D07B691B029AB27B691B0ABC
:10D87000DBB213437B617B699BB218462437BD46FC
:10D880005DF8047B704780B582B000AF78600B46CE
:10D890007B807B8819467868FFF798FF0346DB4357
:10D8A0009BB218460837BD4680BD80B586B000AF34
:10D8B00078600023FB6000237B617B683B612BE089
:10D8C0003B695A683B695B8919461046FFF77EFF42
:10D8D00003461A467B6913447B617B691A0C7B699A
:10D8E0009BB213447B613B695B8903F001039BB2EC
:10D8F000002B0ED0FB68002B0CBF01230023DBB2F2
:10D90000FB607B691B029AB27B691B0ADBB2134383
:10D910007B613B691B683B613B69002BD0D1FB6895
:10D92000002B07D07B691B029AB27B691B0ADBB212
:10D9300013437B617B699BB2DB439BB2184618376C
:10D94000BD4680BD80B582B000AF00237B6000F093
:10D95000D5F800F0D7FB00F0D5FC07F057FF01F039
:10D96000BBFD07F0C9FE00BF0837BD4680BD000003
:10D9700080B483B000AF0346FB80054B1A68FB8878
:10D98000134418460C37BD465DF8047B704700BF52
:10D990004030002480B483B000AF7860054B1B6832
:10D9A0007A68D31A9BB218460C37BD465DF8047BE3
:10D9B000704700BF4030002490B585B000AF78605C
:10D9C000454B1B687A689A4206D2444B40F2DF12FC
:10D9D000434944480AF022FE434B1B687A689A4246
:10D9E00006D33E4B4FF4F07240493E480AF016FE13
:10D9F0007B681B79002B06D0384B40F2E1123C4982
:10DA000038480AF00BFE7B681B88B3F5C86F06D94F
:10DA1000324B4FF4F272374932480AF0FFFD7B680F
:10DA20001B881846FFF7A4FFF8607A68FB689A42E3
:10DA300024D0FB681B79002B20D12B4B1B68FA6884
:10DA40009A421BD02C4B1B68FA689A4202D12A4A90
:10DA50007B681360FB681A887B681A80FB681B88E8
:10DA6000B3F5C86F0AD0FB681B881846FFF780FF24
:10DA700004467868FFF78EFF034663807B685B8807
:10DA80001846FFF775FFB860BA687B689A421FD0E6
:10DA9000BB681B79002B1BD1174B1B687A689A4215
:10DAA00002D1154ABB6813607B681A88BB681A806C
:10DAB0007B681B88B3F5C86F0AD07B681B88184643
:10DAC000FFF756FF0446B868FFF764FF034663801C
:10DAD00000BF1437BD4690BD40300024849F01082C
:10DAE000B49F0108CC9F010844300024F49F010832
:10DAF00010A001082CA001084830002480B582B095
:10DB000000AF164B164A1A60144B1B687B607B688B
:10DB10004FF4C8621A807B6800225A807B6800221A
:10DB20001A714FF4C860FFF723FF03460D4A1360D4
:10DB30000C4B1B6801221A710A4B1B684FF4C86218
:10DB40001A80084B1B684FF4C8625A80034B1B684D
:10DB5000054A136000BF0837BD4680BD4030002431
:10DB600000400430443000244830002480B586B0A2
:10DB700000AF78607868FFF70DFF0346FB827B6893
:10DB80001B881846FFF7F4FE38617B685B881846EF
:10DB9000FFF7EEFEF8607B681B88B3F5C86F18D8F6
:10DBA0007B685B88B3F5C86F13D87B685B88FA8A9B
:10DBB0009A4204D0FB681B88FA8A9A4209D1084B22
:10DBC0001B683A699A4206D03B695B88FA8A9A4296
:10DBD00001D0002300E0012318461837BD4680BD60
:10DBE0004430002480B584B000AF78607B68002B9F
:10DBF0004CD07B6803F00303002B07D0254B40F289
:10DC00007322254925480AF009FD40E07B68083B5E
:10DC1000FB60234B1B68FA689A4206D37B6803F1CA
:10DC20000C02204B1B689A4207D91A4B40F27F2204
:10DC30001D491A480AF0F2FC29E0FB681B79002B09
:10DC400007D1144B4FF42372184914480AF0E6FC2C
:10DC50001DE0F868FFF78AFF0346002B07D10D4B44
:10DC600040F2952212490D480AF0D8FC0FE0FB68FB
:10DC700000221A710F4B1B68FA689A4202D20D4AB1
:10DC8000FB681360F868FFF797FE00E000BF1037ED
:10DC9000BD4680BD849F010858A00108CC9F0108A3
:10DCA00040300024443000247CA0010898A00108E2
:10DCB000C0A001084830002480B588B000AF78606B
:10DCC0000B467B807B8803339BB223F00303FB83EB
:10DCD000FB8B0B2B01D80C23FB83FB8BB3F5C86F9D
:10DCE00003D8FA8B7B889A4201D20023CCE0684BA0
:10DCF0001B687A689A4204D3664B1B687A689A421A
:10DD000006D3654B40F2D122644965480AF086FC8F
:10DD10005F4B1B687A689A4204D35E4B1B687A6833
:10DD20009A4201D37B68AFE07B68083BBB61B8696E
:10DD3000FFF730FE0346FB82BB691A88FB8AD31AC1
:10DD40009BB2083BBB82FA8BBB8A9A4206D9524BE4
:10DD50004FF43972534952480AF060FCFA8BBB8A7F
:10DD60009A4201D900238FE0FA8BBB8A9A4201D1F3
:10DD70007B6889E0BB691B881846FFF7F9FD3861AD
:10DD80003B691B79002B3FD1BB691B88B3F5C86F7A
:10DD900006D1414B40F2F522434941480AF03EFC8E
:10DDA0003B691B88BB81FA8AFB8B13449BB2083307
:10DDB000FB813E4B1B683A699A4206D1FB891846A3
:10DDC000FFF7D6FD0346394A1360FB891846FFF773
:10DDD000CFFD38613B6900221A713B69BA891A800C
:10DDE0003B69FA8A5A80BB69FA891A803B691B88A9
:10DDF000B3F5C86F47D03B691B881846FFF7B8FDDD
:10DE00000246FB8953803EE0FB8B03F11402BB8A80
:10DE10009A4238D8FA8AFB8B13449BB20833FB81B1
:10DE2000BB691B88B3F5C86F06D11B4B40F2163295
:10DE30001D491B480AF0F2FBFB891846FFF798FDC5
:10DE400038611A4B1B683A699A4202D2174A3B69F9
:10DE500013603B6900221A71BB691A883B691A80FA
:10DE60003B69FA8A5A80BB69FA891A803B691B8828
:10DE7000B3F5C86F07D03B691B881846FFF778FDDC
:10DE80000246FB8953807B6818462037BD4680BD1B
:10DE90004030002444300024849F0108F4A001088D
:10DEA000CC9F01080CA101082CA1010848300024D6
:10DEB00080B588B000AF0346FB80FB88002B01D102
:10DEC0000023D9E0FB8803339BB223F00303BB8319
:10DED000BB8B0B2B01D80C23BB83BB8BB3F5C86F5B
:10DEE00003D8BA8BFB889A4201D20023C4E0644B6A
:10DEF0001B681846FFF74EFD0346FB83B4E0FB8B1F
:10DF00001846FFF735FD78617B691B79002B40F0DF
:10DF1000A4807B691B881A46FB8BD31AA3F10802E5
:10DF2000BB8B9A42C0F099807B691B881A46FB8B99
:10DF3000D31AA3F10802BB8B14339A4233D3FA8B62
:10DF4000BB8B13449BB208337B827B8AB3F5C86FCB
:10DF500006D14C4B40F287324B494C480AF05EFBED
:10DF60007B8A1846FFF704FDF860FB6800221A71EF
:10DF70007B691A88FB681A80FB68FA8B5A807B6978
:10DF80007A8A1A807B6901221A71FB681B88B3F5B3
:10DF9000C86F0BD0FB681B881846FFF7E9FC0246E8
:10DFA0007B8A538002E07B6901221A71344B1B6823
:10DFB0007A699A4227D1324B1B68BB6105E0BB6985
:10DFC0001B881846FFF7D4FCB861BB691B79002B8E
:10DFD00004D02F4B1B68BA699A42F0D1284ABB691A
:10DFE0001360274B1A682A4B1B689A420BD0244BAC
:10DFF0001B681B79002B06D0224B40F2B532254915
:10E0000022480AF00BFBBA8B7B6913440833204A81
:10E010001268934206D91B4B40F2B9321E491B4885
:10E020000AF0FCFA7B6903F00303002B06D0154BC2
:10E0300040F2BB32194915480AF0F0FA7B6903F047
:10E040000303002B06D00F4B40F2BD3214490F489A
:10E050000AF0E4FA7B6908330EE0FB8B1846FFF701
:10E0600087FC03461B88FB83FA8BBB8BC3F5C86315
:10E070009A42FFF444AF002318462037BD4680BDC6
:10E0800048300024849F01082CA10108CC9F01087E
:10E090004430002440A101085CA101088CA10108C2
:10E0A000BCA1010880B485B000AF78607B689B6834
:10E0B00000221A607B685B68033323F00303BB60B4
:10E0C0000023FB6011E07B689B681A68BB681A60DC
:10E0D0007B689B68BA681A607B681B881A46BB68B5
:10E0E0001344BB60FB680133FB607B685B881A46A6
:10E0F000FB689342E7DB00BF00BF1437BD465DF805
:10E10000047B704780B582B000AF0023FB8009E03C
:10E11000FB88084A52F823301846FFF7C3FFFB88F4
:10E120000133FB80FB88082BF2D900BF00BF083702
:10E13000BD4680BDC0C9010880B584B000AF78601D
:10E140007B689B681B68FB60FB68002B12D07B68B8
:10E150009B68FA6812681A60FB6803F00303002BDF
:10E1600006D0074B4FF48C72064907480AF056FA5E
:10E17000FB6800E0002318461037BD4680BD00BF95
:10E18000E0A1010810A2010834A2010880B582B004
:10E1900000AF78607B68002B06D10A4B4FF49E726B
:10E1A00009490A480AF03AFA7B68002B01D100239A
:10E1B00003E07868FFF7C0FF034618460837BD46FE
:10E1C00080BD00BFE0A101085CA2010834A20108E3
:10E1D00080B584B000AF0346FB71FB79082B08D9EA
:10E1E0000A4B40F257120A490A480AF017FA00236C
:10E1F00008E0FB79084A52F823301846FFF79CFFE5
:10E20000F860FB6818461037BD4680BDE0A10108E4
:10E2100070A2010834A20108C0C9010880B584B009
:10E2200000AF786039603B6803F00303002B06D031
:10E230000A4B4FF4B6720A490A480AF0EFF93B68F4
:10E24000FB607B689B681A68FB681A607B689B6848
:10E25000FA681A6000BF1037BD4680BDE0A1010812
:10E2600090A2010834A2010880B582B000AF7860A6
:10E2700039607B68002B06D10A4B40F295120A499F
:10E280000A480AF0CBF97B68002B07D03B68002BCB
:10E2900004D039687868FFF7C1FF00E000BF083795
:10E2A000BD4680BDE0A101085CA2010834A20108BE
:10E2B00080B582B000AF03463960FB71FB79082B53
:10E2C00007D90C4B4FF4D5720B490C480AF0A6F94C
:10E2D0000CE03B68002B08D0FB79094A52F8233048
:10E2E00039681846FFF79AFF00E000BF0837BD46BF
:10E2F00080BD00BFE0A10108B0A2010834A201085E
:10E30000C0C9010880B400AF00BFBD465DF8047B02
:10E310007047000080B586B000AFF860B9607A60E1
:10E320003B60FB68002B08D1574B40F2271257493E
:10E3300057480AF073F90023A2E07B6A002B08D14A
:10E34000514B4FF49472534951480AF067F9002336
:10E3500096E0BB68002B01D14F4BBB607B68002B64
:10E3600001D14D4B7B603B68002B01D14A4B3B6098
:10E37000FB6800225A60FB6800229A60FB6800225A
:10E38000DA60FB68454A5A61FB6800229A84FB68A0
:10E39000002283F82D20FB680022DA61FB683A6ACC
:10E3A0001A623F4B1A78FB6883F83020FB68BA6A20
:10E3B0001A613B687A68B968F86800F013F97B6AFB
:10E3C000F86898470346002B01D0002358E0FB680B
:10E3D00093F83030FF2B03D1FB68002283F8302004
:10E3E00000233B612F4B1B687B612BE07A69FB6844
:10E3F0009A4206D1244B40F28B122B4924480AF052
:10E400000DF93B6901333B613B69FF2B06DD1E4B78
:10E4100040F28D1225491E480AF000F97B6993F8F5
:10E420003020FB6893F830309A4208D1FB6893F8AB
:10E4300030300133DAB2FB6883F8302005E07B69C5
:10E440001B687B617B69002BD0D17B69002BBED11F
:10E45000FB6893F83030FE2B03D1114B00221A7069
:10E4600006E0FB6893F830300133DAB20C4B1A70D7
:10E470000C4B1A68FB681A600A4AFB681360FB6859
:10E4800018461837BD4680BDCCA2010860A301081C
:10E490001CA301087CA3010824CA0108BFE80008E6
:10E4A000405F0024385F0024A0A30108B4A3010842
:10E4B00080B582B000AF786039603968786802F062
:10E4C000F5FD3968786807F02BFB00BF0837BD46BB
:10E4D00080BD000080B586B000AFF860B9607A609A
:10E4E000BB68002B06D11D4B40F2CB121C491D48C6
:10E4F0000AF094F87B68002B06D1184B4FF4E672B3
:10E50000174918480AF08AF8BB681A68FB68043390
:10E510001B689A421CD0BB681B687B61FB68043394
:10E520001A687B681A6007F1140319467868FFF7C8
:10E53000BFFFBB68002B02D0BB681B6800E0002354
:10E54000FA6853600121F86800F0D2F8012300E076
:10E55000002318461837BD4680BD00BFCCA2010875
:10E56000E4A301081CA3010880B485B000AFF860E3
:10E57000B9607A60BB681A68FB6808331B689A4206
:10E580000AD0BB68002B02D0BB681B6800E00023E8
:10E59000FA689360012300E0002318461437BD4653
:10E5A0005DF8047B704780B485B000AFF860B96057
:10E5B0007A60BB681A68FB680C331B689A420AD001
:10E5C000BB68002B02D0BB681B6800E00023FA6820
:10E5D000D360012300E0002318461437BD465DF8E0
:10E5E000047B704780B588B000AFF860B9607A608E
:10E5F0003B600023FB610023BB61BB68002B01D1A2
:10E600001C4BBB607B68002B01D11A4B7B603B68C5
:10E61000002B01D1174B3B60BB68002B03D0BB68BC
:10E620001B68002B01D1012300E000237B617B6983
:10E63000002B06D007F110031A46B968F868FFF7F7
:10E6400049FFFA697968F868FFF78EFFBA69396897
:10E65000F868FFF7A8FF7B69002B06D107F11003CC
:10E660001A46B968F868FFF735FF00BF2037BD4686
:10E6700080BD00BF24CA010880B483B000AF7860B9
:10E68000044A7B68136000BF0C37BD465DF8047B0D
:10E69000704700BF3C5F002480B582B000AF786057
:10E6A0007B68002B07D10F4B4FF454720E490F4873
:10E6B00009F0B4FF13E07B6893F82D3003F00103F9
:10E6C000002B0CD17B6893F82D3043F00103DAB2B4
:10E6D0007B6883F82D200321786800F009F808375B
:10E6E000BD4680BDCCA2010854A401081CA30108AA
:10E6F00080B582B000AF78600B46FB707B68002B62
:10E7000006D1184B40F26D321749184809F086FFC0
:10E710007B6893F82D3003F00403002B1ED07B6838
:10E7200093F82D3003F00103002B17D0FB7803F092
:10E730000103002B13D07B6804331B68002B0ED021
:10E740007B6893F82D3003F00803002B07D07B681B
:10E7500004331946786808F04DF900E000BF083727
:10E76000BD4680BDCCA2010870A401081CA301080D
:10E7700080B582B000AF78607B68002B07D1124B68
:10E7800040F29B321149124809F048FF19E07B68BA
:10E7900093F82D3003F00103002B12D07B6893F81F
:10E7A0002D3023F00103DAB27B6883F82D207B68DB
:10E7B00093F82D3003F00803002B02D0786807F09F
:10E7C000D7FC0837BD4680BDCCA2010894A401083F
:10E7D0001CA3010880B582B000AF78607B68002B75
:10E7E00007D1134B4FF478721249134809F016FF02
:10E7F0001BE07B6893F82D3003F00403002B14D149
:10E800007B6893F82D3043F00403DAB27B6883F819
:10E810002D2003217868FFF76BFF7B68DB69002BF5
:10E8200003D07B68DB69786898470837BD4680BDB0
:10E83000CCA20108B4A401081CA3010880B582B0D1
:10E8400000AF78607B68002B07D1114B40F2064285
:10E850001049114809F0E2FE17E07B6893F82D306B
:10E8600003F00403002B10D07B6893F82D3023F0C5
:10E870000403DAB27B6883F82D207B68DB69002B08
:10E8800003D07B68DB69786898470837BD4680BD50
:10E89000CCA20108D8A401081CA3010880B483B04D
:10E8A00000AF786039607B68002B02D07B683A68E3
:10E8B000DA6100BF0C37BD465DF8047B704780B459
:10E8C00085B000AFF860B9607A606FF00B0318464E
:10E8D0001437BD465DF8047B7047000080B485B0F6
:10E8E00000AF0346FB71FB79002B13D00D4B1B6867
:10E8F000FB600CE0FB6893F830300133DBB2FA794F
:10E900009A4201D1FB6806E0FB681B68FB60FB686C
:10E91000002BEFD1002318461437BD465DF8047B69
:10E92000704700BF385F002480B582B000AF0C4B49
:10E9300000221A700B4B1B687B600AE07B685B6FE0
:10E94000002B03D0786802F0EFFB05E07B68DB6802
:10E950007B607B68002BF1D10837BD4680BD00BFCE
:10E96000415F0024505F002480B400AF034B0122BC
:10E970001A7000BFBD465DF8047B7047415F0024FC
:10E9800080B485B000AFF860B96011461A460B46F6
:10E99000FB801346BB80FB6800221A60FB68BA68E4
:10E9A0005A60FB68FA881A81FB68BA885A813B8BE7
:10E9B000DAB2FB681A73FB683A7F5A73FB6801226C
:10E9C0009A73FB680022DA7300BF1437BD465DF806
:10E9D000047B704780B58CB002AF0346FB710B46D9
:10E9E000BB8013467B80FB797B847B88B3F5207FDB
:10E9F0007FD0B3F5207F00F3C880B3F5C17F10D07E
:10EA0000B3F5C17F00F3C180012B02D0412B40F050
:10EA1000BC807A88BB881946002000F0D1F8786263
:10EA2000BDE000237B620023FB61BB887B83082061
:10EA3000FFF7CEFB38613B69002B09D1FFF794FF4C
:10EA40007B6A002B02D0786A00F0A8FA0023A7E0C6
:10EA50007B8C03339BB223F003039BB2C3F5147387
:10EA60009BB27A8B934228BF1346FB817B8C103379
:10EA70003A691344033323F003031846F9897A8B68
:10EA8000002301937B8800930B4601463869FFF70A
:10EA900077FF3B695B6803F00303002B06D0424B12
:10EAA0004FF480724149424809F0B8FD7B8C033332
:10EAB00023F00303B3F5147F06D13B4B4FF481726F
:10EAC0003C493B4809F0AAFD7B6A002B02D13B6917
:10EAD0007B6202E0FB693A691A603B69FB617A8BF1
:10EAE000FB89D31A7B8300237B847B8B002B9ED1F5
:10EAF00055E07B8C03339BB223F003039AB2BB88AF
:10EB000003339BB223F003039BB213443B833B8B41
:10EB10001033FB823A8BBB88033323F003039A4202
:10EB200006D3FA8ABB88033323F003039A4201D247
:10EB3000002335E0FB8A1846FFF7BAF978627B6A52
:10EB4000002B01D100232BE07B8C10337A6A134415
:10EB5000033323F003031846B988BA8800230193CE
:10EB60007B8800930B460146786AFFF709FF7B6AB2
:10EB70005B6803F00303002B10D00B4B4FF4917232
:10EB80000D490B4809F04AFD08E0074B40F22712F7
:10EB90000A49074809F042FD002301E000BF7B6AF3
:10EBA00018462837BD4680BDFCA401082CA50108E5
:10EBB0005CA5010884A50108B8A50108E4A5010821
:10EBC00080B586B002AF78600B467B8013463B80F1
:10EBD0003B88412B09D03B88012B06D00F4B4FF4CB
:10EBE000A5720F490F4809F019FD0720FFF7F0FA49
:10EBF000F860FB68002B01D100230BE079887A884C
:10EC0000002301933B8800930B467968F868FFF76F
:10EC1000B7FEFB6818461037BD4680BDFCA401084E
:10EC200000A601085CA5010880B588B002AF7B6032
:10EC30000346FB730B46BB8113467B81FB7B7B82C8
:10EC40007B8A033323F00302BB891A44BB8C9A42AC
:10EC500001D9002318E03B6A002B07D07B8A0333DD
:10EC600023F003033A6A13447B6101E000237B61D4
:10EC70007868B989BA89022301937B8900930B468E
:10EC80007969FFF77DFE7B6818461837BD4680BD61
:10EC900080B584B000AF78600B467B807B68002B2A
:10ECA00006D13A4B4FF4CC7239493A4809F0B6FCD8
:10ECB0007B681B897A889A4263D27B681A897B8831
:10ECC000D31A3B817B887B817B68FB6018E0FB6803
:10ECD0005B897A89D31A7B81FB681A893B89D31AAD
:10ECE0009AB2FB681A81FB681B68FB60FB68002B0B
:10ECF00006D1264B40F2AF122749264809F08EFC78
:10ED0000FB685B897A899A42E1D8FB681B7B03F038
:10ED10000F03002B21D1FB685B897A899A421CD0B2
:10ED2000FB685B7B03F00203002B16D1FB685A687B
:10ED3000FB68D31A9AB27B8913449BB21946F868D0
:10ED4000FEF7BAFFF860FB68002B06D10F4B40F2CC
:10ED5000BD1212490F4809F061FCFB687A895A819B
:10ED6000FB685A89FB681A81FB681B68002B04D07A
:10ED7000FB681B68184600F011F9FB6800221A6056
:10ED800000E000BF1037BD4680BD00BFFCA40108F5
:10ED900014A601085CA501082CA6010844A60108D8
:10EDA00080B586B000AFF860B9601346FB71FB68B0
:10EDB000002B06D12B4B40F2DF122B492B4809F0D8
:10EDC0002DFCFB68002B03D0BB68B3F5803F01D35B
:10EDD000012343E0BB68002B01D100233EE0BB6868
:10EDE0007B82FB681A897B8A13449BB27A8A9A4297
:10EDF00001D9012332E0FB681B7B3B823B8A03F095
:10EE00008003002B0CD0FB685A68BB685B4213443C
:10EE10007B61FB6810337A699A420DD201231DE0B1
:10EE2000FB79002B06D0FB685A68BB685B42134431
:10EE30007B6101E0012311E0FB687A695A60FB689D
:10EE40005A897B8A13449AB2FB685A81FB681A89F3
:10EE50007B8A13449AB2FB681A810023184618373C
:10EE6000BD4680BDFCA4010860A601085CA50108A0
:10EE700080B582B000AF7860396000223968786868
:10EE8000FFF78EFF034618460837BD4680BD0000D9
:10EE900080B584B000AF786039607B68002B06D104
:10EEA000204B40F24B222049204809F0B7FB7B68F9
:10EEB000002B03D03B68B3F5803F01D301232CE046
:10EEC0003B68002B01D1002327E03B68FB817B6876
:10EED0005B89FA899A4208D9124B40F255221449AB
:10EEE000124809F09BFB012317E07B685B68BB605D
:10EEF0007B685A683B681A447B685A607B685A8909
:10EF0000FB89D31A9AB27B685A817B681A89FB897C
:10EF1000D31A9AB27B681A81002318461037BD466F
:10EF200080BD00BFFCA4010860A601085CA5010823
:10EF30006CA6010880B582B000AF78600B467B807C
:10EF400013467B70B7F90230002B08DAB7F90230AC
:10EF50005B4219467868FFF79BFF034607E0B7F965
:10EF600002307A7819467868FFF71AFF0346184688
:10EF70000837BD4680BD80B582B000AF78600B46D3
:10EF80007B80B7F90230012219467868FFF7D2FF7B
:10EF9000034618460837BD4680BD000080B586B0E0
:10EFA00000AF78607B68002B0BD17B68002B06D10B
:10EFB000384B4FF437723849384809F02FFB00239B
:10EFC00063E00023FB755CE07B689B7B002B06D134
:10EFD000304B40F2F1223249304809F01FFB7B6888
:10EFE0009B7B013BDAB27B689A737B689B7BBB752A
:10EFF000BB7D002B43D17B681B683B617B681B7B1F
:10F0000003F00F03FB737B685B7B03F00203002BB1
:10F0100011D07B68BB60BB681B69002B06D11D4B00
:10F0200040F2FF221F491D4809F0F8FABB681B692E
:10F03000786898471DE0FB7B022B04D17968082093
:10F04000FFF736F915E0FB7B012B04D17968072027
:10F05000FFF72EF90DE0FB7B002B03D17868FEF75C
:10F06000C1FD06E00B4B40F20F320F490B4809F08F
:10F07000D5FAFB7D0133FB753B697B6001E0002322
:10F080007B607B68002B9FD1FB7D18461837BD46FF
:10F0900080BD00BFFCA4010860A601085CA50108B2
:10F0A0008CA60108A4A60108C8A6010880B485B0F2
:10F0B00000AF78600023FB8105E0FB890133FB8111
:10F0C0007B681B687B607B68002BF6D1FB89184648
:10F0D0001437BD465DF8047B7047000080B582B0F0
:10F0E00000AF78607B68002B10D07B689B7B01337E
:10F0F000DAB27B689A737B689B7B002B06D1054B49
:10F1000040F242320449054809F088FA00BF083746
:10F11000BD4680BDFCA40108DCA601085CA5010871
:10F1200080B584B000AF786039607B68002B02D076
:10F130003B68002B07D1204B40F259321F49204831
:10F1400009F06CFA34E07B68FB600AE0FB681A891E
:10F150003B681B8913449AB2FB681A81FB681B68E1
:10F16000FB60FB681B68002BF0D1FB681A89FB6809
:10F170005B899A4206D0104B40F262321149104826
:10F1800009F04CFAFB681B68002B06D00A4B40F2D2
:10F1900063320D490A4809F041FAFB681A893B6855
:10F1A0001B8913449AB2FB681A81FB683A681A609B
:10F1B0001037BD4680BD00BFFCA40108F0A60108C1
:10F1C0005CA5010828A7010858A7010880B582B0EE
:10F1D00000AF7860396039687868FFF7A1FF386858
:10F1E000FFF77CFF00BF0837BD4680BD80B586B005
:10F1F00000AF7860396000237B6100233B617B684E
:10F20000002B08D03B68002B05D07B681A893B682F
:10F210001B899A4209D2574B40F2C9325649574886
:10F2200009F0FCF96FF00F039FE07B685B891A46D9
:10F230007B69D21A3B685B8919463B69CB1A9A42B3
:10F2400006D33B685B891A463B69D31AFB6005E02D
:10F250007B685B891A467B69D31AFB607B685A68B6
:10F260007B69D0183B685A683B691344FA681946B1
:10F2700009F009FB7A69FB6813447B613A69FB6812
:10F2800013443B617B685B891A467B69934206D9CC
:10F29000384B40F2D9323A49384809F0BFF93B6857
:10F2A0005B891A463B69934206D9324B40F2DA3207
:10F2B0003449324809F0B2F93B685B891A463B6928
:10F2C000934204D300233B613B681B683B607B682F
:10F2D0005B891A467B69934214D100237B617B686A
:10F2E0001B687B607B68002B0CD13B68002B09D02E
:10F2F000204B4FF479722449204809F08FF96FF0C0
:10F300000F0332E03B68002B13D03B685A893B68FF
:10F310001B899A420DD13B681B68002B09D0154B05
:10F3200040F2E9321949154809F078F96FF0050300
:10F330001BE07B68002B13D07B685A897B681B8994
:10F340009A420DD17B681B68002B09D0094B40F213
:10F35000EE320E49094809F061F96FF0050304E047
:10F360003B68002B7FF461AF002318461837BD4679
:10F3700080BD00BFFCA40108A4A701085CA501088A
:10F38000D4A70108ECA7010808A8010818A80108DB
:10F3900080B588B000AFF860B96011461A460B46D8
:10F3A000FB801346BB8000237B830023FB82FB682A
:10F3B000002B08D12B4B40F20A422B492B4809F075
:10F3C0002DF900234AE0BB68002B08D1254B40F201
:10F3D0000B422749254809F021F900233EE0FB684C
:10F3E000FB6134E0BB88002B0AD0FB695B89BA88DB
:10F3F0009A4205D3FB695B89BA88D31ABB8023E0A4
:10F40000FB695A89BB88D31A3B833A8BFB889A42A3
:10F4100001D9FB883B837B8BBA68D018FB695A689B
:10F42000BB8813443A8B194609F02DFAFA8A3B8BB4
:10F430001344FB827A8B3B8B13447B83FA883B8B90
:10F44000D31AFB800023BB80FB691B68FB61FB8830
:10F45000002B02D0FB69002BC4D1FB8A1846203751
:10F46000BD4680BDFCA4010844A801085CA50108B4
:10F4700064A8010880B584B000AF03463A60FB7110
:10F480000B46BB803B681989BA88FB791846FFF7A1
:10F49000A1FAF860FB68002B01D1002311E0396864
:10F4A000F868FFF7A3FE0346FB7297F90B30002BB9
:10F4B00006D0064B40F224520549064809F0AEF842
:10F4C000FB6818461037BD4680BD00BFFCA401088C
:10F4D00070A901085CA5010880B500AF08F01AFF0B
:10F4E00003469BB2C3F30D039BB2A3F580439AB2CC
:10F4F000014B1A8000BF80BD4800002480B582B057
:10F5000000AF78607B681B7D012B05D1064BD422B0
:10F510000649074809F082F879680120FEF7C8FE1D
:10F5200000BF0837BD4680BDFCA901082CAA010810
:10F5300040AA010880B582B000AF78607B681B7D6F
:10F54000012B05D1064BDF220649074809F066F872
:10F5500079680220FEF7ACFE00BF0837BD4680BDCB
:10F56000FCA9010868AA010840AA010880B500AFFB
:10F5700001F05EF8074B1B780133DAB2054B1A70C5
:10F58000044B1B7803F00103002B01D000F00EFDAB
:10F5900000BF80BD595F002480B584B000AF7860A3
:10F5A00039603B68002B05D10D4BFF220D490E48F9
:10F5B00009F034F87B68FB600AE0FB68DB6F3A68AF
:10F5C0009A4202D1FB680022DA67FB68DB68FB60C5
:10F5D000FB68002BF1D100BF00BF1037BD4680BDD6
:10F5E000FCA9010884AA010840AA010880B584B0DA
:10F5F00000AF78607B68002B06D1144B40F21112EB
:10F600001349144809F00AF87B681B7D012B06D0CA
:10F610000E4B4FF4897210490E4808F0FFFF01238A
:10F62000FB600BE00D4AFB6852F823301B687968D9
:10F630001846FFF7B1FFFB680133FB60FB68032B43
:10F64000F0D900BF00BF1037BD4680BDFCA901083E
:10F65000ACAA010840AA0108B8AA0108FCC901081F
:10F66000B0B588B004AF78600B46FB707B68002BA8
:10F6700006D1634B4FF4AF726249634808F0CEFF86
:10F68000FB78002B66D07B681B7D042B03D07B6846
:10F690001B7D072B5ED17B689B6F002B04D17B68A1
:10F6A0001B8DB3F5066F55D07B685B8B03F01003A1
:10F6B000002B06D1524B4FF4B2725449524808F015
:10F6C000ADFF7B68186D7B685C6A7D687B6804337E
:10F6D0007A68D28A7968098B0291019200932B464D
:10F6E00022460146786805F085FD786801F068FBE0
:10F6F000474B1B687A689A4205D1454B1B68DB680B
:10F70000434A136013E0424B1B68FB600CE0FB684C
:10F71000DB687A689A4204D17B68DA68FB68DA6051
:10F7200005E0FB68DB68FB60FB68002BEFD17B68C2
:10F730000022DA60374B01221A70374B1B687A6857
:10F740009A4202D103F0FCFF02E07868FFF7D6FE90
:10F75000002350E07B681B7D022B3BD0022B44DC56
:10F76000002B02D0012B2AD03FE07B68DB8A002BE4
:10F7700021D02A4B1B687A689A4205D1274B1B6817
:10F78000DB68264A136013E0244B1B68BB600CE067
:10F79000BB68DB687A689A4204D17B68DA68BB6828
:10F7A000DA6005E0BB68DB68BB60BB68002BEFD1AB
:10F7B0007B680022DA607868FFF7A0FE1AE07868BC
:10F7C000FFF714FF7968164801F04AFB7868FFF7E5
:10F7D000B1FE0FE079680E4801F042FB0D4B0122AB
:10F7E0001A707868FFF78AFE04E0786800F01AF86B
:10F7F000034600E0002318461037BD46B0BD00BFE9
:10F80000FCA90108D0AA010840AA0108F0AA010831
:10F81000505F0024585F0024905F0024485F00245C
:10F820004C5F002480B584B000AF78607B68002B0B
:10F8300006D12E4B4FF4CE722D492E4808F0EEFE25
:10F840007B681B7D072B20D0072B2BDC032B02D0E2
:10F85000042B0DD026E0786804F0DAFD0346FB7334
:10F8600097F90F30002B1FD17B6805221A751BE01A
:10F87000786804F0CDFD0346FB7397F90F30002B39
:10F8800014D17B6805221A7510E0786804F0C0FD79
:10F890000346FB7397F90F30002B09D17B680922CF
:10F8A0001A7505E000231CE000BF02E000BF00E085
:10F8B00000BF97F90F30002B03D1786804F0E6FE03
:10F8C0000DE097F90F30B3F1FF3F08D17B685B8BF8
:10F8D00043F008039AB27B685A83002301E097F94A
:10F8E0000F3018461037BD4680BD00BFFCA9010887
:10F8F000ACAA010840AA010880B582B000AF7860C8
:10F900007B68002B09D10F4B4FF4F4720E490F485E
:10F9100008F084FE6FF00F030FE07B681B7D012B66
:10F9200006D07B685B8B43F010039AB27B685A83E6
:10F9300001217868FFF794FE034618460837BD4654
:10F9400080BD00BFFCA901080CAB010840AA01085A
:10F9500080B58EB004AF786039607B68002B07D12A
:10F96000524B40F23D225249524808F057FE99E06E
:10F970007B681B7D012B06D14C4B4FF410724E4916
:10F980004C4808F04BFE7B681B7D0A2B07D1796839
:10F990004A4801F065FA7868FFF7B0FD82E000237D
:10F9A0007B6200237B847B681B6DBB617B685B6A29
:10F9B0007B617B68D3F890303B617B681B69FB609F
:10F9C0007B681B7D002B26D17B68DB8A002B2ED029
:10F9D0003B4B1B687A689A4205D1394B1B68DB6840
:10F9E000374A136013E0364B1B68FB610CE0FB6980
:10F9F000DB687A689A4204D17B68DA68FB69DA606E
:10FA000005E0FB69DB68FB61FB69002BEFD17B68DC
:10FA10000022DA600BE03B687B627B68DB8A7B84D8
:10FA20007968284801F01CFA274B01221A707B687C
:10FA30001B6F002B04D07B681B6F184600F0D8FEAC
:10FA40007B68DB6E002B04D07B68DB6E184600F011
:10FA5000CFFE7B685B6F002B04D07B685B6F184622
:10FA600000F0C6FE7B6A002B0ED079687B680433F9
:10FA70007A68128B02927A8C019200930B467A6913
:10FA8000B969786805F0B6FB7B681B7DFB72786806
:10FA9000FFF734FD3B69002B04D03B696FF00C018C
:10FAA000F86898472837BD4680BD00BFFCA901080B
:10FAB00040AB010840AA01085CAB0108545F002478
:10FAC000485F0024505F0024585F002480B582B056
:10FAD00000AF786001217868FFF73AFF00BF083770
:10FAE000BD4680BD80B588B000AFF860B9601346F0
:10FAF000FB8004237B61BB68002B01D13E4BBB60C4
:10FB0000FB68002B09D13D4B40F2A9223C493D48FE
:10FB100008F084FD6FF00F036AE0FB681B7D002B8B
:10FB200009D0364B40F2AB223749364808F076FD13
:10FB30006FF005035CE0FB88002B09D100F0F0F9C1
:10FB40000346FB80FB88002B35D16FF001034FE0AB
:10FB50000023FB612BE02D4AFB6952F823301B6820
:10FB6000BB611EE0BB69DB8AFA889A4216D1BB6989
:10FB7000002B10D0BB691B68002B0CD0BB68002B7E
:10FB800009D0BB681B68002B05D0BB691A68BB682D
:10FB90001B689A4202D16FF0070329E0BB69DB685A
:10FBA000BB61BB69002BDDD1FB690133FB61FA69E5
:10FBB0007B699A42CFDBBB68002B0CD0BB681B680B
:10FBC000002B08D0BB68002B02D0BB681B6800E08C
:10FBD0000023FA681360FB68FA88DA820C4B1A6813
:10FBE000FB68DA600A4AFB68136005F0C5FC002375
:10FBF00018462037BD4680BD24CA0108FCA901086B
:10FC000090AB010840AA0108A8AB0108FCC9010893
:10FC1000485F002480B584B000AFF860B960134637
:10FC2000FB71BB68002B06D1074B40F20F3207492E
:10FC3000074808F0F3FCB868FFF748FF6FF00C03C3
:10FC400018461037BD4680BDFCA90108D0AB01089D
:10FC500040AA010880B582B000AF78600B46FB7007
:10FC6000FB7800221946786800F006F8034618462B
:10FC70000837BD4680BD000080B588B000AFF86091
:10FC80000B467A60FB720023FB61FB68002B09D1F5
:10FC9000474B40F259324749474808F0BFFCF02330
:10FCA000FB7679E0FB681B7D002B09D0404B40F2CE
:10FCB0005A324249404808F0B1FCF123FB766BE030
:10FCC000FB681B7D012B04D1FB68FB61F723FB76EE
:10FCD00062E00220FEF77CFAF861FB69002B02D19A
:10FCE000FF23FB7658E0FB681A69FB691A61FB6821
:10FCF000DA8AFB69DA82FB6901221A75FB685A7D90
:10FD0000FB695A75FB685A7AFB695A72FB690022D3
:10FD10001A72FB68DA7AFB69DA72FB689A7AFB6915
:10FD20009A72FB681A68FB691A60FB68DB8A002B11
:10FD300021D0234B1B68FA689A4205D1204B1B68DF
:10FD4000DB681F4A136013E01D4B1B687B610CE0EE
:10FD50007B69DB68FA689A4204D1FB68DA687B69E0
:10FD6000DA6005E07B69DB687B617B69002BEFD1A2
:10FD7000FB680022DA60F868FFF7C0FBFB69114AF4
:10FD80009A61114B1A68FB69DA600F4AFB691360CC
:10FD900005F0F2FB0023FB767B68002B02D07B682A
:10FDA000FA7E1A70FB6918462037BD4680BD00BF39
:10FDB000FCA90108F0AB010840AA010820AC010829
:10FDC000485F002415FC00084C5F002480B584B017
:10FDD00000AF78607B68002B06D1254B40F2A6323D
:10FDE0002449254808F01AFC7B685B6A7A68128D02
:10FDF0001344FB607B68DB6A7A68528EB2F5866FCB
:10FE000028BF4FF4866292B21344FA68D31A002BCB
:10FE100008DB7B681A8D7B685A857B68DB6AFA6829
:10FE2000D31A20E07B685A6A7B68DB6AD31A002BFE
:10FE300003DD7B6800225A8514E07B68DA6A7B6800
:10FE40005B6AD31ABB60BB68B3F5803F06D3084B2F
:10FE500040F2B6320949084808F0E0FBBB689AB2A4
:10FE60007B685A85002318461037BD4680BD00BF09
:10FE7000FCA9010858AC010840AA01087CAC0108A3
:10FE800080B584B000AF78600B467B807B68002B28
:10FE900007D11F4B40F2CF321E491F4808F0BEFB6E
:10FEA00032E07B681B7D012B06D1194B40F2D23228
:10FEB0001A49194808F0B2FB7B681A8D7B881344F5
:10FEC000FB81FB89B3F5066F04D87B681B8DFA892B
:10FED0009A4204D27B684FF406621A8502E07B687E
:10FEE000FA891A857868FFF771FFB860BB68B3F5C7
:10FEF000067F09D37B685B8B43F002039AB27B6871
:10FF00005A83786804F0C2FB1037BD4680BD00BF3D
:10FF1000FCA9010898AC010840AA0108B0AC01088E
:10FF200080B483B000AF0023BB801E4B1B8801331D
:10FF30009AB21C4B1A801B4B1B884FF6FF729342E0
:10FF400003D1184B4FF440421A800023FB711EE08E
:10FF5000FB79154A52F823301B683B6011E03B687F
:10FF6000DA8A104B1B889A4208D1BB880133BB80C8
:10FF7000BB88B3F5804FD8D300230DE03B68DB6826
:10FF80003B603B68002BEAD1FB790133FB71FB79C5
:10FF9000032BDDD9034B1B8818460C37BD465DF893
:10FFA000047B704748000024FCC90108B0B590B03C
:10FFB00004AF002387F82530954B1B680133944A22
:10FFC0001360944B1B780133DAB2924B1A7000E045
:10FFD00000BF0023BB62904B1B68FB629DE2FB6A83
:10FFE0001B7D002B06D18D4B40F2BE428C498D48C3
:10FFF00008F014FBFB6A1B7D012B06D1874B40F2F6
:020000040801F1
:10000000BF428949874808F009FBFB6A1B7D0A2B20
:1000100006D1824B4FF498628449824808F0FEFA78
:10002000FB6A9A7F7B4B1B789A4205D1FB6ABB62C5
:10003000FB6ADB68FB6270E2764B1A78FB6A9A77A0
:10004000002387F82730002387F82630FB6A1B7DC2
:10005000022B0AD1FB6A93F84230052B05D997F899
:100060002730013387F827301EE1FB6A93F84230CE
:100070000B2B05D997F82730013387F8273013E188
:10008000FB6A93F89930002B75D0FB6A1B6F002B2D
:1000900006D0624B40F2D4426549624808F0BEFA8D
:1000A000FB6ADB6E002B06D15C4B40F2D542614906
:1000B0005C4808F0B3FAFB6A93F89A300B2B05D929
:1000C00097F82730013387F82730EDE0FB6A93F883
:1000D0009930013B584AD35C7B74FB6A93F89830A3
:1000E0007A7C9A4207D9FB6A93F898300133DAB2E6
:1000F000FB6A83F89820FB6A93F898307A7C9A42DE
:1001000000F2D28001233B62FB6AB3F86030002B1F
:1001100008D1F86A05F062F90346002B14D00023D9
:100120003B6211E0FB6AB3F860301946F86A04F0EC
:1001300027F80346002B07D1F86A04F0A7FA034614
:10014000002B01D100233B623B6A002B00F0AC8006
:10015000FB6A002283F89820FB6A93F89930062BFB
:1001600000F2A280FB6A93F899300133DAB2FB6A9D
:1001700083F8992098E0FB6AB3F93030002B0FDB4D
:10018000FB6AB3F9303047F6FF72934208D0FB6A3E
:10019000B3F930309BB201339BB21AB2FB6A1A86B4
:1001A000FB6AB3F93020FB6AB3F940309A427BDB3B
:1001B000F86A04F05FFD0346002B07D0FB6A1B6F53
:1001C000002B71D1FB6ADB6E002B6DD0FB6A1B7DAF
:1001D000022B3AD0FB6A93F842300C2B28BF0C2339
:1001E000FB76FB6AB3F93C30DB101BB21A46FB6AA4
:1001F000B3F93E301344FA7E10498A5C93407B6128
:100200007B6947F6FE7293421ADC7B691AB219E0E9
:10021000445F00245A5F0024505F0024FCA90108B9
:1002200040AD010840AA01086CAD010898AD010875
:10023000C8AD0108FCAD0108F4C90108E4C9010812
:1002400047F6FF72FB6AA3F84020FB6A00221A8679
:10025000FB6AB3F86020FB6AB3F84830934228BFCA
:1002600013467B827B8A5B089AB2FB6AA3F84A201A
:10027000FB6AB3F84A20FB6A5B8E5B009BB29A4232
:1002800006D2FB6A5B8E5B009AB2FB6AA3F84A2037
:10029000FB6A5A8EFB6AA3F84820FB6A0022A3F887
:1002A0006A20F86A04F056FDFB6A1B7D062B11D10B
:1002B000FB6A5B8B03F01003002B0BD09C4B1A687E
:1002C000FB6A1B6AD31A282B04D997F8273001330D
:1002D00087F82730FB6A5B7A03F00803002B4AD0CB
:1002E000FB6A1B7D042B03D0FB6A1B7D072B42D1CD
:1002F0008F4B1A68FB6A1B6AD21AFB6AD3F89410F8
:100300008C4B0B448C49A1FB03135B099A420AD91D
:1003100097F82730013387F8273097F826300133D4
:1003200087F8263027E0824B1A68FB6A1B6AD21ACC
:10033000FB6AD3F89410FB6A93F89B3018467F4B06
:1003400000FB03F30B447C49A1FB03135B099A42B6
:1003500011D9F86A05F002F8034687F8253097F9B5
:100360002530002B07D1FB6A93F89B300133DAB2BA
:10037000FB6A83F89B20FB6A5B6F002B11D06C4BF0
:100380001A68FB6A1B6AD21AFB6AB3F94030194635
:100390000B465B000B445B009A4202D3F86A00F004
:1003A000C3FEFB6A1B7D032B0BD1614B1A68FB6AF2
:1003B0001B6AD31A282B04D997F82730013387F802
:1003C0002730FB6A1B7D092B0BD1594B1A68FB6A3E
:1003D0001B6AD31AF02B04D997F82730013387F81A
:1003E000273097F82730002B60D0FB6AD3F8903085
:1003F000FB60F86A00F0E4FCBB6A002B10D0504BA5
:100400001B68FA6A9A4206D14E4B40F26D524E4931
:100410004E4808F003F9FB6ADA68BB6ADA600FE05D
:10042000474B1B68FA6A9A4206D0464B40F271521B
:100430004749464808F0F2F8FB6ADB68404A136017
:1004400097F82630002B13D0FB6A186DFB6A5C6AA4
:10045000FD6AFB6A0433FA6AD28AF96A098B02914F
:10046000019200932B4622460146F86A04F0C2FE30
:10047000FB6A1B69BB60FB6A1B7DFB71FB6A3B600F
:10048000FB6ADB68FB623868FFF738F8314B002203
:100490001A70FB68002B04D0FB686FF00C01B86881
:1004A00098472C4B1B78002B37D092E5FB6ABB6238
:1004B000FB6ADB68FB62BB6A1B7F0133DAB2BB6A93
:1004C0001A77BB6A1A7FBB6A5B7F9A4225D3BB6AE5
:1004D00000221A771F4B00221A70BB6AD3F88C30A7
:1004E000002B0BD0BB6AD3F88C30BA6A1269B96A98
:1004F00010469847034687F8253002E0002387F826
:100500002530144B1B78002B7FF462AD97F9253012
:10051000002B02D1B86A04F0B9F8FB6A002B7FF413
:100520005EAD0023BB620C4B1B68FB6269E000BF41
:10053000445F0024B84C0A00D34D6210F824010037
:10054000505F0024FCA9010834AE010840AA01084C
:1005500060AE0108585F0024545F0024FB6A1B7DD5
:100560000A2B06D02B4B40F2A1522B492B4808F006
:1005700055F8002387F82730294B1A68FB6A1B6A55
:10058000D31AF02B04D997F82730013387F8273096
:1005900097F82730002B2FD0F86A00F011FCBB6AC7
:1005A000002B10D01F4B1B68FA6A9A4206D1194BD8
:1005B00040F2AF521C49194808F030F8FB6ADA687B
:1005C000BB6ADA600FE0174B1B68FA6A9A4206D0E2
:1005D000104B40F2B3521549104808F01FF8FB6A5F
:1005E000DB68104A1360FB6AFB61FB6ADB68FB6235
:1005F000F869FEF783FF04E0FB6ABB62FB6ADB6815
:10060000FB62FB6A002BA9D100BF00BF3037BD469B
:10061000B0BD00BFFCA901088CAE010840AA0108CA
:10062000445F0024545F0024BCAE0108E4AE01081E
:1006300080B582B000AF2D4B1B780133DAB22B4B63
:100640001A702B4B1B687B6048E07B689A7F274BB6
:100650001B789A423FD0254B1A787B689A777B6843
:100660005B8B03F00103002B10D07B685B8B43F0A6
:1006700002039AB27B685A83786804F007F87B68B3
:100680005B8B23F003039AB27B685A837B685B8B96
:1006900003F00803002B09D07B685B8B23F0080371
:1006A0009AB27B685A837868FFF7BCF87B68DB688E
:1006B0003B607B689B6F002B0AD00E4B00221A70A8
:1006C000786800F019F80B4B1B78002B00D0B8E7C6
:1006D0003B687B6002E07B68DB687B607B68002BAB
:1006E000B3D100BF00BF0837BD4680BD5A5F0024AC
:1006F000505F0024585F002490B585B000AF78604B
:100700007B68002B09D1374B40F2096236493748E4
:1007100007F084FF6FF00F0360E07B689B6F5B7BEB
:10072000BB737B689B6FBB607B6800229A677B68AA
:10073000D3F88430002B0BD07B68D3F884407B68DF
:1007400018690023BA687968A0470346FB7307E07D
:100750000023BA687968002000F0C2F80346FB73F2
:1007600097F90F30002B2AD1BB7B03F02003002B1D
:1007700033D07B681B8DB3F5066F05D07B681B8D6E
:1007800001339AB27B681A857B68D3F88430002BDA
:100790000BD07B68D3F884407B6818690023002263
:1007A0007968A0470346FB7301E00023FB7397F9C8
:1007B0000F3013F10D0F10D16FF00C030EE097F90D
:1007C0000F3013F10D0F02D16FF00C0306E07B68C0
:1007D000BA689A676FF0040300E0002318461437E4
:1007E000BD4690BDFCA901080CAF010840AA010854
:1007F00080B584B000AF786007E07B681B68FB6061
:10080000786800F00AF8FB687B607B68002BF4D105
:1008100000BF00BF1037BD4680BD80B582B000AFBD
:1008200078607B68002B0CD07B685B68002B04D061
:100830007B685B681846FEF7B1FB79680320FDF71B
:1008400037FD00BF0837BD4680BD000080B582B0CF
:1008500000AF78600B46FB707B68002B07D1074B1D
:100860004FF4CE620649074807F0D8FE02E07B68E5
:10087000FA785A750837BD4680BD00BFFCA901084B
:1008800034AF010840AA010880B584B000AF786099
:100890007B68002B06D10F4B40F282620E490F4855
:1008A00007F0BCFE0320FDF793FCF860FB68002B0B
:1008B00001D100230AE010227968F86807F0E3FF0D
:1008C000FB685B681846FEF709FCFB6818461037A2
:1008D000BD4680BDFCA9010850AF010840AA01082F
:1008E00080B584B000AFF860B9607A60FB70BB6817
:1008F000002B09D1124B4FF4D3621249124807F072
:100900008DFE6FF00F0316E07B68002B09D07B682B
:100910001B891946B868FFF7B3FA7868FEF73EFB03
:1009200008E097F90330002B04D1B868FEF7E4FF24
:10093000034600E0002318461037BD4680BD00BFC7
:10094000FCA901086CAF010840AA010880B586B077
:1009500000AF0346FB7197F90730002B01DBFB79F1
:1009600000E07F23FB72FB7A002B34D0FB7A013B43
:10097000FB720023FB6000233B61194B1B687B610A
:100980001FE07B695B7DFA7A9A420CD87B695B7DBC
:10099000FA7A9A4212D1134B1A687B691B6AD31AEE
:1009A000FA689A420AD80F4B1A687B691B6AD31AF5
:1009B000FB607B693B617B695B7DFB727B69DB680C
:1009C0007B617B69002BDCD13B69002B04D038694B
:1009D000FFF77CF800E000BF1837BD4680BD00BFC0
:1009E000505F0024445F002480B586B000AF03460A
:1009F000FB71FB79082B09D0FB79092B06D01A4B28
:100A000040F2DD6219491A4807F008FE0023FB6036
:100A100000233B61174B1B687B6117E07B691B7DE3
:100A2000FA799A420FD1144B1A687B691B6AD31A60
:100A3000FA689A4207D8104B1A687B691B6AD31A66
:100A4000FB607B693B617B69DB687B617B69002BB9
:100A5000E4D13B69002B03D000213869FEF778FF11
:100A600000BF1837BD4680BDFCA9010888AF01084A
:100A700040AA0108505F0024445F002480B584B080
:100A800000AF00237B600023BB60124B1B68FB6040
:100A900012E0114B1A68FB681B6AD31A7A689A42F3
:100AA00007D80D4B1A68FB681B6AD31A7B60FB687A
:100AB000BB60FB68DB68FB60FB68002BE9D1BB68AF
:100AC000002B02D0B868FFF701F800BF1037BD4611
:100AD00080BD00BF545F0024445F002480B582B015
:100AE00000AF104B1B687B6014E07B68DB683B60E9
:100AF0007B685B8B03F00803002B09D07B685B8B62
:100B000023F008039AB27B685A837868FEF78AFE5E
:100B10003B687B607B68002BE7D100BF00BF0837D4
:100B2000BD4680BD505F002480B584B000AF034651
:100B3000FB710120FDF74CFBF860FB68002B26D110
:100B4000FFF7CCFFFFF79AFF0120FDF741FBF860AC
:100B5000FB68002B1BD10920FFF746FF0120FDF7A2
:100B600037FBF860FB68002B11D10820FFF73CFF32
:100B70000120FDF72DFBF860FB68002B07D1FB7906
:100B80001846FFF7E3FE0120FDF722FBF860FB6843
:100B9000002B3FD09C220021F86807F0A4FDFB68E1
:100BA000FA795A75FB684FF48662A3F86420FB68F3
:100BB0004FF406625A85FB685A8DFB681A85FB68FC
:100BC000FF22DA72FB684FF406725A86FB6806222F
:100BD000A3F84020FB680622DA87FB684FF6FF7215
:100BE0001A86FB680122A3F848200D4B1A68FB689F
:100BF0001A620C4B1A78FB689A77FB684FF486628E
:100C0000A3F84A20FB68084AC3F88420FB68074A17
:100C1000C3F89420FB6818461037BD4680BD00BF5E
:100C2000445F00245A5F0024E108010800DD6D00E4
:100C300080B500AF4020FFF777FF0346184680BD20
:100C400080B483B000AF786039607B68002B02D03D
:100C50007B683A681A6100BF0C37BD465DF8047BBB
:100C60007047000080B582B000AF786039607B6863
:100C7000002B0ED07B681B7D012B06D1074B40F269
:100C8000DF720749074807F0C9FC7B683A68C3F878
:100C9000842000BF0837BD4680BD00BFFCA9010805
:100CA00098AF010840AA010880B582B000AF786013
:100CB00039607B68002B0ED07B681B7D012B06D131
:100CC000074B40F2F3720749074807F0A7FC7B681F
:100CD0003A68C3F8802000BF0837BD4680BD00BF1A
:100CE000FCA90108C0AF010840AA010880B582B084
:100CF00000AF786039607B68002B0ED07B681B7D6D
:100D0000012B06D1074B40F60D020749074807F0B3
:100D100085FC7B683A68C3F8902000BF0837BD4661
:100D200080BD00BFFCA90108E8AF010840AA010886
:100D300080B485B000AF786039607B68002B08D044
:100D40007B681B7D012B04D17B68FB60FB683A68E4
:100D50009A6100BF1437BD465DF8047B7047000000
:100D600080B584B000AFF860B9601346FB71FB68D2
:100D7000002B07D10E4B40F63D020E490E4807F0FE
:100D80004DFC11E0FB681B7D012B06D1084B40F6A2
:100D90003E020A49084807F041FCFB68BA68C3F8FC
:100DA0008C20FB68FA795A771037BD4680BD00BFAA
:100DB000FCA9010810B0010840AA010828B00108E8
:100DC00080B582B000AF78607B68002B07D1214BE3
:100DD00040F651022049214807F020FC37E07B68AB
:100DE0001B7D002B33D07B681B7D0A2B2FD07B68AB
:100DF0001B7D012B2BD07B689B6F002B07D07B6862
:100E00009B6F1846FEF7CAF87B6800229A677B68DA
:100E10005B6F002B02D0786800F086F97B684FF694
:100E2000FF721A867B68DB6E1846FFF7E1FC7B6871
:100E30001B6F1846FFF7DCFC7B680022DA667B68D4
:100E4000DA6E7B681A677B680022A3F8682008378F
:100E5000BD4680BDFCA9010848B0010840AA0108B0
:100E600080B584B000AF786039603B68002B06D154
:100E70003E4B40F683023E493E4807F0CFFB7B687D
:100E8000002B06D1394B40F684023B49394807F024
:100E9000C5FB7B681B683A689A4205D17B681B6872
:100EA000DA687B681A6013E07B681B68FB600CE003
:100EB000FB68DB683A689A4204D13B68DA68FB68F1
:100EC000DA6005E0FB68DB68FB60FB68002BEFD1B4
:100ED0003B680022DA603868FFF772FF3B681B7DD1
:100EE0000A2B13D03B681B7D012B0FD03B685B8B1B
:100EF00003F00103002B09D03B685B8B43F0020336
:100F00009AB23B685A83386803F0C0FB3B681B7D8C
:100F1000012B20D03B68DB6E002B06D0134B40F634
:100F200093021649134807F079FB3B681B6F002BAF
:100F300006D00E4B40F6940211490E4807F06EFBA6
:100F40003B685B6F002B06D0084B40F696020D49BC
:100F5000084807F063FB3B6800221A753B680022D3
:100F6000DA8200BF1037BD4680BD00BFFCA9010872
:100F700064B0010840AA010880B00108A0B00108CF
:100F8000B8B00108D4B0010880B582B000AF786075
:100F90007B68002B06D10A4B40F6AF0209490A488C
:100FA00007F03CFB094B1A68094B1B681344074ABE
:100FB0001360064B1B6818460837BD4680BD00BF4E
:100FC000FCA90108ECB0010840AA01084C0000246B
:100FD000445F002480B586B000AF0346B9607A60F4
:100FE000FB817B68002B06D1144B40F6C5021449E7
:100FF000144807F013FBBB68002B01D1FB8919E0F3
:10100000BB689B8CFB82FB8A002B12D02823BB82FF
:10101000FA8ABB8A9A4204D9FA8ABB8AD31A9BB24B
:1010200000E000237B827A8AFB89934228BF134623
:10103000FB81FB8918461837BD4680BDFCA9010815
:1010400008B1010840AA010880B584B000AF7860FB
:1010500039603B68FB607B68002B19D1104B4FF463
:1010600010621049104807F0D9FA11E0FB681A68BD
:101070007B681B689A4208D1FB68DB68BB60F86834
:10108000FEF724FDBB68FB6002E0FB68DB68FB60E9
:10109000FB68002BEAD100BF00BF1037BD4680BD02
:1010A000FCA9010830B1010840AA010880B584B04C
:1010B00000AF786039607B68002B2AD07B681B68A2
:1010C000002B26D0154B1B6819467868FFF7BCFF2C
:1010D000134B1B6819467868FFF7B6FF3B68002B77
:1010E00017D03B681B68002B13D00E4B1B68FB60AE
:1010F0000CE0FB681A687B681B689A4203D13B6866
:101100001A68FB681A60FB68DB68FB60FB68002BF1
:10111000EFD100BF1037BD4680BD00BF505F002437
:10112000485F00244C5F002480B582B000AF786037
:101130007B685B6F002B07D07B685B6F1846FFF7FF
:1011400057FB7B6800225A6700BF0837BD4680BD49
:1011500090B58DB004AF786039607B68002B05D105
:101160009B4B83229B499C4807F058FA7B685B683D
:101170009A4A13607B685B89132B40F2D183984BAA
:101180005B69974A12681146184606F08FF80346C5
:10119000002B40F0C783924B5B6903F0F003E02B18
:1011A00000F0C0838D4B1B689B899BB21846FCF7EF
:1011B000DFFA03461B0B9BB2DBB29B00BB74BB7C0C
:1011C000132B40F2B183BB7C9AB27B681B899A4295
:1011D00000F2AA83BB7C9BB2143B9AB2814B1A806B
:1011E000814B00221A607B685A89BB7C9BB29A4271
:1011F00009D37C4B1A887D4B1A80BB7C19467868D2
:10120000FDF746FE4EE07B681B68002B05D1704B56
:10121000C2227749704807F001FA14217868FDF777
:1012200037FE7B685A89714B1A806E4B1A886F4B58
:101230001B88D31A3B826D4B1B8819467868FDF7D3
:1012400027FE7B681B685B893A8A9A4200F26E83AC
:101250007B681B685B68644A13607B681B683A8A1A
:1012600011461846FDF714FE7B681A893B8AD31A8B
:101270009AB27B681A817B685B89002B05D0544B3E
:10128000DF225C49544807F0C9F97B681A897B68FA
:101290001B681B899A4205D04D4BE02256494E48A7
:1012A00007F0BCF94D4B1B681B889BB24B4A146876
:1012B0001846FCF75DFA03462380484B1B685B88A1
:1012C0009BB2464A14681846FCF752FA03466380FC
:1012D000424B1B685B68414A14681846FCF75DFA8C
:1012E000034663606368454A13603C4B1B689B6818
:1012F0003A4A14681846FCF750FA0346A360A368FC
:101300003F4A1360354B1B68DB899BB2334A146834
:101310001846FCF72DFA0346E381304B1B689B8986
:101320009BB21846FCF724FA0346DBB203F03F03F6
:10133000DAB2344B1A707B681A89334B1A80314BFE
:101340001B7803F00303002B0CD02F4B1B880133B9
:101350009AB22D4B1A807B681A892B4B1B889A42B4
:1013600000F2E6820023BB61284B1B68FB619DE015
:10137000FB691B7D002B05D1154BFB222449164828
:1013800007F04CF9FB691B7D0A2B05D1104BFC22A1
:101390002049114807F042F9FB691B7D012B05D15B
:1013A0000B4BFD221C490C4807F038F9FB691B7AEE
:1013B000002B33D0FB691A7A094B5B6893F8303005
:1013C0000133DBB29A4229D0FB69BB616BE000BFFD
:1013D00064B1010898B10108B0B101086C5F002444
:1013E00028300024705F0024745F0024725F0024A2
:1013F000D8B10108E8B10108F4B101087C5F00240C
:10140000805F0024885F0024865F0024505F0024F2
:1014100014B201083CB2010868B20108FB691A8BDA
:10142000724B1B681B889BB29A423AD1FB69DA8ADD
:101430006E4B1B685B889BB29A4232D1FB695A683B
:101440006B4B1B699A422CD1FB691A68684B5B692C
:101450009A4226D1FB69DB68FA699A4206D1654B4C
:1014600040F20D126449654807F0D8F8BB69002BBB
:101470000AD0FB69DA68BB69DA60614B1A68FB69FC
:10148000DA605F4AFB691360FB69DB68FA699A42BC
:1014900011D1584B40F215125A49584807F0BEF87E
:1014A00009E0FB69BB61FB69DB68FB61FB69002B41
:1014B0007FF45EAF00E000BFFB69002B40F0AA8024
:1014C000514B1B68FB613FE0FB691B7D0A2B06D07B
:1014D000484B40F21F124D49484807F09FF8FB69FE
:1014E0001B7A002B09D0FB691A7A414B5B6893F891
:1014F00030300133DBB29A4222D1FB691A8B3B4B6D
:101500001B681B889BB29A421BD1FB69DA8A374B56
:101510001B685B889BB29A4213D1FB695A68344BB3
:101520001B699A420DD1FB691A68314B5B699A427B
:1015300007D1F86900F056FB7868FDF72FFDFDE153
:1015400000BFFB69DB68FB61FB69002BBCD100239A
:10155000BB612F4B1B687B612AE07B691B7A002BE8
:101560000CD07B691A7A224B5B6893F830300133D8
:10157000DBB29A4202D07B69BB6116E07B69DA8AF2
:101580001A4B1B685B889BB29A420CD17B691A6824
:10159000174B5B699A420FD07B69002B0DD07B699A
:1015A0001B68002B09D07B69BB617B69DB687B61B1
:1015B0007B69002BD1D100E000BF7B69002B29D0D3
:1015C000BB69002B0AD07B69DA68BB69DA60104B13
:1015D0001A687B69DA600E4A7B691360786900F0EB
:1015E00003FA7868FDF7DAFCA8E100BF6C5F00241D
:1015F0002830002464B1010890B20108B0B101089C
:10160000505F0024BCB20108545F0024E8B2010816
:101610004C5F0024FB69002B00F05881954B0022A1
:101620001A607B681A89934B1A81924A7B685360CF
:10163000914B1B688F4AD360904B00221A60904BED
:1016400000221A708F4B00221A808F4B1B7803F0F8
:101650000803002B06D07B685B7B43F00103DAB202
:101660007B685A73FB699B6F002B17D0F869FFF7F3
:1016700043F8034613F10D0F07D0FB699B6F002B56
:101680000CD0824B1B88002B08D0FB695B8D002B94
:1016900040F0E380F86903F0FFFDDEE07C4AFB697F
:1016A0001360F86900F018FB0346FB7497F91330D8
:1016B00013F10D0F00F0D380714B1B7803F008037A
:1016C000002B15D0FB69D3F89030002B08D0FB69B4
:1016D000D3F89030FA6912696FF00D0110469847FF
:1016E000F9696C48FFF7BCFBF869FDF707FFDAE022
:1016F0000023FB74634B1B88002B1DD0614B1B88A0
:10170000FB81FB69D3F88030002B0AD0FB69D3F84A
:101710008030FA691069FA89F96998470346FB74C1
:1017200001E00023FB7497F9133013F10D0F00F063
:101730009880544B00221A80F86900F015F903468E
:10174000002B40F090804D4B1B68002B41D0FB6973
:101750009B6F002B06D0504B4FF4F3724F4950480B
:1017600006F05CFFFB695B8B03F01003002B08D0D5
:10177000424B1B681846FDF711FCF869FEF7A6F905
:1017800091E0FB69D3F88430002B0CD0FB69D3F8CF
:101790008440FB691869394B1A680023F969A0472E
:1017A0000346FB7408E0354B1A680023F9690020F2
:1017B000FFF796F80346FB7497F9133013F10D0FFA
:1017C00053D097F91330002B03D02C4B1A68FB69C8
:1017D0009A672B4B1B7803F02003002B30D0FB695A
:1017E0009B6F002B09D0FB699B6F5A7BFB699B6F3A
:1017F00042F02002D2B25A7322E0FB691B8DB3F58E
:10180000066F05D0FB691B8D01339AB2FB691A85FF
:10181000FB69D3F88430002B0BD0FB69D3F88440EC
:10182000FB69186900230022F969A0470346FB748D
:1018300001E00023FB7497F9133013F10D0F16D05C
:10184000134B00221A60F86900F08EF80346002B53
:1018500028D1F86902F01AFF25E000BF23E000BF9D
:1018600021E000BF1FE000BF1DE000BF1BE000BF84
:1018700019E000BF5C5F00246C5F00248C5F0024D3
:10188000895F0024845F0024885F0024865F002431
:10189000905F0024505F002464B1010818B3010870
:1018A000B0B1010800BF274B00221A60264B00226E
:1018B0001A60264B5B68002B3FD0244B5B681846B0
:1018C000FDF76CFB214B00225A6036E0204B1B6871
:1018D0009B899BB21846FBF74BFF0346DBB203F034
:1018E0000403002B18D11B4B19681B4B1B881A468D
:1018F0001A4B1B68D018164B1B685B889BB2144AA6
:101900001268128892B202920193154B0093154B04
:101910000246002003F06EFC7868FDF73FFB0CE008
:1019200000BF06E000BF04E000BF02E000BF00E02F
:1019300000BF7868FDF732FB00E000BF2437BD46EA
:1019400090BD00BF905F00248C5F00245C5F00248A
:101950006C5F0024805F0024865F00247C5F00248D
:10196000383000243C30002480B582B000AF78606D
:101970007B68002B06D1174B40F25A2216491748B4
:1019800006F04CFE164B1B7803F01003002B1CD006
:101990007B685B8B03F01003002B0DD17B68D3F8C1
:1019A0009030002B08D07B68D3F890307A681269A9
:1019B0006FF00E011046984779680A48FFF750FA11
:1019C0007868FDF79BFD012300E0002318460837E7
:1019D000BD4680BD64B1010834B30108B0B101084F
:1019E000895F0024505F002490B58BB004AF78600D
:1019F0006F4B1B7803F00403002B40F0D2807B6810
:101A0000002B06D16B4B40F281226B496B4806F0EC
:101A100005FE674B1B7803F01003002B19D0684BB1
:101A20001968684B1B881A46674B1B68D018674BB0
:101A30001B685B889BB2654A1268128892B2029258
:101A40000193634B0093634B0246786803F0D2FB2B
:101A5000A9E0574B1B7803F00203002B00F0A38092
:101A60007B685B7D1846FFF75FF878617B69002B28
:101A700011D17B689B69002B0AD07B689B697A68CF
:101A800010694FF0FF32002198470346BB738BE08B
:101A9000F023BB7388E0504B5A697B691A604E4B48
:101AA0001A697B695A607B68DA8A7B69DA82474BFC
:101AB0001B681B889AB27B691A837B6903221A759B
:101AC000414B1B685A1C7B695A627B695A6A7B6965
:101AD000DA627869FFF758FA38617B693A699A6582
:101AE0007B693A691A657B693A695A647B693A6924
:101AF000DA65354B1B685A1E7B695A657B681A6923
:101B00007B691A617B697A68DA677B685B7A03F0C4
:101B10000C03DAB27B695A727B681A7A7B691A7293
:101B20002E4B1A687B69DA602C4A7B69136003F0DC
:101B300023FD2B4B01221A70786901F08BFD234B9A
:101B40001B68DB899AB27B69A3F860207B69B3F8D4
:101B500060207B69A3F862207B695C8E7B6904331B
:101B6000184605F00DF901467B6904331A462046F4
:101B7000FFF730FA03461A467B695A8612217869C4
:101B800002F096FC0346FB7397F90F30002B04D04C
:101B900000217869FDF7DCFE06E0786902F076FD49
:101BA00001E000BF00E000BF1C37BD4690BD00BF94
:101BB000885F002464B101085CB30108B0B101087A
:101BC000805F0024865F00247C5F00246C5F00241B
:101BD000383000243C30002428300024505F00249A
:101BE000585F002480B586B004AF78602F4B1B7817
:101BF00003F00403002B53D17B68002B06D12C4B40
:101C000040F2EE222B492C4806F008FD274B1B78AA
:101C100003F00203002B2AD0284B1A687B685B6A0A
:101C2000D31A002B2DDB254B1A687B685B6A796819
:101C3000098D0B44D31A002B23DC214B1968214B4F
:101C40001B881A461D4B1B68D0181F4B1B685B88EE
:101C50009BB21D4A1268128892B2029201931B4BEA
:101C600000931B4B0246786803F0C4FA1BE00F4B4D
:101C70001B7803F00103002B03D0164B1A687B6816
:101C80001A62104B1B88002B0CD07B685B8B43F0D7
:101C900002039AB27B685A83786802F0F7FC01E08D
:101CA00000BF00E000BF0837BD4680BD885F00244C
:101CB00064B101087CB30108B0B101087C5F002465
:101CC000805F0024865F00246C5F0024383000248D
:101CD0003C300024445F002490B58DB004AF7860A0
:101CE0000023FB760023BB767B68002B06D19D4B3F
:101CF0004FF447729C499D4806F090FC9C4B1B7822
:101D000003F00403002B4ED07B681B7D022B08D10F
:101D10007B681A6D974B1B689A4223D10123FB768F
:101D200020E07B685A6A944B1B689A4202D10123D7
:101D3000FB7617E0904B1A687B685B6AD31A002B1E
:101D400010DB8D4B1A687B685B6A7968098D0B44E0
:101D5000D31A002B06DC7B685B8B43F002039AB23C
:101D60007B685A83FB7E002B1BD07B681B7D002B7E
:101D700006D17C4B4FF44E7280497C4806F04EFCF5
:101D80007F4B1B7843F00803DAB27D4B1A707B68F7
:101D90005B8B23F001039AB27B685A836FF00D03CB
:101DA0007AE3002378E3724B1B7803F00203002BE5
:101DB00010D07B681B7D022B0CD07B681B7D032B16
:101DC00008D07B685B8B43F002039AB27B685A832E
:101DD000002361E37B685B8B03F01003002B03D1CE
:101DE000684B1A687B681A627B68002283F89B2024
:101DF0007B68002283F89A20786801F02BFC7B68CE
:101E00001B7D023B072B00F2378301A252F823F01F
:101E1000311E010861200108D921010803220108AF
:101E200027230108D9210108B3230108432401080D
:101E30004F4B1B7803F01003002B00F0E4804C4B59
:101E40001B7803F00203002B00F0DD807B685B6CE5
:101E50005A1C484B1B689A4240F0D580464B1B6881
:101E60005A1C7B685A627B685A6A7B68DA62414B0B
:101E70001A687B685A64444B1B68DB899AB27B689A
:101E8000A3F860207B68B3F860207B68A3F8622029
:101E9000394B1B685A1E7B685A657B6804221A7589
:101EA0007B685C8E7B680433184604F069FF01464A
:101EB0007B6804331A462046FFF78CF803461A461F
:101EC0007B685A867B685B8E9A007B685B8E5B00C2
:101ED00041F21C118B4238BF0B469A4204D27B68F8
:101EE0005B8E9B009BB20DE07B685B8E5B0041F2DA
:101EF0001C12934204D97B685B8E5B009BB201E0AD
:101F000041F21C137A68A2F848307B68B3F8663057
:101F1000002B06D1134B4FF45B721C49134806F09B
:101F20007DFB7B68B3F86630013B9AB27B68A3F80F
:101F300066207B681B6FFB61FB69002B2AD17B68E5
:101F4000DB6EFB61FB69002B06D1064B4FF45D7223
:101F50000F49064806F062FBFB691A687B68DA667F
:101F60001CE000BF64B101089CB30108B0B10108D6
:101F7000885F0024805F00247C5F0024B8B30108E0
:101F8000895F0024445F00246C5F0024D8B30108FB
:101F9000F0B30108FB691A687B681A67F869FEF7F5
:101FA0003CFC7B681B6F002B04D17B684FF6FF72F3
:101FB0001A8606E07B6800221A867B68002283F876
:101FC00042207B68D3F88830002B0AD07B68D3F896
:101FD00088307A6810690022796898470346BB7692
:101FE00001E00023BB7697F91A3013F10D0F02D1EF
:101FF0006FF00C0350E27B685B8B43F002039AB2F4
:102000007B685A833AE2984B1B7803F01003002B4D
:1020100000F03482954B1968954B1B881A46954BF6
:102020001B68D018944B1B685B889BB2924A12685D
:10203000128892B202920193904B0093904B024609
:10204000786803F0D7F87B6893F84230052B00F2EC
:1020500015827B6800221A86786802F0A3FE0DE2E2
:10206000814B1B7803F01003002B00F0A1807F4B05
:102070001A687B685B6CD31A013B002B7EDB7B4BC1
:102080001A687B681B6DD31A002B77DC7B680422EF
:102090001A757B68DB6F002B02D1FA23BB761DE03B
:1020A0007B68DB6F9B69002B06D1764B4FF46A721D
:1020B0007549764806F0B2FA7B68DB6F9B69002BA6
:1020C0000AD07B68DB6F9B697A68106900227968A7
:1020D00098470346BB7601E0F023BB7697F91A30A8
:1020E000002B0AD097F91A3013F10D0F02D078683F
:1020F000FDF7ECFC6FF00C03CEE1786800F0E0FA3D
:10210000634B1B88002B05D0614B1B88013B9AB2A7
:102110005F4B1A807B685B8E9A007B685B8E5B00EE
:1021200041F21C118B4238BF0B469A4204D27B68A5
:102130005B8E9B009BB20DE07B685B8E5B0041F287
:102140001C12934204D97B685B8E5B009BB201E05A
:1021500041F21C137A68A2F848304E4B1B7803F00A
:102160002003002B37D07B685B8B43F002039AB2CD
:102170007B685A837B6807221A752CE03B4B1968F1
:102180003B4B1B881A463B4B1B68D0183A4B1B68CD
:102190005B889BB2384A1268128892B2029201930D
:1021A000364B0093364B0246786803F023F867E11C
:1021B0002D4B1B7803F00203002B00F061817B683C
:1021C0005B6A5A1E2B4B1B689A4240F05981786813
:1021D00002F00AFE54E153E1786800F071FA2D4BE9
:1021E0001B7803F02003002B00F04C817B685B8B95
:1021F00043F002039AB27B685A837B6807221A7500
:1022000040E1786800F05CFA224B1B7803F0200371
:10221000002B71D0144B1B7803F01003002B60D0FF
:102220007B681A6D114B1B689A425AD17B68DB6E32
:10223000002B56D17B685B8B43F002039AB27B681C
:102240005A837868FEF7BCFD134B1B687A689A4284
:1022500005D1114B1B68DB680F4A13602EE00E4B53
:102260001B687B6127E000BF885F0024805F00243B
:10227000865F00247C5F00246C5F002438300024DB
:102280003C30002464B1010804B40108B0B1010875
:10229000845F0024895F0024505F00247B69DB6831
:1022A0007A689A4204D17B68DA687B69DA6005E073
:1022B0007B69DB687B617B69002BEFD17B68002247
:1022C000DA60774B01221A707B680A221A75754B07
:1022D0001A687B68DA60734A7B68136003F04CF914
:1022E000D2E07B685B8B43F002039AB27B685A832F
:1022F0007B6808221A75C7E06B4B1B7803F010034C
:10230000002B00F0C1807B681A6D684B1B689A42F5
:1023100040F0BA807B68DB6E002B40F0B5807B68B4
:1023200006221A75B0E0786800F0CAF9604B1B7895
:1023300003F02003002B00F0A9807B685B8B43F047
:1023400002039AB27B685A837868FEF739FD594BCD
:102350001B687A689A4205D1564B1B68DB68554A60
:10236000136013E0534B1B683B610CE03B69DB6877
:102370007A689A4204D17B68DA683B69DA6005E0E2
:102380003B69DB683B613B69002BEFD17B68002236
:10239000DA60434B01221A707B680A221A75414B9E
:1023A0001A687B68DA603F4A7B68136003F0E4F8E0
:1023B0006CE0786800F084F93B4B1B7803F0100365
:1023C000002B65D07B681A6D384B1B689A425FD131
:1023D0007B68DB6E002B5BD17868FEF7F1FC354B38
:1023E0001B687A689A4205D1324B1B68DB68314A18
:1023F000136013E02F4B1B68FB600CE0FB68DB688D
:102400007A689A4204D17B68DA68FB68DA6005E092
:10241000FB68DB68FB60FB68002BEFD17B68002268
:10242000DA601F4B01221A707B680A221A751D4B55
:102430001A687B68DA601B4A7B68136003F09CF8BB
:1024400026E0786800F03CF9174B1B7803F0100386
:10245000002B1FD07B681A6D144B1B689A4219D150
:102460007B68DB6E002B15D1114B1B7843F01003FA
:10247000DAB20F4B1A700DE000BF0CE000BF0AE0AB
:1024800000BF08E000BF06E000BF04E000BF02E0BC
:1024900000BF00E000BF002318462437BD4690BDB2
:1024A000585F0024545F0024885F0024805F00246C
:1024B000895F0024505F002490B585B000AF78603C
:1024C00039607B68002B06D13B4B40F21F423B49F1
:1024D0003B4806F0A3F87B68DB689B899BB21846F3
:1024E000FBF746F90346DBB203F00103002B28D0CB
:1024F0003868FEF77DF900233B6056E03B68DB68F7
:102500009B899BB21846FBF733F90346DBB203F015
:102510000103002B0DD07B68DB689B899CB20120F6
:10252000FBF726F903461A467B68DB68224392B222
:102530009A813B68FB603B681B683B60F868FEF76C
:102540006CF93B68002B0ED07B681B891A461D4B2B
:102550001B681A443B68DB685B68396809890B446F
:10256000D31A002BCADA3B68002B1ED07B681B896C
:102570001A46144B1B681A443B68DB685B68D31A25
:10258000002B12DD3B68DB685B689AB20D4B1B6861
:102590009BB2D31A9AB27B681A817B685A687B68AF
:1025A0001B8919461046FCF773FB7B683A681A6072
:1025B00000BF1437BD4690BD64B1010824B40108C2
:1025C000B0B101087C5F0024B0B586B000AFF86000
:1025D000B9607A603B603EE0BB687B61BB681B68AA
:1025E000BB607B695B681846FCF760FD03467B8235
:1025F000FB68B3F866307A8A9A4206D92A4B40F2D1
:1026000057422A492A4806F009F8FB68B3F86620C1
:102610007B8AD31A9AB2FB68A3F866207B691A8971
:10262000244B1B8813449AB2224B1A807869FEF718
:10263000F4F8FB68B3F86630002B0CD0BB68002BB5
:1026400009D13B68002B06D1174B40F261421A4971
:10265000174805F0E3FFBB68002B20D0BB68DB68A0
:102660005B681846FBF799F80446BB681B891D4652
:10267000BB68DB689B899BB21846FBF779F8034679
:10268000DBB203F00303002B01D0012300E00023A1
:102690002B44E218094B1B68D31A002B9CDDBB6846
:1026A00018461837BD46B0BD64B101084CB40108E6
:1026B000B0B10108845F002474B40108805F002475
:1026C000B0B594B000AF78600023BB647B68002B8A
:1026D00006D1914B40F27B429049914805F09EFF14
:1026E0007B681B7D032B06D88B4B40F27C428D49C7
:1026F0008B4805F093FF8C4B1B7803F01003002BE5
:1027000000F064827B68B3F860301A467B689B6D8A
:1027100013443B637B685A6D844B1B68D31A002BB0
:102720001BDB7B685A6D814B1B689A4206D17B6824
:102730009A6D7F4B1B68D31A002B0EDB7B689A6D5A
:102740007B4B1B689A4225D17A4B1B68DB899AB276
:102750007B68B3F860309A421CD9764B1B68DB89E2
:102760009AB27B68A3F860207B68B3F862207B682C
:10277000B3F860309A4205D27B68B3F860207B687A
:10278000A3F86220694B1A687B685A65684B1A681F
:102790007B689A65664B1A687B685B6CD31A002B62
:1027A00058DC654B1B88002B4BD17B689B6D7A688E
:1027B000B2F8602013443A6B9A4242D17B68B3F975
:1027C0003030002B3DDB7B685A6C594B1B689A42BA
:1027D00037D10123BB647B6893F84330FF2B07D0CC
:1027E0007B6893F843300133DAB27B6883F8432087
:1027F0007B6893F84330032B1BD97B68B3F84820E0
:102800007B685B8E13449AB27B68B3F848309A4277
:102810000AD37B68B3F848207B685B8E13449AB276
:102820007B68A3F8482004E07B684FF6FF72A3F8AA
:1028300048207B6893F84330022B02D9786802F075
:102840003FFBBB6C002B40F061817B68002283F86A
:1028500043205BE1364B1A687B685B6CD31A013B03
:10286000002BC0F24E81324B1A687B681B6DD31A65
:10287000002B00F346817B685B8B03F00403002B85
:1028800010D07B685B8B23F004039AB27B685A8379
:102890007B68B3F84A207B68A3F848207B68002255
:1028A000A3F86A207B68002283F842207B68B3F992
:1028B0003C30DB101BB29AB27B68B3F93E309BB25E
:1028C00013449BB21AB27B68A3F84020184B1B68D4
:1028D0009AB27B685B6C9BB2D31AFB857B68002243
:1028E00083F84320124B1A687B685A647B681B7D0F
:1028F000032B40F297807B68B3F848207B68B3F8DD
:102900004A309A4245D27B685B8B03F40063002B0C
:1029100014D0012313E000BF64B1010894B401088E
:10292000B0B10108B0B40108885F00247C5F0024C6
:10293000805F00246C5F0024865F0024022387F8F8
:102940002D3097F82D309AB27B685B8E12FB03F323
:102950009BB2FA8D934228BF13467B857B68B3F800
:1029600048207B8D13449AB27B68B3F848309A4272
:1029700009D37B68B3F848207B8D13449AB27B68F7
:10298000A3F848204EE07B684FF6FF72A3F848207A
:1029900048E07B68B3F86A20FB8D13449AB27B68E9
:1029A000B3F86A309A4209D37B68B3F86A20FB8D8A
:1029B00013449AB27B68A3F86A2004E07B684FF660
:1029C000FF72A3F86A207B68B3F86A207B68B3F8CB
:1029D00048309A4226D37B68B3F86A207B68B3F804
:1029E0004830D31A9AB27B68A3F86A207B68B3F8A0
:1029F00048207B685B8E13449AB27B68B3F84830FA
:102A00009A420AD37B68B3F848207B685B8E1344F4
:102A10009AB27B68A3F8482004E07B684FF6FF7207
:102A2000A3F848207B68196F7B68DB6E984A78684A
:102A3000FFF7CAFD02467B681A677B68D96E7B6820
:102A40001B6F944A7868FFF7BFFD02467B68DA6621
:102A50007B681B6F002B04D17B684FF6FF721A86D0
:102A600002E07B6800221A867B6800221A777B6866
:102A7000DB6E002B03D17B680022A3F868207B6803
:102A8000B3F86420844B1B8813449AB27B68A3F884
:102A900064207B685B8B03F40063002B35D07B687C
:102AA0001B6F002B18D17B68DB6E002B0CD07B6872
:102AB000DC6C7B68DB6EDB685B681846FAF76DFEE2
:102AC0000346E31A002B20DC7B685B8B23F4006356
:102AD0009AB27B685A8318E07B68DC6C7B681B6F5A
:102AE000DB685B681846FAF758FE0346E31A002BCA
:102AF0000BDC7B685B8B23F400639AB27B685A83A0
:102B000003E0786802F0C8FB00E000BF7B685B6B05
:102B1000002B5BD07B689A6B604B1B68D31A002B31
:102B200054DA5F4B1B689AB27B685B6B9BB2D31A1B
:102B30009BB2A7F84E30B7F84E207B68B3F93C3013
:102B4000DB101BB29BB2D31A9BB2A7F84E307B6846
:102B5000B3F93C309AB2B7F84E3013449BB21AB274
:102B60007B689A87B7F94E30002B05DAB7F84E30FC
:102B70005B429BB2A7F84E30B7F84E207B68B3F9A2
:102B80003E309B101BB29BB2D31A9BB2A7F84E30BB
:102B90007B68B3F93E309AB2B7F84E3013449BB21B
:102BA0001AB27B68DA877B68B3F93C30DB101BB262
:102BB0009AB27B68B3F93E309BB213449BB21AB20F
:102BC0007B68A3F840207B6800225A63354B1B8842
:102BD000002B00F0DF847B681B7D062B00F2DA847B
:102BE0007B685A6A304B1B68D31A013B002BC0F23A
:102BF0008F807B685A6A2B4B1B8819462A4B1B68AF
:102C00000B44D31A0133002B00F38280274B5B68FF
:102C10007B647B685A6A244B1B68D31A7B62234B04
:102C20005B68002B06D1224B40F294522149224886
:102C300005F0F4FC7B6A4FF6FE72934206D91C4BFA
:102C400040F295521D491C4805F0E8FC7B6AA7F844
:102C50004230164B5B681B89B7F842209A4206D96E
:102C6000134B40F297521649134805F0D7FC0F4B0F
:102C70001A89B7F84230D31A9AB20C4B1A810B4B0F
:102C80005B681A89B7F84230D31A7B842AE000BF08
:102C9000CCB40108D4B40108845F0024805F002410
:102CA000445F0024865F00247C5F00245C5F002476
:102CB00064B10108DCB40108B0B10108ECB401084A
:102CC000FCB401087B6C5B89B7F84220D31AA7F8E3
:102CD00042307B6C7A8C1A817B6C00225A817B6C2F
:102CE0001B687B647B6C5B89B7F842209A42E9D809
:102CF000B7F842301946786CFCF7CAF87B685B6A13
:102D0000904A1360904BDB688E4A12685A600DE05F
:102D10008C4B1A687B685B6AD31A002B06DA7B68D7
:102D20005B8B43F002039AB27B685A83854B1A6827
:102D30007B685B6AD31A002BC0F22784814B1A6828
:102D40007B685B6A7968098D0B44D31A0133002BC9
:102D500000F31B847B685A6A7A4B1B689A4240F0E6
:102D60009882794B1C89784BDB689B899BB218460B
:102D7000FAF7FEFC0346DBB203F00303002B01D09D
:102D8000012300E0002323449AB2704B1A807B6831
:102D90001A8D6E4B1B889A4274D26B4BDB689B89F1
:102DA0009BB21846FAF7E4FC0346DBB203F00103DA
:102DB000002B1ED0644BDB689B899BB21BB223F4B3
:102DC0007C531CB2604BDB689B899BB21846FAF7B8
:102DD000CFFC0346DBB203F03E039BB21846FAF782
:102DE000C7FC03461BB223431AB2574BDB6892B2AF
:102DF0009A817B681A8D544B1A81534BDB689B89EF
:102E00009BB21846FAF7B4FC0346DBB203F00203A8
:102E1000002B05D04C4B1B89013B9AB24A4B1A81BF
:102E2000494B5B68484A128911461846FBF730FF48
:102E3000454B1C89444BDB689B899BB21846FAF7CB
:102E400097FC0346DBB203F00303002B01D0012300
:102E500000E0002323449AB23C4B1A803B4B1B8872
:102E60001A46384B1B681A447B685B6A7968098D7F
:102E70000B449A4206D0364B40F2CB523549364885
:102E800005F0CCFB7B685B6F002B00F0E6802E4BDF
:102E9000DB689B899BB21846FAF76AFC0346DBB2F3
:102EA00003F00103002B10D00AE07B685B6FFB602E
:102EB0007B685B6F1A687B685A67F868FDF7ADFC42
:102EC0007B685B6F002BF0D1C7E07B685B6FFB63B7
:102ED00051E0FB6BDB689B899BB21846FAF748FC14
:102EE0000346DBB203F00103002B3CD0164BDB683A
:102EF0009B899BB21846FAF73BFC0346DBB203F012
:102F00000203002B2FD1104BDB689B899CB2012060
:102F1000FAF72EFC03461A460B4BDB68224392B2AB
:102F20009A81094B1C89084BDB689B899BB2184628
:102F3000FAF71EFC0346DBB203F00303002B0DD0AF
:102F400001230CE07C5F00245C5F0024865F00248A
:102F500064B101080CB50108B0B101080023234495
:102F60009AB2984B1A80FB6B3B61FB6B1B68FB634F
:102F70003869FDF752FCFB6B002B0ED0914B1B8880
:102F80001A46914B1B681A44FB6BDB685B68F96B54
:102F900009890B44D31A002B9BDAFB6B002B59D009
:102FA000884B1B881A46884B1B681A44FB6BDB68EE
:102FB0005B68D31A002B4DDDFB6BDB685B689AB254
:102FC000814B1B689BB2D31A9AB2804B1A817F4BFC
:102FD000DB689B899BB21846FAF7CAFB0346DBB253
:102FE00003F00203002B05D0784B1B89013B9AB2FA
:102FF000764B1A81754B5B68744A128911461846E4
:10300000FBF746FE714B1C89704BDB689B899BB2BA
:103010001846FAF7ADFB0346DBB203F00303002BBF
:1030200001D0012300E0002323449AB2654B1A80AB
:10303000644B1B881A46644B1B681A44FB6BDB68A5
:103040005B689A4206D0624B40F2FC52614962488A
:1030500005F0E4FA7B68FA6B5A675A4B1B881A46EC
:10306000594B1B681A447B685A627B681A8D554B12
:103070001B889A4206D2564B40F20762574956487F
:1030800005F0CCFA7B681A8D4E4B1B88D31A9AB286
:103090007B681A857868FCF799FE4C4B5B681B8946
:1030A000002B06D0494B5B684D4A1360474B00220A
:1030B0005A60464BDB689B899BB21846FAF758FB6F
:1030C0000346DBB203F00103002B00F0B880454B50
:1030D0001B7843F02003DAB2424B1A70AFE07B68F2
:1030E0005B6FBB607B685B6FDB685B68364A136055
:1030F000BB681B891C46BB68DB689B899BB2184672
:10310000FAF736FB0346DBB203F00303002B01D0D2
:10311000012300E000231A197B685B6A1A447B686C
:103120005A627B681B8D1C46BB681B891D46BB68A9
:10313000DB689B899BB21846FAF71AFB0346DBB2A1
:1031400003F00303002B01D0012300E000232B44F4
:103150009C4206D21E4B40F22B6223491E4805F0CA
:103160005DFABB681B891C46BB68DB689B899BB208
:103170001846FAF7FDFA0346DBB203F00303002B0F
:1031800001D0012300E0002319197B681A8D8BB24E
:10319000D31A9AB27B681A857868FCF717FEBB6869
:1031A0005B681B89002B28D00D4B1B68002B1DD0A2
:1031B0000B4B1A68BB685B6819461046FBF7B0FFFB
:1031C00018E000BF865F00247C5F00245C5F002461
:1031D00064B1010844B50108B0B1010880B5010827
:1031E0008C5F0024895F0024A0B50108BB685B6880
:1031F000704A1360BB6800225A60BB68DB689B8919
:103200009BB21846FAF7B4FA0346DBB203F00103A7
:10321000002B0DD0684B1B7843F02003DAB2664BCD
:103220001A707B681B7D042B02D17B6807221A75FC
:10323000BB681A687B685A67B868FDF7EEFA7B6866
:103240005B6F002B08D07B685B6FDB685A687B681C
:103250005B6A9A423FF443AF7B685B8B03F00103E8
:10326000002B0ED07B685B8B23F001039AB27B6846
:103270005A837B685B8B43F002039AB27B685A8364
:1032800087E17B685B8B43F001039AB27B685A83CA
:103290007FE17B685B6F002B06D14848FDF7F4FAAD
:1032A00002467B685A676CE100237B637B685B6F37
:1032B000BB6356E1BB6BDB685A68414B1B689A42A3
:1032C0001DD13E4B1A89BB6B1B899A4240F24E813D
:1032D0003A48FDF7D9FA78617B69002B00F0488104
:1032E0007B6B002B03D07B6B7A691A6002E07B68F2
:1032F0007A695A67B96B7869FFF7DEF838E17B6B5A
:10330000002B17D12E4B1A68BB6BDB685B68D31A96
:10331000002B57DA2948FDF7B7FAB861BB69002BD3
:1033200000F028817B68BA695A67B96BB869FFF702
:10333000C3F81FE1224B1A687B6BDB685B68D31A0A
:10334000013B002B3EDB1E4B1A68BB6BDB685B68E6
:10335000D31A0133002B35DC1848FDF795FAF861D4
:10336000FB69002B00F008817B6BDB685B687A6B84
:1033700012891A44124B1B68D31A002B12DD104B12
:103380001B689AB27B6BDB685B689BB2D31A9AB2FC
:103390007B6B1A817B6B5A687B6B1B8919461046C5
:1033A000FBF776FC7B6BFA691A60B96BF869FFF77B
:1033B00083F8E1E08C5F0024895F00245C5F0024D7
:1033C0007C5F0024BB6B7B63BB6B1B68002B40F0F6
:1033D000C5807F4B1A68BB6BDB685B68D31A002B18
:1033E00040F3BC80BB6BDB689B899BB21846FAF745
:1033F000BFF90346DBB203F00103002B40F0BE80AF
:103400007448FDF741FA0246BB6B1A60BB6B1B6840
:10341000002B00F0B580BB6BDB685B68BA6B128970
:103420001A446B4B1B68D31A002B12DD684B1B68C8
:103430009AB2BB6BDB685B689BB2D31A9AB2BB6B68
:103440001A81BB6B5A68BB6B1B8919461046FBF788
:103450001FFC614B1B881A465D4B1B681A447B6836
:103460005B6A7968098D0B44D31A002B40F388807E
:10347000BB6B1B68DB689B899BB21846FAF778F92F
:103480000346DBB203F00103002B21D0BB6B1B68AA
:10349000DB689B899BB21BB223F47C531CB2BB6BD1
:1034A0001B68DB689B899BB21846FAF761F90346F3
:1034B000DBB203F03E039BB21846FAF759F9034614
:1034C0001BB223431AB2BB6B1B68DB6892B29A81B2
:1034D0007B685B6A9AB27B681B8D134499B23C4B44
:1034E0001B689AB2BB6B1B688A1A92B21A81BB6BBB
:1034F0001B685A68BB6B1B681B8919461046FBF793
:10350000C7FBBB6B1B681C89BB6B1B68DB689B899B
:103510009BB21846FAF72CF90346DBB203F003031B
:10352000002B01D0012300E0002323449AB22A4B50
:103530001A80294B1B881A46254B1B681A447B6846
:103540005B6A7968098D0B449A4219D0234B4FF47A
:10355000DF622349234805F061F811E0BB6B1B686B
:10356000BB63BB6B002B7FF4A5AE0AE000BF08E095
:1035700000BF06E000BF04E000BF02E000BF00E0C3
:1035800000BF786801F088FE03E0786801F084FEEF
:103590001AE019E00E4B1A687B685B6AD31A002B9D
:1035A0000ADB0B4B1A687B685B6A7968098D0B44F0
:1035B000D31A0133002B07DD7B685B8B43F00203DA
:1035C0009AB27B685A83FFE700BF5037BD46B0BD53
:1035D0007C5F00245C5F0024865F002464B10108E6
:1035E0000CB50108B0B1010880B483B000AF154B31
:1035F0001B885A1C91B2134A1180FB80124B1B6826
:10360000002B04D0114B1B88FA889A4208D2104B29
:103610001B6814333B60FB883A6813441B780BE04B
:10362000FB88DAB2094B1B88DBB2D31A7B71064BDD
:103630001A687B7913441B7818460C37BD465DF831
:10364000047B7047785F0024745F0024725F00245D
:103650006C5F002480B584B000AF78607B68002B7D
:1036600006D1324B40F27D723149324804F0D6FF28
:10367000314B1B88002B56D0304B00221A8046E07D
:10368000FFF7B2FF0346FB73FB7B022B06D0022B36
:103690002ADC002B42D0012B38D025E0FFF7A4FF15
:1036A0000346042B3CD1254B1B880133224A128848
:1036B000934235DAFFF798FF03461B02BB81FFF701
:1036C00093FF03461A46BB891343BB81BB89B3F5FD
:1036D000067F04D8BB89002B01D0BA8901E04FF4E2
:1036E00006727B685A8612E0FFF77EFF0346FB7284
:1036F000FB7A012B16D9FB7A9AB2104B1B88134424
:103700009BB2023B9AB20D4B1A8000E000BF0B4BFC
:103710001A88094B1B889A42B2D304E000BF02E02A
:1037200000BF00E000BF1037BD4680BD64B1010896
:10373000C8B50108B0B10108705F0024785F0024AB
:1037400080B400AF054B1B7843F01003DAB2034B93
:103750001A7000BFBD465DF8047B7047895F002486
:1037600080B584B000AFF860B9607A60FB68002B68
:103770000AD0FB681B7A002B06D0FB681B7A184620
:10378000FBF7ACF8034603E0786803F0F9FA034668
:1037900018461037BD4680BD90B587B000AFF860C1
:1037A000B9603B601346FB71FB68002B05D1434BAE
:1037B000A3224349434804F031FFBB68002B05D1E5
:1037C0003E4BA42240493F4804F028FF97F8283098
:1037D0009B00DBB203F00403FB750320FAF7F8FC4F
:1037E00038613B69002B04D1B868FBF7D7FB002395
:1037F00060E03B6997F828209A723B6900221A60C2
:103800003B69BA685A60BB681A89FB7D9BB29A42D1
:1038100005D22A4BB0222D492A4804F0FFFEBB688E
:103820001A89FB7D9BB2D31A9AB23B691A81142183
:10383000B868FBF71DFB0346002B04D03869FCF782
:10384000ECFF002336E03B695B685A683B69DA604D
:10385000FB68DA8A3B69DC681046F9F789FF0346A2
:103860002380FB681A8B3B69DC681046F9F780FF00
:10387000034663803B69DC683868F9F78EFF0346CE
:103880006360FB7D9B08DBB205339BB21B039AB2DE
:10389000FB799BB213439AB23B69DC681046F9F797
:1038A00067FF0346A3813B69DB6800229A7400220C
:1038B000DA743B6918461C37BD4690BDE4B5010873
:1038C00018B6010838B6010860B6010884B60108C8
:1038D00080B586B000AF7B600346FB730B46BB81AF
:1038E00013467B81BB89FB827B68002B05D1304B63
:1038F000E8223049304804F091FE3B6A002B05D1A4
:103900002B4BE9222D492C4804F088FEBA897B898B
:103910009A4221D297F8243003F00203002B11D1F0
:103920003B6A5B8B03F04003002B15D197F82830DE
:10393000002B07D03B6ADB6E002B03D13B6A1B6F69
:10394000002B09D0BB8903F21B2323F003027B89E0
:10395000934228BF1346FB82F98AFB7B4FF4207207
:103960001846FBF737F838613B69002B01D100237B
:1039700019E03B691B68002B06D00D4B40F20B127F
:103980000F490D4804F04AFE3B695A89BB89D31A96
:103990009AB27B681A803B69BA891A813B691A8995
:1039A0003B695A813B6918461837BD4680BD00BF48
:1039B000E4B501089CB6010838B60108C0B6010894
:1039C000E0B6010880B582B000AF78600B467B801E
:1039D0007B68002B06D1334B40F233123249334817
:1039E00004F01CFE7B681B7D042B0ED07B681B7DC6
:1039F000072B0AD07B681B7D022B06D07B681B7DC2
:103A0000032B02D06FF00A0348E07B88002B01D122
:103A1000002343E07B68B3F864307A889A4209D97E
:103A20007B685B8B43F080039AB27B685A834FF0CC
:103A3000FF3333E07B68B3F86630082B09D97B6825
:103A40005B8B43F080039AB27B685A834FF0FF335D
:103A500024E07B68B3F86630002B0FD07B681B6FC7
:103A6000002B1AD17B68DB6E002B16D10D4B40F278
:103A700055120F490D4804F0D1FD0EE07B681B6F15
:103A8000002B03D17B68DB6E002B06D0054B4FF477
:103A9000AC720849054804F0C1FD002318460837F8
:103AA000BD4680BDE4B50108F4B6010838B601088A
:103AB00014B7010850B7010890B59BB004AFF86087
:103AC000B96011461A460B46FB8013467B710023F2
:103AD0007B6500233B650023FB640023BB6400235C
:103AE0007B640023A7F84230002387F827300023A7
:103AF0007B820023FB870023BB87FB68002B09D157
:103B0000A44B4FF4CF72A449A44804F087FD6FF092
:103B10000F032AE3FB68B3F862305B089AB2FB68D4
:103B20005B8E934228BF1346BB84BB8C002B02D113
:103B3000FB685B8E00E0BB8CBB84BB68002B09D1AB
:103B4000944B40F2AD129649944804F067FD6FF033
:103B50000F030AE3FB881946F868FFF733FF0346B3
:103B600087F8233097F92330002B02D097F92330C0
:103B7000FBE2FB68B3F86630A7F84030002387F813
:103B80002230FB68DB6E002B00F0F680FB68DB6EFA
:103B90003B6502E03B6D1B683B653B6D1B68002B82
:103BA000F8D13B6D9B7A9B009BB203F004033B84EE
:103BB000BA8C3B6D1B8919463B8C0B449A4206DA42
:103BC000744B4FF4F3727749744804F027FD3B6D52
:103BD0001A893B8C13449BB2BA8CD31A7B87FB683F
:103BE000B3F868307B827B8A002B26D07B8A7A8F61
:103BF0009A4206D2674B4FF4FC726B49674804F057
:103C00000DFD3B6DFB647B8AFA88934228BF134607
:103C10009BB27A8F934228BF1346FB87B7F84220A6
:103C2000FB8F1344A7F842307A8AFB8FD31A9BB2DA
:103C30007B827A8FFB8FD31A7B877B8A002B0BD0FA
:103C4000B7F84220FB889A4206D0524B4FF40072DC
:103C50005649524804F0E2FCB7F84220FB889A42E9
:103C600080F067817B8F002B00F063813B6D1B89A7
:103C7000002B00F05E81FA88B7F84230D21A7B8FB1
:103C80009342A8BF1346FB833B6DFB647B7903F033
:103C90000103002B27D007F112007A8FF98B012343
:103CA00002937B790193FB68009303460020FFF7A2
:103CB0000FFE78657B6D002B00F025827B6D5868C8
:103CC000B7F84230BA681344FA8B194604F0DBFDAA
:103CD000786DFBF7EBF903461A46B7F8403013440A
:103CE000A7F8403041E03B6D5B687B6302E07B6B93
:103CF0001B687B637B6B1B68002BF8D17B6B1B7B8A
:103D000003F0C003002B15D17B6B5B687A6B528983
:103D10001344BA689A420DD1B7F84230002B06D04E
:103D20001C4B40F2312222491C4804F077FCFB8BEB
:103D3000BB871AE0FB8B012219460020FAF74AFEE6
:103D400078657B6D002B00F0E081B7F84230BA68EF
:103D50001A447B6D5A60786DFBF7A8F903461A4642
:103D6000B7F840301344A7F84030B7F84220FB8B37
:103D70001344A7F84230DCE0FB68B3F86830002B4E
:103D800000F0D780034B40F24A220A49034804F06E
:103D900045FCCEE0E4B5010884B7010838B6010857
:103DA0009CB70108D0B70108E8B7010808B80108B6
:103DB00028B8010854B80108FA88B7F84230D31A75
:103DC000BB8397F822309BB2BA8CD31A7B837A8B51
:103DD000BB8B934228BF13463B837B7903F00103DF
:103DE000002B36D097F822309AB23B8B134499B20D
:103DF0007B6C002B0CBF01230023DBB207F1120008
:103E0000BA8C02937B790193FB68009303463620BA
:103E1000FFF75EFD38633B6B002B00F078813B6B56
:103E20005B893A8B9A4206D98C4B40F266228C49C8
:103E30008C4804F0F3FB3B6B5A6897F82230D0189B
:103E4000B7F84230BA6813443A8B194604F01BFDA8
:103E50002FE07B8A002B06D0804B40F271228249F2
:103E6000804804F0DBFB3B8B012219463620FAF731
:103E7000B1FD78617B69002B00F04B81B7F84230CF
:103E8000BA681A447B695A6097F822309BB24FF4A3
:103E9000207219463620FAF79DFD38633B6B002BE4
:103EA00003D17869FBF77AF836E17969386BFBF76B
:103EB00037F9386BFBF7FAF803461A46B7F8403083
:103EC0001344A7F84030B7F84030092B03D9386BBA
:103ED000FBF764F820E1FB68DA6DB7F842301A446A
:103EE00097F82730009313460022396BF868FFF7E4
:103EF00053FCF864FB6C002B00F00D817B6C002BF5
:103F000002D1FB6C7B640CE0BB6C002B06D1534BE5
:103F100040F2AB225549534804F080FBBB6CFA6C6D
:103F20001A60FB6CBB64B7F842203B8B1344A7F8C4
:103F30004230B7F84220FB889A42FFF43DAFFB8F36
:103F4000002B2CD03B6D5B68FB621EE0FB6A1A897C
:103F5000FB8F13449AB2FB6A1A81FB6A1B68002B21
:103F600010D1FB6A5B68FA6A52891344FA8FB96808
:103F7000184604F088FCFB6A5A89FB8F13449AB2F6
:103F8000FB6A5A81FB6A1B68FB62FB6A002BDDD16E
:103F90003B6D1A89FB8F13449AB23B6D1A817A8A62
:103FA000FB68A3F868207B6D002B18D03B6D002BBD
:103FB00006D12A4B4FF438722D492A4804F02EFBC3
:103FC0003B6D5B68796D1846FBF7AAF83B6D1A8963
:103FD0007B6D1B8913449AB23B6D1A8137E0BB8F0E
:103FE000002B34D03B6D002B03D03B6D5B68002B66
:103FF00006D11A4B40F2E6221E491A4804F00EFB85
:104000003B6D5B68BB6209E0BB6A1A89BB8F1344D6
:104010009AB2BB6A1A81BB6A1B68BB62BB6A1B6827
:10402000002BF1D1BB6A1A89BB8F13449AB2BB6AC9
:104030001A81BB6A5A89BB8F13449AB2BB6A5A81F0
:104040003B6D1A89BB8F13449AB23B6D1A813B6D4D
:10405000002B11D1FB687A6CDA6610E0E4B5010838
:1040600084B8010838B60108C4B80108D4B80108FA
:10407000E8B8010820B901083B6D7A6C1A60FB684A
:10408000DA6DFB881A44FB68DA65FB68B3F86420D4
:10409000FB88D31A9AB2FB68A3F86420FB68B7F8D0
:1040A0004020A3F86620FB68B3F86630002B0ED0E2
:1040B000FB681B6F002B0AD1FB68DB6E002B06D15F
:1040C0002C4B40F212322C492C4804F0A7FAFB6C1E
:1040D000002B16D0FB6CDB68002B12D07B7903F031
:1040E0000203002B0DD1FB6CDB689B899CB208207E
:1040F000F9F73EFB03461A46FB6CDB68224392B29B
:104100009A81002331E000BF06E000BF04E000BF59
:1041100002E000BF00E000BFFB685B8B43F0800360
:104120009AB2FB685A837B6D002B02D0786DFAF748
:1041300035FF7B6C002B02D0786CFCF759FBFB68D9
:10414000B3F86630002B0ED0FB681B6F002B0AD132
:10415000FB68DB6E002B06D1064B40F22732064986
:10416000064804F05BFA4FF0FF3318465C37BD4653
:1041700090BD00BFE4B5010858B9010838B6010880
:1041800090B58BB002AF78600B467B800023FB615B
:1041900000237B6100233B617B68002B06D1954B9C
:1041A00040F24B329449954804F038FA7B68DB6E54
:1041B0007B617B69002B02D14FF0FF3316E17B88D6
:1041C000002B09D18B4B40F253328D498B4804F0C0
:1041D00025FA6FF0050309E17B691B897A889A4209
:1041E00001D3002302E17B685B8E7A889A4206D96C
:1041F000804B40F25B328349804804F00FFA7B69C0
:104200001B89002B06D17B4B4FF457727E497B48AC
:1042100004F004FA7B699B7AFB73FB7B9B00DBB2A7
:1042200003F00403BB737B691A897B88D31ABB81B3
:10423000BB7B9AB2BB8913449BB24FF420721946E0
:104240003620FAF7C7FB38613B69002B00F0B780D6
:104250007B695B681A897B691B89D31A9AB27B8850
:1042600013447B817B6958683B695A68BB7BD118D2
:104270007B89BA89FBF78CF803461A46BB899342BF
:1042800040F09F807B69DB689B899BB21846F9F7F9
:104290006FFA0346DBB203F03F03FB760023BB76E5
:1042A000FB7E03F00803002B07D0FB7E23F00803FE
:1042B000FB76BB7E43F00803BB76FB7E03F0010375
:1042C000002B07D0FB7E23F00103FB76BB7E43F07F
:1042D0000103BB767B69DB685B681846F9F75DFA1A
:1042E00002467B88D118BA7EFB7B00930B46396966
:1042F0007868FFF751FAF861FB69002B63D07B699E
:104300005B681846FAF7D2FE03461A467B68B3F894
:1043100066309B1A9AB27B68A3F866207B6958685E
:104320007B695B681A89BB89D31A9BB21946FAF775
:10433000AFFC7B691A89BB89D31A9AB27B691A814F
:104340007B69DB689B899CB2FB7E9BB21846F9F7C0
:104350000FFA03461A467B69DB68224392B29A81C0
:104360007B695B681846FAF7A1FE03461A467B682C
:10437000B3F8663013449AB27B68A3F86620FB69F1
:104380005B681846FAF792FE03461A467B68B3F854
:10439000663013449AB27B68A3F866207B691A687A
:1043A000FB691A607B69FA691A60FB691B68002B5C
:1043B00003D17B680022A3F86820002316E000BF29
:1043C00002E000BF00E000BFFB69002B06D0094BF4
:1043D0004FF476720D49094804F020F93B69002B2F
:1043E00002D03869FAF7DAFD4FF0FF331846243768
:1043F000BD4690BDE4B5010878B9010838B601089A
:104400009CB90108C0B90108D0B90108E0B9010898
:1044100090B585B000AF78607B68002B06D1214B4A
:1044200040F2EB322049214804F0F8F87B68DB6E5B
:10443000002B2ED07B68DB6EFB6002E0FB681B6804
:10444000FB60FB681B68002BF8D1FB68DB689B896D
:104450009BB21846F9F78CF90346DBB203F0070369
:10446000002B16D1FB68DB689B899CB20120F9F711
:104470007FF903461A46FB68DB68224392B29A81B1
:104480007B685B8B43F020039AB27B685A830023DE
:1044900004E00121786800F00BF803461846143751
:1044A000BD4690BDE4B50108ECB9010838B6010875
:1044B00080B58AB002AF78600B46FB700023FB77B3
:1044C0000023FB75FB7803F00303002B06D1674B39
:1044D00040F211426649674804F0A0F87B68002B5F
:1044E00006D1624B40F213426349624804F096F8E9
:1044F000FB7803F00203002B01D00123FB77FB7F45
:104500009B00DBB203F00403FB75FB7D9BB24FF411
:10451000207219463620FAF75DFA38613B69002BA4
:1045200009D17B685B8B43F080039AB27B685A8326
:104530004FF0FF3395E03B695A89FB7D9BB29A426D
:1045400006D24A4B40F239424C494A4804F066F8D8
:104550007B68D96DFA78FB7F00930B4639697868E0
:10456000FFF71AF9F860FB68002B09D17B685B8BB9
:1045700043F080039AB27B685A834FF0FF3370E0B8
:10458000FB68DB6803F00303002B06D0374B40F2D7
:1045900042423B49374804F041F8FB681B89002B35
:1045A00006D0324B40F243423649324804F036F8E6
:1045B0007B68DB6E002B03D17B68FA68DA660DE05E
:1045C0007B68DB6EBB6102E0BB691B68BB61BB69DA
:1045D0001B68002BF8D1BB69FA681A607B6800225F
:1045E000A3F86820FB7803F00203002B04D1FB78CA
:1045F00003F00103002B04D07B68DB6D5A1C7B6841
:10460000DA65FB7803F00103002B06D07B685B8B37
:1046100043F020039AB27B685A83FB685B681846B4
:10462000FAF744FD03461A467B68B3F86630134434
:104630009AB27B68A3F866207B68B3F86630002BDB
:104640000ED07B681B6F002B0AD17B68DB6E002BC2
:1046500006D1064B40F265420B49064803F0DEFFE7
:10466000002318462037BD4680BD00BFE4B50108D1
:1046700008BA010838B6010860BA010880BA010812
:10468000BCBA0108D4BA010800BB0108B0B58AB0B1
:1046900000AF78607B68002B06D18A4B40F2E14284
:1046A00089498A4803F0BAFF7B681B7D012B06D13C
:1046B000844B40F2E3428649844803F0AFFF854BC8
:1046C0001B687A689A4201D10023CEE17B68B3F877
:1046D00048207B68B3F86030934228BF13469BB2F2
:1046E000BB617B68DB6E7B627B6A002B0BD17B68D6
:1046F0005B8B03F00203002B00F0AA81786800F0C6
:10470000CBFD0346B1E179687B6804331A467868CB
:10471000FFF726F878617B69002B02D16FF0030365
:10472000A3E17B68002B03D07B681B68002B11D1B1
:104730007B69002B02D07B69043300E000233B61DE
:104740003B69002B02D16FF003038EE13B691A68CD
:104750007B681A607B6ADB685B681846F9F71DF8AE
:1047600002467B685B6CD31A7A6A12891344BA6971
:104770009A4227D27B68B3F860301A46BB699342ED
:1047800014D17B681B6F002B10D17B6893F8993094
:10479000002B0BD17B68002283F898207B680122D4
:1047A00083F899207B68002283F89A207B685B8BD2
:1047B00003F00203002B00F04D81786800F06CFDDF
:1047C000034652E17B68002283F899207B681B6FC7
:1047D0003B623B6A002B00F01C8102E03B6A1B68D5
:1047E0003B623B6A1B68002BF8D112E17B6ADB68F5
:1047F0009B899BB21846F8F7BBFF0346DBB203F078
:104800000403002B06D02F4B40F2365232492F487A
:1048100003F004FF7B681B6F002B1FD07B685B8B52
:1048200003F04403002B19D17B68DB6E002B0BD007
:104830007B68DB6E1B68002B10D17B68DB6E1A89EE
:104840007B685B8E9A4209D27B68B3F86430002B98
:1048500004D07B68B3F86630082B01D9012300E04F
:104860000023002B06D17B685B8B03F0A003002B99
:1048700000F0E4807B681B7D022B0DD07B6ADB6837
:104880009B899CB21020F8F773FF03461A467B6A97
:10489000DB68224392B29A817A697968786A00F07B
:1048A00009F90346FB7397F90F30002B16D07B688C
:1048B0005B8B43F080039AB27B685A8397F90F3081
:1048C000D3E000BFE4B5010828BB010838B60108F1
:1048D00040BB0108905F002468BB01087B6A1A682E
:1048E0007B68DA667B681B7D022B06D07B685B8B5E
:1048F00023F003039AB27B685A837B6ADB685B68A8
:104900001846F8F74AFF04467B6A1B891D467B6AF6
:10491000DB689B899BB21846F8F72AFF0346DBB297
:1049200003F00303002B01D0012300E000232B44FC
:104930002344BB607B681A6DBB68D31A002B02DA74
:104940007B68BA681A657B6A1B891C467B6ADB68D0
:104950009B899BB21846F8F70BFF0346DBB203F0C6
:104960000303002B01D0012300E000232344002B8C
:1049700049D07B6A00221A607B681B6F002B05D12F
:104980007B687A6A1A677B6A3B623FE07B6ADB6816
:104990005B681846F8F701FF04463B6ADB685B6812
:1049A0001846F8F7FAFE0346E31A002B24DA7B6870
:1049B0007033FB6102E0FB691B68FB61FB691B68EC
:1049C000002B11D0FB691B68DB685B681846F8F7A1
:1049D000E4FE04467B6ADB685B681846F8F7DDFE98
:1049E0000346E31A002BE6DBFB691A687B6A1A6050
:1049F000FB697A6A1A6009E03B6A7A6A1A603B6A64
:104A00001B683B6202E0786AFBF707FF7B68DB6E9E
:104A10007B627B6A002B12D07B6ADB685B6818467E
:104A2000F8F7BBFE02467B685B6CD31A7A6A128980
:104A30001344BA699A42BFF4D9AE00E000BF7B6864
:104A4000DB6E002B08D17B680022A3F8682004E00D
:104A500000BF02E000BF00E000BF7B685B8B23F07B
:104A600080039AB27B685A83002318462837BD46D4
:104A7000B0BD00BF80B582B000AF78607B68002B0E
:104A800006D1094B40F29A520849094803F0C6FD85
:104A90007B685B689B7B012B01D0012300E0002336
:104AA00018460837BD4680BDE4B5010880BB010843
:104AB00038B60108B0B58CB004AFF860B9607A6060
:104AC000FB68002B06D1644B4FF4B762634964481E
:104AD00003F0A4FDBB68002B06D15F4B40F2B95236
:104AE00060495F4803F09AFD7B68002B06D15A4B62
:104AF00040F2BA525C495A4803F090FDF868FFF75B
:104B0000B9FF0346002B01D00023A1E0BB685A6A1D
:104B1000FB68DC681046F8F740FE0346A360BB68FC
:104B20005A8DFB68DC681046F8F722FE0346E381E5
:104B3000BB685B6ABA68528D1A44BB68DA62FB686C
:104B4000DB681433FB61FB689B7A03F00103002BE5
:104B500015D0BB6804331A4679684FF40670FCF729
:104B600039FA03467B837B8B43F001731846F8F7D1
:104B700014FE0246FB691A60FB690433FB61BB68E3
:104B8000B3F93030002B02DABB6800221A86BB680A
:104B90005B6B002B0CD1354B1A68BB685A63FB6802
:104BA000DB685B681846F8F7F8FD0246BB689A6355
:104BB000FB68DA68FB685B685B68D31A3B83FB6859
:104BC0005B685989FB685B683A8B8A1A92B25A8192
:104BD000FB685B681989FB685B683A8B8A1A92B23A
:104BE0001A81FB685B68FA68D2685A60FB68DB6808
:104BF00000221A7400225A74FB68DA68FB689B7AF8
:104C000003F00103002B01D0182300E01423134408
:104C1000FA699A4206D0104B40F21C6214491048BF
:104C200003F0FCFCFB685868B968BB681C1DBB68D6
:104C3000DD7ABB689B7A7A68029206220192009321
:104C40002B46224602F05AFA0346FB7597F91730B5
:104C500018462037BD46B0BDE4B50108A8BB010821
:104C600038B60108C8BB0108E8BB0108445F00244E
:104C70000CBC0108B0B584B000AF78607B68002B35
:104C800006D1314B40F263623049314803F0C6FC33
:104C90007B681B6F002B02D16FF0050350E07B682F
:104CA0001B6FFB600BE0F868FFF7E4FE0346002B88
:104CB00002D06FF0050343E0FB681B68FB60FB68F4
:104CC0001B68002BEFD1F868FFF7D4FE0346002BDA
:104CD00002D06FF0050333E07B68DA6EFB681A6080
:104CE0007B681A6F7B68DA667B6800221A677B68CC
:104CF0005B8B43F400639AB27B685A83FB68DB6882
:104D00005B681846F8F749FD0446FB681B891D4699
:104D1000FB68DB689B899BB21846F8F729FD0346C0
:104D2000DBB203F00303002B01D0012300E00023DA
:104D30002B44E2187B68DA647B6800225A63002304
:104D400018461037BD46B0BDE4B5010820BC0108C7
:104D500038B6010880B582B000AF78607B68002B60
:104D600006D10D4B4FF4D3620C490D4803F056FCAD
:104D70007B6893F84230FF2B07D07B6893F8423072
:104D80000133DAB27B6883F842207868FFF77EFC53
:104D900000BF0837BD4680BDE4B5010844BC01082A
:104DA00038B6010880B582B000AF78607B68002B10
:104DB00006D10A4B40F2AD6209490A4803F02EFCC5
:104DC0007868FFF757FF0346002B02D17868FFF79A
:104DD000C1FF00BF0837BD4680BD00BFE4B5010874
:104DE00068BC010838B6010890B585B000AF78609E
:104DF0007B68002B06D12F4B40F2C1622E492F4811
:104E000003F00CFC7B681B6F002B02D16FF00503D5
:104E10004CE07B681B6FBB60B868FFF72BFE034656
:104E2000002B02D06FF0050340E0BB681A687B6876
:104E30001A677B686C33FB6002E0FB681B68FB60F1
:104E4000FB681B68002B11D0FB681B68DB685B6884
:104E50001846F8F7A2FC0446BB68DB685B68184696
:104E6000F8F79BFC0346E31A002BE6DBFB681A68A5
:104E7000BB681A60FB68BA681A60BB681B68002BC5
:104E800003D17B680022A3F868207B6893F8423046
:104E9000FF2B07D07B6893F842300133DAB27B688E
:104EA00083F842207B6800225A6300231846143797
:104EB000BD4690BDE4B5010884BC010838B60108C0
:104EC00080B582B000AF78607B68002B06D12A4B9A
:104ED00040F2F96229492A4803F0A0FB7B681B6F66
:104EE000002B45D07B685B8B03F00403002B3FD184
:104EF0007868FFF779FF0346002B39D17B68B3F858
:104F000060207B68B3F84830934228BF13469BB2B9
:104F1000002B00DA01335B109AB27B68A3F84A20B9
:104F20007B68B3F84A301A467B685B8E5B009A4216
:104F300006D27B685B8E5B009AB27B68A3F84A203E
:104F40007B68B3F84A207B685B8E194649000B44A6
:104F50009BB213449AB27B68A3F848207B685B8BB2
:104F600043F004039AB27B685A837B6800221A8656
:104F700000BF0837BD4680BDE4B501089CBC0108F0
:104F800038B6010880B586B000AFF8607B600B468C
:104F90007B8113463B817A893B8913449BB214334E
:104FA0009BB24FF4207219462220F9F713FD786165
:104FB0007B69002B4DD07B8913337A6952899342E8
:104FC00006DB264B40F223722549264803F026FBD8
:104FD0007B695B683B613B8C1846F8F7C9FB03466D
:104FE0001A463B691A80BB8C1846F8F7C1FB03468A
:104FF0001A463B695A803B697A685A60F868F8F744
:10500000CCFB02463B699A607B899B089BB20533C7
:105010009BB21B039AB297F828309BB213439BB202
:105020001846F8F7A5FB03461A463B699A81BB8DE3
:105030001846F8F79DFB03461A463B69DA813B693F
:1050400000221A7400225A743B6900229A740022CA
:10505000DA747B6918461837BD4680BDE4B501088F
:10506000BCBC010838B60108B0B58AB004AFF8601E
:105070007B600B467B8113463B81FB68002B06D18E
:10508000154B40F242721549154803F0C7FAFB6808
:10509000586AFB68DB8AFA68128BF968498D3D898A
:1050A0007C89039110210291019200937B682A462A
:1050B0002146FFF767FF78617B69002B06D0FB680C
:1050C0005B6AFA68528D1A44FB68DA627B6918469B
:1050D0001837BD46B0BD00BFE4B50108ECBC0108FF
:1050E00038B6010880B588B000AFF860B9601146E5
:1050F0001A460B46FB711346BB710023FB83BB684A
:10510000002B06D1124B40F256721249124803F09E
:1051100085FABB685B68BB61BB6914337B61FB8B41
:105120009B001A46FB799B0003F0040313441433DD
:10513000BA6913447A699A4206D0054B40F27572F7
:105140000649054803F06AFA00BF2037BD4680BD16
:10515000E4B5010814BD010838B601080CBC01080B
:1051600080B58AB004AFF860B9607A603B60BB6814
:10517000002B06D11C4B40F287721C491C4803F0DF
:105180004DFA3A687968F868FEF7EAFA38613B69DF
:10519000002B02D1FC23FB751CE0FB68002B06D022
:1051A000FB68DB7ABB75FB689B7A7B7503E0FF23AA
:1051B000BB7500237B75BA7D3B690293062301937F
:1051C0007B7D009313463A687968B86801F096FFD2
:1051D0000346FB75B868F9F7E1FE97F917301846F2
:1051E0001837BD4680BD00BFE4B501083CBD0108CD
:1051F00038B6010890B58BB004AFF860B9607A603A
:105200003B603B68002B06D11F4B40F2C4721F4924
:105210001F4803F003FABB6A002B06D11A4B40F279
:10522000C5721C491A4803F0F9F90023FB7546F2D0
:105230000803BB82FB7D9CB2B868F8F7AEFA024661
:10524000BB8A0393142302933B8E0193BB8D00937F
:105250001346002221467868FFF794FE38613B69C7
:10526000002B0CD0FB7D00223969F868FFF73AFF6C
:10527000BB6A3A683969F868FFF772FF00E000BF5F
:105280001C37BD4690BD00BFE4B5010868BD0108EC
:1052900038B6010884BD010890B587B000AF7860CA
:1052A0000023FB750023BB757B68002B06D1284BC0
:1052B00040F2EA722749284803F0B0F9FB7D9B00D1
:1052C000DBB203F004037B757B7D9CB27B681B6DB6
:1052D0001846F8F762FA0346002221467868FFF77D
:1052E000C3FE38613B69002B09D17B685B8B43F0BF
:1052F00003039AB27B685A836FF0010323E0BB7DFE
:10530000FA7D39697868FFF7EDFE7A687B680433C7
:1053100039697868FFF724FF0346FB7397F90F306C
:10532000002B07D07B685B8B43F003039AB27B684A
:105330005A8306E07B685B8B23F003039AB27B6899
:105340005A8397F90F3018461C37BD4690BD00BFF1
:10535000E4B50108A0BD010838B6010890B587B0D2
:1053600000AF78600023FB757B68002B06D1184BDB
:1053700040F624021749184803F050F9FB7D9CB20F
:105380007B681B6D013B1846F8F707FA03460022BD
:1053900021467868FFF768FE38613B69002B02D12F
:1053A0004FF0FF3310E0FB7D002239697868FFF78A
:1053B00099FE7A687B68043339697868FFF7D0FE14
:1053C0000346FB7397F90F3018461C37BD4690BD56
:1053D000E4B50108C0BD010838B6010890B58BB02E
:1053E00000AF7860002387F827307B68002B06D158
:1053F0004C4B40F64F024C494C4803F00FF97B6888
:10540000DB6E3B623B6A002B01D1002386E07B68A8
:1054100093F89A30FF2B07D07B6893F89A300133CA
:10542000DAB27B6883F89A203B6ADB689B899BB27F
:105430001846F8F79DF90346DBB203F00103002B91
:1054400005D03B6A1B89002B01D1012300E000231A
:10545000FB77FB7F002B0CBF01230023DBB2BB8358
:1054600097F8273099B23B6ADB685B68BA8B78683B
:10547000FFF7FAFDB861BB69002B02D14FF0FF3393
:105480004CE0BB695B687B61FB7F002B11D07B69C3
:105490009B899BB21BB223F47C531CB21120F8F7FA
:1054A00067F903461BB223431BB29AB27B699A8108
:1054B00010E0BB695B6814333B613B6A58683B6A28
:1054C0005B681A893B6A1B89D31A9BB2012239692E
:1054D000F9F75EFF3B6ADB685B681846F8F75DF931
:1054E00003460133FB607B681A6DFB68D31A002BFF
:1054F00002DA7B68FA681A6597F827300022B969E2
:105500007868FFF7EFFD7A687B680433B9697868DB
:10551000FFF726FE0346FB7297F90B3018462C372F
:10552000BD4690BDE4B50108DCBD010838B60108F0
:1055300080B582B000AF7860FAF718F80A4B1B68A4
:10554000002B03D1094B1B68002B05D00022084912
:10555000FA2000F0F3F803E0064B00221A6000BFC7
:1055600000BF0837BD4680BD505F0024545F002453
:10557000315501089C5F002480B500AF0A4B1B68C1
:10558000002B0FD1094B1B68002B03D1084B1B6864
:10559000002B07D0044B01221A6000220549FA2093
:1055A00000F0CCF800BF80BD9C5F0024505F002459
:1055B000545F00243155010880B586B000AFF86013
:1055C000B9607A600620F8F703FE38613B69002B6A
:1055D00009D13B69002B51D12A4BBE222A492B48C5
:1055E00003F01CF84AE03B6900221A603B69BA6884
:1055F0009A603B697A68DA603B69FA685A60244BC2
:105600001B68002B03D1224A3B69136037E03B69DA
:105610005A681F4B1B685B68D31ADB0F03F001034A
:10562000DBB2002B07D01A4B1A683B691A60184A84
:105630003B69136023E0164B1B687B611AE07B69B2
:105640001B68002B0BD03B695A687B691B685B6841
:10565000D31ADB0F03F00103DBB2002B07D07B6909
:105660001A683B691A607B693A691A6007E07B69CE
:105670001B687B617B69002BE1D100E000BF18371C
:10568000BD4680BD00BE010834BE010874BE0108DD
:10569000945F002480B586B000AF78607B687B6142
:1056A0007B695B689847F7F789FF38617B691A68FF
:1056B0000F4B1B681344FB60FA683B69D31ADB0F7E
:1056C00003F00103DBB2002B09D07B691A683B6948
:1056D00013447A6807491846FFF76EFF04E07A68BA
:1056E0000449F868FFF768FF00BF1837BD4680BD62
:1056F000985F00249556010880B582B000AF012361
:105700007B600EE00B4A7B6852F833007B68DB005D
:10571000084A13441A46084900F010F87B68013320
:105720007B607B68022BEDD900BF00BF0837BD4608
:1057300080BD00BF0CCA01089556010880B586B02F
:1057400000AFF860B9607A60FB68B3F1804F06D3B0
:105750000A4B40F229120A490A4802F05FFFF7F7A4
:105760002DFF0246FB6813447B617A68B96878694B
:10577000FFF722FF00BF1837BD4680BD00BE0108FD
:105780009CBE010874BE010880B584B000AFF7F775
:1057900015FFF8601A4B1B78DBB2002B01D0F9F72C
:1057A000C3F8184B1B68BB60BB68002B22D0BB68DA
:1057B0005B68FA68D31ADB0F03F00103DBB2002B3E
:1057C0001AD1BB681B680F4A1360BB689B687B607B
:1057D000BB68DB683B60BB685B680B4A1360B968F9
:1057E0000620F8F765FD7B68002BD3D07B6838680E
:1057F0009847CFE700BF00E000BF1037BD4680BD2F
:10580000415F0024945F0024985F002480B500AFBE
:1058100002F080FD03469BB2C3F30D039BB2A3F5D8
:1058200080439AB2014B1A8000BF80BD5000002413
:1058300080B584B000AFF860B9601346FB71FB68B7
:10584000002B05D1274B87222749284802F0E6FE86
:10585000BB68002B05D1234B88222549234802F041
:10586000DDFEFB681B7A002B0BD0FB681A7A214BFC
:105870005B6893F830300133DBB29A4201D00023E9
:105880002BE0FB79002B18D0FB68002B13D0FB68B2
:105890001B68002B0FD0174B5B69B3F1FF3F0AD099
:1058A000FB681A68134B5B695A40BB6808331B6876
:1058B0001340002B10D101230FE0FB68002B09D00F
:1058C000FB681B68002B05D0FB681A68094B5B69F5
:1058D0009A4201D1012300E0002318461037BD464B
:1058E00080BD00BFE8BE010818BF01083CBF010829
:1058F00064BF01082830002490B58DB002AF7860F5
:1059000039600023FB767B68002B05D17C4BCF22CE
:105910007C497D4802F082FE3B68002B05D1784B24
:10592000D0227A49784802F079FE7B685B89072BA0
:1059300003D87868F9F732FBDEE07B685B687B614F
:10594000734B5B69724A12681146184601F0AEFC4F
:105950000346FB747B691B889BB21846F7F708FF68
:1059600003463B827B695B889BB21846F7F700FFD2
:105970000346FB8100237B6200233B620023FB6123
:10598000644B1B687B6254E07B6A5B8AFA899A42AB
:105990004AD1FB7C1A463968786AFFF749FF03460B
:1059A000002B41D07B6A1B7C03F00403002B1DD12C
:1059B000FB69002B02D17B6AFB6117E0FB7C002BAB
:1059C00014D0534B5B69B3F1FF3F0FD1FB691A68E9
:1059D0003B6804331B689A4208D07B6A1A683B68AC
:1059E00004331B689A4201D17B6AFB617B6A9B8A04
:1059F0003A8A9A4218D17B6A5B68002B05D07B6A91
:105A00005A68434B1B699A420ED13B6A002B14D053
:105A10007B6ADA683B6ADA603E4B1A687B6ADA6056
:105A20003C4A7B6A136008E07B6A3B627B6ADB6806
:105A30007B627B6A002BA7D100E000BF7B6A002B52
:105A400001D1FB697B627B6A002B02D00123FB76CC
:105A50000AE03B6804331A682D4B5B699A420CBF1D
:105A600001230023DBB2FB76FB7E002B41D0082113
:105A70007868F9F70DFA0346002B0AD0204B4FF453
:105A8000B8722549204802F0C9FD7868F9F786FA0E
:105A900032E07B6A002B12D07B6A9B69002B0AD014
:105AA0007B6A9C697B6AD8693B8A00931B4B7A6846
:105AB000796AA04721E07868F9F770FA1CE0FB7C6E
:105AC000002B12D1124B5B6903F0F003E02B0CD0DA
:105AD0000F4B9B8908339BB21BB219467868F9F7C4
:105AE0004AFA0321786801F0B7F87868F9F756FAAE
:105AF00003E07868F9F752FA00BF2C37BD4690BD35
:105B0000E8BE01088CBF01083CBF0108A4BF010822
:105B100028300024A05F0024C0BF010838300024D2
:105B200080B485B000AF786039607B68002B1ED0F0
:105B30007B681B68002B1AD03B68002B17D03B6892
:105B40001B68002B13D00D4B1B68FB600CE0FB683F
:105B50001A687B681B689A4203D13B681A68FB6825
:105B60001A60FB68DB68FB60FB68002BEFD100BFAD
:105B70001437BD465DF8047B704700BFA05F00246A
:105B800080B582B000AF786015497A6813465B0033
:105B90001344DB000B441B68002B13D010497A68B8
:105BA00013465B001344DB000B441B681846F9F7EF
:105BB000F5F90B497A6813465B001344DB000B448C
:105BC00000221A6006497A6813465B001344DB0022
:105BD0000B44143300221A7000BF0837BD4680BD45
:105BE000A45F002480B582B000AF00237B6096E004
:105BF0004F497A6813465B001344DB000B441433AF
:105C00001B78FB70FB78002B00F0868048497A688F
:105C100013465B001344DB000B4412331B88013333
:105C200098B243497A6813465B001344DB000B4487
:105C3000123302461A803E497A6813465B001344C9
:105C4000DB000B4412331B88B3F5967F15D238491D
:105C50007A6813465B001344DB000B4414331B7853
:105C6000012B0ED132497A6813465B001344DB00E6
:105C70000B4412331B88042B03D97868FFF780FF8D
:105C80004AE02B497A6813465B001344DB000B445F
:105C900014331B78032B0AD125497A6813465B001D
:105CA0001344DB000B44143304221A7034E02049FF
:105CB0007A6813465B001344DB000B4414331B78F3
:105CC000042B0AD11A497A6813465B001344DB009F
:105CD0000B44143302221A701EE015497A681346E9
:105CE0005B001344DB000B4414331B78012B13D1EE
:105CF0000F497A6813465B001344DB000B440833FA
:105D000018687A6813465B001344DB00084A1344A2
:105D10000433194600F06EFE7B6801337B607B68BC
:105D2000092B7FF765AF00BF00BF0837BD4680BDB8
:105D3000A45F002480B58AB000AFF8600B467A609B
:105D4000FB720A23FB840A23BB840A237B8400237F
:105D50003B840A23FB830023BB8300237B83002334
:105D60003B8300233B84AEE0B7F92020A6491346CD
:105D70005B001344DB000B4414331B78FB75B7F94D
:105D800022300A2B05D1FB7D002B02D13B8C7B847A
:105D900095E0FB7D002B00F09280FB7D012B09D06C
:105DA000FB7D012B06D8994B40F223129849994864
:105DB00002F034FCFB68002B20D0FB681968B7F9AF
:105DC0002020914813465B001344DB000344043356
:105DD0001B68994212D17B68002B0CD0B7F92020A8
:105DE000894913465B001344DB000B4408331B68EE
:105DF0007A689A4202D1B7F9203000E1FB7D012B8D
:105E000040D1B7F92020804913465B001344DB00E2
:105E10000B441B68002B1AD0B7F920207A4913468F
:105E20005B001344DB000B4412331B88BA8B9A428D
:105E300045D83B8CFB83B7F92020734913465B00A0
:105E40001344DB000B4412331B88BB8337E0B7F9E4
:105E500020206D4913465B001344DB000B441233D2
:105E60001B887A8B9A422AD83B8CFB84B7F9202076
:105E7000654913465B001344DB000B4412331B8857
:105E80007B831CE0FB7D012B19D9B7F920205E49EB
:105E900013465B001344DB000B4412331B883A8B20
:105EA0009A420CD83B8CBB84B7F920205649134644
:105EB0005B001344DB000B4412331B883B833B8C99
:105EC00001339BB23B84B7F92030092B7FF74CAFED
:105ED000FB7A03F00203002B08D1B7F922300A2B1A
:105EE00007D1FB7A03F00103002B02D14FF0FF33FF
:105EF00085E0B7F92230092B02DC7B8C3B8439E04A
:105F0000B7F92430092B14DCBB8C3B84B7F9202073
:105F10003D4913465B001344DB000B441B68002B18
:105F200018D03A4B40F26D123B493A4802F076FBEA
:105F300010E0B7F92630092B02DCFB8C3B8409E02A
:105F4000B7F91E30092B02DCFB8B3B8402E04FF0DB
:105F5000FF3354E0B7F92030092B06DD2B4B40F21C
:105F60007F122E492B4802F059FBB7F92030184612
:105F7000FFF706FEB7F92030092B06DD234B40F270
:105F800083122649234802F049FBB7F920201E4915
:105F900013465B001344DB000B4414331B78002BC7
:105FA00006D01A4B4FF4C2721D491A4802F036FB54
:105FB000FB68002B0BD0B7F92020FB68196812484A
:105FC00013465B001344DB00034404331960B7F944
:105FD00020200D4913465B001344DB000B441233B1
:105FE00000221A80B7F92020074913465B001344AA
:105FF000DB000B4408337A681A60B7F92030184682
:106000002837BD4680BD00BFA45F00244CC20108F4
:1060100084C20108C4C20108ECC2010804C301081B
:1060200018C3010880B588B002AFF860B9607A6023
:10603000FB70FB6893F82C30062B06D0484B40F2DF
:10604000A9124849484802F0E9FABB68002B12D06F
:10605000BB681B68002B0ED0BB681B68F96818462C
:1060600001F024F90346002B05D1BB681B6803F03F
:10607000F003E02B02D16FF00F036CE0FB78FA68BD
:106080001946B868FFF756FE0346FB82B7F916308B
:10609000002B02DAFB8A5BB25DE0B7F916203349C8
:1060A00013465B001344DB000B44143302221A70C6
:1060B000B7F916202D4913465B001344DB000B444F
:1060C0000833FA681A60B7F9162013465B001344C8
:1060D000DB000833254A1344043306227968184646
:1060E00002F0D1FBB7F91620204913465B00134498
:1060F000DB000B44123300221A80B7F916201B492B
:1061000013465B001344DB000B441B68002B21D0BB
:10611000B7F91620154913465B001344DB000B4406
:106120001B683B61B7F91620104913465B00134406
:10613000DB000B4400221A60FB6803F126024FF4D7
:10614000006300937B683969F86801F0BDFF386926
:10615000F8F724FF002318461837BD4680BD00BF5E
:106160004CC2010844C30108C4C20108A45F002452
:1061700080B584B000AF78600023FB601EE0134957
:10618000FA6813465B001344DB000B4414331B789E
:10619000FB72FB7A002B0ED00C49FA6813465B00A9
:1061A0001344DB000B4408331B687A689A4202D11F
:1061B000F868FFF7E5FCFB680133FB60FB68092B1F
:1061C000DDDD00BF00BF1037BD4680BDA45F0024E9
:1061D000B0B58AB004AF786039603B68002B07D156
:1061E0003D4B40F28A223D493D4802F017FA6FE0EC
:1061F0007B685B683B613B691B889BB2B3F5807F22
:106200000CD13B691B79062B08D13B695B79042BC8
:1062100004D13B695B889BB2082B03D07868F8F700
:10622000BDFE55E03B690E331B68FB603B691833CC
:106230001B68BB603B6804331B68002B02D1002342
:10624000FB7509E0BA683B6804331B689A420CBFCF
:1062500001230023DBB2FB753B6903F10802FB7DE0
:10626000002B01D0012300E0022307F10C01386864
:10627000FFF7D8FE3B69DB889BB2B3F5807F03D084
:10628000B3F5007F1ED020E0FB7D002B1CD03B68C7
:1062900003F126003B6903F108043B6803F126057E
:1062A0003B6804333A6908320221039107F10C017B
:1062B0000291019200932B4622460146386800F075
:1062C000EBFA01E000BF00E000BF7868F8F766FE77
:1062D0001837BD46B0BD00BF4CC201089CC30108C1
:1062E000C4C2010880B586B002AFF860B960134639
:1062F000FB71FA79444913465B001344DB000B44FD
:1063000014331B78012B06D8404B40F2EE22404953
:10631000404802F083F9FA793B4913465B00134485
:10632000DB000B4414331B78022B53D1FA79364926
:1063300013465B001344DB000B4412331B88B3F598
:106340008E7F19D9FA7913465B001344DB002E4A7D
:10635000134404331946F86800F04CFB0346002B45
:1063600038D1FA79284913465B001344DB000B440B
:10637000143303221A702DE0FA79234913465B0087
:106380001344DB000B4412331B88B3F5877F21D302
:10639000FA7913465B001344DB001B4A1344191DB2
:1063A000FA7913465B001344DB000833164A1344A2
:1063B00004331A46F86800F0FBFA0346002B09D1B3
:1063C000FA79114913465B001344DB000B44143384
:1063D00003221A70FB6803F12601FA7913465B0069
:1063E0001344DB000833084A134404334FF40062BB
:1063F00000920A46B968F86801F066FE034618463E
:106400001037BD4680BD00BFA45F00244CC2010808
:10641000BCC30108C4C2010880B58AB002AFF860ED
:10642000B9607A607B68BB61FB68002B06D1734B57
:1064300040F21E327249734802F0F0F8BB68002B3C
:1064400006D16E4B40F21F326F496E4802F0E6F8FB
:106450007B68002B06D1694B4FF448726B49694841
:1064600002F0DCF87B681B68F968184600F01EFF34
:106470000346002B02D0664BFB61AFE07B681B68D4
:1064800003F0F003E02B18D101233B7400237B744D
:106490005E23BB747B6801331B7803F07F03DBB2A0
:1064A000FB747B6802331B783B757B6803331B7876
:1064B0007B7507F11003FB6190E07B681A68FB684D
:1064C00004331B685A40FB6808331B681340002BD9
:1064D00012D07B681B689BB24FF6A96293420BD027
:1064E000FB680C331B68002B03D0FB680C33BB61CB
:1064F00002E06FF003037DE0464B1B781946464AE5
:106500000B465B000B44DB00134414331B78012B58
:1065100025D9404B1B7819463F4A0B465B000B447C
:10652000DB00134408331B68FA689A4217D1BB6931
:106530001A68384B1B781846374903465B000344FA
:10654000DB000B4404331B689A4208D1314B1B78A3
:106550001A46B968F868FFF7C5FE03464AE000230B
:10656000FB7531E0FA7D2C4913465B001344DB00D8
:106570000B4414331B78012B23D9FA7D264913468B
:106580005B001344DB000B4408331B68FA689A4233
:1065900017D1BB691968FA7D1F4813465B00134485
:1065A000DB00034404331B6899420AD1194AFB7D7E
:1065B0001370FB7D1A46B968F868FFF793FE03462F
:1065C00018E0FB7D0133FB75FB7D092BCAD9BA6846
:1065D000B969F86800F022F803460BE0FB6803F1A4
:1065E00026024FF400630093FB69B968F86801F074
:1065F0006BFD034618462037BD4680BD4CC20108DE
:106600009CC30108C4C20108ECC301088CC3010883
:1066100028CA010894600024A45F002480B58CB0CF
:1066200002AFF860B9607A60FB6826337B61FF23B4
:1066300087F8273000233B62BB681B68F96818465F
:1066400000F034FE0346002B0CD1BB681B6803F03E
:10665000F003E02B06D0BB68002B03D0BB681B689F
:10666000002B02D16FF00F0301E1FA680121B86835
:10667000FFF760FB03467B82B7F91230002B02DA8A
:106680007B8A5BB2F3E07B8A7E2B06D97A4B40F2A1
:10669000C1327A497A4801F0C1FF7B8A7B747A7CE7
:1066A000784913465B001344DB000B4414331B781A
:1066B000002B15D101233B627A7C724913465B00A3
:1066C0001344DB000B44143301221A707A7C6D49A9
:1066D00013465B001344DB000B440833FA681A606E
:1066E0007A7C684913465B001344DB000B44143387
:1066F0001B78012B11D07A7C624913465B0013444E
:10670000DB000B4414331B78012B06D85A4B40F2A4
:10671000CD325D495A4801F081FF3B6A002B02D11E
:106720007B68002B0CD1B968F86800F063F9034668
:1067300087F827307B68002B02D197F9273096E045
:106740007B68002B06D14C4B40F2E1324F494C485C
:1067500001F064FF7A7C4B4913465B001344DB0075
:106760000B4414331B78012B17D9494A7B7C1370D7
:106770007A7C13465B001344DB000833414A134420
:1067800004334FF4006200927A697968F86801F086
:106790009BFC034687F8273067E07A7C394913462B
:1067A0005B001344DB000B4414331B78012B5CD1DA
:1067B0000023BB617B68FB611CE0FB695A89FB69B4
:1067C0001B899A420AD1FB691B68002B06D02A4B11
:1067D00040F2F1322F492A4801F020FFFB691B7B70
:1067E00003F04003002B02D00123BB6105E0FB69ED
:1067F0001B68FB61FB69002BDFD1BB69002B07D055
:106800007A684FF420710E20F8F734FEF86104E046
:106810007B68FB61F869F8F761FCFB69002B21D00C
:106820007A7C184913465B001344DB000B441B6859
:10683000002B0AD07A7C134913465B001344DB001B
:106840000B441B681846F8F7A9FB7A7C0D491346E0
:106850005B001344DB000B44FA691A60002387F8DD
:10686000273002E0FF2387F8273097F927301846B2
:106870002837BD4680BD00BF4CC20108F8C30108DF
:10688000C4C20108A45F002408C40108ECC30108C5
:106890009460002430C4010880B58AB002AFF8606B
:1068A000B9607A603B600023FB77FB68002B06D160
:1068B0003A4B40F257423A493A4801F0AFFE4FF4A2
:1068C00020721C210E20F8F785F8B861BB69002BF7
:1068D00002D14FF0FF335DE0BB695B891B2B06D80B
:1068E0002E4B40F2624230492E4801F097FEBB69C0
:1068F0005B687B61BB8E1846F6F73AFF03461A4683
:106900007B69DA80FB6893F82C30062B06D0234B8A
:1069100040F269422549234801F080FE7B69083333
:1069200006223968184601F0AEFF7B691233062251
:10693000F96A184601F0A7FF7B690E33BA6A12683C
:106940001A607B6918333A6B12681A607B690022FF
:106950001A70002242F001025A707B69002242F054
:1069600008029A700022DA707B6906221A717B692C
:1069700004225A7140F6060300937B68BA68B9692D
:10698000F86801F0A1FBB869F8F708FB0023BB61C8
:1069900097F91F3018462037BD4680BD4CC201080C
:1069A0009CC30108C4C201084CC4010880C401088A
:1069B00080B588B004AFF860B9607A60FB6803F115
:1069C0002601FB6803F12600FB68043301220392D1
:1069D000BA680292064A0192009303467A68F86800
:1069E000FFF75AFF034618461037BD4680BD00BF6B
:1069F00030CA010880B582B000AF78603960054ABE
:106A000039687868FFF7D4FF034618460837BD4653
:106A100080BD00BF28CA010880B58EB004AF786081
:106A20003960874B9B687B627B6A1B7803F00F039E
:106A3000DBB29B00DBB27B847B8C132B40F2E880C3
:106A40007B685B89032B40F2E5807B685B681B7881
:106A500087F8213097F82130002B00F0D280082BE6
:106A600040F0D280774BFB61754B5B6903F0F0031C
:106A7000E02B00F0D680724B5B69714A12681146B8
:106A8000184600F013FC0346002B40F0CC807B68D6
:106A90001B89072B40F2C0807868F6F706FF034693
:106AA000002B03D07868F8F779FAC5E07B8C0E33B9
:106AB00019467868F8F7DCF90346002B4BD07B6861
:106AC0001A897B8C13447B837B681B897A8B9A425F
:106AD000C0F0AB807B8B4FF4207219460E20F7F785
:106AE00079FF78617B69002B00F0A1807B695B896D
:106AF0001A467B8C08339A4203D27869F8F74EFA2B
:106B000096E07B695B687A8C796A184601F0BBFE77
:106B10007B8C19467869F8F7BBF90346002B09D03E
:106B2000494BB62249494A4801F078FD7869F8F79F
:106B300035FA7DE079687869F8F758FB0346002B51
:106B400003D07869F8F72AFA72E07868F8F726FA3D
:106B50007B697B600FE07B8C0E3319467868F8F711
:106B600097F90346002B06D0374BC72239493848DE
:106B700001F054FD5CE07B685B683B617B8C1946EF
:106B80007868F8F775F90346002B3CD17B685B68A1
:106B9000FB60FB691A68FB68DA60294B1A69FB68BD
:106BA0001A613B6900221A703B695B889BB24FF601
:106BB000F772934207D93B695B889BB209339AB25B
:106BC0003B695A8006E03B695B889BB208339AB206
:106BD0003B695A80FB68FF221A72FB6800229A7296
:106BE0000022DA723B680293012301930023009391
:106BF000FF230022F969786800F080FA0346FB72EF
:106C000001E000BF00E000BF7868F8F7C7F913E0C3
:106C100000BF02E000BF00E000BF7868F8F7BEF9EF
:106C20000AE000BF04E000BF02E000BF00E000BFD8
:106C30007868F8F7B3F900BF2837BD4680BD00BFBC
:106C4000283000243C300024C4C40108FCC40108DE
:106C500034C501085CC5010880B582B000AF78601A
:106C60000B46FB70FB781A460321786800F014F895
:106C700000BF0837BD4680BD80B582B000AF7860E8
:106C80000B46FB70FB781A460B21786800F004F87D
:106C900000BF0837BD4680BD80B58CB004AF7860BA
:106CA0000B46FB701346BB704FF420722421222048
:106CB000F7F790FEF861FB69002B56D0FB695B8902
:106CC000232B06D82B4B4FF4B4722B492B4801F0E1
:106CD000A5FC7B685B68BB61FB695B687B617B696A
:106CE000FA781A707B69BA785A707B6900221A7137
:106CF00000225A717B6900229A710022DA71FB69C5
:106D00005B6803F108007B685B681C22194601F090
:106D1000BAFDBB69DB68FB6007F10C03184600F0A5
:106D20002FF838613B69002B1BD07B6900229A70D9
:106D30000022DA70FB695B8919467869F6F7A3FDD2
:106D400003461A467B695A8007F10C023B6902939D
:106D50000123019300230093FF230021F86900F031
:106D6000CDF9F869F8F71AF900E000BF2037BD4601
:106D700080BD00BFC4C4010890C5010834C5010826
:106D800080B485B000AF7860334B1B68FB6036E0A1
:106D9000FB6893F82D3003F00103DBB2002B2BD0FE
:106DA000FB6893F82D309B0803F00103DBB2002B46
:106DB00022D0FB6804331B68002B1DD07B681A6847
:106DC000FB6804331B685A40FB6808331B68134098
:106DD000002B01D1FB6838E0FB6893F82D3003F0FD
:106DE0000203002B08D17B681A68FB680C331B6810
:106DF0009A4201D1FB6828E0FB681B68FB60FB68D6
:106E0000002BC5D1154B1B68002B1AD0134B1B68E8
:106E100093F82D3003F00103002B12D00F4B1B68A9
:106E200093F82D3003F00403002B0AD00B4B1B68A2
:106E300004331B68002B04D07B681B68DBB27F2BFC
:106E400001D1002301E0054B1B6818461437BD46ED
:106E50005DF8047B704700BF385F00243C5F00246E
:106E600080B582B000AF78607B6893F82D3003F076
:106E70000103DBB2002B16D07B6804331B68002BA8
:106E800011D00B4B5A697B6804331B689A4208D0B7
:106E9000074B5B697968184600F008FA0346002B37
:106EA00001D0012300E0002318460837BD4680BD0D
:106EB0002830002480B586B000AF786039607B68E8
:106EC0005B687B617B691B781B09DBB2042B04D0F8
:106ED0007868F8F763F8002307E17B691B7803F013
:106EE0000F03DBB29B00DBB2FB817B695B889BB24B
:106EF0001846F6F73DFC0346BB817B681B89BA89BF
:106F00009A4204D2BB8919467868F7F7C1FE7B68BC
:106F10005B89FA899A4207D87B681B89BA899A42A9
:106F200002D8FB89132B04D87868F8F737F80023C8
:106F3000DBE07B691B696F4A53617B69DB686D4AE3
:106F400013616C4B5B6903F0F003E02B12D13B68DB
:106F500093F82D3003F00103DBB2002B07D03B6820
:106F600004331B68002B02D03B683B612AE00023FE
:106F70003B6127E03868FFF773FF0346002B02D020
:106F80003B683B611EE000233B615A4B5B69DBB20F
:106F90007F2B17D0584B1B683B610EE03A693B686A
:106FA0009A4206D03869FFF75BFF0346002B08D1F1
:106FB00000E000BF3B691B683B613B69002BEDD1E2
:106FC00000E000BF4B4B1B693968184600F06EF9B2
:106FD0000346002B05D1474B1B6903F0F003E02B60
:106FE00004D17868F7F7DAFF00237EE03B69002BD5
:106FF00004D17868F7F7D2FF002376E07B69DB885D
:107000009BB21A464FF63F731340002B0BD07868A3
:1070100000F092FC78607B68002B01D1002364E0D3
:107020007B685B687B61334A3B691360314A3B682C
:107030005360304A7B6993607B691B7803F00F03D0
:10704000DBB29B00DBB21A462A4B9A81FB891946B8
:107050007868F7F71DFF7B695B7A112B06D0112B3F
:1070600013DC012B0CD0062B05D00EE039687868B4
:10707000FEF742FC26E039687868FAF769F821E003
:1070800039687868FFF7C8FC1CE01A4B5B693969FE
:10709000184600F00BF90346002B0FD1154B5B6926
:1070A00003F0F003E02B09D0B7F90E3019467868E9
:1070B000F7F761FF02217868FFF7CEFD7868F7F7F0
:1070C0006DFF00BF0B4B00221A600A4B00225A6072
:1070D000084B00229A60074B00229A81054B002240
:1070E0001A61044B00225A61002318461837BD4626
:1070F00080BD00BF28300024385F002480B58AB0EE
:1071000004AFF860B9607A60FB70BB687B617B6834
:10711000002B09D0BB68002B03D0BB681B68002B79
:1071200002D1BB6A04337B61FA78BB6A029397F899
:107130002430019397F82030009313467A687969D8
:10714000F86800F005F8034618461837BD4680BDBC
:1071500080B588B000AFF860B9607A60FB70FB68FA
:107160009B7B012B06D04B4B4FF455724A494B4841
:1071700001F054FA7B68002B60D014237B83142128
:10718000F868F7F775FE0346002B02D06FF0010395
:107190007CE0FB685B68FB61FB685B89132B06D8AE
:1071A0003C4B4FF462723E493C4801F037FAFB69B0
:1071B000FA781A72FB6997F82C205A727B681A6861
:1071C000FB691A617B8B9B089BB2DBB243F04003E7
:1071D000DAB2FB691A70FB6997F828205A70FB68CD
:1071E0001B891846F6F7C4FA03461A46FB695A800B
:1071F000FB6900229A710022DA712A4B1B8818461B
:10720000F6F7B6FA03461A46FB699A80254B1B88A7
:1072100001339AB2234B1A80BB68002B04D1224B56
:107220001A68FB69DA6003E0BB681A68FB69DA6018
:10723000FB6900229A720022DA720FE0FB685B8918
:10724000132B02D86FF0010320E0FB685B68FB6141
:10725000FB691B697B6107F114037B603B6B9B8CB3
:10726000002B0CD0FB681A893B6B9B8C9A4206D989
:107270007A68396BF86800F053FD034606E03B6B13
:107280005B697A68F968386B984703461846203777
:10729000BD4680BDBCC50108F0C50108FCC501089C
:1072A00024C601089660002424CA010880B485B071
:1072B00000AF786039607B68FB607B68B3F1FF3FAB
:1072C00002D07B68002B01D101232AE03B6893F8B0
:1072D0002D3003F00203002B01D1002321E03B6895
:1072E00004331B687A689A4201D1002319E0FA68D6
:1072F0003B6804331B685A403B6808331B681340E3
:10730000002B0DD13B6808331B68DA437B681A40B9
:107310003B6808331B68DB439A4201D1012300E03C
:10732000002318461437BD465DF8047B7047000003
:1073300080B584B000AF0023BB60124B1B68FB60BC
:1073400018E0FB68DB7F002B0BD0FB68DB7F013B89
:10735000DAB2FB68DA77FB68BB60FB681B68FB602E
:1073600008E0FB687B60FB681B68FB60B9687868B5
:1073700000F00AF8FB68002BE3D100BF00BF103714
:10738000BD4680BD9860002480B588B000AF7860AD
:1073900039600023FB833A687B689A4205D1454BEC
:1073A000AB224549454801F039F93B68002B0AD02A
:1073B0003B681B687A689A4205D03E4BAD22404933
:1073C0003E4801F02BF97B685B685B687B617B69F9
:1073D0009B889BB2002B2AD17B685B68BB617B6971
:1073E0001A687B685A60BB6958687B680833142246
:1073F000194601F048FA0121B869FFF73DFCB86968
:10740000F7F754FE03467B82FA8B7B8A1344B3F56D
:10741000803F05DB274BBC222A49284801F0FEF8B3
:10742000FA8B7B8A1344FB83B869F7F7B7FD7B6857
:107430005B68BB611FE0BB695B687B61BB69FB602C
:107440007B691B68BB61F868F7F730FE03467B82F7
:10745000FA8B7B8A1344B3F5803F05DB154BCC22B6
:107460001849164801F0DAF8FA8B7B8A1344FB833B
:10747000F868F7F793FDBB69002BDCD139687868B1
:1074800000F0C2F8104B1B88FA8B9A4205D9094BC1
:10749000D2220E49094801F0C1F80B4B1A88FB8B28
:1074A000D31A9AB2084B1A80FB8B18462037BD4678
:1074B00080BD00BF54C6010890C601089CC60108E3
:1074C000C4C60108D8C601089C600024F8C601089B
:1074D00080B58AB000AF7860396000237B610023FB
:1074E0003B620023FB610023BB6100233B61284B0F
:1074F0001B687B6230E07B6A5A697B68DB689A4272
:107500000CD17B6A9A697B681B699A4206D17B6AB7
:107510009A897B689B889BB29A4214D03B6901335D
:107520003B613B6A002B04D17B6A3B62FB69BB6118
:1075300009E07B6ADA7F3B6ADB7F9A4203D87B6A89
:107540003B62FB69BB617B6A1B68002B01D07B6AD5
:10755000FB617B6A1B687B627B6A002BCBD13B6A39
:10756000002B08D0B969386AFFF70EFFF8607A6916
:10757000FB6813447B617A693B689A4202DA3B6993
:10758000012BACDC7B6918462837BD4680BD00BFA7
:107590009860002480B584B000AF78603960042022
:1075A000F6F716FEF860FB68002B10D13968786892
:1075B000FFF78EFF02463B68934203DC0420F6F798
:1075C00007FEF860FB68002B01D1002316E02022A3
:1075D0000021F86801F087F8FB680F22DA77094B81
:1075E0001A68FB681A60074AFB681360FB68083377
:1075F00014227968184601F046F9FB6818461037DE
:10760000BD4680BD9860002480B582B000AF786030
:107610003960104B1B687A689A4204D17B681B68FA
:107620000C4A13600DE03B68002B06D10A4B40F278
:1076300045120A490A4800F0F1FF7B681A683B6866
:107640001A6079680420F6F733FE00BF0837BD469C
:1076500080BD00BF9860002454C601081CC7010803
:107660009CC6010880B58CB000AFF860B9607A6044
:107670000023BB6201233B62BB685B68FB61FB6963
:107680005B889BB21846F6F773F803467B83FB6969
:107690001B7803F00F03DBB29B007B767B7E9BB2F3
:1076A0007A8B9A4202D24FF0FF3335E17B7E9BB258
:1076B0007A8BD31A7B83FB69DB889BB21846F6F77B
:1076C00057F80346C3F30C039BB2DB00FB82BB6895
:1076D0005B68FB62FB6A00221A7000225A7000226B
:1076E0009A700022DA70FB6AFA8A9A80FA8A7B8B97
:1076F00013449AB2FB6ADA80FB6ADB889BB2FA8A8F
:107700009A4202D94FF0FF3306E1FB685B687B6267
:1077100068E07B6A5B683B61FB6A9B889AB23B6965
:107720009B889BB29A4235D2FB6A7A6A1A60BB6A1E
:10773000002B20D0FB6A9B889AB2BB6ADB889BB285
:107740009A4207D3FB6ADB889AB23B699B889BB25B
:107750009A4202D94FF0FF33DEE0BB6ABA681A6082
:10776000BB6ADB889AB2FB6A9B889BB29A423DD087
:1077700000233B623AE0FB6ADB889AB23B699B8854
:107780009BB29A4202D94FF0FF33C5E0FB68BA685A
:107790005A602BE0FB6A9B889AB23B699B889BB23C
:1077A0009A4202D14FF0FF33B6E0FB6A9B889AB24F
:1077B0003B69DB889BB29A4202D24FF0FF33ABE0C9
:1077C000BB6A002B09D0BB6ADB889AB23B699B88F5
:1077D0009BB29A4201D000233B623B691B687B62EB
:1077E0003B69BB627B6A002B93D100E000BF7B6AE0
:1077F000002B2DD1BB6A002B1CD0BB6ADB889AB250
:10780000FB6A9B889BB29A4206D9454B4FF4DB72C8
:107810004449454800F002FFBB6ABA681A60BB6A77
:10782000DB889AB2FB6A9B889BB29A4210D00023F5
:107830003B620DE0FB685B68002B06D0384B4FF4D1
:10784000DF723A49384800F0E9FEFB68BA685A60CE
:107850007B68002B05D1FB689B7F03F00103002BA5
:1078600059D03B6A002B4FD0FB685B68002B06D0D9
:10787000FB685B685B689B889BB2002B02D000238F
:107880003B6241E0FB6ABB62FB6A1B687B6212E001
:107890007B6A5B68FB62BB6ADB889AB2FB6A9B8887
:1078A0009BB29A4202D000233B6207E0FB6ABB62B4
:1078B000FB6A1B687B627B6A002BE9D13B6A002B69
:1078C00022D0FB685B68002B06D1154B40F2DF121B
:1078D0001749154800F0A2FEFB685B685B68FA6A0E
:1078E0009A4206D10E4B4FF4F07211490E4800F047
:1078F00095FEFB6A1B68002B06D0094B4FF4F17212
:107900000C49094800F08AFE3B6A002B14BF012392
:107910000023DBB200E0002318463037BD4680BDAF
:1079200054C6010838C701089CC6010858C7010899
:1079300090C70108A0C7010880B58EB000AF78607D
:107940007B685B68BB62BB6A1B7803F00F03DBB22A
:107950009B00DBB2142B40F07181BB6ADB889BB2C9
:107960001846F5F705FF0346C3F30C039BB2DB0093
:10797000FB84BB6A5B889BB21846F5F7F9FE0346A9
:10798000BB84BB6A1B7803F00F03DBB29B0087F854
:10799000233097F823309BB2BA8C9A42C0F05081C2
:1079A00097F823309BB2BA8CD31ABB847868F7F768
:1079B0007DFB03463B848C4B1B881A463B8C13444F
:1079C0000A2B10DD3B8C1946B86AFFF781FD034690
:1079D000002B00F03781844B1B881A463B8C1344E4
:1079E0000A2B00F32F81814B1B683B6315E03B6B37
:1079F0005A69BB6ADB689A420CD13B6B9A69BB6AD5
:107A00001B699A4206D13B6B9A89BB6A9B889BB2E1
:107A10009A4206D03B6B1B683B633B6B002BE6D165
:107A200000E000BF3B6B002B09D13B8C1946B86AC4
:107A3000FFF7B0FD38633B6B002B1CD105E1BB6A3F
:107A4000DB889BB21846F5F793FE0346C3F30C039D
:107A5000002B10D13B6BDB891846F5F789FE0346F6
:107A6000C3F30C03002B06D03B6B08331422B96A16
:107A7000184600F008FFBB6ADB889BB203F02003C6
:107A8000002B0CBF01230023DBB2FB61FB69002B41
:107A90000ED0FA8CBB8C13447B837A8BFB8C9A427E
:107AA000C0F0A0807B8B4FF6EB72934200F29A807D
:107AB000FA697968386BFFF7D5FD78617B69B3F1B6
:107AC000FF3F00F09B80484B1A883B8C13449AB2CE
:107AD000454B1A80FB69002B0DD0FA8CBB8C1344EC
:107AE0007B823B6B7A8A9A833B6B9B7F43F00103DB
:107AF000DAB23B6B9A777B69012B71D13B6B9B8B25
:107B000014333B823B6B5B685B681B687B633B6B3E
:107B10005B685B68BB623B6B083314221946B86A2A
:107B200000F0B1FE3B8A1846F5F722FE03461A46DE
:107B3000BB6A5A80BB6A00229A710022DA71BB6A62
:107B400000229A720022DA723B6B5B687B600DE068
:107B50007B6B5B68FB601421786BF7F799F9796BA5
:107B60007868F7F7DDFAFB681B687B637B6B002B9B
:107B7000EED11E4B1B683A6B9A4202D10023FB6286
:107B800010E01A4B1B68FB6207E0FB6A1B683A6B4C
:107B90009A4206D0FB6A1B68FB62FB6A002BF4D199
:107BA00000E000BFF96A386BFFF72EFD7868F7F741
:107BB0007DFA03463B840C4B1B883A8C9A4206D9CB
:107BC0000B4B40F29B220B490B4800F027FD064B64
:107BD0001A883B8CD31A9AB2034B1A807B6838E020
:107BE000002336E000BF0AE09C6000249860002477
:107BF00054C60108C4C701089CC6010800BF3B6BFE
:107C0000002B06D1154B4FF42A721549154800F088
:107C100005FD3B6B5B68002B16D1134B1B683A6B61
:107C20009A4206D00D4B40F2AB2210490D4800F0AD
:107C3000F5FC0021386BFFF7E7FC06E000BF04E02D
:107C400000BF02E000BF00E000BF7868F7F7A6F9C8
:107C5000002318463837BD4680BD00BF54C6010812
:107C6000E0C701089CC6010898600024ECC7010821
:107C700080B500AF0520F6F7ABFA0346184680BD85
:107C800080B582B000AF78607B68002B06D1074BCF
:107C90004FF431720649074800F0C0FC79680520AE
:107CA000F6F706FB00BF0837BD4680BD54C6010885
:107CB0000CC801089CC6010880B584B000AF78608C
:107CC0007B68FB60FB68002B06D1114B40F2CE2293
:107CD0001049114800F0A2FCFA687B689A4206D06D
:107CE0000B4B40F2CF220D490B4800F097FCFB688C
:107CF0005B69002B04D0FB685B691846F7F74EF907
:107D0000F868FFF7BDFF00BF1037BD4680BD00BF5C
:107D100054C6010818C801089CC6010824C80108F7
:107D200080B594B002AFF860B9607A600023A7F81C
:107D30004630BB689B8C143B002B00DA0733DB100A
:107D40007B871423FB87FB685B687B637B6B3B63F0
:107D50003B6B1B7803F00F03DBB29B00DBB2142BF1
:107D600002D06FF0050310E1FB685B89132B09D883
:107D7000884B4FF43F728849884800F04FFC6FF001
:107D8000050302E13B6BDB889BB21846F5F7F0FC7C
:107D90000346BB87BB8FC3F30C03A7F84030BB8FF0
:107DA00003F40053FB62FB681B89143BA7F84230C5
:107DB000E1E07B8FDB009BB2B7F84220934228BF03
:107DC00013467B854FF4207214210E20F6F702FE35
:107DD00078627B6A002B00F0D5807B6A5B89132B6D
:107DE00006D86C4B4FF449726D496C4800F016FC94
:107DF0007B6A5B681422796B184600F044FD7B6A4D
:107E00005B683B637B8DA7F8443064E0FB685A896C
:107E1000FB8FD31AFB83FB685B89FA8F9A4206D9E2
:107E20005C4B40F22D325F495C4800F0F7FBFA8B67
:107E3000B7F84430934228BF1346A7F84630B7F846
:107E40004630002B05D10023FB87FB681B68FB60D5
:107E500041E0FFF70DFFB861BB69002B03D1786AE1
:107E6000F7F79CF88FE0B869FB685A68FB8F1344FA
:107E7000B7F84610B7F84620019200930346412216
:107E80000020F6F7D1FE78617B69002B06D1B86936
:107E9000FFF7F6FE786AF7F781F874E0F868F7F70D
:107EA0001DF9BB69FA685A61BB693F4A1A61796971
:107EB000786AF7F735F9B7F84420B7F84630D31A9F
:107EC000A7F84430B7F84430002B04D00023FB87D8
:107ED000FB681B68FB60B7F84430002B96D1FA8F23
:107EE000B7F846301344FB87BB689B8CA3F11302A1
:107EF000B7F842309A42CCBF01230023DBB23B6289
:107F0000B7F84030C3F30C03BB873B6A002B02D0A9
:107F1000FB6A002B03D0BB8F43F40053BB87BB8F9E
:107F20001846F5F725FC03461A463B6BDA807B8D35
:107F300014339BB21846F5F71BFC03461A463B6BFD
:107F40005A803B6B00229A720022DA72BB685B692E
:107F50007A68796AB8689847786AF7F71FF8B7F8C7
:107F600042207B8DD31AA7F84230B7F840207B8F90
:107F70001344A7F84030B7F84230002B7FF419AF14
:107F8000002302E000BF4FF0FF3318464837BD46DC
:107F900080BD00BF54C6010830C801089CC6010856
:107FA0004CC801086CC80108B97C010880B586B0CE
:107FB00000AF786039600E23FB827B685B890E2BF3
:107FC0006ED97B68DB7B002B06D13B6893F83030A1
:107FD0000133DAB27B68DA737B685B683B613B69CB
:107FE0001A7B5B7B1B021343FB813B691B7803F00D
:107FF0000103002B23D03B691B78012B0FD13B6978
:108000005B78002B1BD13B699B785E2B17D17B687B
:108010005B7B43F01003DAB27B685A730FE03B6975
:1080200006222849184600F04EFB0346002B06D1D5
:108030007B685B7B43F00803DAB27B685A73FB8989
:10804000082B03D0B3F5C16F14D032E03B6893F82E
:108050002D3003F00803002B24D0FB8A19467868E2
:10806000F6F716FF0346002B1ED139687868FEF735
:1080700021FF13E03B6893F82D3003F00803002B39
:1080800014D0FB8A19467868F6F702FF0346002BE6
:108090000ED139687868FEF79BF800BF00230CE02A
:1080A00000BF06E000BF04E000BF02E000BF00E048
:1080B00000BF7868F6F772FF002318461837BD46F0
:1080C00080BD00BF28CA010880B586B000AFF86047
:1080D000B9607A603B603B8C1846F5F749FB034674
:1080E000FB820E21B868F6F7C3FE0346002B25D1AC
:1080F000BB685B683B613B69FA8A9A813B690622EF
:108100003968184600F0BFFB3B69063306227968E0
:10811000184600F0B8FBFB6893F82C30062B06D00D
:108120000A4B4FF499720A490A4800F077FAFB6843
:108130009B69B968F8689847034602E000BF6FF092
:10814000010318461837BD4680BD00BF7CC8010832
:10815000B4C80108E8C801080A22002100F092B959
:10816000024B0A460146186800F002B8600000247D
:1081700070B5A1FB02543CB9294600F03FF8064611
:1081800028B90026304670BD0C220260F9E72A4665
:10819000214600F0A8FAF5E7024B0146186800F006
:1081A0002DB800BF60000024024B0146186800F0A3
:1081B00097BB00BF6000002470B50F4E0C463168BD
:1081C000054611B900F008FB30602146284600F052
:1081D00003FB431C03D14FF0FF34204670BDC41C89
:1081E00024F00304A042F8D0211A284600F0F4FA43
:1081F0000130F2D1EFE700BFA06000242DE9F84381
:10820000CD1C25F0030508350C2D38BF0C25002D9D
:10821000064601DBA94204D90C2333600020BDE8E7
:10822000F883DFF8D48000F069F8D8F800301C46F5
:1082300044BB29463046FFF7BFFF431C044658D1D4
:10824000D8F800402746002F43D1002C4BD023689C
:108250003946304604EB030900F0BEFA814542D1AD
:1082600021686D1A29463046FFF7A6FF01303AD043
:1082700023682B442360D8F800305A6862BBC8F8E2
:1082800000700FE02268521B20D40B2A17D9611905
:10829000A342256018BF5960636808BFC8F8001082
:1082A00062514B60304600F02FF804F10B00231DA3
:1082B00020F00700C21A1CBF1B1AA350AFE7626868
:1082C000A3420CBFC8F800205A60EBE7234664685D
:1082D000AEE73C467F68B6E71A465B68A342FBD12F
:1082E00000235360DEE70C233360304600F00CF8C7
:1082F00094E70560D6E700BFA4600024014800F0C1
:10830000B8BA00BFE8610024014800F0B3BA00BF6A
:10831000E8610024164B10B51C68236BB3B9182014
:10832000FFF73AFF0246206320B9124B1248522150
:1083300000F0B8FA1149124BC0E90013114B8360E9
:108340000B23838100210120C2E90401216B0E4827
:108350000B694C690D4A584302FB0400A3FB02322F
:10836000013340EB0200C1E9043020F0004010BDB1
:108370006000002436CA01084DCA01080E33CDAB97
:1083800034126DE6ECDE05002DF451582D7F954C2E
:10839000242B2DE9F0478646904601D8012B06D1C3
:1083A00000F03CFA162303600020BDE8F087344853
:1083B0000D462A4615F8014B065D16F00806F8D161
:1083C0002D2C2DD12C780126951C33F0100209D1CB
:1083D000302C2AD12A7802F0DF02582A25D16C7875
:1083E0001023023506F1004C0CF1FF3C0022BCFBCF
:1083F000F3F9104603FB19CAA4F13007092F1BD863
:108400003C46A34227DD571C07D0814520D301D12C
:10841000A2451DDB00FB0340012215F8014BEBE7F1
:108420002B2C04BF2C78951CCFE7002BDAD1302CF5
:108430000CBF08230A23D5E7A4F14107192F01D85F
:10844000373CDEE7A4F16107192F04D8573CD8E781
:108450004FF0FF32E1E7531C08D12223CEF8003061
:108460006046B8F1000FA0D0691E06E006B1404298
:10847000B8F1000F99D0002AF6D1C8F8001094E79F
:10848000A6CA010813460A46014602480068FFF7DB
:108490007FBF00BF60000024002310B50446C0E980
:1084A0000033C0E90433836081814366C281836104
:1084B000194608225C3000F016F90D4B63620D4B33
:1084C000A3620D4BE3620D4B23630D4B24629C4270
:1084D00006D003F16802944202D0D0339C4205D109
:1084E00004F15800BDE8104000F0C2B910BD00BF53
:1084F00041860108638601089B860108BF86010842
:10850000A8600024024A0349034800F069B800BF8C
:10851000540000241D9001086400002441680C4BA5
:10852000994210B5044601D000F078FDA168094BCE
:10853000994202D0204600F071FDE168064B994255
:1085400004D02046BDE8104000F068BD10BD00BF5B
:10855000A8600024106100247861002410B50B4B42
:108560000B4C0C4A1A60204600220421FFF794FFAE
:1085700004F1680001220921FFF78EFF04F1D00009
:108580000222BDE810401221FFF786BFE0610024FF
:10859000A860002405850108014800F06AB900BF01
:1085A000E9610024014800F065B900BFE9610024D9
:1085B00010B50446FFF7F0FF236A1BB1BDE8104079
:1085C000FFF7F0BF044B2362044B1B68002BF5D16F
:1085D000FFF7C4FFF2E700BF1D850108E06100243A
:1085E0002DE9F8430746884614460026D4E901954C
:1085F000B9F1010905D52468002CF7D13046BDE852
:10860000F883AB89012B07D9B5F90E30013303D0BC
:1086100029463846C04706436835E9E70FB407B531
:10862000064904AB086853F8042B8168019300F0F5
:10863000CBF903B05DF804EB04B070476000002490
:1086400010B50C46B1F90E1000F0B4F80028ABBF1D
:10865000636DA3891B1823F48053ACBF6365A381AA
:1086600010BD2DE9F0411F468B89DB0505460C4600
:10867000164605D5B1F90E100223002200F088F845
:10868000A389B4F90E1023F48053A38132463B46EC
:108690002846BDE8F04100F0AFB810B50C46B1F97E
:1086A0000E1000F075F8431CA38915BF606523F414
:1086B000805343F48053A38118BFA38110BDB1F947
:1086C0000E1000F055B810B501390244904201D1A6
:1086D000002005E0037811F8014FA34201D0181BD8
:1086E00010BD0130F2E702440346934200D17047C7
:1086F00003F8011BF9E7000030B50B4D044614F8F0
:10870000013BEA5C02F00302012A11F8012BA85C8C
:1087100000F0030008BF2033012808BF2032981A58
:1087200001D1002AEBD130BDA6CA010810B502461E
:10873000147813460132002CFAD1013B11F8012BB9
:1087400003F8012F002AF9D110BD10B501390346F5
:1087500032B111F8014F03F8014B013A002CF7D167
:108760001A440021934200D110BD03F8011BF9E720
:1087700038B5064D0023044608462B60ECF734F864
:10878000431C02D12B6803B1236038BDE46100248F
:1087900038B5074D04460846114600222A601A469D
:1087A000ECF749F8431C02D12B6803B1236038BDB4
:1087B000E461002438B5074D0446084611460022FE
:1087C0002A601A46EBF7D7FF431C02D12B6803B18E
:1087D000236038BDE461002438B5064D002304460B
:1087E00008462B60ECF734F8431C02D12B6803B128
:1087F000236038BDE461002438B5074D04460846BF
:10880000114600222A601A46EBF7D2FF431C02D120
:108810002B6803B1236038BDE4610024014B186864
:10882000704700BF6000002470B50D4D0D4C641BF7
:10883000A4100026A64209D10B4D0C4C01F068FA99
:10884000641BA4100026A64205D170BD55F8043B58
:1088500098470136EEE755F8043B98470136F2E7B2
:1088600068ED010868ED010868ED01086CED01088C
:10887000704770477047034611F8012B03F8012B2E
:10888000002AF9D170470A44914200F1FF3300D128
:10889000704710B511F8014B03F8014F9142F9D11F
:1088A00010BD00001FB514461A46094B1B6805464B
:1088B000D86854B9074B1C46CDE9013400912B46CA
:1088C000054900F0D3FB00F077FC044BF4E700BF50
:1088D00060000024E1CB0108B3CB0108A6CB01085E
:1088E00038B50546002941D051F8043C0C1F002B37
:1088F000B8BFE418FFF702FD1D4A136833B963607F
:1089000014602846BDE83840FFF7FEBCA34208D9F2
:10891000206821188B4201BF19685B680918216023
:10892000EDE71A465B680BB1A342FAD911685018FB
:10893000A0420BD120680144501883421160E0D15D
:1089400018685B68536008441060DAE702D90C23AA
:108950002B60D6E7206821188B4204BF19685B683A
:10896000636004BF091821605460CAE738BD00BFC6
:10897000A46000249368013B002B10B4936008DAD4
:108980009469A34201DB0A2903D15DF8044B00F08E
:108990007FBB1368581C1060197008465DF8044BC3
:1089A0007047F8B506460F461446D518AC4201D1BB
:1089B000002007E014F8011B3A463046FFF7DAFFC3
:1089C000431CF3D1F8BD00002DE9F04F0D469DB0DA
:1089D00014469846064618B1036A0BB9FFF7E8FD3E
:1089E0006B6ED90705D4AB899A0502D4A86DFFF741
:1089F00040FFAB891B0701D52B699BB9294630463F
:108A000000F084FB70B16B6EDC0704D54FF0FF30D3
:108A10001DB0BDE8F08FAB899805F7D4A86DFFF7BE
:108A200029FFF3E70023099320238DF82930CDF89F
:108A30000C803023DFF8AC818DF82A304FF001092B
:108A400023469A4613F8012B0AB1252AF9D1BAEB2D
:108A5000040B0BD05B46224629463046FFF7A1FFA8
:108A6000013000F0A780099A5A4409929AF8003020
:108A7000002B00F09F8000234FF0FF32CDE905234B
:108A80000AF1010A049307938DF853301A93544660
:108A9000052214F8011B5348E7F73AFC049AD8B9A9
:108AA000D10644BF20238DF85330130744BF2B2336
:108AB0008DF853309AF800302A2B15D0079A544677
:108AC00000204FF00A0C214611F8013B303B092BE6
:108AD0004BD9B0B1079214E0A0EB080309FA03F3F5
:108AE00013430493A246D2E7039B191D1B6803910D
:108AF000002BBBBF5B4242F0020207930793B8BF53
:108B0000049223782E2B0AD163782A2B32D1039B2F
:108B10001A1D1B68039243EAE37302340593DFF8DE
:108B2000D4A0217803225046E7F7F2FB38B1049B2A
:108B3000A0EB0A004022824013430134049314F84E
:108B4000011B29488DF828100622E7F7E1FB0028D1
:108B50003FD0264B1BBB039B073323F0070308338F
:108B60000393099B3B4409936AE70CFB02320C46D2
:108B70000120A8E700230134059319464FF00A0CA1
:108B8000204610F8012B303A092A03D9002BC6D011
:108B90000591C4E70CFB012104460123F0E703AB78
:108BA00000932A46124B04A93046AFF300800746D3
:108BB000781CD6D16B6ED90705D4AB899A0502D43F
:108BC000A86DFFF757FEAB895B063FF51FAF09980D
:108BD0001EE703AB00932A46054B04A9304600F07C
:108BE00079F8E4E7E2CB0108ECCB010800000000D3
:108BF000A3890108E8CB01082DE9F04716469846FD
:108C00008A680B69DDF820909342B8BF1346336041
:108C100091F8432007460C460AB1013333602368BC
:108C2000990642BF336802333360256815F00605A4
:108C300006D104F1190AE36832689B1AAB4226DCBC
:108C400094F843302268003B18BF012392062BD4CE
:108C500004F1430241463846C84701301ED023681C
:108C6000226903F00603042B02BFE5683368ED1A9E
:108C7000A3680CBF25EAE57500259342C4BF9B1A83
:108C8000ED1800261A34B5421AD1002008E001235D
:108C9000524641463846C847013003D14FF0FF30B5
:108CA000BDE8F0870135C6E7E1185A1C302081F88D
:108CB0004300224494F8451082F843100233C7E77A
:108CC0000123224641463846C8470130E6D00136E6
:108CD000D9E700002DE9FF470F7E0C9E782F9146C3
:108CE00080460C469A4601F1430207D8622F0AD803
:108CF000002F00F0D280582F00F0B98004F1420616
:108D000084F842703AE0A7F16303152BF6D801A16D
:108D100051F823F06D8D0108818D0108FD8C01084B
:108D2000FD8C0108FD8C0108FD8C0108818D010876
:108D3000FD8C0108FD8C0108FD8C0108FD8C0108EB
:108D4000818E0108AB8D01083B8E0108FD8C010866
:108D5000FD8C0108A38E0108FD8C0108AB8D010874
:108D6000FD8C0108FD8C0108438E010833681A1D33
:108D70001B68326004F1420684F8423001239DE012
:108D800033682068191D3160060601D51D6803E0AF
:108D90004506FBD5B3F90050002D03DA2D236D42B3
:108DA00084F8433059480A2311E0216833680806E3
:108DB00053F8045B02D4490648BFADB26F2F534845
:108DC000336014BF0A230823002184F84310666827
:108DD000A660002EA2BF216821F0040121600DB918
:108DE000002E4BD01646B5FBF3F103FB1157C75DC0
:108DF00006F8017D2F46BB420D46F4D9082B0BD156
:108E00002368DF0708D5236961689942DEBF3023F4
:108E100006F8013C06F1FF36921B2261CDF800A056
:108E20004B4603AA21464046FFF7E6FE01304AD1F1
:108E30004FF0FF3004B0BDE8F087236843F0200313
:108E400023603348782784F84570236831681F060B
:108E500051F8045B02D45F0648BFADB23160D90758
:108E600044BF43F0200323601DB11023ACE7274823
:108E7000E9E7236823F020032360F6E71646BDE701
:108E8000336825686169181D30602E061B6801D59E
:108E9000196002E06806FBD519800023236116469D
:108EA000BCE733681A1D32601E68626800213046D4
:108EB000E7F72EFA08B1801B606063682361002326
:108EC00084F84330AAE72369324649464046D047F2
:108ED0000130ADD023689B0713D4E068039B984210
:108EE000B8BF1846A6E70123324649464046D04758
:108EF00001309DD00135E36803995B1AAB42F2DC87
:108F0000EBE7002504F11906F5E700BFF3CB0108F4
:108F100004CC0108B1F90C202DE9F04116070546F3
:108F20000C4654D44B68002B02DC0B6C002B48DD44
:108F3000E66A002E45D0002312F480522F68216A81
:108F40002B6030D0626DA389590705D56368D21AAA
:108F5000636B0BB1236CD21A0023E66A216A2846A0
:108F6000B047431CA38906D129681D292BD82A4A5A
:108F70000A41D60727D400226260D9042269226000
:108F800004D5421C01D12B6803B96065616B2F6069
:108F9000B9B104F14403994202D02846FFF7A0FC7E
:108FA000002363630DE001232846B0470246501CAE
:108FB000C9D12B68002BC6D01D2B01D0162B1ED17A
:108FC0002F60002022E043F040031BB21BE00F693A
:108FD000002FF6D093070E6808BF4B690F6018BFCB
:108FE0000023A6EB07088B60B8F1000FE9DD216ACA
:108FF000A66A43463A462846B047002808DCB4F93A
:109000000C3043F04003A3814FF0FF30BDE8F08106
:109010000744A8EB0008E7E7FEFFBFDF38B50B69A0
:1090200005460C4613B90025284638BD18B1036A19
:109030000BB9FFF7BDFAB4F90C30002BF3D0626E18
:10904000D00704D4990502D4A06DFFF712FC28467E
:109050002146FFF75FFF636EDA070546E4D4A38974
:109060009B05E1D4A06DFFF705FCDDE70EB403B569
:10907000014603AB054853F8042B00680193FFF742
:10908000A3FC02B05DF804EB03B07047600000245D
:10909000F8B50E461446054618B1036A0BB9FFF73A
:1090A00087FAA369A360A3891A0701D5236943B985
:1090B0002146284600F02AF818B14FF0FF3738460D
:1090C000F8BD23682269981A6369F6B2834237466D
:1090D00005DC21462846FFF7A1FF0028EDD1A36853
:1090E000013BA36023685A1C22601E706269431C06
:1090F0009A4204D0A389DB07E1D50A2EDFD12146AD
:109100002846FFF78BFF0028D9D0D6E738B5294B82
:10911000054618680C4618B1036A0BB9FFF748FA00
:10912000B4F90C30190722D4DA0607D409222A60D0
:1091300043F04003A3814FF0FF3033E0580712D5CE
:10914000616B41B104F14403994202D02846FFF714
:10915000C7FB00236363A38923F02403A3810023B7
:10916000636023692360A38943F00803A381236913
:109170004BB9A38903F42073B3F5007F03D02146D4
:10918000284600F046F8B4F90C3013F001020AD07A
:109190000022A26062695242A261226942B913F0C0
:1091A0008000C5D138BD990758BF6269A260F4E755
:1091B0000020F7E76000002408B5062000F08EF8D4
:1091C0000120EBF7CDFA70B50C46B1F90E1000296D
:1091D00096B015461E460DDAA38913F0800F4FF0A6
:1091E000000114BF40234FF48063002031602B60E6
:1091F00016B070BD6A4600F079F80028ECDB0199E2
:1092000001F47041A1F50053594259414FF4806374
:10921000EBE78B89F7B59D0706460C4607D504F1A9
:109220004703236023610123636103B0F0BD01ABF9
:109230006A46FFF7C8FF009F054639463046FEF7ED
:10924000DDFF48B9B4F90C309A05EED423F00303DE
:1092500043F00203A381E2E7A389206043F0800387
:10926000A381019BC4E904075BB1B4F90E10304639
:1092700000F04EF828B1A38923F0030343F0010363
:10928000A381A3891D43A581CFE71F2938B50546D2
:109290000C4604D9162303604FF0FF3038BDC26B73
:1092A00012B152F821304BB9284600F053F822464B
:1092B00001462846BDE8384000F03AB8012B0AD0F4
:1092C000591C03D1162303600120E7E7002142F86F
:1092D0002410204698470020E0E70000024B01469A
:1092E0001868FFF7D2BF00BF6000002438B5074DF3
:1092F00000230446084611462B60EBF781FA431C15
:1093000002D12B6803B1236038BD00BFE4610024A3
:1093100038B5064D0023044608462B60EBF780FA6B
:10932000431C02D12B6803B1236038BDE4610024E3
:1093300038B5074D00230446084611462B60EBF76D
:10934000FDF9431C02D12B6803B1236038BD00BF77
:10935000E4610024EBF7EAB908B52DED028BB0EE1D
:10936000408B00F0FDFAB4EE488BF1EE10FA0FD608
:10937000B5EEC08BF1EE10FA0AD8B5EE408BF1EEE7
:1093800010FA08D1FFF74AFA9FED090B2223036078
:10939000BDEC028B08BDFFF741FABDEC028B212327
:1093A0000360BDE80840044800F00AB8AFF300804D
:1093B000000000000000F0FFE1CB01080000000009
:1093C0009FED010B704700BF000000000000F87F18
:1093D000C1F30A5240F2FE339A4270B52ADD40F2E0
:1093E00033439A4224DC9B1AA3F120064FF0FF324C
:1093F00002FA03F402FA06F6C3F1200522FA05F593
:1094000034432C439A4020EA020221EA0404224316
:10941000A3F12004C3F120020CD1D84001FA02F3D9
:109420001843E140084300F00100D0F1020070BD94
:109430000220FCE70020FAE72DE9F04F10EE904AF9
:109440002DED0A8B4FEA145811EE90AA08F1FF3265
:1094500040F2FD739A4210EE105A11EE100A87B0D6
:10946000C4464FEA1A5606D8C6F30A03A3F2BE331F
:109470007F2B40F2578102184AEB0A016FF0010B73
:10948000571E41F1FF336FF4001EBB457EEB030313
:1094900042D252EA01034FF000030CD16D1984F45B
:1094A00000246441AB42A3F58013A341C0F08F8038
:1094B000B7EE000B2BE0D44EB44208BF9D4209D159
:1094C00000188AF4002A4AEB0A0A8342CF4B73EB56
:1094D0000A03EBE76D19CE486441AB4270EB04061A
:1094E00075D3814208BF9A4271D1CA4A944208BFDB
:1094F0009D42DDD094426FEA0A0A34BF0024012461
:109500004FEADA7A544540F0DC8121EE010B07B0D6
:10951000BDEC0A8BBDE8F08F6F1944EB04097A1E8D
:1095200069F1000393457EEB030325D220EE000B87
:10953000002C13DA5146FFF74BFF01280ED1B1EE94
:10954000400B57EA09090BD1BAF1000FDFDA07B077
:10955000BDEC0A8BBDE8F04F00F0A2BA0020F0E7A6
:10956000BAF1000FD3DAB7EE006B86EE007B8DED1B
:10957000007B9DED000BCAE7002C2BDA5146FFF76C
:1095800027FF30B907B0BDEC0A8BBDE8F04F00F003
:109590009FBA411E48424841800424F00044C8F369
:1095A0000A0CC6F30A02A2F2BE337F2B2DD9964BCA
:1095B00000209C4208BF85423FF47AAF40F2BD31A3
:1095C0008A420CD8B7EE000BA842A34104D231EE78
:1095D000000B9CE70020E4E730EE410B97E7012DFC
:1095E00074EB030340F2FF7234BF01230023964261
:1095F0008CBF00260126B34200F09C8007B0BDEC72
:109600000A8BBDE8F04F00F043BABCF1000F0AD15D
:109610009FED797B20EE077B53EC172B23F0004462
:109620001546A4F150747C4ABFEE006B224413151A
:10963000C2F3463103EE103A120D784B120503EBDC
:109640004116A71A03EB411292ED125B96ED187BBF
:109650002E1E47EC146B92ED162BA4EE056B93EDCA
:10966000005BB8EEC33BA3EE052B93ED025B36EE39
:10967000024B32EE442BA3EE057B93ED045B32EEFE
:10968000062B37EE027B26EE055B26EE050B34EE4D
:10969000008BB0EE409B34EE484B96EE059B34EECB
:1096A00000AB93ED065B26EE00BB37EE097B93ED36
:1096B000084B37EE0A7B93ED0C3BA6EE045B93ED73
:1096C0000A4B93ED10CBA6EE034B93ED0E3BA6EEAB
:1096D0000C3BA0EE034BA0EE045BABEE057B38EE3B
:1096E000074B21EE046B16EE903AB0EE465BC3F3E7
:1096F0000A566FF47272B2183E2A91EE045B38EE8D
:10970000448B38EE078BA1EE085B1BD9002A0BDADD
:10971000B7EE000B36EE000B00283FF4F8AEB1EECA
:10972000400BF4E600207EE7B6F5816F09D9002BE7
:10973000BFF664AF07B0BDEC0A8BBDE8F04F00F098
:109740009FB90026364991ED024B91ED003BB0EEFA
:10975000447BA6EE037B17EE105A37EE447B91ED67
:10976000044B05F07F03A7EE046B91ED064BDC186C
:1097700004F10F0301EBC404A7EE046B91ED0A3B67
:1097800035EE065B25EE056B94ED1C7B91ED084BE9
:1097900035EE077B01EBC302A5EE034B91ED0E3BCB
:1097A000A6EE047B26EE066B91ED0C4B51F833C010
:1097B000D2F804E0A5EE034B4019002717EB0C028A
:1097C0000EEB4033A6EE047B002E75D1BD4229DBA3
:1097D00003F1404101F57001104641EC100BA7EE7A
:1097E000000B9FED077B20EE070B07B0BDEC0A8B4B
:1097F000BDE8F04F00F084B90000000000003043E5
:10980000000000000000007F0000F03F0000F0FFBB
:109810000000E0FF0000E07FAB6A19C018CC01082F
:1098200060DC010803F17F5101F50011104641ECA5
:10983000150BB7EE003B27EE056B35EE067BB0EE61
:10984000C74BB4EEC34BF1EE10FA9FED1F0B2AD5B8
:10985000B5EEC07B35EE475BF1EE10FA35EE065BF8
:10986000BFEE004B58BFB0EE434B37EE043B34EE37
:10987000436B36EE076B36EE056B36EE036B36EE5A
:10988000447BB5EE407BF1EE10FA04D1324601F094
:10989000004343EC172B8DED020B9DED026B26EE82
:1098A000006B8DED046B27EE000B07B0BDEC0A8B4F
:1098B000BDE8F04F00F01BB943EC102BA7EE000BF6
:1098C00025E69FED030B22E60000000000001000DB
:1098D000000000000000000010EE903AC3F30A51AF
:1098E000A1F2FF32132A10B510EE104A1DDC002A37
:1098F0000DDA03F00043013204BF43F07F5343F419
:10990000401300221946104641EC100B14E0134896
:10991000104100EA030121430ED04FF4002141FA27
:1099200002F2134423EA0003EBE7332A05DDB2F524
:10993000806F01D130EE000B10BDA1F213414FF04A
:10994000FF30C8402042F7D0C2F1330101228A40E3
:10995000121928BF013322EA0002D3E7FFFF0F00EC
:1099600010B510EE903AB3F5801F2DED028B21DA81
:1099700010EE101A23F000420A4308D19FED226B2B
:109980009FED237B86EE070BBDEC028B10BD002BF9
:1099900002DA30EE406BF3E79FED1F7B20EE070B02
:1099A00010EE903A6FF0350223498B4204DD30EE21
:1099B000000BE9E70022F7E71815A0F2FF3010448A
:1099C000C3F3130140F2FF3400EBD07308EE103AFA
:1099D000A4EBD07053EC102B41EA005343EC102B56
:1099E00000F0A2F89FED0E7B20EE070B9FED0E7BA3
:1099F000B8EEC88BA8EE070B9FED0D7BA8EE070B0A
:109A0000C2E700BFAFF3008000000000000050C3B9
:109A100000000000000000000000000000005043B3
:109A20000EE526157BCBDB3F362BF111F3FE593DBE
:109A300000609F501344D33FFFFFEF7F10B52DED23
:109A4000028BB0EE408B0446FEF7E8FEB0EE480B0A
:109A5000BDEC028B046010BD82B058B1B1EE407B0A
:109A60008DED007B9DED007B222020EE070B02B0E8
:109A7000FFF7E4BFB0EE407BF2E70000000000001B
:109A80009FED010BFFF7E8BF000000000000001091
:109A90009FED010BFFF7E0BF000000000000007029
:109AA00082B00028BFEE006BB7EE007B07FE067B9E
:109AB0008DED007B9DED000B9FED037B222080EE62
:109AC000070B02B0FFF7BABF000000000000000063
:109AD000B0EE407BB4EE477BF1EE10FA30EE406B17
:109AE00086EE060B02D62120FFF7A8BF7047B5EE21
:109AF000400BF1EE10FA02D12220FFF79FBF704712
:109B00009FED076BB0EEC07BB4EE467BF1EE10FA32
:109B100002DD2220FFF792BF704700BFAFF3008045
:109B2000FFFFFFFFFFFFEF7FF0B410EE900A10EE93
:109B3000103A4FF0FF349C4200F14041704C01F567
:109B400090118C412DED028B4FEA10425AD36D4A91
:109B5000904208BF002B00F0C480B7EE007B30EECF
:109B6000470B694B20EE002B93ED126B20EE024B5E
:109B700093ED107BA6EE007B93ED146B93ED185BD9
:109B8000A6EE027B93ED166BA5EE006B93ED1A5BD0
:109B900093ED1E3BA5EE026B93ED1C5BA3EE005B09
:109BA00093ED203BA3EE025B93ED223BA3EE045B1F
:109BB000A5EE046B93ED0E5BA6EE047BB0EE472B97
:109BC0009FED497BB0EE406BB0EE403BA0EE076BE3
:109BD000A0EE476B30EE468B26EE061BA1EE053B52
:109BE00030EE437B30EE060BA1EE057B25EE085BE5
:109BF000A5EE007BA2EE047B33EE070BBDEC028BDF
:109C0000F0BC7047A2F1100447F6DF718C4223D9F3
:109C1000D91840EB0004214305D1BDEC028B012093
:109C2000F0BCFFF73DBF3949884208BF002BE5D0A3
:109C3000130403D447F6F073934304D1BDEC028BB5
:109C4000F0BCFFF745BF9FED2A7B20EE077B53EC6E
:109C5000172BA3F15070134600F140422A49BFEE82
:109C6000005B02F5D012C2F34634150D01EB041C63
:109C70002D059CED247B1E1E471B47EC166B121511
:109C8000A7EE065B07EE902A25EE052BB8EEE76BF4
:109C900091ED004B25EE021B9CED267BA4EE067B8E
:109CA00035EE074B37EE440B91ED027B30EE050BA2
:109CB000A7EE060B91ED047B91ED086BA7EE020B6E
:109CC00091ED067B91ED0C3BA6EE057B91ED0A6BC9
:109CD000A3EE056BA6EE027BA1EE070B30EE040BA4
:109CE0008CE79FED050B89E7000000000000A04114
:109CF00000000000000030430000000000000000F1
:109D0000FF0803000000F03FD0E401080000F07FEE
:109D1000F8B500BFF8BC08BC9E467047F8B500BF58
:089D2000F8BC08BC9E46704728
:109D280000000000706172616D65746572730000F7
:109D38005645520076616C75650000004144430049
:109D4800616463004441430064616300434F4E46CD
:109D580000000000636F6E66000000005049440078
:109D68007069640049000000524900004400000086
:109D78004449520055445400434E565300000000D5
:109D880056544F41000000004F4E54544C00000000
:109D98004954524100000000445354004D4F44457B
:109DA8000000000045524D41580000004143435F08
:109DB80045525200474F46460000000043555200A6
:109DC8004443555200000000534554410000000030
:109DD8004C454D41000000005647000043414C49A6
:109DE800420000004C454D53480000005345545371
:109DF80048000000494D4158000000004754300019
:109E080047543100475435004754313000000000B2
:109E180053415645000000004C4F414400000000EB
:109E280056455252454144004348310061646363DA
:109E380068616E6E656C00004348320052415700FD
:109E4800564F4C540000000041565200434F524FA9
:109E58004E000000434F52464143544F5200000009
:109E68006461636368616E6E656C00004350000056
:109E7800534C50004953000056414C00646F7562C2
:109E88006C6500004D494E004D4158005441424F09
:109E98004E00000069736F6E000000004D455300CE
:109EA8006D6573746162000053495A4500000000F3
:109EB800696E7400434F554E54000000504F5300D4
:109EC8003B0000000A000000D00000242C9D01087F
:109ED800300000000A0000002E2E2F436F72652FFD
:109EE8005372632F7463705365727665725241576B
:109EF8002E63000061726720213D204E554C4C00B6
:109F0800417373657274696F6E202225732220660F
:109F180061696C6564206174206C696E65202564D4
:109F280020696E2025730A002E2E2F4C5749502F7A
:109F38005461726765742F65746865726E657469BB
:109F4800662E63006E6574696620213D204E554C6F
:109F58004C000000417373657274696F6E2022258E
:109F68007322206661696C6564206174206C696E77
:109F78006520256420696E2025730A002E2E2F4D3A
:109F88006964646C6577617265732F54686972647B
:109F98005F50617274792F4C7749502F7372632F19
:109FA800636F72652F6D656D2E630000706C756749
:109FB8005F686F6C65733A206D656D203E3D207259
:109FC800616D0000417373657274696F6E2022259C
:109FD8007322206661696C6564206174206C696E07
:109FE8006520256420696E2025730A00706C7567EA
:109FF8005F686F6C65733A206D656D203C207261F7
:10A008006D5F656E64000000706C75675F686F6CEB
:10A0180065733A206D656D2D3E75736564203D3D11
:10A0280020300000706C75675F686F6C65733A204C
:10A038006D656D2D3E6E657874203C3D204D454D17
:10A048005F53495A455F414C49474E45440000001B
:10A058006D656D5F667265653A2073616E697479C6
:10A0680020636865636B20616C69676E6D656E74EB
:10A07800000000006D656D5F667265653A20696C69
:10A088006C6567616C206D656D6F7279000000000A
:10A098006D656D5F667265653A20696C6C656761B0
:10A0A8006C206D656D6F72793A20646F75626C65AE
:10A0B80020667265650000006D656D5F6672656596
:10A0C8003A20696C6C6567616C206D656D6F72799B
:10A0D8003A206E6F6E2D6C696E6B65643A20646F02
:10A0E80075626C6520667265650000006D656D5F60
:10A0F8007472696D3A206C6567616C206D656D6F6F
:10A10800727900006D656D5F7472696D2063616EB0
:10A11800206F6E6C7920736872696E6B206D656D47
:10A128006F727900696E76616C6964206E65787407
:10A1380020707472000000006D656D5F6D616C6C5D
:10A148006F633A20216C667265652D3E7573656490
:10A15800000000006D656D5F6D616C6C6F633A2087
:10A16800616C6C6F6361746564206D656D6F727985
:10A17800206E6F742061626F76652072616D5F6515
:10A188006E642E006D656D5F6D616C6C6F633A2057
:10A19800616C6C6F6361746564206D656D6F727955
:10A1A8002070726F7065726C7920616C69676E657A
:10A1B800642E00006D656D5F6D616C6C6F633A2095
:10A1C80073616E69747920636865636B20616C697B
:10A1D800676E6D656E7400002E2E2F4D6964646C79
:10A1E8006577617265732F54686972645F50617234
:10A1F80074792F4C7749502F7372632F636F726590
:10A208002F6D656D702E63006D656D705F6D616C8F
:10A218006C6F633A206D656D702070726F70657237
:10A228006C7920616C69676E6564000041737365C1
:10A238007274696F6E2022257322206661696C65CD
:10A2480064206174206C696E6520256420696E2025
:10A2580025730A00696E76616C696420706F6F6C93
:10A2680020646573630000006D656D705F6D616CDF
:10A278006C6F633A2074797065203C204D454D50D1
:10A288005F4D4158000000006D656D705F66726536
:10A29800653A206D656D2070726F7065726C7920FB
:10A2A800616C69676E6564006D656D705F66726587
:10A2B800653A2074797065203C204D454D505F4DBE
:10A2C800415800002E2E2F4D6964646C65776172C9
:10A2D80065732F54686972645F50617274792F4C8A
:10A2E8007749502F7372632F636F72652F6E657491
:10A2F80069662E63000000006E657469665F696EAA
:10A308007075743A20696E76616C69642070627544
:10A3180066000000417373657274696F6E202225B0
:10A328007322206661696C6564206174206C696EB3
:10A338006520256420696E2025730A006E6574699E
:10A34800665F696E7075743A20696E76616C6964CF
:10A35800206E6574696600006E657469665F616485
:10A36800643A20696E76616C6964206E657469660A
:10A37800000000006E657469665F6164643A204E8F
:10A388006F20696E69742066756E6374696F6E20DC
:10A39800676976656E0000006E6574696620616C99
:10A3A800726561647920616464656400746F6F200C
:10A3B8006D616E79206E65746966732C206D6178A5
:10A3C8002E20737570706F72746564206E756D627F
:10A3D800657220697320323535000000696E766138
:10A3E8006C696420706F696E746572006E6574695B
:10A3F800665F7365745F6970616464723A20696E40
:10A4080076616C6964206E65746966006E6574694E
:10A41800665F7365745F6E65746D61736B3A20690E
:10A428006E76616C6964206E657469660000000070
:10A438006E657469665F7365745F67773A20696EE5
:10A4480076616C6964206E65746966006E6574690E
:10A45800665F7365745F75703A20696E76616C69C2
:10A4680064206E65746966006E657469665F6973F9
:10A478007375655F7265706F7274733A20696E7672
:10A48800616C6964206E6574696600006E65746944
:10A49800665F7365745F646F776E3A20696E766184
:10A4A8006C6964206E657469660000006E65746985
:10A4B800665F7365745F6C696E6B5F75703A20696F
:10A4C8006E76616C6964206E6574696600000000D0
:10A4D8006E657469665F7365745F6C696E6B5F64E3
:10A4E8006F776E3A20696E76616C6964206E657468
:10A4F800696600002E2E2F4D6964646C6577617261
:10A5080065732F54686972645F50617274792F4C57
:10A518007749502F7372632F636F72652F7062755E
:10A52800662E6300706275665F616C6C6F633A20BB
:10A538007062756620712D3E7061796C6F61642060
:10A5480070726F7065726C7920616C69676E656492
:10A5580000000000417373657274696F6E202225D4
:10A568007322206661696C6564206174206C696E71
:10A578006520256420696E2025730A0050425546DF
:10A588005F504F4F4C5F42554653495A45206D75B1
:10A5980073742062652062696767657220746861F8
:10A5A8006E204D454D5F414C49474E4D454E540038
:10A5B800706275665F616C6C6F633A207062756675
:10A5C8002D3E7061796C6F61642070726F70657276
:10A5D8006C7920616C69676E6564000070627566ED
:10A5E8005F616C6C6F633A206572726F6E656F7530
:10A5F8007320747970650000696E76616C696420F7
:10A60800706275665F7479706500000070627566C7
:10A618005F7265616C6C6F633A207020213D204E3B
:10A62800554C4C00706275665F7265616C6C6F6347
:10A638003A207120213D204E554C4C006D656D5FD0
:10A648007472696D2072657475726E65642071200C
:10A658003D3D204E554C4C007020213D204E554C20
:10A668004C000000696E6372656D656E745F6D61A4
:10A67800676E6974756465203C3D20702D3E6C657D
:10A688006E000000706275665F667265653A2070DC
:10A698002D3E726566203E203000000070632D3E1E
:10A6A800637573746F6D5F667265655F66756E63FB
:10A6B80074696F6E20213D204E554C4C00000000FF
:10A6C800696E76616C696420706275662074797051
:10A6D800650000007062756620726566206F766599
:10A6E80072666C6F77000000286820213D204E5567
:10A6F8004C4C2920262620287420213D204E554CDC
:10A708004C29202870726F6772616D6D65722076B2
:10A71800696F6C617465732041504929000000001D
:10A72800702D3E746F745F6C656E203D3D20702DFA
:10A738003E6C656E20286F66206C617374207062B1
:10A74800756620696E20636861696E2900000000E3
:10A75800702D3E6E657874203D3D204E554C4C0062
:10A76800702D3E746F745F6C656E203D3D20702DBA
:10A778003E6C656E202B20712D3E746F745F6C6586
:10A788006E000000702D3E746F745F6C656E203D26
:10A798003D20702D3E6C656E00000000706275668D
:10A7A8005F636F70793A20746172676574206E6FA9
:10A7B800742062696720656E6F75676820746F2002
:10A7C800686F6C6420736F75726365006F6666737B
:10A7D80065745F746F203C3D20705F746F2D3E6C14
:10A7E800656E00006F66667365745F66726F6D20D4
:10A7F8003C3D20705F66726F6D2D3E6C656E00008B
:10A80800705F746F20213D204E554C4C00000000B5
:10A81800706275665F636F7079282920646F65734D
:10A82800206E6F7420616C6C6F77207061636B654C
:10A838007420717565756573210000007062756616
:10A848005F636F70795F7061727469616C3A2069D7
:10A858006E76616C69642062756600007062756668
:10A868005F636F70795F7061727469616C3A2069B7
:10A878006E76616C69642064617461707472000042
:10A88800706275665F6765745F636F6E746967751C
:10A898006F75733A20696E76616C696420627566BB
:10A8A80000000000706275665F6765745F636F6EB5
:10A8B800746967756F75733A20696E76616C69643F
:10A8C80020646174617074720000000070627566C3
:10A8D8005F74616B653A20696E76616C69642062A9
:10A8E80075660000706275665F74616B653A206911
:10A8F8006E76616C696420646174617074720000C2
:10A90800706275665F74616B653A20627566206E69
:10A918006F74206C6172676520656E6F756768007B
:10A92800706275665F74616B653A20696E76616CFA
:10A938006964207062756600646964206E6F7420B3
:10A94800636F707920616C6C206461746100000031
:10A95800636865636B20706275665F736B697020EE
:10A96800726573756C740000706275665F636F70F2
:10A9780079206661696C656400000000434C4F53A0
:10A98800454400004C495354454E000053594E5F0E
:10A9980053454E540000000053594E5F52435644ED
:10A9A8000000000045535441424C49534845440077
:10A9B80046494E5F574149545F31000046494E5F52
:10A9C800574149545F320000434C4F53455F57414C
:10A9D80049540000434C4F53494E47004C4153548F
:10A9E8005F41434B0000000054494D455F574149C2
:10A9F800540000002E2E2F4D6964646C65776172D7
:10AA080065732F54686972645F50617274792F4C52
:10AA18007749502F7372632F636F72652F74637059
:10AA28002E6300007463705F667265653A204C4956
:10AA38005354454E00000000417373657274696F8A
:10AA48006E2022257322206661696C65642061741A
:10AA5800206C696E6520256420696E2025730A00C4
:10AA68007463705F667265655F6C697374656E3A6E
:10AA780020214C495354454E000000007463705F18
:10AA880072656D6F76655F6C697374656E65723A31
:10AA980020696E76616C6964206C697374656E6593
:10AAA8007200000070636220213D204E554C4C001E
:10AAB8007063622D3E7374617465203D3D204C497E
:10AAC8005354454E000000007463705F636C6F73ED
:10AAD800655F73687574646F776E3A20696E766126
:10AAE8006C696420706362007063622D3E666C61FD
:10AAF800677320262054465F5258434C4F534544B1
:10AB0800000000007463705F636C6F73653A2069BE
:10AB18006E76616C69642070636200007463705FB4
:10AB280073687574646F776E3A20696E76616C69C4
:10AB380064207063620000007463705F6162616E1C
:10AB4800646F6E3A20696E76616C69642070636226
:10AB580000000000646F6E27742063616C6C2074C1
:10AB680063705F61626F72742F7463705F6162619A
:10AB78006E646F6E20666F72206C697374656E2DDB
:10AB880070636273000000007463705F62696E64D2
:10AB98003A20696E76616C69642070636200000017
:10ABA8007463705F62696E643A2063616E206F6ED1
:10ABB8006C792062696E6420696E207374617465B3
:10ABC80020434C4F534544007463705F6163636571
:10ABD80070745F6E756C6C3A20696E76616C69642E
:10ABE80020706362000000007463705F6C697374A6
:10ABF800656E5F776974685F6261636B6C6F675FCE
:10AC0800616E645F6572723A20696E76616C696420
:10AC180020706362000000007463705F6C69737475
:10AC2800656E5F776974685F6261636B6C6F675F9D
:10AC3800616E645F6572723A2070636220616C7243
:10AC48006561647920636F6E6E6563746564000086
:10AC58007463705F7570646174655F7263765F6159
:10AC68006E6E5F776E643A20696E76616C696420F7
:10AC7800706362006E65775F7263765F616E6E5FA8
:10AC8800776E64203C3D203078666666660000007A
:10AC98007463705F7265637665643A20696E766185
:10ACA8006C69642070636200646F6E27742063614E
:10ACB8006C6C207463705F72656376656420666F80
:10ACC80072206C697374656E2D7063627300000086
:10ACD8007463705F636F6E6E6563743A20696E7635
:10ACE800616C696420706362000000007463705FC7
:10ACF800636F6E6E6563743A20696E76616C696421
:10AD080020697061646472007463705F636F6E6E53
:10AD18006563743A2063616E206F6E6C7920636F8F
:10AD28006E6E6563742066726F6D207374617465EE
:10AD380020434C4F534544007463705F736C6F77C6
:10AD4800746D723A20616374697665207063622D50
:10AD58003E737461746520213D20434C4F53454434
:10AD68000A0000007463705F736C6F77746D723AD9
:10AD780020616374697665207063622D3E73746127
:10AD8800746520213D204C495354454E0A0000006B
:10AD98007463705F736C6F77746D723A206163745B
:10ADA800697665207063622D3E7374617465202135
:10ADB8003D2054494D452D574149540A0000000093
:10ADC8007463705F736C6F7774696D723A20706525
:10ADD8007273697374207469636B696E672077692D
:10ADE800746820696E2D666C696768742064617484
:10ADF800610000007463705F736C6F7774696D72C3
:10AE08003A2070657273697374207469636B696E34
:10AE180067207769746820656D7074792073656E32
:10AE28006420627566666572000000007463705F76
:10AE3800736C6F77746D723A206D6964646C652009
:10AE480074637020213D207463705F616374697658
:10AE5800655F7063627300007463705F736C6F7713
:10AE6800746D723A20666972737420706362203D53
:10AE78003D207463705F6163746976655F706362B7
:10AE8800730000007463705F736C6F77746D723A4F
:10AE98002054494D452D57414954207063622D3E39
:10AEA8007374617465203D3D2054494D452D5741CB
:10AEB800495400007463705F736C6F77746D723AF5
:10AEC800206D6964646C652074637020213D207472
:10AED80063705F74775F7063627300007463705FA0
:10AEE800736C6F77746D723A206669727374207030
:10AEF8006362203D3D207463705F74775F706362A6
:10AF0800730000007463705F70726F636573735FC2
:10AF1800726566757365645F646174613A20696E11
:10AF280076616C6964207063620000007463705F0E
:10AF38007365747072696F3A20696E76616C6964C2
:10AF480020706362000000007463705F7365675F60
:10AF5800636F70793A20696E76616C6964207365F5
:10AF6800670000007463705F726563765F6E756C6E
:10AF78006C3A20696E76616C6964207063620000C7
:10AF8800696E76616C696420737461746500000091
:10AF9800696E76616C696420736F636B6574207386
:10AFA8007461746520666F722072656376206361D0
:10AFB8006C6C6261636B0000696E76616C69642019
:10AFC800736F636B657420737461746520666F7248
:10AFD8002073656E742063616C6C6261636B000042
:10AFE800696E76616C696420736F636B6574207336
:10AFF8007461746520666F72206572722063616C7B
:10B008006C6261636B0000007463705F706F6C6CDE
:10B018003A20696E76616C69642070636200000092
:10B02800696E76616C696420736F636B65742073F5
:10B038007461746520666F7220706F6C6C0000001C
:10B048007463705F7063625F70757267653A2069D8
:10B058006E76616C69642070636200007463705F6F
:10B068007063625F72656D6F76653A20696E7661AE
:10B078006C696420706362007463705F7063625F00
:10B0880072656D6F76653A20696E76616C696420C9
:10B098007063626C69737400756E73656E74207387
:10B0A80065676D656E7473206C65616B696E6700AA
:10B0B800756E61636B6564207365676D656E747327
:10B0C800206C65616B696E67000000006F6F7365C7
:10B0D80071207365676D656E7473206C65616B694B
:10B0E8006E6700007463705F6E6578745F69737370
:10B0F8003A20696E76616C696420706362000000B2
:10B108007463705F6566665F73656E645F6D7373A5
:10B118005F6E657469663A20696E76616C69642051
:10B128006473745F697000007463705F6E6574693E
:10B13800665F69705F616464725F6368616E6765AA
:10B14800645F7063626C6973743A20696E76616CCF
:10B158006964206F6C645F61646472002E2E2F4DE9
:10B168006964646C6577617265732F546869726489
:10B178005F50617274792F4C7749502F7372632F27
:10B18800636F72652F7463705F696E2E63000000D1
:10B198007463705F696E7075743A20696E76616C5D
:10B1A8006964207062756600417373657274696FB3
:10B1B8006E2022257322206661696C6564206174A3
:10B1C800206C696E6520256420696E2025730A004D
:10B1D800702D3E6E65787420213D204E554C4C00F4
:10B1E800702D3E6C656E203D3D203000702D3E7404
:10B1F8006F745F6C656E203D3D20702D3E6E6578E6
:10B20800742D3E746F745F6C656E00007463705FBC
:10B21800696E7075743A206163746976652070632D
:10B22800622D3E737461746520213D20434C4F5359
:10B23800454400007463705F696E7075743A2061EC
:10B248006374697665207063622D3E7374617465FA
:10B2580020213D2054494D452D57414954000000B7
:10B268007463705F696E7075743A2061637469768F
:10B2780065207063622D3E737461746520213D20E2
:10B288004C495354454E00007463705F696E707585
:10B29800743A207063622D3E6E65787420213D20DB
:10B2A80070636220286265666F72652063616368F7
:10B2B800652900007463705F696E7075743A207058
:10B2C80063622D3E6E65787420213D207063622094
:10B2D80028616674657220636163686529000000EF
:10B2E8007463705F696E7075743A2054494D452DCA
:10B2F80057414954207063622D3E73746174652010
:10B308003D3D2054494D452D57414954000000000A
:10B318007063622D3E726566757365645F646174FF
:10B3280061203D3D204E554C4C0000007463705F19
:10B33800696E7075745F64656C617965645F636C70
:10B348006F73653A20696E76616C69642070636218
:10B35800000000007463705F6C697374656E5F69E8
:10B368006E7075743A20696E76616C6964207063DA
:10B37800620000007463705F74696D657761697459
:10B388005F696E7075743A20696E76616C696420C5
:10B39800706362007463705F70726F636573733A91
:10B3A80020696E76616C6964207063620000000039
:10B3B8007463705F696E7075743A207063622D3EB5
:10B3C800737461746520213D20434C4F53454400FC
:10B3D8007063622D3E736E645F71756575656C652B
:10B3E8006E203E20300000006E6F207365676D652B
:10B3F8006E7420746F206672656500007063622D3C
:10B408003E6C697374656E65722D3E616363657029
:10B418007420213D204E554C4C0000007463705F31
:10B428006F6F735F696E736572745F7365676D655F
:10B438006E743A20696E76616C696420637365671F
:10B44800000000007063622D3E736E645F71756565
:10B4580075656C656E203E3D20706275665F636C35
:10B46800656E286E6578742D3E7029007463705F70
:10B47800726563656976653A2076616C69642071E6
:10B4880075657565206C656E677468007463705FB8
:10B49800726563656976653A20696E76616C696480
:10B4A80020706362000000007463705F72656365FA
:10B4B8006976653A2077726F6E6720737461746578
:10B4C80000000000756E61636B656400756E7365DE
:10B4D8006E740000696E7365672E7020213D204EE2
:10B4E800554C4C00696E73616E65206F66667365B6
:10B4F800742100007062756620746F6F2073686F26
:10B50800727421007463705F726563656976653A69
:10B51800207365676D656E74206E6F742074726930
:10B528006D6D656420636F72726563746C792074E5
:10B538006F207263765F776E640A00007463705FD1
:10B54800726563656976653A207365676D656E74C3
:10B55800206E6F74207472696D6D656420636F72FC
:10B56800726563746C7920746F206F6F73657120D6
:10B5780071756575650A00007463705F726563654F
:10B588006976653A207463706C656E203E2072633C
:10B59800765F776E640A00007463705F7265636536
:10B5A8006976653A206F6F736571207463706C6596
:10B5B8006E203E207263765F776E640A000000009A
:10B5C8007463705F70617273656F70743A20696E2E
:10B5D80076616C6964207063620000002E2E2F4D26
:10B5E8006964646C6577617265732F546869726405
:10B5F8005F50617274792F4C7749502F7372632FA3
:10B60800636F72652F7463705F6F75742E630000CB
:10B618007463705F6372656174655F7365676D6598
:10B628006E743A20696E76616C696420706362009A
:10B63800417373657274696F6E20222573222066C8
:10B6480061696C6564206174206C696E652025648D
:10B6580020696E2025730A007463705F63726561E8
:10B6680074655F7365676D656E743A20696E76619F
:10B678006C6964207062756600000000702D3E746D
:10B688006F745F6C656E203E3D206F70746C656EE4
:10B69800000000007463705F706275665F707265A9
:10B6A800616C6C6F633A20696E76616C6964206FB7
:10B6B80076657273697A65007463705F7062756627
:10B6C8005F707265616C6C6F633A20696E76616C4D
:10B6D80069642070636200006E65656420756E633E
:10B6E8006861696E65642070627566007463705F76
:10B6F80077726974655F636865636B733A20696E16
:10B7080076616C6964207063620000007463705F26
:10B7180077726974653A207062756673206F6E205F
:10B728007175657565203D3E206174206C65617397
:10B7380074206F6E65207175657565206E6F6E2D4E
:10B74800656D7074790000007463705F7772697456
:10B75800653A206E6F207062756673206F6E207177
:10B7680075657565203D3E20626F7468207175654A
:10B7780075657320656D7074790000007463705F7F
:10B7880077726974653A20696E76616C69642070B5
:10B79800636200007463705F77726974653A206150
:10B7A8007267203D3D204E554C4C202870726F67C3
:10B7B80072616D6D65722076696F6C617465732056
:10B7C80041504929000000006D73735F6C6F63611D
:10B7D8006C20697320746F6F20736D616C6C00004E
:10B7E800696E636F6E73697374656E74206F7665C6
:10B7F8007273697A652076732E20737061636500B1
:10B80800696E636F6E73697374656E74206F7665A5
:10B818007273697A652076732E206C656E0000005D
:10B828007463705F77726974653A20524F4D207067
:10B83800627566732063616E6E6F74206265206F37
:10B8480076657273697A656400000000756E7365C9
:10B858006E745F6F76657273697A65206D69736D52
:10B868006174636820287063622D3E756E73656E1F
:10B8780074206973204E554C4C2900007463705F26
:10B8880077726974653A20636865636B20746861D0
:10B898007420666972737420706275662063616EC5
:10B8A80020686F6C642074686520636F6D706C65C8
:10B8B8007465207365676C656E0000006F7665724D
:10B8C80073697A65203D3D2030000000707265760E
:10B8D8005F73656720213D204E554C4C00000000E9
:10B8E8007463705F77726974653A2063616E6E6F16
:10B8F8007420636F6E636174656E61746520776828
:10B90800656E207063622D3E756E73656E74206976
:10B918007320656D707479007463705F77726974F1
:10B92800653A20657874656E73696F6E206F66205E
:10B938007265666572656E63652072657175697298
:10B948006573207265666572656E63650000000048
:10B958007463705F77726974653A2076616C6964A4
:10B96800207175657565206C656E677468000000E8
:10B978007463705F73706C69745F756E73656E74F1
:10B988005F7365673A20696E76616C6964207063DD
:10B998006200000043616E27742073706C69742024
:10B9A8007365676D656E7420696E746F206C656E63
:10B9B800677468203000000073706C6974203C3D27
:10B9C800206D737300000000757365672D3E6C650C
:10B9D8006E203E2030000000736567203D3D204EFC
:10B9E800554C4C007463705F73656E645F66696E76
:10B9F8003A20696E76616C696420706362000000A9
:10BA08007463705F656E71756575655F666C616797
:10BA1800733A206E656564206569746865722054A0
:10BA280043505F53594E206F72205443505F46492C
:10BA38004E20696E20666C616773202870726F678C
:10BA480072616D6D65722076696F6C6174657320C3
:10BA580041504929000000007463705F656E71757C
:10BA68006575655F666C6167733A20696E76616CAF
:10BA780069642070636200007463705F656E71753D
:10BA88006575655F666C6167733A20636865636BAB
:10BA980020746861742066697273742070627566B8
:10BAA8002063616E20686F6C64206F70746C656EC3
:10BAB800000000007365672D3E746370686472202F
:10BAC8006E6F7420616C69676E6564007463705F83
:10BAD800656E71756575655F666C6167733A206937
:10BAE8006E76616C6964207365676D656E74206C31
:10BAF800656E6774680000007463705F656E7175C9
:10BB08006575655F666C6167733A20696E76616C0E
:10BB18006964207175657565206C656E6774680069
:10BB28007463705F6F75747075743A20696E7661AE
:10BB38006C69642070636200646F6E2774206361AF
:10BB48006C6C207463705F6F757470757420666FA9
:10BB580072206C697374656E2D70636273000000E7
:10BB6800525354206E6F74206578706563746564F1
:10BB780020686572652100007463705F6F7574706A
:10BB880075745F7365676D656E745F627573793A16
:10BB980020696E76616C6964207365670000000037
:10BBA8007463705F6F75747075745F7365676D65C6
:10BBB8006E743A20696E76616C69642073656700FB
:10BBC8007463705F6F75747075745F7365676D65A6
:10BBD8006E743A20696E76616C69642070636200E5
:10BBE8007463705F6F75747075745F7365676D6586
:10BBF8006E743A20696E76616C6964206E6574694A
:10BC0800660000006F7074696F6E73206E6F742029
:10BC180066696C6C656400007463705F7265786D4A
:10BC280069745F72746F5F707265706172653A20D3
:10BC3800696E76616C696420706362007463705F1A
:10BC48007265786D69745F72746F5F636F6D6D692B
:10BC5800743A20696E76616C6964207063620000D2
:10BC68007463705F7265786D69745F72746F3A207F
:10BC7800696E76616C696420706362007463705FDA
:10BC88007265786D69743A20696E76616C696420B2
:10BC9800706362007463705F7265786D69745F6663
:10BCA8006173743A20696E76616C696420706362AE
:10BCB80000000000636865636B2074686174206627
:10BCC8006972737420706275662063616E20686F94
:10BCD8006C6420737472756374207463705F686435
:10BCE800720000007463705F6F75747075745F61C3
:10BCF8006C6C6F635F6865616465723A20696E7623
:10BD0800616C696420706362000000007463705F96
:10BD18006F75747075745F66696C6C5F6F70746949
:10BD28006F6E733A20696E76616C69642070627513
:10BD3800660000007463705F6F75747075745F637C
:10BD48006F6E74726F6C5F7365676D656E743A20A1
:10BD5800696E76616C696420706275660000000027
:10BD68007463705F7273743A20696E76616C69648B
:10BD7800206C6F63616C5F69700000007463705FB2
:10BD88007273743A20696E76616C69642072656DAD
:10BD98006F74655F697000007463705F73656E64CB
:10BDA8005F656D7074795F61636B3A20696E766167
:10BDB8006C696420706362007463705F6B656570A2
:10BDC800616C6976653A20696E76616C6964207089
:10BDD800636200007463705F7A65726F5F77696E83
:10BDE800646F775F70726F62653A20696E76616C16
:10BDF80069642070636200002E2E2F4D6964646CA4
:10BE08006577617265732F54686972645F506172F7
:10BE180074792F4C7749502F7372632F636F726553
:10BE28002F74696D656F7574732E63007379735F12
:10BE380074696D656F75743A2074696D656F757492
:10BE480020213D204E554C4C2C20706F6F6C204D9E
:10BE5800454D505F5359535F54494D454F555420F4
:10BE6800697320656D707479000000004173736513
:10BE78007274696F6E2022257322206661696C6571
:10BE880064206174206C696E6520256420696E20C9
:10BE980025730A0054696D656F75742074696D6542
:10BEA80020746F6F206C6F6E672C206D617820692D
:10BEB80073204C5749505F55494E5433325F4D41BA
:10BEC800582F34206D73656373000000696E7661C6
:10BED8006C696420736C65657074696D6500000039
:10BEE8002E2E2F4D6964646C6577617265732F54CB
:10BEF800686972645F50617274792F4C7749502F6A
:10BF08007372632F636F72652F7564702E63000000
:10BF18007564705F696E7075745F6C6F63616C5F78
:10BF28006D617463683A20696E76616C696420702B
:10BF380063620000417373657274696F6E20222515
:10BF48007322206661696C6564206174206C696E77
:10BF58006520256420696E2025730A007564705F6A
:10BF6800696E7075745F6C6F63616C5F6D6174632B
:10BF7800683A20696E76616C6964206E65746966DA
:10BF8800000000007564705F696E7075743A20690E
:10BF98006E76616C69642070627566007564705FA6
:10BFA800696E7075743A20696E76616C6964206E8A
:10BFB8006574696600000000706275665F72656D81
:10BFC8006F76655F686561646572206661696C6536
:10BFD800640A00007564705F73656E643A20696E68
:10BFE80076616C6964207063620000007564705F3C
:10BFF80073656E643A20696E76616C69642070625C
:10C00800756600007564705F73656E64746F3A20BE
:10C01800696E76616C696420706362007564705F34
:10C0280073656E64746F3A20696E76616C6964201A
:10C0380070627566000000007564705F73656E64F9
:10C04800746F3A20696E76616C6964206473745FFA
:10C05800697000007564705F73656E64746F5F6902
:10C06800663A20696E76616C6964207063620000CC
:10C078007564705F73656E64746F5F69663A206992
:10C088006E76616C69642070627566007564705FB5
:10C0980073656E64746F5F69663A20696E76616C69
:10C0A8006964206473745F69700000007564705F70
:10C0B80073656E64746F5F69663A20696E76616C49
:10C0C8006964206E65746966000000007564705FBD
:10C0D80073656E64746F5F69665F7372633A206933
:10C0E8006E76616C69642070636200007564705FCD
:10C0F80073656E64746F5F69665F7372633A206913
:10C108006E76616C69642070627566007564705F34
:10C1180073656E64746F5F69665F7372633A2069F2
:10C128006E76616C6964206473745F6970000000E6
:10C138007564705F73656E64746F5F69665F737250
:10C14800633A20696E76616C6964207372635F6913
:10C15800700000007564705F73656E64746F5F696A
:10C16800665F7372633A20696E76616C6964206EEB
:10C178006574696600000000636865636B20746815
:10C1880061742066697273742070627566206361D9
:10C198006E20686F6C6420737472756374207564A4
:10C1A800705F6864720000007564705F62696E6435
:10C1B8003A20696E76616C696420706362000000E1
:10C1C8007564705F636F6E6E6563743A20696E762E
:10C1D800616C696420706362000000007564705FC0
:10C1E800636F6E6E6563743A20696E76616C69641C
:10C1F80020697061646472007564705F6469736358
:10C208006F6E6E6563743A20696E76616C6964203E
:10C21800706362007564705F726563763A20696E58
:10C2280076616C6964207063620000007564705FF9
:10C2380072656D6F76653A20696E76616C69642007
:10C24800706362002E2E2F4D6964646C657761728D
:10C2580065732F54686972645F50617274792F4CEA
:10C268007749502F7372632F636F72652F697076E9
:10C27800342F6574686172702E6300007374617482
:10C2880065203D3D204554484152505F5354415428
:10C29800455F50454E44494E47207C7C207374616D
:10C2A8007465203E3D204554484152505F535441E7
:10C2B80054455F535441424C450000004173736537
:10C2C8007274696F6E2022257322206661696C651D
:10C2D80064206174206C696E6520256420696E2075
:10C2E80025730A006172705F7461626C655B695DD9
:10C2F8002E71203D3D204E554C4C000069203C20BD
:10C308004152505F5441424C455F53495A450000E1
:10C318006172705F7461626C655B695D2E737461D4
:10C328007465203D3D204554484152505F53544167
:10C3380054455F454D505459000000006E657469BE
:10C34800662D3E6877616464725F6C656E203D3D62
:10C35800204554485F4857414444525F4C454E007D
:10C368006574685F72657420213D204E554C4C20E1
:10C3780026262069705F72657420213D204E554C39
:10C388004C00000069706164647220213D204E55A4
:10C398004C4C00006E6574696620213D204E554C5A
:10C3A8004C0000006574685F72657420213D204E62
:10C3B800554C4C006172705F7461626C655B6172B0
:10C3C800705F6964785D2E7374617465203E3D20EA
:10C3D8004554484152505F53544154455F5354416A
:10C3E800424C45007120213D204E554C4C00000028
:10C3F80074797065206F766572666C6F77000000DF
:10C408006172705F7461626C655B695D2E737461E3
:10C418007465203D3D2050454E44494E47206F727B
:10C4280020535441424C45006E6F207061636B6528
:10C43800742071756575657320616C6C6F776564C0
:10C4480021000000636865636B207468617420666E
:10C458006972737420706275662063616E20686FFC
:10C468006C6420737472756374206574686172708B
:10C478005F686472000000006E657469662D3E682E
:10C4880077616464725F6C656E206D757374206289
:10C4980065207468652073616D652061732045545B
:10C4A800485F4857414444525F4C454E20666F727E
:10C4B8002065746861727021000000002E2E2F4DD7
:10C4C8006964646C6577617265732F546869726416
:10C4D8005F50617274792F4C7749502F7372632FB4
:10C4E800636F72652F697076342F69636D702E6380
:10C4F8000000000069636D705F696E7075743A20A2
:10C508006D6F76696E6720722D3E7061796C6F6110
:10C518006420746F2069636D70206865616465725A
:10C52800206661696C65640A0000000041737365E8
:10C538007274696F6E2022257322206661696C65AA
:10C5480064206174206C696E6520256420696E2002
:10C5580025730A0069636D705F696E7075743A209F
:10C56800726573746F72696E67206F726967696E3E
:10C57800616C20702D3E7061796C6F61642066611A
:10C58800696C65640A000000636865636B20746801
:10C5980061742066697273742070627566206361C5
:10C5A8006E20686F6C642069636D70206D657373AD
:10C5B800616765002E2E2F4D6964646C6577617222
:10C5C80065732F54686972645F50617274792F4C77
:10C5D8007749502F7372632F636F72652F69707676
:10C5E800342F6970342E6300702D3E726566203DCD
:10C5F8003D203100417373657274696F6E20222586
:10C608007322206661696C6564206174206C696EB0
:10C618006520256420696E2025730A0063686563B8
:10C628006B20746861742066697273742070627517
:10C63800662063616E20686F6C6420737472756322
:10C64800742069705F686472000000002E2E2F4D00
:10C658006964646C6577617265732F546869726484
:10C668005F50617274792F4C7749502F7372632F22
:10C67800636F72652F697076342F6970345F6672E4
:10C6880061672E63000000007072657620213D20EE
:10C6980069707200417373657274696F6E20222528
:10C6A8007322206661696C6564206174206C696E10
:10C6B8006520256420696E2025730A0070726576EE
:10C6C8002D3E6E657874203D3D2069707200000033
:10C6D80070627566735F6672656564202B20636C93
:10C6E800656E203C3D203078666666660000000076
:10C6F80069705F72656173735F70627566636F7589
:10C708006E74203E3D2070627566735F6672656563
:10C718006400000073616E69747920636865636BF7
:10C72800206C696E6B6564206C697374000000008E
:10C73800636865636B20667261676D656E747320EC
:10C74800646F6E2774206F7665726C6170000000EC
:10C758006E6F2070726576696F7573206672616797
:10C768006D656E742C2074686973206D7573742000
:10C7780062652074686520666972737420667261E8
:10C78800676D656E7421000073616E69747920634A
:10C798006865636B0000000076616C6964617465AC
:10C7A8005F646174616772616D3A6E6578745F7019
:10C7B800627566213D4E554C4C00000069705F72F1
:10C7C800656173735F70627566636F756E74203E22
:10C7D8003D20636C656E000069707220213D204E1B
:10C7E800554C4C006E6F74206669727374616C747A
:10C7F800686F756768206A75737420656E717565F2
:10C80800756564007020213D204E554C4C00000099
:10C8180070637220213D204E554C4C00706372208D
:10C828003D3D2070000000006970345F66726167EA
:10C8380028293A207062756620746F6F2073686FBC
:10C848007274000074686973206E65656473206192
:10C85800207062756620696E206F6E65207069654C
:10C8680063652100702D3E6C656E203E3D20706F23
:10C87800666600002E2E2F4D6964646C65776172C0
:10C8880065732F54686972645F50617274792F4CB4
:10C898007749502F7372632F6E657469662F6574BC
:10C8A8006865726E65742E63000000006E657469B9
:10C8B800662D3E6877616464725F6C656E206D7585
:10C8C8007374206265203620666F7220657468650F
:10C8D800726E65745F6F7574707574210000000066
:10C8E800417373657274696F6E2022257322206606
:10C8F80061696C6564206174206C696E65202564CB
:10C9080020696E2025730A0000000000010203045C
:10C9180001020304060708090100020004000600DA
:10C9280008000A000C0010002000400080000001F0
:10C9380001010103070100000804020408010101C4
:10C9480014000A00382F00240430002420000400BA
:10C958004C300024D03000249C000500D430002442
:10C96800E43300241C000800E8330024CC340024FD
:10C9780010001000D0340024D43500242000050015
:10C98800D83500247C36002418000F008036002497
:10C99800EC37002410000300F0370024243800246A
:10C9A80010001000283800242C39002460021000E0
:10C9B80030390024345F002454C9010860C90108D3
:10C9C8006CC9010878C9010884C9010890C901081F
:10C9D8009CC90108A8C90108B4C9010801020304D7
:10C9E80005060707070707070700000003060C18D6
:10C9F800306078004C5F0024485F0024505F0024BA
:10CA0800545F0024FA0000006DF50008E8030000F8
:10CA180031730108E8030000E55B0108000000002D
:10CA2800FFFFFFFFFFFF000000000000000052456D
:10CA3800454E54206D616C6C6F632073756363653C
:10CA480065646564002F6275696C642F676E752D67
:10CA5800746F6F6C732D666F722D73746D33325FE4
:10CA680031322E332E72656C312E323032343036FC
:10CA780031322D313331352F7372632F6E65776CF8
:10CA880069622F6E65776C69622F6C6962632F73B8
:10CA980074646C69622F72616E642E6300002020DA
:10CAA8002020202020202028282828282020202056
:10CAB8002020202020202020202020202020881016
:10CAC8001010101010101010101010101010040476
:10CAD800040404040404040410101010101010417D
:10CAE80041414141410101010101010101010101EE
:10CAF8000101010101010101011010101010104283
:10CB080042424242420202020202020202020202BD
:10CB1800020202020202020202101010102000009B
:10CB280000000000000000000000000000000000FD
:10CB380000000000000000000000000000000000ED
:10CB480000000000000000000000000000000000DD
:10CB580000000000000000000000000000000000CD
:10CB680000000000000000000000000000000000BD
:10CB780000000000000000000000000000000000AD
:10CB8800000000000000000000000000000000009D
:10CB980000000000000000000000000000002C2041
:10CBA80066756E6374696F6E3A200061737365729F
:10CBB80074696F6E2022257322206661696C656432
:10CBC8003A2066696C6520222573222C206C696ED8
:10CBD80065202564257325730A00232D302B20003A
:10CBE800686C4C006566674546470030313233341F
:10CBF80035363738394142434445460030313233BF
:10CC08003435363738396162636465660000000080
:10CC18000038FAFE422EE63F3067C79357F32E3DA1
:10CC2800000000000000E0BF605555555555E5BFB0
:10CC3800060000000000E03F4E5559999999E93FD8
:10CC48007AA429555555E5BFE945489B5B49F2BF8C
:10CC5800C33F268B2B00F03F0000000000A0F63FEA
:10CC6800000000000000000000C8B9F2822CD6BF06
:10CC78008056372824B4FA3C000000000080F63FB4
:10CC88000000000000000000000858BFBDD1D5BF5B
:10CC980020F7E0D808A51CBD000000000060F63FA2
:10CCA8000000000000000000005845177776D5BF47
:10CCB8006D50B6D5A46223BD000000000040F63FC9
:10CCC800000000000000000000F82D87AD1AD5BF55
:10CCD800D567B09EE484E6BC000000000020F63F63
:10CCE8000000000000000000007877955FBED4BF08
:10CCF800E03E2993691B04BD000000000000F63FD8
:10CD0800000000000000000000601CC28B61D4BF5E
:10CD1800CC844C482FD8133D0000000000E0F53FBC
:10CD2800000000000000000000A886863004D4BF80
:10CD38003A0B82EDF342DC3C0000000000C0F53FF6
:10CD48000000000000000000004869554CA6D3BF51
:10CD580060945186C6B1203D0000000000A0F53F58
:10CD680000000000000000000080989ADD47D3BF53
:10CD78009280C5D44D59253D000000000080F53F44
:10CD880000000000000000000020E1BAE2E8D2BF85
:10CD9800D82BB7991E7B263D000000000060F53FA8
:10CDA80000000000000000000088DE135A89D2BF8E
:10CDB8003FB0CFB614CA153D000000000060F53F33
:10CDC80000000000000000000088DE135A89D2BF6E
:10CDD8003FB0CFB614CA153D000000000040F53F33
:10CDE80000000000000000000078CFFB4129D2BFFE
:10CDF80076DA5328245A16BD000000000020F53FBB
:10CE08000000000000000000009869C198C8D1BF68
:10CE18000454E768BCAF1FBD000000000000F53FE8
:10CE2800000000000000000000A8ABAB5C67D1BFA9
:10CE3800F0A88233C61F1F3D0000000000E0F43F49
:10CE480000000000000000000048AEF98B05D1BFCB
:10CE5800665A05FDC4A826BD0000000000C0F43FC6
:10CE68000000000000000000009073E224A3D0BF7F
:10CE78000E03F47EEE6B0CBD0000000000A0F43F32
:10CE8800000000000000000000D0B4942540D0BF8E
:10CE98007F2DF49EB836F0BC0000000000A0F43FDF
:10CEA800000000000000000000D0B4942540D0BF6E
:10CEB8007F2DF49EB836F0BC000000000080F43FDF
:10CEC800000000000000000000405E6D18B9CFBFF0
:10CED800873C99AB2A570D3D000000000060F43FE5
:10CEE80000000000000000000060DCCBADF0CEBF09
:10CEF80024AF869CB7262B3D000000000040F43F7D
:10CF0800000000000000000000F02A6E0727CEBFD6
:10CF180010FF3F544F2F17BD000000000020F43FC2
:10CF2800000000000000000000C04F6B215CCDBF76
:10CF38001B68CABB91BA213D000000000000F43F05
:10CF4800000000000000000000A09AC7F78FCCBFC7
:10CF580034849F684F79273D000000000000F43FAB
:10CF6800000000000000000000A09AC7F78FCCBFA7
:10CF780034849F684F79273D0000000000E0F33FAC
:10CF8800000000000000000000902D7486C2CBBF96
:10CF98008FB78B31B04E193D0000000000C0F33F41
:10CFA800000000000000000000C0804EC9F3CABFA6
:10CFB8006690CD3F634EBA3C0000000000A0F33FEE
:10CFC800000000000000000000B0E21FBC23CABF40
:10CFD800EAC146DC648C25BD0000000000A0F33FD8
:10CFE800000000000000000000B0E21FBC23CABF20
:10CFF800EAC146DC648C25BD000000000080F33FD8
:10D0080000000000000000000050F49C5A52C9BF04
:10D01800E3D4C104D9D12ABD000000000060F33F69
:10D02800000000000000000000D02065A07FC8BFFD
:10D0380009FADB7FBFBD2B3D000000000040F33F35
:10D04800000000000000000000E0100289ABC7BF2C
:10D05800584A537290DB2B3D000000000040F33F1C
:10D06800000000000000000000E0100289ABC7BF0C
:10D07800584A537290DB2B3D000000000020F33F1C
:10D08800000000000000000000D019E70FD6C6BF5E
:10D0980066E2B2A36AE410BD000000000000F33F9E
:10D0A80000000000000000000090A77030FFC5BF1E
:10D0B8003950109F439E1EBD000000000000F33F42
:10D0C80000000000000000000090A77030FFC5BFFE
:10D0D8003950109F439E1EBD0000000000E0F23F43
:10D0E800000000000000000000B0A1E3E526C5BF75
:10D0F8008F5B07908BDE20BD0000000000C0F23F70
:10D1080000000000000000000080CB6C2B4DC4BF65
:10D118003C783561C10C173D0000000000C0F23FAB
:10D1280000000000000000000080CB6C2B4DC4BF45
:10D138003C783561C10C173D0000000000A0F23FAB
:10D14800000000000000000000901E20FC71C3BF1A
:10D158003A54274D8678F13C000000000080F23FE9
:10D16800000000000000000000F01FF85295C2BF48
:10D1780008C47117308D24BD000000000060F23F24
:10D18800000000000000000000602FD52AB7C1BFD2
:10D1980096A31118A4802EBD000000000060F23F85
:10D1A800000000000000000000602FD52AB7C1BFB2
:10D1B80096A31118A4802EBD000000000040F23F85
:10D1C80000000000000000000090D07C7ED7C0BFA7
:10D1D800F45BE88896690A3D000000000040F23FD1
:10D1E80000000000000000000090D07C7ED7C0BF87
:10D1F800F45BE88896690A3D000000000020F23FD1
:10D20800000000000000000000E0DB3191ECBFBF2F
:10D21800F233A35C547525BD000000000000F23F06
:10D22800000000000000000000002B6E0727BEBFB2
:10D238003C00F02A2C342A3D000000000000F23F98
:10D24800000000000000000000002B6E0727BEBF92
:10D258003C00F02A2C342A3D0000000000E0F13F99
:10D26800000000000000000000C05B8F545EBCBFDF
:10D2780006BE5F58570C1DBD0000000000C0F13FFE
:10D28800000000000000000000E04A3A6D92BABFBA
:10D29800C8AA5BE83539253D0000000000C0F13F11
:10D2A800000000000000000000E04A3A6D92BABF9A
:10D2B800C8AA5BE83539253D0000000000A0F13F11
:10D2C800000000000000000000A031D645C3B8BF30
:10D2D80068562F4D297C133D0000000000A0F13F47
:10D2E800000000000000000000A031D645C3B8BF10
:10D2F80068562F4D297C133D000000000080F13F47
:10D3080000000000000000000060E58AD2F0B6BF0F
:10D31800DA7333C9379726BD000000000060F13F7B
:10D3280000000000000000000020063F071BB5BFFA
:10D33800575EC6615B021F3D000000000060F13FC0
:10D3480000000000000000000020063F071BB5BFDA
:10D35800575EC6615B021F3D000000000040F13FC0
:10D36800000000000000000000E01B96D741B3BF9A
:10D37800DF13F9CCDA5E2C3D000000000040F13FDD
:10D38800000000000000000000E01B96D741B3BF7A
:10D39800DF13F9CCDA5E2C3D000000000020F13FDD
:10D3A80000000000000000000080A3EE3665B1BF59
:10D3B80009A38F765E7C143D000000000000F13F59
:10D3C8000000000000000000008011C0300AAFBF5C
:10D3D800918E36839E592D3D000000000000F13FDC
:10D3E8000000000000000000008011C0300AAFBF3C
:10D3F800918E36839E592D3D0000000000E0F03FDD
:10D40800000000000000000000801971DD42ABBF81
:10D418004C70D6E57A821C3D0000000000E0F03F29
:10D42800000000000000000000801971DD42ABBF61
:10D438004C70D6E57A821C3D0000000000C0F03F29
:10D44800000000000000000000C032F65874A7BFBA
:10D45800EEA1F23446FC2CBD0000000000C0F03FF5
:10D46800000000000000000000C032F65874A7BF9A
:10D47800EEA1F23446FC2CBD0000000000A0F03FF5
:10D48800000000000000000000C0FEB9879EA3BF96
:10D49800AAFE26F5B702F53C0000000000A0F03F08
:10D4A800000000000000000000C0FEB9879EA3BF76
:10D4B800AAFE26F5B702F53C000000000080F03F08
:10D4C80000000000000000000000780E9B829FBF53
:10D4D800E4097E7C268029BD000000000080F03F22
:10D4E80000000000000000000000780E9B829FBF33
:10D4F800E4097E7C268029BD000000000060F03F22
:10D5080000000000000000000080D5071BB997BF8D
:10D5180039A6FA93548D28BD000000000040F03F62
:10D5280000000000000000000000FCB0A8C08FBF91
:10D538009CA6D3F67C1EDFBC000000000040F03F34
:10D5480000000000000000000000FCB0A8C08FBF71
:10D558009CA6D3F67C1EDFBC000000000020F03F34
:10D5680000000000000000000000106B2AE07FBFF0
:10D57800E440DA0D3FE219BD000000000020F03F52
:10D5880000000000000000000000106B2AE07FBFD0
:10D59800E440DA0D3FE219BD000000000000F03F52
:10D5A8000000000000000000000000000000000073
:10D5B8000000000000000000000000000000F03F34
:10D5C8000000000000000000000000000000000053
:10D5D80000000000000000000000000000C0EF3F55
:10D5E8000000000000000000000089751510803F51
:10D5F800E82B9D996BC710BD000000000080EF3F2D
:10D608000000000000000000008093585620903F62
:10D61800D2F7E2065BDC23BD000000000040EF3FCC
:10D6280000000000000000000000C9282549983FBC
:10D63800340C5A32BAA02ABD000000000000EF3FA7
:10D6480000000000000000000040E7895D41A03FA5
:10D6580053D7F15CC011013D0000000000C0EE3F4F
:10D66800000000000000000000002ED4AE66A43FB9
:10D6780028FDBD7573162CBD000000000080EE3F2C
:10D68800000000000000000000C09F14AA94A83FFA
:10D698007D265AD0957919BD000000000040EE3F64
:10D6A800000000000000000000C0DDCD73CBAC3FDF
:10D6B8000728D847F2681ABD000000000020EE3F96
:10D6C800000000000000000000C006C031EAAE3FC4
:10D6D8007B3BC94F3E110EBD0000000000E0ED3F4E
:10D6E8000000000000000000006046D13B97B13FF9
:10D6F8009B9E0D565D3225BD0000000000A0ED3F49
:10D70800000000000000000000E0D1A7F5BDB33F15
:10D71800D74EDBA55EC82C3D000000000060ED3F41
:10D72800000000000000000000A0974D5AE9B53F36
:10D738001E1D5D3C06692CBD000000000040ED3F49
:10D74800000000000000000000C0EA0AD300B73F54
:10D7580032ED9DA98D1EEC3C000000000000ED3F5D
:10D7680000000000000000000040595D5E33B93F32
:10D77800DA47BD3A5C11233D0000000000C0EC3FD1
:10D7880000000000000000000060AD8DC86ABB3FCB
:10D79800E568F72B809013BD0000000000A0EC3F67
:10D7A80000000000000000000040BC015888BC3F99
:10D7B800D3AC5AC6D146263D000000000060EC3FBD
:10D7C800000000000000000000200A8339C7BE3FA7
:10D7D800E045E6AF68C02DBD000000000040EC3F0A
:10D7E800000000000000000000E0DB3991E8BF3FC6
:10D7F800FD0AA14FD63425BD000000000000EC3F13
:10D80800000000000000000000E027828E17C13FE2
:10D81800F2072DCE78EF213D0000000000E0EB3F3D
:10D82800000000000000000000F0237E2BAAC13F8A
:10D83800349938448EA72C3D0000000000A0EB3F2F
:10D8480000000000000000000080860C61D1C23F8B
:10D85800A1B481CB6C9D033D000000000080EB3F2C
:10D868000000000000000000009015B0FC65C33FF8
:10D8780089724B23A82FC63C000000000040EB3FF4
:10D88800000000000000000000B033833D91C43F59
:10D8980078B6FD547983253D000000000020EB3F59
:10D8A800000000000000000000B0A1E4E527C53F2B
:10D8B800C77D69E5E833263D0000000000E0EA3F47
:10D8C800000000000000000000108CBE4E57C63F4C
:10D8D800782E3C2C8BCF193D0000000000C0EA3F99
:10D8E80000000000000000000070758B12F0C63FB9
:10D8F800E1219CE58D1125BD0000000000A0EA3F54
:10D908000000000000000000005044858D89C73FDA
:10D918000543917010661CBD000000000060EA3FDE
:10D928000000000000000000000039EBAFBEC83F57
:10D93800D12CE9AA543D07BD000000000040EA3F91
:10D9480000000000000000000000F7DC5A5AC93F40
:10D958006FFFA05828F2073D000000000000EA3FD2
:10D96800000000000000000000E08A3CED93CA3F80
:10D9780069215650437228BD0000000000E0E93FCD
:10D98800000000000000000000D05B57D831CB3FFA
:10D99800AAE1AC4E8D350CBD0000000000C0E93F87
:10D9A800000000000000000000E03B3887D0CB3FBB
:10D9B800B6125459C44B2DBD0000000000A0E93F29
:10D9C80000000000000000000010F0C6FB6FCC3F14
:10D9D800D22B96C572ECF1BC000000000060E93F54
:10D9E80000000000000000000090D4B03DB1CD3F21
:10D9F80035B015F72AFF2ABD000000000040E93FB6
:10DA080000000000000000000010E7FF0E53CE3FAA
:10DA180030F441602712C23C000000000020E93FBA
:10DA280000000000000000000000DDE4ADF5CE3F7E
:10DA3800118EBB651521CABC000000000000E93F3B
:10DA4800000000000000000000B0B36C1C99CF3F3C
:10DA580030DF0CCAECCB1B3D0000000000C0E83FE3
:10DA6800000000000000000000584D603871D03FF1
:10DA7800914EED16DB9CF83C0000000000A0E83F4A
:10DA88000000000000000000006061672DC4D03F66
:10DA9800E9EA3C168B18273D000000000080E83FAB
:10DAA800000000000000000000E827828E17D13F28
:10DAB8001CF0A5630E212CBD000000000060E83FAB
:10DAC800000000000000000000F8ACCB5C6BD13F08
:10DAD8008116A5F7CD9A2B3D000000000040E83FD5
:10DAE800000000000000000000685A6399BFD13FA1
:10DAF800B7BD4751EDA62C3D000000000020E83FCF
:10DB0800000000000000000000B80E6D4514D23F70
:10DB1800EABA46BADE870A3D0000000000E0E73FA7
:10DB280000000000000000000090DC7CF0BED23F46
:10DB3800F404504AFA9C2A3D0000000000C0E73F68
:10DB480000000000000000000060D3E1F114D33FA2
:10DB5800B83C21D37AE228BD0000000000A0E73FCE
:10DB680000000000000000000010BE76676BD33F85
:10DB7800C877F1B0CD6E113D000000000080E73F8E
:10DB880000000000000000000030337752C2D33F8D
:10DB98005CBD06B6543B183D000000000060E73F3E
:10DBA800000000000000000000E8D523B419D43FAD
:10DBB8009DE090EC36E4083D000000000040E73F9F
:10DBC800000000000000000000C871C28D71D43F41
:10DBD80075D66709CE272FBD000000000020E73F5B
:10DBE80000000000000000000030179EE0C9D43F8C
:10DBF800A4D80A1B89202EBD000000000000E73FC2
:10DC0800000000000000000000A03807AE22D53F49
:10DC180059C7648170BE2E3D0000000000E0E63F59
:10DC2800000000000000000000D0C853F77BD53F7B
:10DC3800EF405DEEEDAD1F3D0000000000C0E63F87
:10DC48000000000000000000006059DFBDD5D53F8E
:10DC5800DC65A4082A0B0ABDFE822B6547156740C0
:10DC680000000000000038430000FAFE422E76BF94
:10DC78003A3B9EBC9AF70CBDBDFDFFFFFFFFDF3F9F
:10DC88003C5455555555C53F912B17CF5555A53F74
:10DC980017D0A4671111813F000000000000C8429E
:10DCA800EF39FAFE422EE63F24C482FFBDBFCE3FC5
:10DCB800B5F40CD7086BAC3FCC5046D2ABB2833F1F
:10DCC800843A4E9BE0D7553F00000000000000005A
:10DCD800000000000000F03F6EBF881A4F3B9B3CDD
:10DCE8003533FBA93DF6EF3F5DDCD89C136071BC72
:10DCF8006180773E9AECEF3FD16687107A5E90BCE0
:10DD0800857F6EE815E3EF3F13F6673552D28C3CFA
:10DD1800748515D3B0D9EF3FFA8EF92380CE8BBC2A
:10DD2800DEF6DD296BD0EF3F61C8E6614EF7603C57
:10DD3800C89B751845C7EF3F99D3335BE4A3903C64
:10DD480083F3C6CA3EBEEF3F6D7B835DA69A973CC0
:10DD58000F89F96C58B5EF3FFCEFFD921AB58E3C70
:10DD6800F747722B92ACEF3FD19C2F703DBE3E3CE3
:10DD7800A2D1D332ECA3EF3F0B6E908934036ABC77
:10DD88001BD3FEAF669BEF3F0EBD2F2A525695BCA4
:10DD9800515B12D00193EF3F55EA4E8CEF8050BC97
:10DDA800CC316CC0BD8AEF3F16F4D5B923C991BCFC
:10DDB800E02DA9AE9A82EF3FAF555CE9E3D3803CF2
:10DDC800518EA5C8987AEF3F4893A5EA151B80BCE9
:10DDD8007B517D3CB872EF3F3D32DE55F01F8FBC62
:10DDE800EA8D8C38F96AEF3FBF53133F8C898B3C1F
:10DDF80075CB6FEB5B63EF3F26EB11769CD996BC36
:10DE0800D45C0484E05BEF3F602F3A3EF7EC9A3C29
:10DE1800AAB968318754EF3F9D3886CB82E78FBC1B
:10DE28001DD9FC22504DEF3F8DC3A644416F8A3C5B
:10DE3800D68C62883B46EF3F7D04E4B0057A803C8F
:10DE480096DC7D91493FEF3F94A8A8E3FD8E963C70
:10DE58003862756E7A38EF3F7D4874F2185E873CF9
:10DE68003FA6B24FCE31EF3FF2E71F982B47803CD9
:10DE7800DD7CE265452BEF3F5E08713F7BB896BCC1
:10DE88008163F5E1DF24EF3F31AB096DE1F7823CB7
:10DE9800E1DE1FF59D1EEF3FFABF6F1A9B213DBCC7
:10DEA80090D9DAD07F18EF3FB40A0C7282378B3CD6
:10DEB8000B03E4A68512EF3F8FCBCE8992146E3CFC
:10DEC800562F3EA9AF0CEF3FB6ABB04D754D833C16
:10DED80015B7310AFE06EF3F4C74ACE20142863CAE
:10DEE80031D84CFC7001EF3F4AF8D35D39DD8F3CE7
:10DEF800FF1664B208FCEE3F045B8E3B80A386BC31
:10DF0800F19F925FC5F6EE3F68504BCCED4A92BC4C
:10DF1800CBA93A37A7F1EE3F8E2D511BF80799BCD4
:10DF280066D8056DAEECEE3FD236943EE8D171BCB2
:10DF3800F79FE534DBE7EE3F151BCEB3191999BC03
:10DF4800E5A813C32DE3EE3F6D4C2AA7489F853CF7
:10DF58002234124CA6DEEE3F8A69287A601293BCFE
:10DF68001C80AC0445DAEE3F5B8917488FA758BC84
:10DF78002A2EF7210AD6EE3F1B9A49679B2C7CBCB8
:10DF880097A850D9F5D1EE3F11ACC260ED63433C80
:10DF98002D89616008CEEE3FEF64063B0966963C2A
:10DFA80057001DED41CAEE3F7903A1DAE1CC6E3C82
:10DFB800D03CC1B5A2C6EE3F30120F3F8EFF933C56
:10DFC800DED3D7F02AC3EE3FB0AF7ABBCE90763C13
:10DFD800272A36D5DABFEE3F77E054EBBD1D933CD8
:10DFE8000DDDFD99B2BCEE3F8EA3710034948FBC59
:10DFF800A72C9D76B2B9EE3F49A393DCCCDE87BC53
:10E008004266CFA2DAB6EE3F5F380FBDC6DE78BCF7
:10E01800824F9D562BB4EE3FF65C7BEC461286BCD5
:10E028000F925DCAA4B1EE3F8ED7FD180535933C1B
:10E03800DA27B53647AFEE3F059B8A2FB7987B3C6A
:10E04800FDC797D412ADEE3F09541CE2E163903C42
:10E05800295448DD07ABEE3FEAC6195085C7343C62
:10E06800B746598A26A9EE3F35C0642BE632943C60
:10E078004821AD156FA7EE3F9F7699614AE48CBCA5
:10E0880009DC76B9E1A5EE3FA84DEF3BC5338CBC62
:10E0980085553AB07EA4EE3FAEE92B89785384BC0F
:10E0A80020C3CC3446A3EE3F58585678DDCE93BCF7
:10E0B8002522558238A2EE3F64197E80AA10573C6B
:10E0C80073A94CD455A1EE3F28225EBFEFB393BC91
:10E0D800CD3B7F669EA0EE3F82B93487AD126ABC05
:10E0E800BFDA0B7512A0EE3FEEA96DB8EF6763BCFF
:10E0F8002F1A653CB29FEE3F5188E0543DDC80BC4E
:10E10800849451F97D9FEE3FCF3E5A7E641F78BCC0
:10E11800745FECE8759FEE3FB07D8BC04AEE86BC1D
:10E128007481A5489A9FEE3F8AE6551E321986BC2F
:10E13800C9674256EB9FEE3FD3D4095ECB9C903C17
:10E148003F5DDE4F69A0EE3F1DA54DB9DC327BBCBB
:10E158008701EB7314A1EE3F6BC06754FDEC943C50
:10E1680032C13001EDA1EE3F556CD6ABE1EB653C19
:10E17800624ECF36F3A2EE3F42CFB32FC5A188BC83
:10E18800121A3E5427A4EE3F34373BF1B66993BCCC
:10E1980013CE4C9989A5EE3F1EFF193A845E80BCC8
:10E1A800ADC723461AA7EE3F6E5772D850D494BC19
:10E1B800ED92449BD9A8EE3F008A0E5B67AD903C78
:10E1C80099668AD9C7AAEE3FB4EAF0C12FB78D3C49
:10E1D800DBA02A42E5ACEE3FFFE7C59C60B665BC14
:10E1E8008C44B51632AFEE3F445FF35983F67B3C5F
:10E1F80036771599AEB1EE3F833D1EA71F0993BC34
:10E20800C6FF910B5BB4EE3F291E6C8BB8A95DBCB1
:10E21800E5C5CDB037B7EE3F59B9907CF9236CBC52
:10E228000F52C8CB44BAEE3FAAF9F422434392BC3A
:10E23800504EDE9F82BDEE3F4B8E66D76CCA85BCC2
:10E24800BA07CA70F1C0EE3F27CE912BFCAF713CE4
:10E2580090F0A38291C4EE3FBB730AE135D26D3CC6
:10E268002323E31963C8EE3F6322622204C587BCF7
:10E2780065E55D7B66CCEE3FD531E2E3861C8B3CE1
:10E28800332D4AEC9BD0EE3F15BBBCD3D1BB91BC20
:10E298005D253EB203D5EE3FD231EE9C31CC903CA9
:10E2A80058B330139ED9EE3FB35A736E8469843CD9
:10E2B800BFFD79556BDEEE3FB49D8E97CDDF82BCF6
:10E2C8007AF3D3BF6BE3EE3F8733CB92771A8C3C5C
:10E2D800ADD35A999FE8EE3FFAD9D14A8F7B90BCCB
:10E2E80066B68D2907EEEE3FBAAEDC56D9C355BCEB
:10E2F800FB154FB8A2F3EE3F40F6A63D0EA490BC26
:10E308003A59E58D72F9EE3F3493AD38F4D668BCCE
:10E31800475EFBF276FFEE3F358A586BE2EE91BC22
:10E328004A06A130B005EF3FCDDD5F0AD7FF743C48
:10E33800D2C14B901E0CEF3FAC9892FAFBBD91BC3A
:10E34800091ED75BC212EF3FB30CAF30AE6E733C01
:10E358009C5285DD9B19EF3F94FD9F5C32E38E3C18
:10E368007AD0FF5FAB20EF3FAC5909D18FE0843CF6
:10E378004BD1572EF127EF3F671A4E38AFCD633C8C
:10E38800B5E706946D2FEF3F6819926C2C6B673CCC
:10E398006990EFDC2037EF3FD2B5CC83188A80BC78
:10E3A800FAC35D550B3FEF3F6FFAFF3F5DAD8FBC82
:10E3B8007C89074A2D47EF3F49A97538AE0D90BCB7
:10E3C800F2890D08874FEF3FA7073DA685A3743C48
:10E3D80087A4FBDC1858EF3F0F2240209E9182BC97
:10E3E8009883C916E360EF3FAC92C1D5505A8E3C72
:10E3F8008532DB03E669EF3F4B6B01AC593A843C4D
:10E4080060B401F32173EF3F1F3EB40721D582BCEE
:10E418005F9B7B33977CEF3FC90D473BB92A89BC8B
:10E4280029A1F5144686EF3FD3883A6004B6743CB8
:10E43800F63F8BE72E90EF3F71729D51ECC5833C00
:10E44800834CC7FB519AEF3FF091D38F12F78FBCE3
:10E45800DA90A4A2AFA4EF3F7D7423E298AE8DBCFE
:10E46800F1678E2D48AFEF3F0820AA41BCC38E3C10
:10E47800275A61EE1BBAEF3F32EBA9C3942B843CB9
:10E4880097BA6B372BC5EF3FEE85D131A9648A3C2B
:10E4980040456E5B76D0EF3FEDE33BE4BA378EBC88
:10E4A80014BE9CADFDDBEF3F9DCD914D3B89773C84
:10E4B800D8909E81C1E7EF3F89CC6041C105533CAC
:10E4C800F1718F2BC2F3EF3F0038FAFE422EE63F80
:10E4D8003067C79357F32E3D010000000000E0BFEE
:10E4E8005B3051555555D53F9045EBFFFFFFCFBFEA
:10E4F8001101F124B399C93F9FC806E57555C5BFF9
:10E50800000000000000E0BF775555555555D53F30
:10E51800CBFDFFFFFFFFCFBF0CDD95999999C93F50
:10E52800A74567555555C5BF30DE44A32449C23FAA
:10E53800653D42A4FFFFBFBFCAD62A288471BC3FED
:10E54800FF68B043EB99B9BF85D0AFF78281B73F79
:10E55800CD45D1751352B5BF9FDEE0C3F034F73F08
:10E568000090E6797FCCD7BF1FE92C6A7813F73F74
:10E5780000000DC2EE6FD7BFA0B5FA0860F2F63FF3
:10E5880000E05113E313D7BF7D8C131FA6D1F63FCC
:10E59800007828385BB8D6BFD1B4C50B49B1F63F6F
:10E5A80000788090555DD6BFBA0C2F334791F63F5F
:10E5B80000001876D002D6BF234222189F71F63F7A
:10E5C80000909086CAA8D5BFD91EA5994F52F63F8C
:10E5D80000500356434FD5BFC4248FAA5633F63F85
:10E5E80000406BC337F6D4BF14DC9D6BB314F63F01
:10E5F8000050A8FDA79DD4BF4C5CC65264F6F53FF9
:10E6080000A889399245D4BF4F2C91B567D8F53FFA
:10E6180000B8B039F4EDD3BFDE905BCBBCBAF53FA0
:10E6280000708F44CE96D3BF781AD9F2619DF53F1A
:10E6380000A0BD171E40D3BF875646125680F53F2F
:10E64800008046EFE2E9D2BFD36BE7CE9763F53F90
:10E6580000E030381B94D2BF937FA7E22547F53FEF
:10E668000088DA8CC53ED2BF83450642FF2AF53FB3
:10E6780000902729E1E9D1BFDFBDB2DB220FF53FCA
:10E6880000F8482B6D95D1BFD7DE34478FF3F43FA0
:10E6980000F8B99A6741D1BF4028DECF43D8F43F8C
:10E6A8000098EF94D0EDD0BFC8A378C03EBDF43F2A
:10E6B8000010DB18A59AD0BF8A25E0C37FA2F43FDB
:10E6C80000B86352E647D0BF3484D4240588F43FA9
:10E6D80000F0864522EBCFBF0B2D191BCE6DF43F02
:10E6E80000B017754A47CFBF541839D3D953F43FF0
:10E6F8000030103D44A4CEBF5A84B444273AF43FB6
:10E7080000B0E9440D02CEBFFBF81541B520F43F37
:10E7180000F07729A260CDBFB1F43EDA8207F43F5A
:10E728000090950401C0CCBF8FFE575D8FEEF33F7C
:10E73800001089562920CCBFE94C0BA0D9D5F33F4E
:10E748000010818D1781CBBF2BC110C060BDF33F76
:10E7580000D0D3CCC9E2CABFB8DA752B24A5F33FE1
:10E768000090122E4045CABF02D09FCD228DF33FA4
:10E7780000F01D6877A8C9BF1C7A84C55B75F33F94
:10E78800003048696D0CC9BFE236AD49CE5DF33F34
:10E7980000C045A62071C8BF40D44D987946F33FC4
:10E7A800003014B48FD6C7BF24CBFFCE5C2FF33F05
:10E7B8000070623CB83CC7BF490DA1757718F33F9C
:10E7C8000060379B9AA3C6BF90393E37C801F33F14
:10E7D80000A0B754310BC6BF41F895BB4EEBF23FD2
:10E7E800003024767D73C5BFD1A919020AD5F23F3E
:10E7F8000030C28F7BDCC4BF2AFDB7A8F9BEF23F48
:10E808000000D2512C46C4BFAB1B0C7A1CA9F23FA6
:10E81800000083BC8AB0C3BF30B514607293F23F66
:10E828000000496B991BC3BFF5A15757FA7DF23F0A
:10E838000040A4905487C2BFBF3B1D9BB368F23F02
:10E8480000A079F8B9F3C1BFBDF58F839D53F23F9E
:10E8580000A02C25C860C1BF3B08C9AAB73EF23F3B
:10E868000020F7577FCEC0BFB640A92B012AF23F40
:10E8780000A0FE49DC3CC0BF3241CC967915F23F7E
:10E8880000804BBCBD57BFBF9BFCD21D2001F23F8F
:10E89800004040960837BEBF0B484D49F4ECF13FA5
:10E8A8000040F93E9817BDBF69658F52F5D8F13F12
:10E8B80000A0D84E67F9BBBF7C7E571123C5F13F36
:10E8C80000602F2079DCBABFE926CB747CB1F13F18
:10E8D800008028E7C3C0B9BFB61A2C0C019EF13FCF
:10E8E80000C072B346A6B8BFBD70B67BB08AF13F10
:10E8F8000000ACB3018DB7BFB6BCEF258A77F13FF6
:10E9080000003845F174B6BFDA314C358D64F13FFB
:10E918000080876D0E5EB5BFDD5F2790B951F13F6E
:10E9280000E0A1DE5C48B4BF4CD232A40E3FF13FF8
:10E9380000A06A4DD933B3BFDAF910728B2CF13FBE
:10E948000060C5F87920B2BF31B5EC28301AF13F24
:10E9580000206298460EB1BFAF3484DAFB07F13F5E
:10E968000000D26A6CFAAFBFB36B4E0FEEF5F03F02
:10E978000040774A8DDAADBFCE9F2A5D06E4F03FAE
:10E98800000085E4ECBCABBF21A52C6344D2F03F6A
:10E9980000C0124089A1A9BF1A98E27CA7C0F03F25
:10E9A80000C002335888A7BFD136C6832FAFF03FC7
:10E9B8000080D6675E71A5BF3913A098DB9DF03F34
:10E9C800008065498A5CA3BFDFE752AFAB8CF03F9C
:10E9D80000401564E349A1BFFB284E2F9F7BF03F01
:10E9E8000080EB82C0729EBF198F358CB56AF03FEC
:10E9F80000805252F1559ABF2CF9ECA5EE59F03F20
:10EA0800008081CF623D96BF902CD1CD4949F03F1F
:10EA18000000AA8CFB2892BFA9ADF0C6C638F03F0B
:10EA28000000F9207B318CBFA93279136528F03FAB
:10EA38000000AA5D351984BF4873EA272418F03FFF
:10EA48000000ECC2031278BF95B114060408F03F29
:10EA580000002479090460BF1AFA26F71FE0EF3F87
:10EA680000009084F3EF6F3F74EA61C21CA1EF3F8E
:10EA780000003D3541DC873F2E9981B01063EF3FA0
:10EA88000080C2C4A3CE933FCDADEE3CF625EF3F48
:10EA980000008914C19F9B3FE7139103C8E9EE3F2B
:10EAA800000011CED8B0A13FABB1CB7880AEEE3F1D
:10EAB80000C001D05B8AA53F9B0C9DA21A74EE3F53
:10EAC8000080D840835CA93FB5990A83913AEE3F0C
:10EAD800008057EF6A27AD3F569A6009E001EE3F84
:10EAE80000C098E59875B03F98BB77E501CAED3F3F
:10EAF80000200DE3F553B23F03917C0BF292ED3FFA
:10EB08000000388BDD2EB43FCE5CFB66AC5CED3F7D
:10EB180000C057875906B63F9DDE5EAA2C27ED3FF9
:10EB280000006A3576DAB73FCD2C6B3E6EF2EC3FCB
:10EB380000601C4E43ABB93F0279A7A26DBEEC3F03
:10EB480000600DBBC778BB3F6D08376D268BEC3F67
:10EB58000020E7321343BD3F04585DBD9458EC3F95
:10EB68000060DE71310ABF3F8C9FBB33B526EC3F96
:10EB78000040912B1567C03F3FE7ECEE83F5EB3F74
:10EB880000B092828547C13FC196DB75FDC4EB3F5B
:10EB98000030CACD6E26C23F284A860C1E95EB3F30
:10EBA8000050C5A6D703C33F2C3EEFC5E265EB3F37
:10EBB8000010333CC3DFC33F8B88C9674837EB3F3E
:10EBC80000807A6B36BAC43F4A301D214B09EB3FAF
:10EBD80000F0D1283993C53F7EEFF285E8DBEA3FA4
:10EBE80000F01824CD6AC63FA23D60311DAFEA3F50
:10EBF800009066ECF840C73FA758D33FE682EA3F4B
:10EC080000F01AF5C015C83F8B7309EF4057EA3F6B
:10EC18000080F65429E9C83F274BAB902A2CEA3FDD
:10EC28000040F80236BBC93FD1F29313A001EA3F76
:10EC380000002C1CED8BCA3F1B3CDB249FD7E93F0F
:10EC480000D0015C515BCB3F90B1C70525AEE93FD1
:10EC580000C0BCCC6729CC3F2FCE97F22E85E93F68
:10EC6800006048D535F6CC3F754BA4EEBA5CE93F59
:10EC780000C04634BDC1CD3F3848E79DC634E93FA2
:10EC880000E0CFB8018CCE3FE652672F4F0DE93F29
:10EC9800009017C00955CF3F9DD7FF8E52E6E83F39
:10ECA80000B81F126C0ED03F7C00CC9FCEBFE83F4F
:10ECB80000D0930EB871D03F0EC3BEDAC099E83FBA
:10ECC8000070869E6BD4D03FFB1723AA2774E83FB9
:10ECD80000D04B338736D13F089AB3AC004FE83F9A
:10ECE800004823670D98D13F553E65E8492AE83F1B
:10ECF8000080CCE0FFF8D13F6002F4950106E83FC0
:10ED0800006863D75F59D23F29A3E06325E2E73F54
:10ED180000A8140930B9D23FADB5DC77B3BEE73FE0
:10ED2800006043107218D33FC2259767AA9BE73F3C
:10ED38000018EC6D2677D33F570617F20779E73F9F
:10ED48000030AFFB4FD5D33F0C13D6DBCA56E73F95
:08ED580000E02FE3EE32D43F8E
:08ED60008015FE7F0100000098
:04ED6800C5020008D8
:04ED6C00A1020008F8
:10ED70000000000000001040000000000000F03F14
:10ED8000000000000000F03F0000000000C06240F2
:10ED90000090D0030090D003DC9E0108100000001A
:10EDA00001000000CDD50008E1D5000825D60008F7
:10EDB000F1D5000859D6000800C000006E19000007
:10EDC00000C000000000000003000000A860002454
:10EDD0006400002400000000A860002410610024EA
:10EDE0007861002400000000000000000000000026
:10EDF0000000000000000000000000000000000013
:10EE00000000000000000000000000000000000002
:10EE100000000000000000000000000000000000F2
:0400000508004EB5EC
:00000001FF
